2025-06-05 18:08:09,931 [INFO] Activator:176 - 


2025-06-05 18:08:09,937 [INFO] Activator:177 - !SESSION log4j initialized
2025-06-05 18:08:15,549 [INFO] LogOutputStream:77 - [STDOUT_REDIRECT] 
2025-06-05 18:08:38,267 [INFO] ApplicationProperties:184 - Using Application install path: C:\ST\STM32CubeIDE_1.17.0\STM32CubeIDE\plugins\com.st.stm32cube.common.mx_6.13.0.202411220809
2025-06-05 18:08:38,299 [INFO] DbMcusXml:78 - Set database path to: C:\ST\STM32CubeIDE_1.17.0\STM32CubeIDE\plugins\com.st.stm32cube.common.mx_6.13.0.202411220809\\db\/mcu/
2025-06-05 18:08:38,299 [INFO] ApiDb:274 - Set plugin database path to: C:\ST\STM32CubeIDE_1.17.0\STM32CubeIDE\plugins\com.st.stm32cube.common.mx_6.13.0.202411220809\\db\/plugins/boardmanager/
2025-06-05 18:08:38,299 [WARN] ApiDb:259 - Overriding images path with different value:  => C:\ST\STM32CubeIDE_1.17.0\STM32CubeIDE\plugins\com.st.stm32cube.common.mx_6.13.0.202411220809\\db\/plugins/mcufinder/images/
2025-06-05 18:08:38,318 [INFO] ApiDb:250 - Set database path to: C:\Users\HP\.stmcufinder\plugins\mcufinder//mcu/
2025-06-05 18:08:38,320 [INFO] DbMcusAds:125 - Set database path to: C:\Users\HP\.stmcufinder\plugins\mcufinder//mcu/
2025-06-05 18:08:38,512 [INFO] CrossReferenceDbSqlite:203 - Set database path to: C:\Users\HP\.stmcufinder\plugins\mcufinder//mcu/cs/
2025-06-05 18:08:38,793 [INFO] RulesReader:64 - Compatibility file has been processed (297 Rules)
2025-06-05 18:08:39,027 [INFO] DbMcusXml:78 - Set database path to: C:\ST\STM32CubeIDE_1.17.0\STM32CubeIDE\plugins\com.st.stm32cube.common.mx_6.13.0.202411220809\\db\/mcu/
2025-06-05 18:08:39,027 [INFO] ApiDb:274 - Set plugin database path to: C:\ST\STM32CubeIDE_1.17.0\STM32CubeIDE\plugins\com.st.stm32cube.common.mx_6.13.0.202411220809\\db\/plugins/boardmanager/
2025-06-05 18:08:39,027 [INFO] ApiDb:261 - Set plugin images path to: C:\ST\STM32CubeIDE_1.17.0\STM32CubeIDE\plugins\com.st.stm32cube.common.mx_6.13.0.202411220809\\db\/plugins/mcufinder/images/
2025-06-05 18:08:39,027 [WARN] DbFile:41 - Overriding database path with different value: C:\Users\HP\.stmcufinder\plugins\mcufinder/ => C:\Users\HP\.stmcufinder\plugins\mcufinder
2025-06-05 18:08:39,027 [INFO] ApiDb:250 - Set database path to: C:\Users\HP\.stmcufinder\plugins\mcufinder//mcu/
2025-06-05 18:08:39,027 [WARN] DbFile:41 - Overriding database path with different value: C:\Users\HP\.stmcufinder\plugins\mcufinder/ => C:\Users\HP\.stmcufinder\plugins\mcufinder
2025-06-05 18:08:39,027 [INFO] DbMcusAds:125 - Set database path to: C:\Users\HP\.stmcufinder\plugins\mcufinder//mcu/
2025-06-05 18:08:39,027 [WARN] DbFile:41 - Overriding database path with different value: C:\Users\HP\.stmcufinder\plugins\mcufinder/ => C:\Users\HP\.stmcufinder\plugins\mcufinder
2025-06-05 18:08:39,035 [WARN] DbFile:41 - Overriding database path with different value: C:\Users\HP\.stmcufinder\plugins\mcufinder/ => C:\Users\HP\.stmcufinder\plugins\mcufinder
2025-06-05 18:08:39,035 [INFO] CrossReferenceDbSqlite:203 - Set database path to: C:\Users\HP\.stmcufinder\plugins\mcufinder//mcu/cs/
2025-06-05 18:08:39,235 [INFO] MainPanel:272 - HeapMemory: 268435456
2025-06-05 18:08:42,885 [INFO] DbMcusXml:78 - Set database path to: C:\ST\STM32CubeIDE_1.17.0\STM32CubeIDE\plugins\com.st.stm32cube.common.mx_6.13.0.202411220809\\db\/mcu/
2025-06-05 18:08:42,885 [INFO] ApiDb:274 - Set plugin database path to: C:\ST\STM32CubeIDE_1.17.0\STM32CubeIDE\plugins\com.st.stm32cube.common.mx_6.13.0.202411220809\\db\/plugins/boardmanager/
2025-06-05 18:08:42,893 [INFO] ApiDb:261 - Set plugin images path to: C:\ST\STM32CubeIDE_1.17.0\STM32CubeIDE\plugins\com.st.stm32cube.common.mx_6.13.0.202411220809\\db\/plugins/mcufinder/images/
2025-06-05 18:08:42,893 [WARN] DbFile:41 - Overriding database path with different value: C:\Users\HP\.stmcufinder\plugins\mcufinder/ => C:\Users\HP\.stmcufinder\plugins\mcufinder
2025-06-05 18:08:42,893 [INFO] ApiDb:250 - Set database path to: C:\Users\HP\.stmcufinder\plugins\mcufinder//mcu/
2025-06-05 18:08:42,893 [WARN] DbFile:41 - Overriding database path with different value: C:\Users\HP\.stmcufinder\plugins\mcufinder/ => C:\Users\HP\.stmcufinder\plugins\mcufinder
2025-06-05 18:08:42,893 [INFO] DbMcusAds:125 - Set database path to: C:\Users\HP\.stmcufinder\plugins\mcufinder//mcu/
2025-06-05 18:08:42,893 [WARN] DbFile:41 - Overriding database path with different value: C:\Users\HP\.stmcufinder\plugins\mcufinder/ => C:\Users\HP\.stmcufinder\plugins\mcufinder
2025-06-05 18:08:42,893 [WARN] DbFile:41 - Overriding database path with different value: C:\Users\HP\.stmcufinder\plugins\mcufinder/ => C:\Users\HP\.stmcufinder\plugins\mcufinder
2025-06-05 18:08:42,895 [INFO] CrossReferenceDbSqlite:203 - Set database path to: C:\Users\HP\.stmcufinder\plugins\mcufinder//mcu/cs/
2025-06-05 18:08:42,964 [INFO] ApplicationProperties:184 - Using Application install path: C:\ST\STM32CubeIDE_1.17.0\STM32CubeIDE\plugins\com.st.stm32cube.common.mx_6.13.0.202411220809
2025-06-05 18:08:42,966 [INFO] PluginManage:196 - Search for loadable plugins [exclusion list=, ]
2025-06-05 18:08:42,966 [INFO] PluginManage:310 - Check plugin analytics
2025-06-05 18:08:43,550 [INFO] AnalyticsPlugin:253 - Accepted Software Licenses: 
2025-06-05 18:08:43,550 [INFO] AnalyticsPlugin:255 - Accepted CMSIS Pack Licenses: 
2025-06-05 18:08:43,550 [INFO] AnalyticsPlugin:257 - Accepted Firmware Licenses: FW.F4.1.28.0
2025-06-05 18:08:43,560 [INFO] PluginManage:359 - Loaded plugin analytics (category:tool,tabindex:-1)
2025-06-05 18:08:43,560 [INFO] PluginManage:310 - Check plugin cadmodel
2025-06-05 18:08:43,570 [INFO] CADModel:105 - Init CAD model plugin
2025-06-05 18:08:43,570 [INFO] PluginManage:359 - Loaded plugin cadmodel (category:power,tabindex:5)
2025-06-05 18:08:43,570 [INFO] PluginManage:310 - Check plugin clock
2025-06-05 18:08:43,589 [INFO] PluginManage:359 - Loaded plugin clock (category:base,tabindex:2)
2025-06-05 18:08:43,589 [INFO] PluginManage:310 - Check plugin ddr
2025-06-05 18:08:43,591 [INFO] PluginManage:359 - Loaded plugin ddr (category:tool,tabindex:6)
2025-06-05 18:08:43,591 [INFO] PluginManage:310 - Check plugin filemanager
2025-06-05 18:08:44,906 [INFO] PluginManage:359 - Loaded plugin filemanager (category:base,tabindex:10)
2025-06-05 18:08:44,907 [INFO] PluginManage:310 - Check plugin ipmanager
2025-06-05 18:08:44,931 [INFO] PluginManage:359 - Loaded plugin ipmanager (category:base,tabindex:5)
2025-06-05 18:08:44,931 [INFO] PluginManage:310 - Check plugin lpbam
2025-06-05 18:08:44,947 [INFO] PluginManage:359 - Loaded plugin lpbam (category:base,tabindex:0)
2025-06-05 18:08:44,947 [INFO] PluginManage:310 - Check plugin memorymap
2025-06-05 18:08:44,975 [INFO] PluginManage:359 - Loaded plugin memorymap (category:base,tabindex:4)
2025-06-05 18:08:44,975 [INFO] PluginManage:310 - Check plugin pinoutandconfiguration
2025-06-05 18:08:45,001 [INFO] PluginManage:359 - Loaded plugin pinoutandconfiguration (category:base,tabindex:1)
2025-06-05 18:08:45,001 [INFO] PluginManage:310 - Check plugin pinoutconfig
2025-06-05 18:08:45,348 [WARN] SupportedApi:132 - Cannot load RTOS API schema: s4s-elt-must-match.1: The content of 'definitions' must match (annotation?, (simpleType | complexType)?, (unique | key | keyref)*)). A problem was found starting at: attribute.
2025-06-05 18:08:45,773 [INFO] PluginManage:359 - Loaded plugin pinoutconfig (category:base,tabindex:0)
2025-06-05 18:08:45,773 [INFO] PluginManage:310 - Check plugin power
2025-06-05 18:08:45,813 [INFO] PluginManage:359 - Loaded plugin power (category:power,tabindex:4)
2025-06-05 18:08:45,813 [INFO] PluginManage:310 - Check plugin projectmanager
2025-06-05 18:08:46,863 [INFO] PluginManage:359 - Loaded plugin projectmanager (category:projectmanager,tabindex:4)
2025-06-05 18:08:46,864 [INFO] PluginManage:310 - Check plugin rif
2025-06-05 18:08:46,877 [INFO] PluginManage:359 - Loaded plugin rif (category:base,tabindex:3)
2025-06-05 18:08:46,877 [INFO] PluginManage:310 - Check plugin thirdparty
2025-06-05 18:08:47,389 [INFO] PluginManage:359 - Loaded plugin thirdparty (category:base,tabindex:-1)
2025-06-05 18:08:47,389 [INFO] PluginManage:310 - Check plugin tools
2025-06-05 18:08:47,395 [INFO] PluginManage:359 - Loaded plugin tools (category:base,tabindex:7)
2025-06-05 18:08:47,396 [INFO] PluginManage:310 - Check plugin tutovideos
2025-06-05 18:08:47,813 [WARN] IntegrityCheckThread:84 - waiting for thirdparty lock release [integrity check]
2025-06-05 18:08:47,814 [INFO] IntegrityCheckThread:86 - entering critical section [integrity check]
2025-06-05 18:08:47,814 [INFO] ThirdPartyUpdaterWithRetryManager:70 - Updater plugin not ready yet. [1/15]
2025-06-05 18:08:48,096 [INFO] PluginManage:359 - Loaded plugin tutovideos (category:base,tabindex:-1)
2025-06-05 18:08:48,096 [INFO] PluginManage:310 - Check plugin updater
2025-06-05 18:08:49,148 [INFO] PluginManage:359 - Loaded plugin updater (category:base,tabindex:12)
2025-06-05 18:08:49,148 [INFO] PluginManage:310 - Check plugin userauth
2025-06-05 18:08:49,155 [INFO] UserAuth:118 - Init User Auth plugin
2025-06-05 18:08:49,157 [INFO] PluginManage:359 - Loaded plugin userauth (category:base,tabindex:14)
2025-06-05 18:08:49,158 [INFO] PluginManage:283 - PluginManage : Loaded plugins [18]
2025-06-05 18:08:50,546 [INFO] PinOutPanel:1589 - setPackage(No Configuration,No Configuration)
2025-06-05 18:08:50,806 [INFO] CADModel:165 - CPN selected for project level
2025-06-05 18:08:50,807 [INFO] CADModel:114 - Register for checkConnection events
2025-06-05 18:08:50,835 [INFO] IPUIPlugin:80 - create IPUIPlugin
2025-06-05 18:08:50,838 [INFO] PluginManager:220 - loadIPPluginJar : add adc
2025-06-05 18:08:50,843 [INFO] IPUIPlugin:80 - create IPUIPlugin
2025-06-05 18:08:50,843 [INFO] PluginManager:220 - loadIPPluginJar : add aes
2025-06-05 18:08:50,850 [INFO] IPUIPlugin:80 - create IPUIPlugin
2025-06-05 18:08:50,852 [INFO] PluginManager:220 - loadIPPluginJar : add can
2025-06-05 18:08:50,856 [INFO] IPUIPlugin:80 - create IPUIPlugin
2025-06-05 18:08:50,856 [INFO] PluginManager:220 - loadIPPluginJar : add comp
2025-06-05 18:08:50,861 [INFO] IPUIPlugin:80 - create IPUIPlugin
2025-06-05 18:08:50,861 [INFO] PluginManager:220 - loadIPPluginJar : add cryp
2025-06-05 18:08:50,868 [INFO] IPUIPlugin:80 - create IPUIPlugin
2025-06-05 18:08:50,868 [INFO] PluginManager:220 - loadIPPluginJar : add ddr_ctrl_phy
2025-06-05 18:08:50,874 [INFO] IPUIPlugin:80 - create IPUIPlugin
2025-06-05 18:08:50,874 [INFO] PluginManager:220 - loadIPPluginJar : add dfsdm
2025-06-05 18:08:50,875 [INFO] ThirdPartyUpdaterWithRetryManager:70 - Updater plugin not ready yet. [2/15]
2025-06-05 18:08:50,957 [INFO] IPUIPlugin:80 - create IPUIPlugin
2025-06-05 18:08:50,957 [INFO] PluginManager:220 - loadIPPluginJar : add dma
2025-06-05 18:08:50,967 [INFO] IPUIPlugin:80 - create IPUIPlugin
2025-06-05 18:08:50,967 [INFO] PluginManager:220 - loadIPPluginJar : add dma3
2025-06-05 18:08:50,967 [INFO] IPUIPlugin:80 - create IPUIPlugin
2025-06-05 18:08:50,967 [INFO] PluginManager:220 - loadIPPluginJar : add extmemmanager
2025-06-05 18:08:50,977 [INFO] IPUIPlugin:80 - create IPUIPlugin
2025-06-05 18:08:50,977 [INFO] PluginManager:220 - loadIPPluginJar : add fatfs
2025-06-05 18:08:50,985 [INFO] IPUIPlugin:80 - create IPUIPlugin
2025-06-05 18:08:50,986 [INFO] PluginManager:220 - loadIPPluginJar : add fmc
2025-06-05 18:08:50,996 [INFO] IPUIPlugin:80 - create IPUIPlugin
2025-06-05 18:08:50,996 [INFO] PluginManager:220 - loadIPPluginJar : add freertos
2025-06-05 18:08:50,998 [INFO] IPUIPlugin:80 - create IPUIPlugin
2025-06-05 18:08:50,998 [INFO] PluginManager:220 - loadIPPluginJar : add genericplugin
2025-06-05 18:08:50,998 [INFO] IPUIPlugin:80 - create IPUIPlugin
2025-06-05 18:08:50,998 [INFO] PluginManager:220 - loadIPPluginJar : add gfxmmu
2025-06-05 18:08:51,007 [INFO] IPUIPlugin:80 - create IPUIPlugin
2025-06-05 18:08:51,007 [INFO] PluginManager:220 - loadIPPluginJar : add gic
2025-06-05 18:08:51,088 [INFO] IPUIPlugin:80 - create IPUIPlugin
2025-06-05 18:08:51,088 [INFO] PluginManager:220 - loadIPPluginJar : add gpio
2025-06-05 18:08:51,088 [INFO] IPUIPlugin:80 - create IPUIPlugin
2025-06-05 18:08:51,088 [INFO] PluginManager:220 - loadIPPluginJar : add gtzc
2025-06-05 18:08:51,098 [INFO] IPUIPlugin:80 - create IPUIPlugin
2025-06-05 18:08:51,098 [INFO] PluginManager:220 - loadIPPluginJar : add hash
2025-06-05 18:08:51,098 [INFO] IPUIPlugin:80 - create IPUIPlugin
2025-06-05 18:08:51,098 [INFO] PluginManager:220 - loadIPPluginJar : add i2c
2025-06-05 18:08:51,108 [INFO] IPUIPlugin:80 - create IPUIPlugin
2025-06-05 18:08:51,108 [INFO] PluginManager:220 - loadIPPluginJar : add i2s
2025-06-05 18:08:51,119 [INFO] IPUIPlugin:80 - create IPUIPlugin
2025-06-05 18:08:51,119 [INFO] PluginManager:220 - loadIPPluginJar : add i3c
2025-06-05 18:08:51,137 [INFO] IPUIPlugin:80 - create IPUIPlugin
2025-06-05 18:08:51,137 [INFO] PluginManager:220 - loadIPPluginJar : add ipddr
2025-06-05 18:08:51,149 [INFO] IPUIPlugin:80 - create IPUIPlugin
2025-06-05 18:08:51,149 [INFO] PluginManager:220 - loadIPPluginJar : add linkedlist
2025-06-05 18:08:51,159 [INFO] IPUIPlugin:80 - create IPUIPlugin
2025-06-05 18:08:51,159 [INFO] PluginManager:220 - loadIPPluginJar : add lorawan
2025-06-05 18:08:51,167 [INFO] IPUIPlugin:80 - create IPUIPlugin
2025-06-05 18:08:51,167 [INFO] PluginManager:220 - loadIPPluginJar : add ltdc
2025-06-05 18:08:51,169 [INFO] IPUIPlugin:80 - create IPUIPlugin
2025-06-05 18:08:51,169 [INFO] PluginManager:220 - loadIPPluginJar : add mdma
2025-06-05 18:08:51,179 [INFO] IPUIPlugin:80 - create IPUIPlugin
2025-06-05 18:08:51,179 [INFO] PluginManager:220 - loadIPPluginJar : add nvic
2025-06-05 18:08:51,189 [INFO] IPUIPlugin:80 - create IPUIPlugin
2025-06-05 18:08:51,189 [INFO] PluginManager:220 - loadIPPluginJar : add opamp
2025-06-05 18:08:51,189 [INFO] IPUIPlugin:80 - create IPUIPlugin
2025-06-05 18:08:51,189 [INFO] PluginManager:220 - loadIPPluginJar : add openamp
2025-06-05 18:08:51,199 [INFO] IPUIPlugin:80 - create IPUIPlugin
2025-06-05 18:08:51,199 [INFO] PluginManager:220 - loadIPPluginJar : add pdm2pcm
2025-06-05 18:08:51,217 [INFO] IPUIPlugin:80 - create IPUIPlugin
2025-06-05 18:08:51,261 [INFO] PluginManager:220 - loadIPPluginJar : add plateformsettings
2025-06-05 18:08:51,264 [INFO] IPUIPlugin:80 - create IPUIPlugin
2025-06-05 18:08:51,264 [INFO] PluginManager:220 - loadIPPluginJar : add quadspi
2025-06-05 18:08:51,271 [INFO] IPUIPlugin:80 - create IPUIPlugin
2025-06-05 18:08:51,501 [INFO] PluginManager:220 - loadIPPluginJar : add radio
2025-06-05 18:08:51,522 [INFO] IPUIPlugin:80 - create IPUIPlugin
2025-06-05 18:08:51,522 [INFO] PluginManager:220 - loadIPPluginJar : add resmgrutility
2025-06-05 18:08:51,532 [INFO] IPUIPlugin:80 - create IPUIPlugin
2025-06-05 18:08:51,532 [INFO] PluginManager:220 - loadIPPluginJar : add sai
2025-06-05 18:08:51,532 [INFO] IPUIPlugin:80 - create IPUIPlugin
2025-06-05 18:08:51,532 [INFO] PluginManager:220 - loadIPPluginJar : add spi
2025-06-05 18:08:51,542 [INFO] IPUIPlugin:80 - create IPUIPlugin
2025-06-05 18:08:51,542 [INFO] PluginManager:220 - loadIPPluginJar : add stm32_wpan
2025-06-05 18:08:51,550 [INFO] IPUIPlugin:80 - create IPUIPlugin
2025-06-05 18:08:51,550 [INFO] PluginManager:220 - loadIPPluginJar : add tim
2025-06-05 18:08:51,552 [INFO] IPUIPlugin:80 - create IPUIPlugin
2025-06-05 18:08:51,552 [INFO] PluginManager:220 - loadIPPluginJar : add touchsensing
2025-06-05 18:08:51,789 [INFO] IPUIPlugin:80 - create IPUIPlugin
2025-06-05 18:08:51,789 [INFO] PluginManager:220 - loadIPPluginJar : add tracer_emb
2025-06-05 18:08:51,795 [INFO] IPUIPlugin:80 - create IPUIPlugin
2025-06-05 18:08:51,795 [INFO] PluginManager:220 - loadIPPluginJar : add ts
2025-06-05 18:08:51,807 [INFO] IPUIPlugin:80 - create IPUIPlugin
2025-06-05 18:08:51,808 [INFO] PluginManager:220 - loadIPPluginJar : add tsc
2025-06-05 18:08:51,816 [INFO] IPUIPlugin:80 - create IPUIPlugin
2025-06-05 18:08:51,816 [INFO] PluginManager:220 - loadIPPluginJar : add ucpd
2025-06-05 18:08:51,824 [INFO] IPUIPlugin:80 - create IPUIPlugin
2025-06-05 18:08:51,824 [INFO] PluginManager:220 - loadIPPluginJar : add usart
2025-06-05 18:08:51,830 [INFO] IPUIPlugin:80 - create IPUIPlugin
2025-06-05 18:08:51,830 [INFO] PluginManager:220 - loadIPPluginJar : add usbx
2025-06-05 18:08:52,693 [FATAL] Updater:351 - Updater called before beeing initialized
2025-06-05 18:08:52,748 [INFO] RulesReader:64 - Compatibility file has been processed (297 Rules)
2025-06-05 18:08:52,768 [INFO] RulesReader:64 - Compatibility file has been processed (297 Rules)
2025-06-05 18:08:52,787 [INFO] CADModel:165 - CPN selected for project level
2025-06-05 18:08:52,787 [INFO] CADModel:114 - Register for checkConnection events
2025-06-05 18:08:52,787 [FATAL] Updater:351 - Updater called before beeing initialized
2025-06-05 18:08:52,787 [ERROR] CADModel:125 - Updater not yet initialized, retry later 
2025-06-05 18:08:53,878 [INFO] ThirdPartyUpdaterWithRetryManager:70 - Updater plugin not ready yet. [3/15]
2025-06-05 18:08:54,284 [FATAL] Updater:351 - Updater called before beeing initialized
2025-06-05 18:08:54,287 [INFO] CADModel:165 - CPN selected for project level
2025-06-05 18:08:54,288 [INFO] CADModel:114 - Register for checkConnection events
2025-06-05 18:08:54,288 [FATAL] Updater:351 - Updater called before beeing initialized
2025-06-05 18:08:54,288 [ERROR] CADModel:125 - Updater not yet initialized, retry later 
2025-06-05 18:08:54,288 [FATAL] Updater:351 - Updater called before beeing initialized
2025-06-05 18:08:56,170 [FATAL] Updater:351 - Updater called before beeing initialized
2025-06-05 18:08:56,180 [INFO] DbMcusAds:53 - JSON generation date=Wed May 07 16:07:55 ICT 2025 (1746608875679)
2025-06-05 18:08:56,180 [FATAL] Updater:351 - Updater called before beeing initialized
2025-06-05 18:08:56,322 [WARN] DetailPanel:346 - Failed to get advertising image, set to default
2025-06-05 18:08:56,880 [FATAL] Updater:351 - Updater called before beeing initialized
2025-06-05 18:08:56,880 [ERROR] IntegrityCheckThread:130 - Cannot retrieve database content from updater: error 21
2025-06-05 18:08:56,881 [INFO] ThirdParty:978 - Integrity check success = false
2025-06-05 18:08:56,881 [INFO] IntegrityCheckThread:100 - exiting critical section [integrity check]
2025-06-05 18:08:56,881 [INFO] IntegrityCheckThread:103 - End integrity checks thread
2025-06-05 18:08:56,924 [FATAL] Updater:351 - Updater called before beeing initialized
2025-06-05 18:08:56,924 [FATAL] Updater:351 - Updater called before beeing initialized
2025-06-05 18:08:56,924 [FATAL] Updater:351 - Updater called before beeing initialized
2025-06-05 18:08:56,924 [WARN] DetailPanel:346 - Failed to get advertising image, set to default
2025-06-05 18:08:56,924 [FATAL] Updater:351 - Updater called before beeing initialized
2025-06-05 18:08:57,015 [ERROR] Updater:1198 - MainUpdater not yet initialized. External WinMGr cannot be set.
2025-06-05 18:08:57,019 [INFO] Updater:1134 - Updater Version found : 6.13.0
2025-06-05 18:08:57,040 [INFO] ApplicationProperties:184 - Using Application install path: C:\ST\STM32CubeIDE_1.17.0\STM32CubeIDE\plugins\com.st.stm32cube.common.mx_6.13.0.202411220809
2025-06-05 18:08:58,634 [ERROR] LogOutputStream:75 - [STDERR_REDIRECT] Jun 05, 2025 6:08:58 PM java.util.prefs.WindowsPreferences <init>
2025-06-05 18:08:58,638 [ERROR] LogOutputStream:75 - [STDERR_REDIRECT] WARNING: Could not open/create prefs root node Software\JavaSoft\Prefs at root 0xffffffff80000002. Windows RegCreateKeyEx(...) returned error code 5.
2025-06-05 18:08:58,638 [ERROR] LogOutputStream:75 - [STDERR_REDIRECT] 
2025-06-05 18:08:59,522 [INFO] MainUpdater:2872 - connection check result : 10
2025-06-05 18:08:59,524 [INFO] MainUpdater:3566 - Updater definition file requires update
2025-06-05 18:08:59,527 [INFO] MainUpdater:289 - Updater Check For Update Now.
2025-06-05 18:08:59,527 [INFO] MicroXplorer:498 - Change Database Version : DB.6.0.130
2025-06-05 18:08:59,539 [INFO] McuFinderGlobals:63 - Set McuFinder mode to 2 (CubeIDE integrated)
2025-06-05 18:08:59,541 [INFO] UserAuth:486 - Internet connection configuration mode: 1
2025-06-05 18:08:59,571 [INFO] JxBrowserEngine:152 - Initiate JxBrowser Engine with user profile folder
2025-06-05 18:08:59,748 [INFO] ServerAccessManage:473 - Download File updaters.zip
2025-06-05 18:09:00,006 [INFO] FileExtend:240 - Unzip File : updaters.zip
2025-06-05 18:09:00,007 [INFO] FileExtend:255 - Standard Zip Deflate
2025-06-05 18:09:01,223 [INFO] ServerAccessManage:473 - Download File PacksControlFlags.xml
2025-06-05 18:09:01,610 [INFO] ServerAccessManage:473 - Download File cubemx.pidx
2025-06-05 18:09:02,743 [INFO] ServerAccessManage:473 - Download File STMicroelectronics.X-CUBE-AI.pdsc
2025-06-05 18:09:07,343 [INFO] ServerAccessManage:473 - Download File STMicroelectronics.X-CUBE-ST67W61.pdsc
2025-06-05 18:09:08,764 [WARN] PackLoader:240 - Cannot read IP mode file for STMicroelectronics.X-CUBE-AI.10.1.0
2025-06-05 18:09:08,780 [WARN] PackLoader:240 - Cannot read IP mode file for STMicroelectronics.X-CUBE-ST67W61.1.0.0
2025-06-05 18:09:08,783 [INFO] PopulateThirdPartyThread:66 - Ending populate Thread
2025-06-05 18:09:08,786 [INFO] ThirdParty:1030 - CMSIS Pack Vendor :STMicroelectronics X-CUBE-AI 10.1.0
2025-06-05 18:09:08,786 [INFO] ThirdParty:1030 - CMSIS Pack Vendor :STMicroelectronics X-CUBE-ST67W61 1.0.0
2025-06-05 18:09:08,786 [INFO] LoadServerUpdatesThread:375 - End of LoadServerUpdate Thread
2025-06-05 18:09:09,131 [INFO] CheckServerUpdateThread:120 - End of CheckServer Thread
2025-06-05 18:09:12,264 [INFO] WebApp:168 - Instantiating new browser for Auth
2025-06-05 18:09:15,083 [INFO] WebApp:449 - Apply proxy settings
2025-06-05 18:09:15,084 [INFO] WebApp:534 - Chromium requires no authentication
2025-06-05 18:09:15,100 [INFO] WebApp:477 - Direct internet connection detected
2025-06-05 18:09:15,241 [INFO] WebApp:880 - Register for checkConnection events
2025-06-05 18:09:15,242 [INFO] WebApp:449 - Apply proxy settings
2025-06-05 18:09:15,242 [INFO] WebApp:534 - Chromium requires no authentication
2025-06-05 18:09:15,244 [INFO] WebApp:477 - Direct internet connection detected
2025-06-05 18:09:15,749 [INFO] WebApp:221 - Starting web application
2025-06-05 18:09:15,749 [INFO] WebApp:579 - Web application path used C:\ST\STM32CubeIDE_1.17.0\STM32CubeIDE\plugins\com.st.stm32cube.common.mx_6.13.0.202411220809\db\plugins\mcufinder\reactClient1\index.html
2025-06-05 18:09:15,961 [INFO] UserAuth:486 - Internet connection configuration mode: 1
2025-06-05 18:09:17,001 [INFO] WebApp:187 - Connection restablished
2025-06-05 18:09:52,166 [INFO] WebApp:190 - Connection lost
2025-06-05 18:09:52,405 [INFO] WebApp:187 - Connection restablished
2025-06-05 18:11:00,428 [INFO] WebApp:190 - Connection lost
2025-06-05 18:11:00,633 [INFO] WebApp:187 - Connection restablished
2025-06-05 18:11:20,520 [INFO] WebApp:190 - Connection lost
2025-06-05 18:11:20,700 [INFO] WebApp:187 - Connection restablished
2025-06-05 18:12:08,422 [INFO] WebApp:190 - Connection lost
2025-06-05 18:12:08,617 [INFO] WebApp:187 - Connection restablished
2025-06-05 18:12:44,958 [INFO] WebApp:190 - Connection lost
2025-06-05 18:12:45,138 [INFO] WebApp:187 - Connection restablished
2025-06-05 18:13:06,437 [INFO] WebApp:190 - Connection lost
2025-06-05 18:13:06,801 [INFO] WebApp:187 - Connection restablished
2025-06-05 18:14:12,810 [INFO] WebApp:190 - Connection lost
2025-06-05 18:14:12,968 [INFO] WebApp:187 - Connection restablished
2025-06-05 18:15:01,378 [INFO] WebApp:190 - Connection lost
2025-06-05 18:15:01,532 [INFO] WebApp:187 - Connection restablished
2025-06-05 18:15:41,360 [INFO] WebApp:190 - Connection lost
2025-06-05 18:15:41,510 [INFO] WebApp:187 - Connection restablished
2025-06-05 18:16:04,853 [INFO] WebApp:190 - Connection lost
2025-06-05 18:16:04,984 [INFO] WebApp:187 - Connection restablished
2025-06-05 18:18:03,838 [INFO] WebApp:190 - Connection lost
2025-06-05 18:18:03,997 [INFO] WebApp:187 - Connection restablished
2025-06-05 18:23:17,159 [ERROR] LogOutputStream:75 - [STDERR_REDIRECT] 
2025-06-05 18:23:33,610 [INFO] Activator:176 - 


2025-06-05 18:23:33,613 [INFO] Activator:177 - !SESSION log4j initialized
2025-06-05 18:23:42,424 [INFO] LogOutputStream:77 - [STDOUT_REDIRECT] 
2025-06-05 18:23:44,986 [INFO] ApplicationProperties:184 - Using Application install path: C:\ST\STM32CubeIDE_1.17.0\STM32CubeIDE\plugins\com.st.stm32cube.common.mx_6.13.0.202411220809
2025-06-05 18:23:45,017 [INFO] DbMcusXml:78 - Set database path to: C:\ST\STM32CubeIDE_1.17.0\STM32CubeIDE\plugins\com.st.stm32cube.common.mx_6.13.0.202411220809\\db\/mcu/
2025-06-05 18:23:45,018 [INFO] ApiDb:274 - Set plugin database path to: C:\ST\STM32CubeIDE_1.17.0\STM32CubeIDE\plugins\com.st.stm32cube.common.mx_6.13.0.202411220809\\db\/plugins/boardmanager/
2025-06-05 18:23:45,018 [WARN] ApiDb:259 - Overriding images path with different value:  => C:\ST\STM32CubeIDE_1.17.0\STM32CubeIDE\plugins\com.st.stm32cube.common.mx_6.13.0.202411220809\\db\/plugins/mcufinder/images/
2025-06-05 18:23:45,081 [INFO] ApiDb:250 - Set database path to: C:\Users\HP\.stmcufinder\plugins\mcufinder//mcu/
2025-06-05 18:23:45,088 [INFO] DbMcusAds:125 - Set database path to: C:\Users\HP\.stmcufinder\plugins\mcufinder//mcu/
2025-06-05 18:23:45,094 [INFO] CrossReferenceDbSqlite:203 - Set database path to: C:\Users\HP\.stmcufinder\plugins\mcufinder//mcu/cs/
2025-06-05 18:23:45,491 [INFO] RulesReader:64 - Compatibility file has been processed (297 Rules)
2025-06-05 18:23:45,652 [INFO] DbMcusXml:78 - Set database path to: C:\ST\STM32CubeIDE_1.17.0\STM32CubeIDE\plugins\com.st.stm32cube.common.mx_6.13.0.202411220809\\db\/mcu/
2025-06-05 18:23:45,652 [INFO] ApiDb:274 - Set plugin database path to: C:\ST\STM32CubeIDE_1.17.0\STM32CubeIDE\plugins\com.st.stm32cube.common.mx_6.13.0.202411220809\\db\/plugins/boardmanager/
2025-06-05 18:23:45,652 [INFO] ApiDb:261 - Set plugin images path to: C:\ST\STM32CubeIDE_1.17.0\STM32CubeIDE\plugins\com.st.stm32cube.common.mx_6.13.0.202411220809\\db\/plugins/mcufinder/images/
2025-06-05 18:23:45,652 [WARN] DbFile:41 - Overriding database path with different value: C:\Users\HP\.stmcufinder\plugins\mcufinder/ => C:\Users\HP\.stmcufinder\plugins\mcufinder
2025-06-05 18:23:45,653 [INFO] ApiDb:250 - Set database path to: C:\Users\HP\.stmcufinder\plugins\mcufinder//mcu/
2025-06-05 18:23:45,653 [WARN] DbFile:41 - Overriding database path with different value: C:\Users\HP\.stmcufinder\plugins\mcufinder/ => C:\Users\HP\.stmcufinder\plugins\mcufinder
2025-06-05 18:23:45,653 [INFO] DbMcusAds:125 - Set database path to: C:\Users\HP\.stmcufinder\plugins\mcufinder//mcu/
2025-06-05 18:23:45,653 [WARN] DbFile:41 - Overriding database path with different value: C:\Users\HP\.stmcufinder\plugins\mcufinder/ => C:\Users\HP\.stmcufinder\plugins\mcufinder
2025-06-05 18:23:45,653 [WARN] DbFile:41 - Overriding database path with different value: C:\Users\HP\.stmcufinder\plugins\mcufinder/ => C:\Users\HP\.stmcufinder\plugins\mcufinder
2025-06-05 18:23:45,653 [INFO] CrossReferenceDbSqlite:203 - Set database path to: C:\Users\HP\.stmcufinder\plugins\mcufinder//mcu/cs/
2025-06-05 18:23:45,801 [INFO] MainPanel:272 - HeapMemory: 268435456
2025-06-05 18:23:46,096 [INFO] DbMcusXml:78 - Set database path to: C:\ST\STM32CubeIDE_1.17.0\STM32CubeIDE\plugins\com.st.stm32cube.common.mx_6.13.0.202411220809\\db\/mcu/
2025-06-05 18:23:46,097 [INFO] ApiDb:274 - Set plugin database path to: C:\ST\STM32CubeIDE_1.17.0\STM32CubeIDE\plugins\com.st.stm32cube.common.mx_6.13.0.202411220809\\db\/plugins/boardmanager/
2025-06-05 18:23:46,097 [INFO] ApiDb:261 - Set plugin images path to: C:\ST\STM32CubeIDE_1.17.0\STM32CubeIDE\plugins\com.st.stm32cube.common.mx_6.13.0.202411220809\\db\/plugins/mcufinder/images/
2025-06-05 18:23:46,098 [WARN] DbFile:41 - Overriding database path with different value: C:\Users\HP\.stmcufinder\plugins\mcufinder/ => C:\Users\HP\.stmcufinder\plugins\mcufinder
2025-06-05 18:23:46,098 [INFO] ApiDb:250 - Set database path to: C:\Users\HP\.stmcufinder\plugins\mcufinder//mcu/
2025-06-05 18:23:46,098 [WARN] DbFile:41 - Overriding database path with different value: C:\Users\HP\.stmcufinder\plugins\mcufinder/ => C:\Users\HP\.stmcufinder\plugins\mcufinder
2025-06-05 18:23:46,099 [INFO] DbMcusAds:125 - Set database path to: C:\Users\HP\.stmcufinder\plugins\mcufinder//mcu/
2025-06-05 18:23:46,099 [WARN] DbFile:41 - Overriding database path with different value: C:\Users\HP\.stmcufinder\plugins\mcufinder/ => C:\Users\HP\.stmcufinder\plugins\mcufinder
2025-06-05 18:23:46,099 [WARN] DbFile:41 - Overriding database path with different value: C:\Users\HP\.stmcufinder\plugins\mcufinder/ => C:\Users\HP\.stmcufinder\plugins\mcufinder
2025-06-05 18:23:46,099 [INFO] CrossReferenceDbSqlite:203 - Set database path to: C:\Users\HP\.stmcufinder\plugins\mcufinder//mcu/cs/
2025-06-05 18:23:46,139 [INFO] ApplicationProperties:184 - Using Application install path: C:\ST\STM32CubeIDE_1.17.0\STM32CubeIDE\plugins\com.st.stm32cube.common.mx_6.13.0.202411220809
2025-06-05 18:23:46,141 [INFO] PluginManage:196 - Search for loadable plugins [exclusion list=, ]
2025-06-05 18:23:46,144 [INFO] PluginManage:310 - Check plugin analytics
2025-06-05 18:23:46,690 [INFO] AnalyticsPlugin:253 - Accepted Software Licenses: 
2025-06-05 18:23:46,690 [INFO] AnalyticsPlugin:255 - Accepted CMSIS Pack Licenses: 
2025-06-05 18:23:46,691 [INFO] AnalyticsPlugin:257 - Accepted Firmware Licenses: FW.F4.1.28.0
2025-06-05 18:23:46,696 [INFO] PluginManage:359 - Loaded plugin analytics (category:tool,tabindex:-1)
2025-06-05 18:23:46,696 [INFO] PluginManage:310 - Check plugin cadmodel
2025-06-05 18:23:46,703 [INFO] CADModel:105 - Init CAD model plugin
2025-06-05 18:23:46,703 [INFO] PluginManage:359 - Loaded plugin cadmodel (category:power,tabindex:5)
2025-06-05 18:23:46,704 [INFO] PluginManage:310 - Check plugin clock
2025-06-05 18:23:46,722 [INFO] PluginManage:359 - Loaded plugin clock (category:base,tabindex:2)
2025-06-05 18:23:46,722 [INFO] PluginManage:310 - Check plugin ddr
2025-06-05 18:23:46,727 [INFO] PluginManage:359 - Loaded plugin ddr (category:tool,tabindex:6)
2025-06-05 18:23:46,727 [INFO] PluginManage:310 - Check plugin filemanager
2025-06-05 18:23:47,243 [INFO] PluginManage:359 - Loaded plugin filemanager (category:base,tabindex:10)
2025-06-05 18:23:47,244 [INFO] PluginManage:310 - Check plugin ipmanager
2025-06-05 18:23:47,261 [INFO] PluginManage:359 - Loaded plugin ipmanager (category:base,tabindex:5)
2025-06-05 18:23:47,261 [INFO] PluginManage:310 - Check plugin lpbam
2025-06-05 18:23:47,280 [INFO] PluginManage:359 - Loaded plugin lpbam (category:base,tabindex:0)
2025-06-05 18:23:47,281 [INFO] PluginManage:310 - Check plugin memorymap
2025-06-05 18:23:47,306 [INFO] PluginManage:359 - Loaded plugin memorymap (category:base,tabindex:4)
2025-06-05 18:23:47,306 [INFO] PluginManage:310 - Check plugin pinoutandconfiguration
2025-06-05 18:23:47,325 [INFO] PluginManage:359 - Loaded plugin pinoutandconfiguration (category:base,tabindex:1)
2025-06-05 18:23:47,326 [INFO] PluginManage:310 - Check plugin pinoutconfig
2025-06-05 18:23:47,636 [WARN] SupportedApi:132 - Cannot load RTOS API schema: s4s-elt-must-match.1: The content of 'definitions' must match (annotation?, (simpleType | complexType)?, (unique | key | keyref)*)). A problem was found starting at: attribute.
2025-06-05 18:23:48,005 [INFO] PluginManage:359 - Loaded plugin pinoutconfig (category:base,tabindex:0)
2025-06-05 18:23:48,006 [INFO] PluginManage:310 - Check plugin power
2025-06-05 18:23:48,023 [INFO] PluginManage:359 - Loaded plugin power (category:power,tabindex:4)
2025-06-05 18:23:48,023 [INFO] PluginManage:310 - Check plugin projectmanager
2025-06-05 18:23:48,056 [INFO] PluginManage:359 - Loaded plugin projectmanager (category:projectmanager,tabindex:4)
2025-06-05 18:23:48,056 [INFO] PluginManage:310 - Check plugin rif
2025-06-05 18:23:48,068 [INFO] PluginManage:359 - Loaded plugin rif (category:base,tabindex:3)
2025-06-05 18:23:48,068 [INFO] PluginManage:310 - Check plugin thirdparty
2025-06-05 18:23:48,412 [INFO] PluginManage:359 - Loaded plugin thirdparty (category:base,tabindex:-1)
2025-06-05 18:23:48,412 [INFO] PluginManage:310 - Check plugin tools
2025-06-05 18:23:48,417 [INFO] PluginManage:359 - Loaded plugin tools (category:base,tabindex:7)
2025-06-05 18:23:48,417 [INFO] PluginManage:310 - Check plugin tutovideos
2025-06-05 18:23:48,445 [WARN] IntegrityCheckThread:84 - waiting for thirdparty lock release [integrity check]
2025-06-05 18:23:48,447 [INFO] IntegrityCheckThread:86 - entering critical section [integrity check]
2025-06-05 18:23:48,449 [INFO] ThirdPartyUpdaterWithRetryManager:70 - Updater plugin not ready yet. [1/15]
2025-06-05 18:23:49,027 [INFO] PluginManage:359 - Loaded plugin tutovideos (category:base,tabindex:-1)
2025-06-05 18:23:49,027 [INFO] PluginManage:310 - Check plugin updater
2025-06-05 18:23:49,940 [INFO] PluginManage:359 - Loaded plugin updater (category:base,tabindex:12)
2025-06-05 18:23:49,941 [INFO] PluginManage:310 - Check plugin userauth
2025-06-05 18:23:49,949 [INFO] UserAuth:118 - Init User Auth plugin
2025-06-05 18:23:49,951 [INFO] PluginManage:359 - Loaded plugin userauth (category:base,tabindex:14)
2025-06-05 18:23:49,952 [INFO] PluginManage:283 - PluginManage : Loaded plugins [18]
2025-06-05 18:23:50,977 [INFO] PinOutPanel:1589 - setPackage(No Configuration,No Configuration)
2025-06-05 18:23:51,159 [INFO] CADModel:165 - CPN selected for project level
2025-06-05 18:23:51,159 [INFO] CADModel:114 - Register for checkConnection events
2025-06-05 18:23:51,188 [INFO] IPUIPlugin:80 - create IPUIPlugin
2025-06-05 18:23:51,188 [INFO] PluginManager:220 - loadIPPluginJar : add adc
2025-06-05 18:23:51,195 [INFO] IPUIPlugin:80 - create IPUIPlugin
2025-06-05 18:23:51,195 [INFO] PluginManager:220 - loadIPPluginJar : add aes
2025-06-05 18:23:51,202 [INFO] IPUIPlugin:80 - create IPUIPlugin
2025-06-05 18:23:51,202 [INFO] PluginManager:220 - loadIPPluginJar : add can
2025-06-05 18:23:51,206 [INFO] IPUIPlugin:80 - create IPUIPlugin
2025-06-05 18:23:51,206 [INFO] PluginManager:220 - loadIPPluginJar : add comp
2025-06-05 18:23:51,223 [INFO] IPUIPlugin:80 - create IPUIPlugin
2025-06-05 18:23:51,223 [INFO] PluginManager:220 - loadIPPluginJar : add cryp
2025-06-05 18:23:51,236 [INFO] IPUIPlugin:80 - create IPUIPlugin
2025-06-05 18:23:51,237 [INFO] PluginManager:220 - loadIPPluginJar : add ddr_ctrl_phy
2025-06-05 18:23:51,242 [INFO] IPUIPlugin:80 - create IPUIPlugin
2025-06-05 18:23:51,242 [INFO] PluginManager:220 - loadIPPluginJar : add dfsdm
2025-06-05 18:23:51,258 [INFO] IPUIPlugin:80 - create IPUIPlugin
2025-06-05 18:23:51,261 [INFO] PluginManager:220 - loadIPPluginJar : add dma
2025-06-05 18:23:51,265 [INFO] IPUIPlugin:80 - create IPUIPlugin
2025-06-05 18:23:51,266 [INFO] PluginManager:220 - loadIPPluginJar : add dma3
2025-06-05 18:23:51,275 [INFO] IPUIPlugin:80 - create IPUIPlugin
2025-06-05 18:23:51,275 [INFO] PluginManager:220 - loadIPPluginJar : add extmemmanager
2025-06-05 18:23:51,278 [INFO] IPUIPlugin:80 - create IPUIPlugin
2025-06-05 18:23:51,279 [INFO] PluginManager:220 - loadIPPluginJar : add fatfs
2025-06-05 18:23:51,286 [INFO] IPUIPlugin:80 - create IPUIPlugin
2025-06-05 18:23:51,286 [INFO] PluginManager:220 - loadIPPluginJar : add fmc
2025-06-05 18:23:51,298 [INFO] IPUIPlugin:80 - create IPUIPlugin
2025-06-05 18:23:51,298 [INFO] PluginManager:220 - loadIPPluginJar : add freertos
2025-06-05 18:23:51,301 [INFO] IPUIPlugin:80 - create IPUIPlugin
2025-06-05 18:23:51,301 [INFO] PluginManager:220 - loadIPPluginJar : add genericplugin
2025-06-05 18:23:51,306 [INFO] IPUIPlugin:80 - create IPUIPlugin
2025-06-05 18:23:51,306 [INFO] PluginManager:220 - loadIPPluginJar : add gfxmmu
2025-06-05 18:23:51,315 [INFO] IPUIPlugin:80 - create IPUIPlugin
2025-06-05 18:23:51,316 [INFO] PluginManager:220 - loadIPPluginJar : add gic
2025-06-05 18:23:51,324 [INFO] IPUIPlugin:80 - create IPUIPlugin
2025-06-05 18:23:51,325 [INFO] PluginManager:220 - loadIPPluginJar : add gpio
2025-06-05 18:23:51,335 [INFO] IPUIPlugin:80 - create IPUIPlugin
2025-06-05 18:23:51,335 [INFO] PluginManager:220 - loadIPPluginJar : add gtzc
2025-06-05 18:23:51,341 [INFO] IPUIPlugin:80 - create IPUIPlugin
2025-06-05 18:23:51,346 [INFO] PluginManager:220 - loadIPPluginJar : add hash
2025-06-05 18:23:51,359 [INFO] IPUIPlugin:80 - create IPUIPlugin
2025-06-05 18:23:51,359 [INFO] PluginManager:220 - loadIPPluginJar : add i2c
2025-06-05 18:23:51,376 [INFO] IPUIPlugin:80 - create IPUIPlugin
2025-06-05 18:23:51,376 [INFO] PluginManager:220 - loadIPPluginJar : add i2s
2025-06-05 18:23:51,386 [INFO] IPUIPlugin:80 - create IPUIPlugin
2025-06-05 18:23:51,387 [INFO] PluginManager:220 - loadIPPluginJar : add i3c
2025-06-05 18:23:51,393 [INFO] IPUIPlugin:80 - create IPUIPlugin
2025-06-05 18:23:51,393 [INFO] PluginManager:220 - loadIPPluginJar : add ipddr
2025-06-05 18:23:51,409 [INFO] IPUIPlugin:80 - create IPUIPlugin
2025-06-05 18:23:51,411 [INFO] PluginManager:220 - loadIPPluginJar : add linkedlist
2025-06-05 18:23:51,419 [INFO] IPUIPlugin:80 - create IPUIPlugin
2025-06-05 18:23:51,419 [INFO] PluginManager:220 - loadIPPluginJar : add lorawan
2025-06-05 18:23:51,422 [INFO] IPUIPlugin:80 - create IPUIPlugin
2025-06-05 18:23:51,422 [INFO] PluginManager:220 - loadIPPluginJar : add ltdc
2025-06-05 18:23:51,444 [INFO] IPUIPlugin:80 - create IPUIPlugin
2025-06-05 18:23:51,445 [INFO] PluginManager:220 - loadIPPluginJar : add mdma
2025-06-05 18:23:51,453 [INFO] IPUIPlugin:80 - create IPUIPlugin
2025-06-05 18:23:51,453 [INFO] PluginManager:220 - loadIPPluginJar : add nvic
2025-06-05 18:23:51,460 [INFO] IPUIPlugin:80 - create IPUIPlugin
2025-06-05 18:23:51,460 [INFO] PluginManager:220 - loadIPPluginJar : add opamp
2025-06-05 18:23:51,467 [INFO] IPUIPlugin:80 - create IPUIPlugin
2025-06-05 18:23:51,467 [INFO] PluginManager:220 - loadIPPluginJar : add openamp
2025-06-05 18:23:51,473 [INFO] IPUIPlugin:80 - create IPUIPlugin
2025-06-05 18:23:51,473 [INFO] PluginManager:220 - loadIPPluginJar : add pdm2pcm
2025-06-05 18:23:51,484 [INFO] IPUIPlugin:80 - create IPUIPlugin
2025-06-05 18:23:51,488 [INFO] PluginManager:220 - loadIPPluginJar : add plateformsettings
2025-06-05 18:23:51,489 [INFO] ThirdPartyUpdaterWithRetryManager:70 - Updater plugin not ready yet. [2/15]
2025-06-05 18:23:51,492 [INFO] IPUIPlugin:80 - create IPUIPlugin
2025-06-05 18:23:51,492 [INFO] PluginManager:220 - loadIPPluginJar : add quadspi
2025-06-05 18:23:51,496 [INFO] IPUIPlugin:80 - create IPUIPlugin
2025-06-05 18:23:51,497 [INFO] PluginManager:220 - loadIPPluginJar : add radio
2025-06-05 18:23:51,502 [INFO] IPUIPlugin:80 - create IPUIPlugin
2025-06-05 18:23:51,503 [INFO] PluginManager:220 - loadIPPluginJar : add resmgrutility
2025-06-05 18:23:51,543 [INFO] IPUIPlugin:80 - create IPUIPlugin
2025-06-05 18:23:51,544 [INFO] PluginManager:220 - loadIPPluginJar : add sai
2025-06-05 18:23:51,549 [INFO] IPUIPlugin:80 - create IPUIPlugin
2025-06-05 18:23:51,550 [INFO] PluginManager:220 - loadIPPluginJar : add spi
2025-06-05 18:23:51,574 [INFO] IPUIPlugin:80 - create IPUIPlugin
2025-06-05 18:23:51,574 [INFO] PluginManager:220 - loadIPPluginJar : add stm32_wpan
2025-06-05 18:23:51,579 [INFO] IPUIPlugin:80 - create IPUIPlugin
2025-06-05 18:23:51,579 [INFO] PluginManager:220 - loadIPPluginJar : add tim
2025-06-05 18:23:51,586 [INFO] IPUIPlugin:80 - create IPUIPlugin
2025-06-05 18:23:51,586 [INFO] PluginManager:220 - loadIPPluginJar : add touchsensing
2025-06-05 18:23:51,590 [INFO] IPUIPlugin:80 - create IPUIPlugin
2025-06-05 18:23:51,591 [INFO] PluginManager:220 - loadIPPluginJar : add tracer_emb
2025-06-05 18:23:51,594 [INFO] IPUIPlugin:80 - create IPUIPlugin
2025-06-05 18:23:51,594 [INFO] PluginManager:220 - loadIPPluginJar : add ts
2025-06-05 18:23:51,597 [INFO] IPUIPlugin:80 - create IPUIPlugin
2025-06-05 18:23:51,598 [INFO] PluginManager:220 - loadIPPluginJar : add tsc
2025-06-05 18:23:51,601 [INFO] IPUIPlugin:80 - create IPUIPlugin
2025-06-05 18:23:51,601 [INFO] PluginManager:220 - loadIPPluginJar : add ucpd
2025-06-05 18:23:51,606 [INFO] IPUIPlugin:80 - create IPUIPlugin
2025-06-05 18:23:51,606 [INFO] PluginManager:220 - loadIPPluginJar : add usart
2025-06-05 18:23:51,612 [INFO] IPUIPlugin:80 - create IPUIPlugin
2025-06-05 18:23:51,612 [INFO] PluginManager:220 - loadIPPluginJar : add usbx
2025-06-05 18:23:51,952 [FATAL] Updater:351 - Updater called before beeing initialized
2025-06-05 18:23:52,048 [INFO] RulesReader:64 - Compatibility file has been processed (297 Rules)
2025-06-05 18:23:52,080 [INFO] RulesReader:64 - Compatibility file has been processed (297 Rules)
2025-06-05 18:23:52,096 [INFO] CADModel:165 - CPN selected for project level
2025-06-05 18:23:52,096 [INFO] CADModel:114 - Register for checkConnection events
2025-06-05 18:23:52,097 [FATAL] Updater:351 - Updater called before beeing initialized
2025-06-05 18:23:52,098 [ERROR] CADModel:125 - Updater not yet initialized, retry later 
2025-06-05 18:23:52,497 [FATAL] Updater:351 - Updater called before beeing initialized
2025-06-05 18:23:52,501 [INFO] CADModel:165 - CPN selected for project level
2025-06-05 18:23:52,502 [INFO] CADModel:114 - Register for checkConnection events
2025-06-05 18:23:52,502 [FATAL] Updater:351 - Updater called before beeing initialized
2025-06-05 18:23:52,502 [ERROR] CADModel:125 - Updater not yet initialized, retry later 
2025-06-05 18:23:52,506 [FATAL] Updater:351 - Updater called before beeing initialized
2025-06-05 18:23:53,541 [FATAL] Updater:351 - Updater called before beeing initialized
2025-06-05 18:23:53,554 [INFO] DbMcusAds:53 - JSON generation date=Wed May 07 16:07:55 ICT 2025 (1746608875679)
2025-06-05 18:23:53,554 [FATAL] Updater:351 - Updater called before beeing initialized
2025-06-05 18:23:53,666 [WARN] DetailPanel:346 - Failed to get advertising image, set to default
2025-06-05 18:23:54,539 [INFO] ThirdPartyUpdaterWithRetryManager:70 - Updater plugin not ready yet. [3/15]
2025-06-05 18:23:54,864 [FATAL] Updater:351 - Updater called before beeing initialized
2025-06-05 18:23:54,893 [FATAL] Updater:351 - Updater called before beeing initialized
2025-06-05 18:23:54,893 [FATAL] Updater:351 - Updater called before beeing initialized
2025-06-05 18:23:54,893 [WARN] DetailPanel:346 - Failed to get advertising image, set to default
2025-06-05 18:23:54,895 [FATAL] Updater:351 - Updater called before beeing initialized
2025-06-05 18:23:55,130 [ERROR] Updater:1198 - MainUpdater not yet initialized. External WinMGr cannot be set.
2025-06-05 18:23:55,134 [INFO] Updater:1134 - Updater Version found : 6.13.0
2025-06-05 18:23:55,168 [INFO] ApplicationProperties:184 - Using Application install path: C:\ST\STM32CubeIDE_1.17.0\STM32CubeIDE\plugins\com.st.stm32cube.common.mx_6.13.0.202411220809
2025-06-05 18:23:56,789 [ERROR] LogOutputStream:75 - [STDERR_REDIRECT] Jun 05, 2025 6:23:56 PM java.util.prefs.WindowsPreferences <init>
2025-06-05 18:23:56,798 [ERROR] LogOutputStream:75 - [STDERR_REDIRECT] WARNING: Could not open/create prefs root node Software\JavaSoft\Prefs at root 0xffffffff80000002. Windows RegCreateKeyEx(...) returned error code 5.
2025-06-05 18:23:56,799 [ERROR] LogOutputStream:75 - [STDERR_REDIRECT] 
2025-06-05 18:23:57,540 [FATAL] Updater:351 - Updater called before beeing initialized
2025-06-05 18:23:57,541 [ERROR] IntegrityCheckThread:130 - Cannot retrieve database content from updater: error 21
2025-06-05 18:23:57,541 [INFO] ThirdParty:978 - Integrity check success = false
2025-06-05 18:23:57,541 [INFO] IntegrityCheckThread:100 - exiting critical section [integrity check]
2025-06-05 18:23:57,542 [INFO] IntegrityCheckThread:103 - End integrity checks thread
2025-06-05 18:23:57,620 [INFO] MainUpdater:2872 - connection check result : 10
2025-06-05 18:23:57,622 [INFO] MainUpdater:289 - Updater Check For Update Now.
2025-06-05 18:23:57,622 [INFO] MicroXplorer:498 - Change Database Version : DB.6.0.130
2025-06-05 18:23:57,634 [INFO] McuFinderGlobals:63 - Set McuFinder mode to 2 (CubeIDE integrated)
2025-06-05 18:23:57,636 [INFO] UserAuth:486 - Internet connection configuration mode: 1
2025-06-05 18:23:57,662 [INFO] JxBrowserEngine:152 - Initiate JxBrowser Engine with user profile folder
2025-06-05 18:23:58,264 [INFO] CheckServerUpdateThread:120 - End of CheckServer Thread
2025-06-05 18:24:00,831 [INFO] WebApp:168 - Instantiating new browser for Auth
2025-06-05 18:24:05,401 [INFO] WebApp:449 - Apply proxy settings
2025-06-05 18:24:05,403 [INFO] WebApp:534 - Chromium requires no authentication
2025-06-05 18:24:05,464 [INFO] WebApp:477 - Direct internet connection detected
2025-06-05 18:24:05,538 [INFO] WebApp:880 - Register for checkConnection events
2025-06-05 18:24:05,539 [INFO] WebApp:449 - Apply proxy settings
2025-06-05 18:24:05,539 [INFO] WebApp:534 - Chromium requires no authentication
2025-06-05 18:24:05,542 [INFO] WebApp:477 - Direct internet connection detected
2025-06-05 18:24:06,302 [INFO] WebApp:221 - Starting web application
2025-06-05 18:24:06,302 [INFO] WebApp:579 - Web application path used C:\ST\STM32CubeIDE_1.17.0\STM32CubeIDE\plugins\com.st.stm32cube.common.mx_6.13.0.202411220809\db\plugins\mcufinder\reactClient1\index.html
2025-06-05 18:24:06,643 [INFO] UserAuth:486 - Internet connection configuration mode: 1
2025-06-05 18:24:08,805 [INFO] WebApp:187 - Connection restablished
2025-06-05 18:28:36,966 [INFO] Activator:176 - 


2025-06-05 18:28:36,970 [INFO] Activator:177 - !SESSION log4j initialized
2025-06-05 18:28:46,537 [INFO] LogOutputStream:77 - [STDOUT_REDIRECT] 
2025-06-05 18:28:48,517 [INFO] ApplicationProperties:184 - Using Application install path: C:\ST\STM32CubeIDE_1.17.0\STM32CubeIDE\plugins\com.st.stm32cube.common.mx_6.13.0.202411220809
2025-06-05 18:28:48,558 [INFO] DbMcusXml:78 - Set database path to: C:\ST\STM32CubeIDE_1.17.0\STM32CubeIDE\plugins\com.st.stm32cube.common.mx_6.13.0.202411220809\\db\/mcu/
2025-06-05 18:28:48,559 [INFO] ApiDb:274 - Set plugin database path to: C:\ST\STM32CubeIDE_1.17.0\STM32CubeIDE\plugins\com.st.stm32cube.common.mx_6.13.0.202411220809\\db\/plugins/boardmanager/
2025-06-05 18:28:48,559 [WARN] ApiDb:259 - Overriding images path with different value:  => C:\ST\STM32CubeIDE_1.17.0\STM32CubeIDE\plugins\com.st.stm32cube.common.mx_6.13.0.202411220809\\db\/plugins/mcufinder/images/
2025-06-05 18:28:48,584 [INFO] ApiDb:250 - Set database path to: C:\Users\HP\.stmcufinder\plugins\mcufinder//mcu/
2025-06-05 18:28:48,592 [INFO] DbMcusAds:125 - Set database path to: C:\Users\HP\.stmcufinder\plugins\mcufinder//mcu/
2025-06-05 18:28:48,600 [INFO] CrossReferenceDbSqlite:203 - Set database path to: C:\Users\HP\.stmcufinder\plugins\mcufinder//mcu/cs/
2025-06-05 18:28:48,922 [INFO] RulesReader:64 - Compatibility file has been processed (297 Rules)
2025-06-05 18:28:49,159 [INFO] DbMcusXml:78 - Set database path to: C:\ST\STM32CubeIDE_1.17.0\STM32CubeIDE\plugins\com.st.stm32cube.common.mx_6.13.0.202411220809\\db\/mcu/
2025-06-05 18:28:49,159 [INFO] ApiDb:274 - Set plugin database path to: C:\ST\STM32CubeIDE_1.17.0\STM32CubeIDE\plugins\com.st.stm32cube.common.mx_6.13.0.202411220809\\db\/plugins/boardmanager/
2025-06-05 18:28:49,159 [INFO] ApiDb:261 - Set plugin images path to: C:\ST\STM32CubeIDE_1.17.0\STM32CubeIDE\plugins\com.st.stm32cube.common.mx_6.13.0.202411220809\\db\/plugins/mcufinder/images/
2025-06-05 18:28:49,160 [WARN] DbFile:41 - Overriding database path with different value: C:\Users\HP\.stmcufinder\plugins\mcufinder/ => C:\Users\HP\.stmcufinder\plugins\mcufinder
2025-06-05 18:28:49,160 [INFO] ApiDb:250 - Set database path to: C:\Users\HP\.stmcufinder\plugins\mcufinder//mcu/
2025-06-05 18:28:49,160 [WARN] DbFile:41 - Overriding database path with different value: C:\Users\HP\.stmcufinder\plugins\mcufinder/ => C:\Users\HP\.stmcufinder\plugins\mcufinder
2025-06-05 18:28:49,160 [INFO] DbMcusAds:125 - Set database path to: C:\Users\HP\.stmcufinder\plugins\mcufinder//mcu/
2025-06-05 18:28:49,161 [WARN] DbFile:41 - Overriding database path with different value: C:\Users\HP\.stmcufinder\plugins\mcufinder/ => C:\Users\HP\.stmcufinder\plugins\mcufinder
2025-06-05 18:28:49,161 [WARN] DbFile:41 - Overriding database path with different value: C:\Users\HP\.stmcufinder\plugins\mcufinder/ => C:\Users\HP\.stmcufinder\plugins\mcufinder
2025-06-05 18:28:49,161 [INFO] CrossReferenceDbSqlite:203 - Set database path to: C:\Users\HP\.stmcufinder\plugins\mcufinder//mcu/cs/
2025-06-05 18:28:49,354 [INFO] MainPanel:272 - HeapMemory: 268435456
2025-06-05 18:28:49,540 [INFO] DbMcusXml:78 - Set database path to: C:\ST\STM32CubeIDE_1.17.0\STM32CubeIDE\plugins\com.st.stm32cube.common.mx_6.13.0.202411220809\\db\/mcu/
2025-06-05 18:28:49,540 [INFO] ApiDb:274 - Set plugin database path to: C:\ST\STM32CubeIDE_1.17.0\STM32CubeIDE\plugins\com.st.stm32cube.common.mx_6.13.0.202411220809\\db\/plugins/boardmanager/
2025-06-05 18:28:49,540 [INFO] ApiDb:261 - Set plugin images path to: C:\ST\STM32CubeIDE_1.17.0\STM32CubeIDE\plugins\com.st.stm32cube.common.mx_6.13.0.202411220809\\db\/plugins/mcufinder/images/
2025-06-05 18:28:49,541 [WARN] DbFile:41 - Overriding database path with different value: C:\Users\HP\.stmcufinder\plugins\mcufinder/ => C:\Users\HP\.stmcufinder\plugins\mcufinder
2025-06-05 18:28:49,541 [INFO] ApiDb:250 - Set database path to: C:\Users\HP\.stmcufinder\plugins\mcufinder//mcu/
2025-06-05 18:28:49,541 [WARN] DbFile:41 - Overriding database path with different value: C:\Users\HP\.stmcufinder\plugins\mcufinder/ => C:\Users\HP\.stmcufinder\plugins\mcufinder
2025-06-05 18:28:49,542 [INFO] DbMcusAds:125 - Set database path to: C:\Users\HP\.stmcufinder\plugins\mcufinder//mcu/
2025-06-05 18:28:49,542 [WARN] DbFile:41 - Overriding database path with different value: C:\Users\HP\.stmcufinder\plugins\mcufinder/ => C:\Users\HP\.stmcufinder\plugins\mcufinder
2025-06-05 18:28:49,542 [WARN] DbFile:41 - Overriding database path with different value: C:\Users\HP\.stmcufinder\plugins\mcufinder/ => C:\Users\HP\.stmcufinder\plugins\mcufinder
2025-06-05 18:28:49,542 [INFO] CrossReferenceDbSqlite:203 - Set database path to: C:\Users\HP\.stmcufinder\plugins\mcufinder//mcu/cs/
2025-06-05 18:28:49,598 [INFO] ApplicationProperties:184 - Using Application install path: C:\ST\STM32CubeIDE_1.17.0\STM32CubeIDE\plugins\com.st.stm32cube.common.mx_6.13.0.202411220809
2025-06-05 18:28:49,602 [INFO] PluginManage:196 - Search for loadable plugins [exclusion list=, ]
2025-06-05 18:28:49,604 [INFO] PluginManage:310 - Check plugin analytics
2025-06-05 18:28:50,088 [INFO] AnalyticsPlugin:253 - Accepted Software Licenses: 
2025-06-05 18:28:50,088 [INFO] AnalyticsPlugin:255 - Accepted CMSIS Pack Licenses: 
2025-06-05 18:28:50,089 [INFO] AnalyticsPlugin:257 - Accepted Firmware Licenses: FW.F4.1.28.0
2025-06-05 18:28:50,093 [INFO] PluginManage:359 - Loaded plugin analytics (category:tool,tabindex:-1)
2025-06-05 18:28:50,093 [INFO] PluginManage:310 - Check plugin cadmodel
2025-06-05 18:28:50,099 [INFO] CADModel:105 - Init CAD model plugin
2025-06-05 18:28:50,099 [INFO] PluginManage:359 - Loaded plugin cadmodel (category:power,tabindex:5)
2025-06-05 18:28:50,100 [INFO] PluginManage:310 - Check plugin clock
2025-06-05 18:28:50,117 [INFO] PluginManage:359 - Loaded plugin clock (category:base,tabindex:2)
2025-06-05 18:28:50,117 [INFO] PluginManage:310 - Check plugin ddr
2025-06-05 18:28:50,122 [INFO] PluginManage:359 - Loaded plugin ddr (category:tool,tabindex:6)
2025-06-05 18:28:50,122 [INFO] PluginManage:310 - Check plugin filemanager
2025-06-05 18:28:50,475 [INFO] PluginManage:359 - Loaded plugin filemanager (category:base,tabindex:10)
2025-06-05 18:28:50,476 [INFO] PluginManage:310 - Check plugin ipmanager
2025-06-05 18:28:50,499 [INFO] PluginManage:359 - Loaded plugin ipmanager (category:base,tabindex:5)
2025-06-05 18:28:50,500 [INFO] PluginManage:310 - Check plugin lpbam
2025-06-05 18:28:50,522 [INFO] PluginManage:359 - Loaded plugin lpbam (category:base,tabindex:0)
2025-06-05 18:28:50,522 [INFO] PluginManage:310 - Check plugin memorymap
2025-06-05 18:28:50,553 [INFO] PluginManage:359 - Loaded plugin memorymap (category:base,tabindex:4)
2025-06-05 18:28:50,553 [INFO] PluginManage:310 - Check plugin pinoutandconfiguration
2025-06-05 18:28:50,594 [INFO] PluginManage:359 - Loaded plugin pinoutandconfiguration (category:base,tabindex:1)
2025-06-05 18:28:50,594 [INFO] PluginManage:310 - Check plugin pinoutconfig
2025-06-05 18:28:50,812 [WARN] SupportedApi:132 - Cannot load RTOS API schema: s4s-elt-must-match.1: The content of 'definitions' must match (annotation?, (simpleType | complexType)?, (unique | key | keyref)*)). A problem was found starting at: attribute.
2025-06-05 18:28:51,126 [INFO] PluginManage:359 - Loaded plugin pinoutconfig (category:base,tabindex:0)
2025-06-05 18:28:51,127 [INFO] PluginManage:310 - Check plugin power
2025-06-05 18:28:51,142 [INFO] PluginManage:359 - Loaded plugin power (category:power,tabindex:4)
2025-06-05 18:28:51,143 [INFO] PluginManage:310 - Check plugin projectmanager
2025-06-05 18:28:51,259 [INFO] PluginManage:359 - Loaded plugin projectmanager (category:projectmanager,tabindex:4)
2025-06-05 18:28:51,259 [INFO] PluginManage:310 - Check plugin rif
2025-06-05 18:28:51,272 [INFO] PluginManage:359 - Loaded plugin rif (category:base,tabindex:3)
2025-06-05 18:28:51,272 [INFO] PluginManage:310 - Check plugin thirdparty
2025-06-05 18:28:51,663 [INFO] PluginManage:359 - Loaded plugin thirdparty (category:base,tabindex:-1)
2025-06-05 18:28:51,663 [INFO] PluginManage:310 - Check plugin tools
2025-06-05 18:28:51,667 [INFO] PluginManage:359 - Loaded plugin tools (category:base,tabindex:7)
2025-06-05 18:28:51,668 [INFO] PluginManage:310 - Check plugin tutovideos
2025-06-05 18:28:51,737 [WARN] IntegrityCheckThread:84 - waiting for thirdparty lock release [integrity check]
2025-06-05 18:28:51,747 [INFO] IntegrityCheckThread:86 - entering critical section [integrity check]
2025-06-05 18:28:51,751 [INFO] ThirdPartyUpdaterWithRetryManager:70 - Updater plugin not ready yet. [1/15]
2025-06-05 18:28:52,174 [INFO] PluginManage:359 - Loaded plugin tutovideos (category:base,tabindex:-1)
2025-06-05 18:28:52,175 [INFO] PluginManage:310 - Check plugin updater
2025-06-05 18:28:52,245 [INFO] PluginManage:359 - Loaded plugin updater (category:base,tabindex:12)
2025-06-05 18:28:52,245 [INFO] PluginManage:310 - Check plugin userauth
2025-06-05 18:28:52,251 [INFO] UserAuth:118 - Init User Auth plugin
2025-06-05 18:28:52,253 [INFO] PluginManage:359 - Loaded plugin userauth (category:base,tabindex:14)
2025-06-05 18:28:52,254 [INFO] PluginManage:283 - PluginManage : Loaded plugins [18]
2025-06-05 18:28:53,118 [INFO] PinOutPanel:1589 - setPackage(No Configuration,No Configuration)
2025-06-05 18:28:53,322 [INFO] CADModel:165 - CPN selected for project level
2025-06-05 18:28:53,322 [INFO] CADModel:114 - Register for checkConnection events
2025-06-05 18:28:53,352 [INFO] IPUIPlugin:80 - create IPUIPlugin
2025-06-05 18:28:53,352 [INFO] PluginManager:220 - loadIPPluginJar : add adc
2025-06-05 18:28:53,368 [INFO] IPUIPlugin:80 - create IPUIPlugin
2025-06-05 18:28:53,369 [INFO] PluginManager:220 - loadIPPluginJar : add aes
2025-06-05 18:28:53,374 [INFO] IPUIPlugin:80 - create IPUIPlugin
2025-06-05 18:28:53,374 [INFO] PluginManager:220 - loadIPPluginJar : add can
2025-06-05 18:28:53,378 [INFO] IPUIPlugin:80 - create IPUIPlugin
2025-06-05 18:28:53,378 [INFO] PluginManager:220 - loadIPPluginJar : add comp
2025-06-05 18:28:53,384 [INFO] IPUIPlugin:80 - create IPUIPlugin
2025-06-05 18:28:53,384 [INFO] PluginManager:220 - loadIPPluginJar : add cryp
2025-06-05 18:28:53,395 [INFO] IPUIPlugin:80 - create IPUIPlugin
2025-06-05 18:28:53,398 [INFO] PluginManager:220 - loadIPPluginJar : add ddr_ctrl_phy
2025-06-05 18:28:53,403 [INFO] IPUIPlugin:80 - create IPUIPlugin
2025-06-05 18:28:53,403 [INFO] PluginManager:220 - loadIPPluginJar : add dfsdm
2025-06-05 18:28:53,412 [INFO] IPUIPlugin:80 - create IPUIPlugin
2025-06-05 18:28:53,413 [INFO] PluginManager:220 - loadIPPluginJar : add dma
2025-06-05 18:28:53,425 [INFO] IPUIPlugin:80 - create IPUIPlugin
2025-06-05 18:28:53,426 [INFO] PluginManager:220 - loadIPPluginJar : add dma3
2025-06-05 18:28:53,430 [INFO] IPUIPlugin:80 - create IPUIPlugin
2025-06-05 18:28:53,431 [INFO] PluginManager:220 - loadIPPluginJar : add extmemmanager
2025-06-05 18:28:53,434 [INFO] IPUIPlugin:80 - create IPUIPlugin
2025-06-05 18:28:53,434 [INFO] PluginManager:220 - loadIPPluginJar : add fatfs
2025-06-05 18:28:53,441 [INFO] IPUIPlugin:80 - create IPUIPlugin
2025-06-05 18:28:53,441 [INFO] PluginManager:220 - loadIPPluginJar : add fmc
2025-06-05 18:28:53,450 [INFO] IPUIPlugin:80 - create IPUIPlugin
2025-06-05 18:28:53,451 [INFO] PluginManager:220 - loadIPPluginJar : add freertos
2025-06-05 18:28:53,479 [INFO] IPUIPlugin:80 - create IPUIPlugin
2025-06-05 18:28:53,479 [INFO] PluginManager:220 - loadIPPluginJar : add genericplugin
2025-06-05 18:28:53,483 [INFO] IPUIPlugin:80 - create IPUIPlugin
2025-06-05 18:28:53,483 [INFO] PluginManager:220 - loadIPPluginJar : add gfxmmu
2025-06-05 18:28:53,491 [INFO] IPUIPlugin:80 - create IPUIPlugin
2025-06-05 18:28:53,492 [INFO] PluginManager:220 - loadIPPluginJar : add gic
2025-06-05 18:28:53,498 [INFO] IPUIPlugin:80 - create IPUIPlugin
2025-06-05 18:28:53,498 [INFO] PluginManager:220 - loadIPPluginJar : add gpio
2025-06-05 18:28:53,503 [INFO] IPUIPlugin:80 - create IPUIPlugin
2025-06-05 18:28:53,504 [INFO] PluginManager:220 - loadIPPluginJar : add gtzc
2025-06-05 18:28:53,508 [INFO] IPUIPlugin:80 - create IPUIPlugin
2025-06-05 18:28:53,508 [INFO] PluginManager:220 - loadIPPluginJar : add hash
2025-06-05 18:28:53,515 [INFO] IPUIPlugin:80 - create IPUIPlugin
2025-06-05 18:28:53,515 [INFO] PluginManager:220 - loadIPPluginJar : add i2c
2025-06-05 18:28:53,520 [INFO] IPUIPlugin:80 - create IPUIPlugin
2025-06-05 18:28:53,520 [INFO] PluginManager:220 - loadIPPluginJar : add i2s
2025-06-05 18:28:53,528 [INFO] IPUIPlugin:80 - create IPUIPlugin
2025-06-05 18:28:53,530 [INFO] PluginManager:220 - loadIPPluginJar : add i3c
2025-06-05 18:28:53,537 [INFO] IPUIPlugin:80 - create IPUIPlugin
2025-06-05 18:28:53,538 [INFO] PluginManager:220 - loadIPPluginJar : add ipddr
2025-06-05 18:28:53,557 [INFO] IPUIPlugin:80 - create IPUIPlugin
2025-06-05 18:28:53,559 [INFO] PluginManager:220 - loadIPPluginJar : add linkedlist
2025-06-05 18:28:53,565 [INFO] IPUIPlugin:80 - create IPUIPlugin
2025-06-05 18:28:53,565 [INFO] PluginManager:220 - loadIPPluginJar : add lorawan
2025-06-05 18:28:53,571 [INFO] IPUIPlugin:80 - create IPUIPlugin
2025-06-05 18:28:53,571 [INFO] PluginManager:220 - loadIPPluginJar : add ltdc
2025-06-05 18:28:53,584 [INFO] IPUIPlugin:80 - create IPUIPlugin
2025-06-05 18:28:53,584 [INFO] PluginManager:220 - loadIPPluginJar : add mdma
2025-06-05 18:28:53,594 [INFO] IPUIPlugin:80 - create IPUIPlugin
2025-06-05 18:28:53,595 [INFO] PluginManager:220 - loadIPPluginJar : add nvic
2025-06-05 18:28:53,603 [INFO] IPUIPlugin:80 - create IPUIPlugin
2025-06-05 18:28:53,603 [INFO] PluginManager:220 - loadIPPluginJar : add opamp
2025-06-05 18:28:53,612 [INFO] IPUIPlugin:80 - create IPUIPlugin
2025-06-05 18:28:53,613 [INFO] PluginManager:220 - loadIPPluginJar : add openamp
2025-06-05 18:28:53,617 [INFO] IPUIPlugin:80 - create IPUIPlugin
2025-06-05 18:28:53,618 [INFO] PluginManager:220 - loadIPPluginJar : add pdm2pcm
2025-06-05 18:28:53,629 [INFO] IPUIPlugin:80 - create IPUIPlugin
2025-06-05 18:28:53,635 [INFO] PluginManager:220 - loadIPPluginJar : add plateformsettings
2025-06-05 18:28:53,638 [INFO] IPUIPlugin:80 - create IPUIPlugin
2025-06-05 18:28:53,638 [INFO] PluginManager:220 - loadIPPluginJar : add quadspi
2025-06-05 18:28:53,642 [INFO] IPUIPlugin:80 - create IPUIPlugin
2025-06-05 18:28:53,645 [INFO] PluginManager:220 - loadIPPluginJar : add radio
2025-06-05 18:28:53,652 [INFO] IPUIPlugin:80 - create IPUIPlugin
2025-06-05 18:28:53,653 [INFO] PluginManager:220 - loadIPPluginJar : add resmgrutility
2025-06-05 18:28:53,658 [INFO] IPUIPlugin:80 - create IPUIPlugin
2025-06-05 18:28:53,658 [INFO] PluginManager:220 - loadIPPluginJar : add sai
2025-06-05 18:28:53,665 [INFO] IPUIPlugin:80 - create IPUIPlugin
2025-06-05 18:28:53,665 [INFO] PluginManager:220 - loadIPPluginJar : add spi
2025-06-05 18:28:53,683 [INFO] IPUIPlugin:80 - create IPUIPlugin
2025-06-05 18:28:53,683 [INFO] PluginManager:220 - loadIPPluginJar : add stm32_wpan
2025-06-05 18:28:53,691 [INFO] IPUIPlugin:80 - create IPUIPlugin
2025-06-05 18:28:53,691 [INFO] PluginManager:220 - loadIPPluginJar : add tim
2025-06-05 18:28:53,700 [INFO] IPUIPlugin:80 - create IPUIPlugin
2025-06-05 18:28:53,701 [INFO] PluginManager:220 - loadIPPluginJar : add touchsensing
2025-06-05 18:28:53,707 [INFO] IPUIPlugin:80 - create IPUIPlugin
2025-06-05 18:28:53,707 [INFO] PluginManager:220 - loadIPPluginJar : add tracer_emb
2025-06-05 18:28:53,711 [INFO] IPUIPlugin:80 - create IPUIPlugin
2025-06-05 18:28:53,711 [INFO] PluginManager:220 - loadIPPluginJar : add ts
2025-06-05 18:28:53,714 [INFO] IPUIPlugin:80 - create IPUIPlugin
2025-06-05 18:28:53,714 [INFO] PluginManager:220 - loadIPPluginJar : add tsc
2025-06-05 18:28:53,720 [INFO] IPUIPlugin:80 - create IPUIPlugin
2025-06-05 18:28:53,721 [INFO] PluginManager:220 - loadIPPluginJar : add ucpd
2025-06-05 18:28:53,726 [INFO] IPUIPlugin:80 - create IPUIPlugin
2025-06-05 18:28:53,726 [INFO] PluginManager:220 - loadIPPluginJar : add usart
2025-06-05 18:28:53,733 [INFO] IPUIPlugin:80 - create IPUIPlugin
2025-06-05 18:28:53,733 [INFO] PluginManager:220 - loadIPPluginJar : add usbx
2025-06-05 18:28:54,004 [FATAL] Updater:351 - Updater called before beeing initialized
2025-06-05 18:28:54,051 [INFO] RulesReader:64 - Compatibility file has been processed (297 Rules)
2025-06-05 18:28:54,091 [INFO] RulesReader:64 - Compatibility file has been processed (297 Rules)
2025-06-05 18:28:54,112 [INFO] CADModel:165 - CPN selected for project level
2025-06-05 18:28:54,112 [INFO] CADModel:114 - Register for checkConnection events
2025-06-05 18:28:54,112 [FATAL] Updater:351 - Updater called before beeing initialized
2025-06-05 18:28:54,113 [ERROR] CADModel:125 - Updater not yet initialized, retry later 
2025-06-05 18:28:54,540 [FATAL] Updater:351 - Updater called before beeing initialized
2025-06-05 18:28:54,543 [INFO] CADModel:165 - CPN selected for project level
2025-06-05 18:28:54,543 [INFO] CADModel:114 - Register for checkConnection events
2025-06-05 18:28:54,543 [FATAL] Updater:351 - Updater called before beeing initialized
2025-06-05 18:28:54,543 [ERROR] CADModel:125 - Updater not yet initialized, retry later 
2025-06-05 18:28:54,548 [FATAL] Updater:351 - Updater called before beeing initialized
2025-06-05 18:28:54,764 [INFO] ThirdPartyUpdaterWithRetryManager:70 - Updater plugin not ready yet. [2/15]
2025-06-05 18:28:55,273 [FATAL] Updater:351 - Updater called before beeing initialized
2025-06-05 18:28:55,282 [INFO] DbMcusAds:53 - JSON generation date=Wed May 07 16:07:55 ICT 2025 (1746608875679)
2025-06-05 18:28:55,283 [FATAL] Updater:351 - Updater called before beeing initialized
2025-06-05 18:28:55,396 [WARN] DetailPanel:346 - Failed to get advertising image, set to default
2025-06-05 18:28:56,183 [FATAL] Updater:351 - Updater called before beeing initialized
2025-06-05 18:28:56,188 [FATAL] Updater:351 - Updater called before beeing initialized
2025-06-05 18:28:56,188 [FATAL] Updater:351 - Updater called before beeing initialized
2025-06-05 18:28:56,188 [WARN] DetailPanel:346 - Failed to get advertising image, set to default
2025-06-05 18:28:56,190 [FATAL] Updater:351 - Updater called before beeing initialized
2025-06-05 18:28:56,962 [ERROR] Updater:1198 - MainUpdater not yet initialized. External WinMGr cannot be set.
2025-06-05 18:28:56,966 [INFO] Updater:1134 - Updater Version found : 6.13.0
2025-06-05 18:28:56,995 [INFO] ApplicationProperties:184 - Using Application install path: C:\ST\STM32CubeIDE_1.17.0\STM32CubeIDE\plugins\com.st.stm32cube.common.mx_6.13.0.202411220809
2025-06-05 18:28:57,788 [FATAL] Updater:351 - Updater called before beeing initialized
2025-06-05 18:28:57,788 [ERROR] IntegrityCheckThread:130 - Cannot retrieve database content from updater: error 21
2025-06-05 18:28:57,789 [INFO] ThirdParty:978 - Integrity check success = false
2025-06-05 18:28:57,789 [INFO] IntegrityCheckThread:100 - exiting critical section [integrity check]
2025-06-05 18:28:57,789 [INFO] IntegrityCheckThread:103 - End integrity checks thread
2025-06-05 18:28:58,597 [ERROR] LogOutputStream:75 - [STDERR_REDIRECT] Jun 05, 2025 6:28:58 PM java.util.prefs.WindowsPreferences <init>
2025-06-05 18:28:58,602 [ERROR] LogOutputStream:75 - [STDERR_REDIRECT] WARNING: Could not open/create prefs root node Software\JavaSoft\Prefs at root 0xffffffff80000002. Windows RegCreateKeyEx(...) returned error code 5.
2025-06-05 18:28:58,602 [ERROR] LogOutputStream:75 - [STDERR_REDIRECT] 
2025-06-05 18:28:59,313 [INFO] MainUpdater:2872 - connection check result : 10
2025-06-05 18:28:59,314 [INFO] MainUpdater:289 - Updater Check For Update Now.
2025-06-05 18:28:59,315 [INFO] MicroXplorer:498 - Change Database Version : DB.6.0.130
2025-06-05 18:28:59,323 [INFO] McuFinderGlobals:63 - Set McuFinder mode to 2 (CubeIDE integrated)
2025-06-05 18:28:59,324 [INFO] UserAuth:486 - Internet connection configuration mode: 1
2025-06-05 18:28:59,352 [INFO] JxBrowserEngine:152 - Initiate JxBrowser Engine with user profile folder
2025-06-05 18:28:59,690 [INFO] CheckServerUpdateThread:120 - End of CheckServer Thread
2025-06-05 18:29:01,694 [INFO] WebApp:168 - Instantiating new browser for Auth
2025-06-05 18:29:05,621 [INFO] WebApp:449 - Apply proxy settings
2025-06-05 18:29:05,622 [INFO] WebApp:534 - Chromium requires no authentication
2025-06-05 18:29:05,638 [INFO] WebApp:477 - Direct internet connection detected
2025-06-05 18:29:05,711 [INFO] WebApp:880 - Register for checkConnection events
2025-06-05 18:29:05,711 [INFO] WebApp:449 - Apply proxy settings
2025-06-05 18:29:05,711 [INFO] WebApp:534 - Chromium requires no authentication
2025-06-05 18:29:05,719 [INFO] WebApp:477 - Direct internet connection detected
2025-06-05 18:29:06,379 [INFO] WebApp:221 - Starting web application
2025-06-05 18:29:06,379 [INFO] WebApp:579 - Web application path used C:\ST\STM32CubeIDE_1.17.0\STM32CubeIDE\plugins\com.st.stm32cube.common.mx_6.13.0.202411220809\db\plugins\mcufinder\reactClient1\index.html
2025-06-05 18:29:06,985 [INFO] UserAuth:486 - Internet connection configuration mode: 1
2025-06-05 18:29:08,261 [INFO] WebApp:187 - Connection restablished
2025-06-05 19:06:37,647 [INFO] Activator:176 - 


2025-06-05 19:06:37,650 [INFO] Activator:177 - !SESSION log4j initialized
2025-06-05 19:06:44,809 [INFO] LogOutputStream:77 - [STDOUT_REDIRECT] 
2025-06-05 19:06:49,537 [INFO] ApplicationProperties:184 - Using Application install path: C:\ST\STM32CubeIDE_1.17.0\STM32CubeIDE\plugins\com.st.stm32cube.common.mx_6.13.0.202411220809
2025-06-05 19:06:49,565 [INFO] DbMcusXml:78 - Set database path to: C:\ST\STM32CubeIDE_1.17.0\STM32CubeIDE\plugins\com.st.stm32cube.common.mx_6.13.0.202411220809\\db\/mcu/
2025-06-05 19:06:49,565 [INFO] ApiDb:274 - Set plugin database path to: C:\ST\STM32CubeIDE_1.17.0\STM32CubeIDE\plugins\com.st.stm32cube.common.mx_6.13.0.202411220809\\db\/plugins/boardmanager/
2025-06-05 19:06:49,565 [WARN] ApiDb:259 - Overriding images path with different value:  => C:\ST\STM32CubeIDE_1.17.0\STM32CubeIDE\plugins\com.st.stm32cube.common.mx_6.13.0.202411220809\\db\/plugins/mcufinder/images/
2025-06-05 19:06:49,575 [INFO] ApiDb:250 - Set database path to: C:\Users\HP\.stmcufinder\plugins\mcufinder//mcu/
2025-06-05 19:06:49,577 [INFO] DbMcusAds:125 - Set database path to: C:\Users\HP\.stmcufinder\plugins\mcufinder//mcu/
2025-06-05 19:06:49,582 [INFO] CrossReferenceDbSqlite:203 - Set database path to: C:\Users\HP\.stmcufinder\plugins\mcufinder//mcu/cs/
2025-06-05 19:06:49,824 [INFO] RulesReader:64 - Compatibility file has been processed (297 Rules)
2025-06-05 19:06:50,129 [INFO] DbMcusXml:78 - Set database path to: C:\ST\STM32CubeIDE_1.17.0\STM32CubeIDE\plugins\com.st.stm32cube.common.mx_6.13.0.202411220809\\db\/mcu/
2025-06-05 19:06:50,130 [INFO] ApiDb:274 - Set plugin database path to: C:\ST\STM32CubeIDE_1.17.0\STM32CubeIDE\plugins\com.st.stm32cube.common.mx_6.13.0.202411220809\\db\/plugins/boardmanager/
2025-06-05 19:06:50,130 [INFO] ApiDb:261 - Set plugin images path to: C:\ST\STM32CubeIDE_1.17.0\STM32CubeIDE\plugins\com.st.stm32cube.common.mx_6.13.0.202411220809\\db\/plugins/mcufinder/images/
2025-06-05 19:06:50,130 [WARN] DbFile:41 - Overriding database path with different value: C:\Users\HP\.stmcufinder\plugins\mcufinder/ => C:\Users\HP\.stmcufinder\plugins\mcufinder
2025-06-05 19:06:50,130 [INFO] ApiDb:250 - Set database path to: C:\Users\HP\.stmcufinder\plugins\mcufinder//mcu/
2025-06-05 19:06:50,130 [WARN] DbFile:41 - Overriding database path with different value: C:\Users\HP\.stmcufinder\plugins\mcufinder/ => C:\Users\HP\.stmcufinder\plugins\mcufinder
2025-06-05 19:06:50,131 [INFO] DbMcusAds:125 - Set database path to: C:\Users\HP\.stmcufinder\plugins\mcufinder//mcu/
2025-06-05 19:06:50,131 [WARN] DbFile:41 - Overriding database path with different value: C:\Users\HP\.stmcufinder\plugins\mcufinder/ => C:\Users\HP\.stmcufinder\plugins\mcufinder
2025-06-05 19:06:50,131 [WARN] DbFile:41 - Overriding database path with different value: C:\Users\HP\.stmcufinder\plugins\mcufinder/ => C:\Users\HP\.stmcufinder\plugins\mcufinder
2025-06-05 19:06:50,131 [INFO] CrossReferenceDbSqlite:203 - Set database path to: C:\Users\HP\.stmcufinder\plugins\mcufinder//mcu/cs/
2025-06-05 19:06:50,325 [INFO] MainPanel:272 - HeapMemory: 268435456
2025-06-05 19:06:50,614 [INFO] DbMcusXml:78 - Set database path to: C:\ST\STM32CubeIDE_1.17.0\STM32CubeIDE\plugins\com.st.stm32cube.common.mx_6.13.0.202411220809\\db\/mcu/
2025-06-05 19:06:50,614 [INFO] ApiDb:274 - Set plugin database path to: C:\ST\STM32CubeIDE_1.17.0\STM32CubeIDE\plugins\com.st.stm32cube.common.mx_6.13.0.202411220809\\db\/plugins/boardmanager/
2025-06-05 19:06:50,614 [INFO] ApiDb:261 - Set plugin images path to: C:\ST\STM32CubeIDE_1.17.0\STM32CubeIDE\plugins\com.st.stm32cube.common.mx_6.13.0.202411220809\\db\/plugins/mcufinder/images/
2025-06-05 19:06:50,615 [WARN] DbFile:41 - Overriding database path with different value: C:\Users\HP\.stmcufinder\plugins\mcufinder/ => C:\Users\HP\.stmcufinder\plugins\mcufinder
2025-06-05 19:06:50,615 [INFO] ApiDb:250 - Set database path to: C:\Users\HP\.stmcufinder\plugins\mcufinder//mcu/
2025-06-05 19:06:50,615 [WARN] DbFile:41 - Overriding database path with different value: C:\Users\HP\.stmcufinder\plugins\mcufinder/ => C:\Users\HP\.stmcufinder\plugins\mcufinder
2025-06-05 19:06:50,615 [INFO] DbMcusAds:125 - Set database path to: C:\Users\HP\.stmcufinder\plugins\mcufinder//mcu/
2025-06-05 19:06:50,615 [WARN] DbFile:41 - Overriding database path with different value: C:\Users\HP\.stmcufinder\plugins\mcufinder/ => C:\Users\HP\.stmcufinder\plugins\mcufinder
2025-06-05 19:06:50,616 [WARN] DbFile:41 - Overriding database path with different value: C:\Users\HP\.stmcufinder\plugins\mcufinder/ => C:\Users\HP\.stmcufinder\plugins\mcufinder
2025-06-05 19:06:50,616 [INFO] CrossReferenceDbSqlite:203 - Set database path to: C:\Users\HP\.stmcufinder\plugins\mcufinder//mcu/cs/
2025-06-05 19:06:50,646 [INFO] ApplicationProperties:184 - Using Application install path: C:\ST\STM32CubeIDE_1.17.0\STM32CubeIDE\plugins\com.st.stm32cube.common.mx_6.13.0.202411220809
2025-06-05 19:06:50,651 [INFO] PluginManage:196 - Search for loadable plugins [exclusion list=, ]
2025-06-05 19:06:50,655 [INFO] PluginManage:310 - Check plugin analytics
2025-06-05 19:06:51,091 [INFO] AnalyticsPlugin:253 - Accepted Software Licenses: 
2025-06-05 19:06:51,091 [INFO] AnalyticsPlugin:255 - Accepted CMSIS Pack Licenses: 
2025-06-05 19:06:51,092 [INFO] AnalyticsPlugin:257 - Accepted Firmware Licenses: FW.F4.1.28.0
2025-06-05 19:06:51,093 [INFO] PluginManage:359 - Loaded plugin analytics (category:tool,tabindex:-1)
2025-06-05 19:06:51,094 [INFO] PluginManage:310 - Check plugin cadmodel
2025-06-05 19:06:51,100 [INFO] CADModel:105 - Init CAD model plugin
2025-06-05 19:06:51,100 [INFO] PluginManage:359 - Loaded plugin cadmodel (category:power,tabindex:5)
2025-06-05 19:06:51,100 [INFO] PluginManage:310 - Check plugin clock
2025-06-05 19:06:51,114 [INFO] PluginManage:359 - Loaded plugin clock (category:base,tabindex:2)
2025-06-05 19:06:51,114 [INFO] PluginManage:310 - Check plugin ddr
2025-06-05 19:06:51,117 [INFO] PluginManage:359 - Loaded plugin ddr (category:tool,tabindex:6)
2025-06-05 19:06:51,118 [INFO] PluginManage:310 - Check plugin filemanager
2025-06-05 19:06:51,363 [INFO] PluginManage:359 - Loaded plugin filemanager (category:base,tabindex:10)
2025-06-05 19:06:51,364 [INFO] PluginManage:310 - Check plugin ipmanager
2025-06-05 19:06:51,375 [INFO] PluginManage:359 - Loaded plugin ipmanager (category:base,tabindex:5)
2025-06-05 19:06:51,375 [INFO] PluginManage:310 - Check plugin lpbam
2025-06-05 19:06:51,388 [INFO] PluginManage:359 - Loaded plugin lpbam (category:base,tabindex:0)
2025-06-05 19:06:51,388 [INFO] PluginManage:310 - Check plugin memorymap
2025-06-05 19:06:51,419 [INFO] PluginManage:359 - Loaded plugin memorymap (category:base,tabindex:4)
2025-06-05 19:06:51,419 [INFO] PluginManage:310 - Check plugin pinoutandconfiguration
2025-06-05 19:06:51,455 [INFO] PluginManage:359 - Loaded plugin pinoutandconfiguration (category:base,tabindex:1)
2025-06-05 19:06:51,456 [INFO] PluginManage:310 - Check plugin pinoutconfig
2025-06-05 19:06:51,655 [WARN] SupportedApi:132 - Cannot load RTOS API schema: s4s-elt-must-match.1: The content of 'definitions' must match (annotation?, (simpleType | complexType)?, (unique | key | keyref)*)). A problem was found starting at: attribute.
2025-06-05 19:06:52,063 [INFO] PluginManage:359 - Loaded plugin pinoutconfig (category:base,tabindex:0)
2025-06-05 19:06:52,063 [INFO] PluginManage:310 - Check plugin power
2025-06-05 19:06:52,144 [INFO] PluginManage:359 - Loaded plugin power (category:power,tabindex:4)
2025-06-05 19:06:52,144 [INFO] PluginManage:310 - Check plugin projectmanager
2025-06-05 19:06:52,469 [INFO] PluginManage:359 - Loaded plugin projectmanager (category:projectmanager,tabindex:4)
2025-06-05 19:06:52,469 [INFO] PluginManage:310 - Check plugin rif
2025-06-05 19:06:52,481 [INFO] PluginManage:359 - Loaded plugin rif (category:base,tabindex:3)
2025-06-05 19:06:52,482 [INFO] PluginManage:310 - Check plugin thirdparty
2025-06-05 19:06:52,806 [INFO] PluginManage:359 - Loaded plugin thirdparty (category:base,tabindex:-1)
2025-06-05 19:06:52,806 [INFO] PluginManage:310 - Check plugin tools
2025-06-05 19:06:52,806 [WARN] IntegrityCheckThread:84 - waiting for thirdparty lock release [integrity check]
2025-06-05 19:06:52,808 [INFO] IntegrityCheckThread:86 - entering critical section [integrity check]
2025-06-05 19:06:52,808 [INFO] ThirdPartyUpdaterWithRetryManager:70 - Updater plugin not ready yet. [1/15]
2025-06-05 19:06:52,810 [INFO] PluginManage:359 - Loaded plugin tools (category:base,tabindex:7)
2025-06-05 19:06:52,811 [INFO] PluginManage:310 - Check plugin tutovideos
2025-06-05 19:06:53,198 [INFO] PluginManage:359 - Loaded plugin tutovideos (category:base,tabindex:-1)
2025-06-05 19:06:53,198 [INFO] PluginManage:310 - Check plugin updater
2025-06-05 19:06:53,282 [INFO] PluginManage:359 - Loaded plugin updater (category:base,tabindex:12)
2025-06-05 19:06:53,283 [INFO] PluginManage:310 - Check plugin userauth
2025-06-05 19:06:53,302 [INFO] UserAuth:118 - Init User Auth plugin
2025-06-05 19:06:53,307 [INFO] PluginManage:359 - Loaded plugin userauth (category:base,tabindex:14)
2025-06-05 19:06:53,308 [INFO] PluginManage:283 - PluginManage : Loaded plugins [18]
2025-06-05 19:06:53,743 [INFO] PinOutPanel:1589 - setPackage(No Configuration,No Configuration)
2025-06-05 19:06:53,895 [INFO] CADModel:165 - CPN selected for project level
2025-06-05 19:06:53,895 [INFO] CADModel:114 - Register for checkConnection events
2025-06-05 19:06:53,920 [INFO] IPUIPlugin:80 - create IPUIPlugin
2025-06-05 19:06:53,920 [INFO] PluginManager:220 - loadIPPluginJar : add adc
2025-06-05 19:06:53,924 [INFO] IPUIPlugin:80 - create IPUIPlugin
2025-06-05 19:06:53,924 [INFO] PluginManager:220 - loadIPPluginJar : add aes
2025-06-05 19:06:53,927 [INFO] IPUIPlugin:80 - create IPUIPlugin
2025-06-05 19:06:53,927 [INFO] PluginManager:220 - loadIPPluginJar : add can
2025-06-05 19:06:53,929 [INFO] IPUIPlugin:80 - create IPUIPlugin
2025-06-05 19:06:53,929 [INFO] PluginManager:220 - loadIPPluginJar : add comp
2025-06-05 19:06:53,933 [INFO] IPUIPlugin:80 - create IPUIPlugin
2025-06-05 19:06:53,933 [INFO] PluginManager:220 - loadIPPluginJar : add cryp
2025-06-05 19:06:53,936 [INFO] IPUIPlugin:80 - create IPUIPlugin
2025-06-05 19:06:53,936 [INFO] PluginManager:220 - loadIPPluginJar : add ddr_ctrl_phy
2025-06-05 19:06:53,941 [INFO] IPUIPlugin:80 - create IPUIPlugin
2025-06-05 19:06:53,941 [INFO] PluginManager:220 - loadIPPluginJar : add dfsdm
2025-06-05 19:06:53,947 [INFO] IPUIPlugin:80 - create IPUIPlugin
2025-06-05 19:06:53,948 [INFO] PluginManager:220 - loadIPPluginJar : add dma
2025-06-05 19:06:53,952 [INFO] IPUIPlugin:80 - create IPUIPlugin
2025-06-05 19:06:53,952 [INFO] PluginManager:220 - loadIPPluginJar : add dma3
2025-06-05 19:06:53,958 [INFO] IPUIPlugin:80 - create IPUIPlugin
2025-06-05 19:06:53,958 [INFO] PluginManager:220 - loadIPPluginJar : add extmemmanager
2025-06-05 19:06:53,966 [INFO] IPUIPlugin:80 - create IPUIPlugin
2025-06-05 19:06:53,966 [INFO] PluginManager:220 - loadIPPluginJar : add fatfs
2025-06-05 19:06:53,974 [INFO] IPUIPlugin:80 - create IPUIPlugin
2025-06-05 19:06:53,974 [INFO] PluginManager:220 - loadIPPluginJar : add fmc
2025-06-05 19:06:53,992 [INFO] IPUIPlugin:80 - create IPUIPlugin
2025-06-05 19:06:53,992 [INFO] PluginManager:220 - loadIPPluginJar : add freertos
2025-06-05 19:06:53,996 [INFO] IPUIPlugin:80 - create IPUIPlugin
2025-06-05 19:06:53,996 [INFO] PluginManager:220 - loadIPPluginJar : add genericplugin
2025-06-05 19:06:53,999 [INFO] IPUIPlugin:80 - create IPUIPlugin
2025-06-05 19:06:53,999 [INFO] PluginManager:220 - loadIPPluginJar : add gfxmmu
2025-06-05 19:06:54,004 [INFO] IPUIPlugin:80 - create IPUIPlugin
2025-06-05 19:06:54,005 [INFO] PluginManager:220 - loadIPPluginJar : add gic
2025-06-05 19:06:54,010 [INFO] IPUIPlugin:80 - create IPUIPlugin
2025-06-05 19:06:54,010 [INFO] PluginManager:220 - loadIPPluginJar : add gpio
2025-06-05 19:06:54,014 [INFO] IPUIPlugin:80 - create IPUIPlugin
2025-06-05 19:06:54,014 [INFO] PluginManager:220 - loadIPPluginJar : add gtzc
2025-06-05 19:06:54,018 [INFO] IPUIPlugin:80 - create IPUIPlugin
2025-06-05 19:06:54,018 [INFO] PluginManager:220 - loadIPPluginJar : add hash
2025-06-05 19:06:54,023 [INFO] IPUIPlugin:80 - create IPUIPlugin
2025-06-05 19:06:54,023 [INFO] PluginManager:220 - loadIPPluginJar : add i2c
2025-06-05 19:06:54,027 [INFO] IPUIPlugin:80 - create IPUIPlugin
2025-06-05 19:06:54,027 [INFO] PluginManager:220 - loadIPPluginJar : add i2s
2025-06-05 19:06:54,032 [INFO] IPUIPlugin:80 - create IPUIPlugin
2025-06-05 19:06:54,032 [INFO] PluginManager:220 - loadIPPluginJar : add i3c
2025-06-05 19:06:54,037 [INFO] IPUIPlugin:80 - create IPUIPlugin
2025-06-05 19:06:54,037 [INFO] PluginManager:220 - loadIPPluginJar : add ipddr
2025-06-05 19:06:54,046 [INFO] IPUIPlugin:80 - create IPUIPlugin
2025-06-05 19:06:54,046 [INFO] PluginManager:220 - loadIPPluginJar : add linkedlist
2025-06-05 19:06:54,052 [INFO] IPUIPlugin:80 - create IPUIPlugin
2025-06-05 19:06:54,052 [INFO] PluginManager:220 - loadIPPluginJar : add lorawan
2025-06-05 19:06:54,054 [INFO] IPUIPlugin:80 - create IPUIPlugin
2025-06-05 19:06:54,055 [INFO] PluginManager:220 - loadIPPluginJar : add ltdc
2025-06-05 19:06:54,061 [INFO] IPUIPlugin:80 - create IPUIPlugin
2025-06-05 19:06:54,062 [INFO] PluginManager:220 - loadIPPluginJar : add mdma
2025-06-05 19:06:54,067 [INFO] IPUIPlugin:80 - create IPUIPlugin
2025-06-05 19:06:54,067 [INFO] PluginManager:220 - loadIPPluginJar : add nvic
2025-06-05 19:06:54,071 [INFO] IPUIPlugin:80 - create IPUIPlugin
2025-06-05 19:06:54,071 [INFO] PluginManager:220 - loadIPPluginJar : add opamp
2025-06-05 19:06:54,076 [INFO] IPUIPlugin:80 - create IPUIPlugin
2025-06-05 19:06:54,076 [INFO] PluginManager:220 - loadIPPluginJar : add openamp
2025-06-05 19:06:54,079 [INFO] IPUIPlugin:80 - create IPUIPlugin
2025-06-05 19:06:54,080 [INFO] PluginManager:220 - loadIPPluginJar : add pdm2pcm
2025-06-05 19:06:54,088 [INFO] IPUIPlugin:80 - create IPUIPlugin
2025-06-05 19:06:54,092 [INFO] PluginManager:220 - loadIPPluginJar : add plateformsettings
2025-06-05 19:06:54,094 [INFO] IPUIPlugin:80 - create IPUIPlugin
2025-06-05 19:06:54,094 [INFO] PluginManager:220 - loadIPPluginJar : add quadspi
2025-06-05 19:06:54,097 [INFO] IPUIPlugin:80 - create IPUIPlugin
2025-06-05 19:06:54,098 [INFO] PluginManager:220 - loadIPPluginJar : add radio
2025-06-05 19:06:54,102 [INFO] IPUIPlugin:80 - create IPUIPlugin
2025-06-05 19:06:54,103 [INFO] PluginManager:220 - loadIPPluginJar : add resmgrutility
2025-06-05 19:06:54,107 [INFO] IPUIPlugin:80 - create IPUIPlugin
2025-06-05 19:06:54,107 [INFO] PluginManager:220 - loadIPPluginJar : add sai
2025-06-05 19:06:54,111 [INFO] IPUIPlugin:80 - create IPUIPlugin
2025-06-05 19:06:54,112 [INFO] PluginManager:220 - loadIPPluginJar : add spi
2025-06-05 19:06:54,120 [INFO] IPUIPlugin:80 - create IPUIPlugin
2025-06-05 19:06:54,120 [INFO] PluginManager:220 - loadIPPluginJar : add stm32_wpan
2025-06-05 19:06:54,123 [INFO] IPUIPlugin:80 - create IPUIPlugin
2025-06-05 19:06:54,123 [INFO] PluginManager:220 - loadIPPluginJar : add tim
2025-06-05 19:06:54,128 [INFO] IPUIPlugin:80 - create IPUIPlugin
2025-06-05 19:06:54,129 [INFO] PluginManager:220 - loadIPPluginJar : add touchsensing
2025-06-05 19:06:54,131 [INFO] IPUIPlugin:80 - create IPUIPlugin
2025-06-05 19:06:54,131 [INFO] PluginManager:220 - loadIPPluginJar : add tracer_emb
2025-06-05 19:06:54,135 [INFO] IPUIPlugin:80 - create IPUIPlugin
2025-06-05 19:06:54,135 [INFO] PluginManager:220 - loadIPPluginJar : add ts
2025-06-05 19:06:54,138 [INFO] IPUIPlugin:80 - create IPUIPlugin
2025-06-05 19:06:54,138 [INFO] PluginManager:220 - loadIPPluginJar : add tsc
2025-06-05 19:06:54,140 [INFO] IPUIPlugin:80 - create IPUIPlugin
2025-06-05 19:06:54,142 [INFO] PluginManager:220 - loadIPPluginJar : add ucpd
2025-06-05 19:06:54,146 [INFO] IPUIPlugin:80 - create IPUIPlugin
2025-06-05 19:06:54,146 [INFO] PluginManager:220 - loadIPPluginJar : add usart
2025-06-05 19:06:54,153 [INFO] IPUIPlugin:80 - create IPUIPlugin
2025-06-05 19:06:54,153 [INFO] PluginManager:220 - loadIPPluginJar : add usbx
2025-06-05 19:06:54,350 [FATAL] Updater:351 - Updater called before beeing initialized
2025-06-05 19:06:54,430 [INFO] RulesReader:64 - Compatibility file has been processed (297 Rules)
2025-06-05 19:06:54,454 [INFO] RulesReader:64 - Compatibility file has been processed (297 Rules)
2025-06-05 19:06:54,478 [INFO] CADModel:165 - CPN selected for project level
2025-06-05 19:06:54,478 [INFO] CADModel:114 - Register for checkConnection events
2025-06-05 19:06:54,478 [FATAL] Updater:351 - Updater called before beeing initialized
2025-06-05 19:06:54,478 [ERROR] CADModel:125 - Updater not yet initialized, retry later 
2025-06-05 19:06:54,833 [FATAL] Updater:351 - Updater called before beeing initialized
2025-06-05 19:06:54,836 [INFO] CADModel:165 - CPN selected for project level
2025-06-05 19:06:54,837 [INFO] CADModel:114 - Register for checkConnection events
2025-06-05 19:06:54,837 [FATAL] Updater:351 - Updater called before beeing initialized
2025-06-05 19:06:54,837 [ERROR] CADModel:125 - Updater not yet initialized, retry later 
2025-06-05 19:06:54,842 [FATAL] Updater:351 - Updater called before beeing initialized
2025-06-05 19:06:55,090 [FATAL] Updater:351 - Updater called before beeing initialized
2025-06-05 19:06:55,097 [INFO] DbMcusAds:53 - JSON generation date=Wed May 07 16:07:55 ICT 2025 (1746608875679)
2025-06-05 19:06:55,098 [FATAL] Updater:351 - Updater called before beeing initialized
2025-06-05 19:06:55,148 [WARN] DetailPanel:346 - Failed to get advertising image, set to default
2025-06-05 19:06:55,444 [FATAL] Updater:351 - Updater called before beeing initialized
2025-06-05 19:06:55,446 [FATAL] Updater:351 - Updater called before beeing initialized
2025-06-05 19:06:55,446 [FATAL] Updater:351 - Updater called before beeing initialized
2025-06-05 19:06:55,446 [WARN] DetailPanel:346 - Failed to get advertising image, set to default
2025-06-05 19:06:55,447 [FATAL] Updater:351 - Updater called before beeing initialized
2025-06-05 19:06:55,509 [ERROR] Updater:1198 - MainUpdater not yet initialized. External WinMGr cannot be set.
2025-06-05 19:06:55,511 [INFO] Updater:1134 - Updater Version found : 6.13.0
2025-06-05 19:06:55,526 [INFO] ApplicationProperties:184 - Using Application install path: C:\ST\STM32CubeIDE_1.17.0\STM32CubeIDE\plugins\com.st.stm32cube.common.mx_6.13.0.202411220809
2025-06-05 19:06:55,809 [INFO] ThirdPartyUpdaterWithRetryManager:70 - Updater plugin not ready yet. [2/15]
2025-06-05 19:06:57,099 [ERROR] LogOutputStream:75 - [STDERR_REDIRECT] Jun 05, 2025 7:06:57 PM java.util.prefs.WindowsPreferences <init>
2025-06-05 19:06:57,103 [ERROR] LogOutputStream:75 - [STDERR_REDIRECT] WARNING: Could not open/create prefs root node Software\JavaSoft\Prefs at root 0xffffffff80000002. Windows RegCreateKeyEx(...) returned error code 5.
2025-06-05 19:06:57,103 [ERROR] LogOutputStream:75 - [STDERR_REDIRECT] 
2025-06-05 19:06:57,530 [INFO] MainUpdater:2872 - connection check result : 10
2025-06-05 19:06:57,531 [INFO] MainUpdater:289 - Updater Check For Update Now.
2025-06-05 19:06:57,531 [INFO] MicroXplorer:498 - Change Database Version : DB.6.0.130
2025-06-05 19:06:57,539 [INFO] McuFinderGlobals:63 - Set McuFinder mode to 2 (CubeIDE integrated)
2025-06-05 19:06:57,540 [INFO] UserAuth:486 - Internet connection configuration mode: 1
2025-06-05 19:06:57,571 [INFO] JxBrowserEngine:152 - Initiate JxBrowser Engine with user profile folder
2025-06-05 19:06:57,806 [INFO] CheckServerUpdateThread:120 - End of CheckServer Thread
2025-06-05 19:06:58,637 [INFO] WebApp:168 - Instantiating new browser for Auth
2025-06-05 19:06:59,316 [WARN] PackLoader:240 - Cannot read IP mode file for STMicroelectronics.FP-SNS-MOTENVWB1.1.4.0
2025-06-05 19:06:59,332 [WARN] PackLoader:240 - Cannot read IP mode file for STMicroelectronics.X-CUBE-SMBUS.2.1.0
2025-06-05 19:06:59,347 [WARN] PackLoader:240 - Cannot read IP mode file for STMicroelectronics.X-CUBE-WB05N.1.1.0
2025-06-05 19:06:59,355 [WARN] PackLoader:240 - Cannot read IP mode file for STMicroelectronics.X-CUBE-ST60.1.0.0
2025-06-05 19:06:59,432 [WARN] PackLoader:240 - Cannot read IP mode file for STMicroelectronics.X-CUBE-AZRTOS-F7.1.1.0
2025-06-05 19:06:59,445 [WARN] PackLoader:240 - Cannot read IP mode file for STMicroelectronics.FP-SNS-FLIGHT1.5.0.2
2025-06-05 19:06:59,497 [WARN] PackLoader:240 - Cannot read IP mode file for Infineon.AIROC-Wi-Fi-Bluetooth-STM32.1.7.0
2025-06-05 19:06:59,673 [WARN] PackLoader:240 - Cannot read IP mode file for STMicroelectronics.X-CUBE-DISPLAY.3.0.0
2025-06-05 19:06:59,693 [WARN] PackLoader:240 - Cannot read IP mode file for STMicroelectronics.X-CUBE-BLE1.7.0.0
2025-06-05 19:06:59,705 [WARN] PackLoader:240 - Cannot read IP mode file for STMicroelectronics.X-CUBE-NFC10.1.0.0
2025-06-05 19:06:59,719 [WARN] ConditionMgr:438 - getConditionDescription Invalid condition id : Cortex-A Device cause : null
2025-06-05 19:06:59,744 [WARN] ConditionMgr:1044 - genDependencies : Invalid condition id : Cortex-A Device cause : null
2025-06-05 19:06:59,744 [WARN] ConditionMgr:1044 - genDependencies : Invalid condition id : Cortex-A Device cause : null
2025-06-05 19:06:59,744 [WARN] ConditionMgr:1044 - genDependencies : Invalid condition id : Cortex-A Device cause : null
2025-06-05 19:06:59,751 [WARN] PackLoader:240 - Cannot read IP mode file for STMicroelectronics.X-CUBE-AI.10.0.0
2025-06-05 19:06:59,759 [WARN] PackLoader:240 - Cannot read IP mode file for STMicroelectronics.FP-SNS-SMARTAG2.1.2.0
2025-06-05 19:06:59,764 [WARN] PackLoader:240 - Cannot read IP mode file for STMicroelectronics.FP-SNS-FLIGHT1.5.1.0
2025-06-05 19:06:59,887 [WARN] PackLoader:240 - Cannot read IP mode file for STMicroelectronics.X-CUBE-MEMS1.11.1.0
2025-06-05 19:07:00,260 [INFO] LogOutputStream:77 - [STDOUT_REDIRECT] 1 : Invalid condition id : UX_CORESTACK_Condition cause : null
2025-06-05 19:07:00,261 [INFO] LogOutputStream:77 - [STDOUT_REDIRECT] 1 : Invalid condition id : UX_CORESTACK_Condition cause : null
2025-06-05 19:07:00,264 [INFO] LogOutputStream:77 - [STDOUT_REDIRECT] 1 : Invalid condition id : UX_CORESTACK_Condition cause : null
2025-06-05 19:07:00,266 [INFO] LogOutputStream:77 - [STDOUT_REDIRECT] 1 : Invalid condition id : UX_CORESTACK_Condition cause : null
2025-06-05 19:07:00,268 [INFO] LogOutputStream:77 - [STDOUT_REDIRECT] 1 : Invalid condition id : UX_CORESTACK_Condition cause : null
2025-06-05 19:07:00,273 [WARN] PackLoader:240 - Cannot read IP mode file for STMicroelectronics.X-CUBE-AZRTOS-WL.2.0.0
2025-06-05 19:07:00,283 [WARN] PackLoader:240 - Cannot read IP mode file for STMicroelectronics.FP-SNS-MOTENV1.5.0.0
2025-06-05 19:07:00,298 [WARN] PackLoader:240 - Cannot read IP mode file for WES.I-CUBE-Cesium.1.3.0
2025-06-05 19:07:00,309 [WARN] PackLoader:240 - Cannot read IP mode file for STMicroelectronics.X-CUBE-BLE2.3.3.0
2025-06-05 19:07:00,319 [WARN] PackLoader:240 - Cannot read IP mode file for STMicroelectronics.X-CUBE-NFC9.1.0.0
2025-06-05 19:07:00,356 [WARN] PackLoader:240 - Cannot read IP mode file for STMicroelectronics.X-CUBE-BLE1.7.1.0
2025-06-05 19:07:00,408 [WARN] PackLoader:240 - Cannot read IP mode file for STMicroelectronics.X-CUBE-AI.10.1.0
2025-06-05 19:07:00,535 [WARN] PackLoader:240 - Cannot read IP mode file for STMicroelectronics.X-CUBE-MEMS1.11.2.0
2025-06-05 19:07:01,096 [WARN] PackLoader:240 - Cannot read IP mode file for STMicroelectronics.X-CUBE-AZRTOS-G0.1.1.0
2025-06-05 19:07:01,109 [WARN] PackLoader:240 - Cannot read IP mode file for STMicroelectronics.X-CUBE-SAFEA1.1.2.2
2025-06-05 19:07:01,117 [WARN] PackLoader:240 - Cannot read IP mode file for STMicroelectronics.X-CUBE-NFC4.3.0.0
2025-06-05 19:07:01,132 [WARN] PackLoader:240 - Cannot read IP mode file for EmbeddedOffice.I-CUBE-FS-RTOS.1.0.1
2025-06-05 19:07:01,154 [WARN] PackLoader:240 - Cannot read IP mode file for STMicroelectronics.X-CUBE-WB05N.2.0.0
2025-06-05 19:07:01,163 [WARN] PackLoader:240 - Cannot read IP mode file for RealThread.X-CUBE-RT-Thread_Nano.4.1.1
2025-06-05 19:07:01,169 [WARN] PackLoader:240 - Cannot read IP mode file for STMicroelectronics.FP-ATR-SIGFOX1.3.2.0
2025-06-05 19:07:01,180 [WARN] PackLoader:240 - Cannot read IP mode file for STMicroelectronics.X-CUBE-EEPRMA1.5.1.0
2025-06-05 19:07:01,212 [WARN] PackLoader:240 - Cannot read IP mode file for STMicroelectronics.X-CUBE-ST67W61.1.0.0
2025-06-05 19:07:01,258 [WARN] PackLoader:240 - Cannot read IP mode file for SEGGER.I-CUBE-embOS.1.3.1
2025-06-05 19:07:01,380 [WARN] PackLoader:240 - Cannot read IP mode file for STMicroelectronics.X-CUBE-ALGOBUILD.1.4.0
2025-06-05 19:07:01,442 [WARN] PackLoader:240 - Cannot read IP mode file for STMicroelectronics.X-CUBE-AZRTOS-F4.1.1.0
2025-06-05 19:07:01,504 [WARN] PackLoader:240 - Cannot read IP mode file for Avnet-IotConnect.X-CUBE-IoTC-DA16k-PMOD.1.0.0
2025-06-05 19:07:01,539 [WARN] PackLoader:240 - Cannot read IP mode file for STMicroelectronics.X-CUBE-ISPU.2.1.0
2025-06-05 19:07:01,575 [WARN] PackLoader:240 - Cannot read IP mode file for STMicroelectronics.X-CUBE-AZRTOS-L5.2.0.0
2025-06-05 19:07:01,600 [WARN] PackLoader:240 - Cannot read IP mode file for STMicroelectronics.X-CUBE-NFC6.3.1.0
2025-06-05 19:07:01,620 [WARN] PackLoader:240 - Cannot read IP mode file for STMicroelectronics.X-CUBE-DPower.1.2.0
2025-06-05 19:07:01,630 [WARN] PackLoader:240 - Cannot read IP mode file for STMicroelectronics.X-CUBE-FREERTOS.1.3.1
2025-06-05 19:07:01,638 [WARN] PackLoader:240 - Cannot read IP mode file for STMicroelectronics.X-CUBE-FREERTOS.1.3.0
2025-06-05 19:07:01,647 [WARN] PackLoader:240 - Cannot read IP mode file for STMicroelectronics.X-CUBE-NFC7.1.0.1
2025-06-05 19:07:01,655 [WARN] PackLoader:240 - Cannot read IP mode file for STMicroelectronics.X-CUBE-DPower.1.3.0
2025-06-05 19:07:01,701 [WARN] ConditionMgr:438 - getConditionDescription Invalid condition id : LAN8742 Phy interface Condition cause : null
2025-06-05 19:07:01,702 [WARN] PackLoader:240 - Cannot read IP mode file for STMicroelectronics.X-CUBE-AZRTOS-L4.2.0.0
2025-06-05 19:07:01,705 [WARN] ConditionMgr:1044 - genDependencies : Invalid condition id : LAN8742 Phy interface Condition cause : null
2025-06-05 19:07:01,706 [WARN] ConditionMgr:1044 - genDependencies : Invalid condition id : LAN8742 Phy interface Condition cause : null
2025-06-05 19:07:01,707 [WARN] ConditionMgr:1044 - genDependencies : Invalid condition id : LAN8742 Phy interface Condition cause : null
2025-06-05 19:07:01,723 [WARN] PackLoader:240 - Cannot read IP mode file for STMicroelectronics.X-CUBE-SFXS2LP1.4.0.0
2025-06-05 19:07:01,801 [WARN] PackLoader:240 - Cannot read IP mode file for STMicroelectronics.X-CUBE-AZRTOS-H7.3.3.0
2025-06-05 19:07:01,909 [WARN] ConditionMgr:438 - getConditionDescription Invalid condition id : UX DEVICE CLASS RTOS Condition cause : null
2025-06-05 19:07:01,910 [WARN] ConditionMgr:438 - getConditionDescription Invalid condition id : UX DEVICE CLASS RTOS Condition cause : null
2025-06-05 19:07:01,916 [WARN] PackLoader:240 - Cannot read IP mode file for STMicroelectronics.X-CUBE-AZRTOS-WB.2.0.0
2025-06-05 19:07:01,917 [WARN] ConditionMgr:1044 - genDependencies : Invalid condition id : UX DEVICE CLASS RTOS Condition cause : null
2025-06-05 19:07:01,917 [WARN] ConditionMgr:1044 - genDependencies : Invalid condition id : UX DEVICE CLASS RTOS Condition cause : null
2025-06-05 19:07:01,918 [WARN] ConditionMgr:1044 - genDependencies : Invalid condition id : UX DEVICE CLASS RTOS Condition cause : null
2025-06-05 19:07:01,918 [WARN] ConditionMgr:1044 - genDependencies : Invalid condition id : UX DEVICE CLASS RTOS Condition cause : null
2025-06-05 19:07:01,919 [WARN] ConditionMgr:1044 - genDependencies : Invalid condition id : UX DEVICE CLASS RTOS Condition cause : null
2025-06-05 19:07:01,927 [WARN] PackLoader:240 - Cannot read IP mode file for STMicroelectronics.X-CUBE-TOUCHGFX.4.25.0
2025-06-05 19:07:01,946 [WARN] PackLoader:240 - Cannot read IP mode file for STMicroelectronics.FP-SNS-STBOX1.2.0.0
2025-06-05 19:07:01,971 [WARN] PackLoader:240 - Cannot read IP mode file for STMicroelectronics.X-CUBE-SUBG2.5.0.0
2025-06-05 19:07:02,075 [WARN] PackLoader:240 - Cannot read IP mode file for STMicroelectronics.X-CUBE-AZRTOS-H7RS.1.1.0
2025-06-05 19:07:02,084 [WARN] PackLoader:240 - Cannot read IP mode file for Cesanta.I-CUBE-Mongoose.7.13.0
2025-06-05 19:07:02,118 [WARN] PackLoader:240 - Cannot read IP mode file for STMicroelectronics.X-CUBE-AZRTOS-G4.2.0.0
2025-06-05 19:07:02,128 [WARN] PackLoader:240 - Cannot read IP mode file for STMicroelectronics.X-CUBE-NFC7.2.0.0
2025-06-05 19:07:02,135 [WARN] PackLoader:240 - Cannot read IP mode file for STMicroelectronics.X-CUBE-ALS.1.0.2
2025-06-05 19:07:02,140 [WARN] PackLoader:240 - Cannot read IP mode file for STMicroelectronics.X-CUBE-TOUCHGFX.4.24.2
2025-06-05 19:07:02,147 [WARN] PackLoader:240 - Cannot read IP mode file for portGmbH.I-Cube-SoM-uGOAL.1.1.0
2025-06-05 19:07:02,172 [WARN] PackLoader:240 - Cannot read IP mode file for STMicroelectronics.X-CUBE-AZRTOS-H7RS.1.0.0
2025-06-05 19:07:02,225 [WARN] PackLoader:240 - Cannot read IP mode file for STMicroelectronics.X-CUBE-TOF1.3.4.2
2025-06-05 19:07:02,251 [WARN] PackLoader:240 - Cannot read IP mode file for STMicroelectronics.X-CUBE-TOF1.3.4.3
2025-06-05 19:07:02,268 [INFO] ThirdParty:978 - Integrity check success = true
2025-06-05 19:07:02,268 [INFO] IntegrityCheckThread:100 - exiting critical section [integrity check]
2025-06-05 19:07:02,268 [INFO] IntegrityCheckThread:103 - End integrity checks thread
2025-06-05 19:07:02,507 [INFO] WebApp:449 - Apply proxy settings
2025-06-05 19:07:02,508 [INFO] WebApp:534 - Chromium requires no authentication
2025-06-05 19:07:02,555 [INFO] WebApp:477 - Direct internet connection detected
2025-06-05 19:07:02,633 [INFO] WebApp:880 - Register for checkConnection events
2025-06-05 19:07:02,633 [INFO] WebApp:449 - Apply proxy settings
2025-06-05 19:07:02,633 [INFO] WebApp:534 - Chromium requires no authentication
2025-06-05 19:07:02,634 [INFO] WebApp:477 - Direct internet connection detected
2025-06-05 19:07:02,982 [INFO] WebApp:221 - Starting web application
2025-06-05 19:07:02,983 [INFO] WebApp:579 - Web application path used C:\ST\STM32CubeIDE_1.17.0\STM32CubeIDE\plugins\com.st.stm32cube.common.mx_6.13.0.202411220809\db\plugins\mcufinder\reactClient1\index.html
2025-06-05 19:07:03,163 [INFO] UserAuth:486 - Internet connection configuration mode: 1
2025-06-05 19:07:03,588 [INFO] WebApp:187 - Connection restablished
2025-06-05 19:17:18,950 [INFO] McuFinderGlobals:63 - Set McuFinder mode to 2 (CubeIDE integrated)
2025-06-05 19:17:18,951 [INFO] UserAuth:486 - Internet connection configuration mode: 1
2025-06-05 19:17:29,931 [INFO] UserAuth:171 - activating auth plugin
2025-06-05 19:17:30,198 [INFO] UserAuth:486 - Internet connection configuration mode: 1
2025-06-05 19:44:35,978 [ERROR] LogOutputStream:75 - [STDERR_REDIRECT] 
2025-06-05 19:44:35,980 [ERROR] LogOutputStream:75 - [STDERR_REDIRECT] 
2025-06-05 19:45:44,644 [INFO] Activator:176 - 


2025-06-05 19:45:44,659 [INFO] Activator:177 - !SESSION log4j initialized
2025-06-05 19:45:54,135 [INFO] LogOutputStream:77 - [STDOUT_REDIRECT] 
2025-06-05 19:46:07,341 [INFO] ApplicationProperties:184 - Using Application install path: C:\ST\STM32CubeIDE_1.17.0\STM32CubeIDE\plugins\com.st.stm32cube.common.mx_6.14.1.202504091515
2025-06-05 19:46:07,373 [INFO] DbMcusXml:78 - Set database path to: C:\ST\STM32CubeIDE_1.17.0\STM32CubeIDE\plugins\com.st.stm32cube.common.mx_6.14.1.202504091515\\db\/mcu/
2025-06-05 19:46:07,373 [INFO] ApiDb:274 - Set plugin database path to: C:\ST\STM32CubeIDE_1.17.0\STM32CubeIDE\plugins\com.st.stm32cube.common.mx_6.14.1.202504091515\\db\/plugins/boardmanager/
2025-06-05 19:46:07,374 [WARN] ApiDb:259 - Overriding images path with different value:  => C:\ST\STM32CubeIDE_1.17.0\STM32CubeIDE\plugins\com.st.stm32cube.common.mx_6.14.1.202504091515\\db\/plugins/mcufinder/images/
2025-06-05 19:46:07,388 [INFO] ApiDb:250 - Set database path to: C:\Users\HP\.stmcufinder\plugins\mcufinder//mcu/
2025-06-05 19:46:07,390 [INFO] DbMcusAds:125 - Set database path to: C:\Users\HP\.stmcufinder\plugins\mcufinder//mcu/
2025-06-05 19:46:07,548 [INFO] CrossReferenceDbSqlite:203 - Set database path to: C:\Users\HP\.stmcufinder\plugins\mcufinder//mcu/cs/
2025-06-05 19:46:08,145 [INFO] RulesReader:64 - Compatibility file has been processed (302 Rules)
2025-06-05 19:46:08,337 [INFO] DbMcusXml:78 - Set database path to: C:\ST\STM32CubeIDE_1.17.0\STM32CubeIDE\plugins\com.st.stm32cube.common.mx_6.14.1.202504091515\\db\/mcu/
2025-06-05 19:46:08,337 [INFO] ApiDb:274 - Set plugin database path to: C:\ST\STM32CubeIDE_1.17.0\STM32CubeIDE\plugins\com.st.stm32cube.common.mx_6.14.1.202504091515\\db\/plugins/boardmanager/
2025-06-05 19:46:08,337 [INFO] ApiDb:261 - Set plugin images path to: C:\ST\STM32CubeIDE_1.17.0\STM32CubeIDE\plugins\com.st.stm32cube.common.mx_6.14.1.202504091515\\db\/plugins/mcufinder/images/
2025-06-05 19:46:08,337 [WARN] DbFile:41 - Overriding database path with different value: C:\Users\HP\.stmcufinder\plugins\mcufinder/ => C:\Users\HP\.stmcufinder\plugins\mcufinder
2025-06-05 19:46:08,338 [INFO] ApiDb:250 - Set database path to: C:\Users\HP\.stmcufinder\plugins\mcufinder//mcu/
2025-06-05 19:46:08,338 [WARN] DbFile:41 - Overriding database path with different value: C:\Users\HP\.stmcufinder\plugins\mcufinder/ => C:\Users\HP\.stmcufinder\plugins\mcufinder
2025-06-05 19:46:08,338 [INFO] DbMcusAds:125 - Set database path to: C:\Users\HP\.stmcufinder\plugins\mcufinder//mcu/
2025-06-05 19:46:08,338 [WARN] DbFile:41 - Overriding database path with different value: C:\Users\HP\.stmcufinder\plugins\mcufinder/ => C:\Users\HP\.stmcufinder\plugins\mcufinder
2025-06-05 19:46:08,339 [WARN] DbFile:41 - Overriding database path with different value: C:\Users\HP\.stmcufinder\plugins\mcufinder/ => C:\Users\HP\.stmcufinder\plugins\mcufinder
2025-06-05 19:46:08,339 [INFO] CrossReferenceDbSqlite:203 - Set database path to: C:\Users\HP\.stmcufinder\plugins\mcufinder//mcu/cs/
2025-06-05 19:46:08,573 [INFO] MainPanel:272 - HeapMemory: 268435456
2025-06-05 19:46:08,974 [INFO] DbMcusXml:78 - Set database path to: C:\ST\STM32CubeIDE_1.17.0\STM32CubeIDE\plugins\com.st.stm32cube.common.mx_6.14.1.202504091515\\db\/mcu/
2025-06-05 19:46:08,975 [INFO] ApiDb:274 - Set plugin database path to: C:\ST\STM32CubeIDE_1.17.0\STM32CubeIDE\plugins\com.st.stm32cube.common.mx_6.14.1.202504091515\\db\/plugins/boardmanager/
2025-06-05 19:46:08,978 [INFO] ApiDb:261 - Set plugin images path to: C:\ST\STM32CubeIDE_1.17.0\STM32CubeIDE\plugins\com.st.stm32cube.common.mx_6.14.1.202504091515\\db\/plugins/mcufinder/images/
2025-06-05 19:46:08,999 [WARN] DbFile:41 - Overriding database path with different value: C:\Users\HP\.stmcufinder\plugins\mcufinder/ => C:\Users\HP\.stmcufinder\plugins\mcufinder
2025-06-05 19:46:09,002 [INFO] ApiDb:250 - Set database path to: C:\Users\HP\.stmcufinder\plugins\mcufinder//mcu/
2025-06-05 19:46:09,002 [WARN] DbFile:41 - Overriding database path with different value: C:\Users\HP\.stmcufinder\plugins\mcufinder/ => C:\Users\HP\.stmcufinder\plugins\mcufinder
2025-06-05 19:46:09,003 [INFO] DbMcusAds:125 - Set database path to: C:\Users\HP\.stmcufinder\plugins\mcufinder//mcu/
2025-06-05 19:46:09,003 [WARN] DbFile:41 - Overriding database path with different value: C:\Users\HP\.stmcufinder\plugins\mcufinder/ => C:\Users\HP\.stmcufinder\plugins\mcufinder
2025-06-05 19:46:09,004 [WARN] DbFile:41 - Overriding database path with different value: C:\Users\HP\.stmcufinder\plugins\mcufinder/ => C:\Users\HP\.stmcufinder\plugins\mcufinder
2025-06-05 19:46:09,005 [INFO] CrossReferenceDbSqlite:203 - Set database path to: C:\Users\HP\.stmcufinder\plugins\mcufinder//mcu/cs/
2025-06-05 19:46:09,112 [INFO] ApplicationProperties:184 - Using Application install path: C:\ST\STM32CubeIDE_1.17.0\STM32CubeIDE\plugins\com.st.stm32cube.common.mx_6.14.1.202504091515
2025-06-05 19:46:09,115 [INFO] PluginManage:196 - Search for loadable plugins [exclusion list=, ]
2025-06-05 19:46:09,119 [INFO] PluginManage:310 - Check plugin analytics
2025-06-05 19:46:09,665 [INFO] AnalyticsPlugin:253 - Accepted Software Licenses: 
2025-06-05 19:46:09,665 [INFO] AnalyticsPlugin:255 - Accepted CMSIS Pack Licenses: 
2025-06-05 19:46:09,666 [INFO] AnalyticsPlugin:257 - Accepted Firmware Licenses: FW.F4.1.28.0
2025-06-05 19:46:09,671 [INFO] PluginManage:359 - Loaded plugin analytics (category:tool,tabindex:-1)
2025-06-05 19:46:09,671 [INFO] PluginManage:310 - Check plugin cadmodel
2025-06-05 19:46:09,704 [INFO] CADModel:105 - Init CAD model plugin
2025-06-05 19:46:09,704 [INFO] PluginManage:359 - Loaded plugin cadmodel (category:power,tabindex:5)
2025-06-05 19:46:09,705 [INFO] PluginManage:310 - Check plugin clock
2025-06-05 19:46:09,745 [INFO] PluginManage:359 - Loaded plugin clock (category:base,tabindex:2)
2025-06-05 19:46:09,745 [INFO] PluginManage:310 - Check plugin ddr
2025-06-05 19:46:09,751 [INFO] PluginManage:359 - Loaded plugin ddr (category:tool,tabindex:6)
2025-06-05 19:46:09,752 [INFO] PluginManage:310 - Check plugin filemanager
2025-06-05 19:46:10,115 [INFO] PluginManage:359 - Loaded plugin filemanager (category:base,tabindex:10)
2025-06-05 19:46:10,116 [INFO] PluginManage:310 - Check plugin ipmanager
2025-06-05 19:46:10,132 [INFO] PluginManage:359 - Loaded plugin ipmanager (category:base,tabindex:5)
2025-06-05 19:46:10,133 [INFO] PluginManage:310 - Check plugin lpbam
2025-06-05 19:46:10,148 [INFO] PluginManage:359 - Loaded plugin lpbam (category:base,tabindex:0)
2025-06-05 19:46:10,148 [INFO] PluginManage:310 - Check plugin memorymap
2025-06-05 19:46:10,182 [INFO] PluginManage:359 - Loaded plugin memorymap (category:base,tabindex:4)
2025-06-05 19:46:10,182 [INFO] PluginManage:310 - Check plugin pinoutandconfiguration
2025-06-05 19:46:10,198 [INFO] PluginManage:359 - Loaded plugin pinoutandconfiguration (category:base,tabindex:1)
2025-06-05 19:46:10,198 [INFO] PluginManage:310 - Check plugin pinoutconfig
2025-06-05 19:46:10,565 [WARN] SupportedApi:132 - Cannot load RTOS API schema: s4s-elt-must-match.1: The content of 'definitions' must match (annotation?, (simpleType | complexType)?, (unique | key | keyref)*)). A problem was found starting at: attribute.
2025-06-05 19:46:10,913 [INFO] PluginManage:359 - Loaded plugin pinoutconfig (category:base,tabindex:0)
2025-06-05 19:46:10,913 [INFO] PluginManage:310 - Check plugin power
2025-06-05 19:46:10,929 [INFO] PluginManage:359 - Loaded plugin power (category:power,tabindex:4)
2025-06-05 19:46:10,929 [INFO] PluginManage:310 - Check plugin projectmanager
2025-06-05 19:46:10,978 [INFO] PluginManage:359 - Loaded plugin projectmanager (category:projectmanager,tabindex:4)
2025-06-05 19:46:10,979 [INFO] PluginManage:310 - Check plugin rif
2025-06-05 19:46:10,996 [INFO] PluginManage:359 - Loaded plugin rif (category:base,tabindex:3)
2025-06-05 19:46:10,996 [INFO] PluginManage:310 - Check plugin thirdparty
2025-06-05 19:46:11,412 [INFO] PluginManage:359 - Loaded plugin thirdparty (category:base,tabindex:-1)
2025-06-05 19:46:11,413 [INFO] PluginManage:310 - Check plugin tools
2025-06-05 19:46:11,417 [INFO] PluginManage:359 - Loaded plugin tools (category:base,tabindex:7)
2025-06-05 19:46:11,417 [INFO] PluginManage:310 - Check plugin tutovideos
2025-06-05 19:46:11,524 [WARN] IntegrityCheckThread:84 - waiting for thirdparty lock release [integrity check]
2025-06-05 19:46:11,554 [INFO] IntegrityCheckThread:86 - entering critical section [integrity check]
2025-06-05 19:46:11,555 [INFO] ThirdPartyUpdaterWithRetryManager:70 - Updater plugin not ready yet. [1/15]
2025-06-05 19:46:11,950 [INFO] PluginManage:359 - Loaded plugin tutovideos (category:base,tabindex:-1)
2025-06-05 19:46:11,971 [INFO] PluginManage:310 - Check plugin updater
2025-06-05 19:46:12,074 [INFO] PluginManage:359 - Loaded plugin updater (category:base,tabindex:12)
2025-06-05 19:46:12,074 [INFO] PluginManage:310 - Check plugin userauth
2025-06-05 19:46:12,080 [INFO] UserAuth:118 - Init User Auth plugin
2025-06-05 19:46:12,082 [INFO] PluginManage:359 - Loaded plugin userauth (category:base,tabindex:14)
2025-06-05 19:46:12,083 [INFO] PluginManage:283 - PluginManage : Loaded plugins [18]
2025-06-05 19:46:13,191 [INFO] PinOutPanel:1589 - setPackage(No Configuration,No Configuration)
2025-06-05 19:46:13,372 [INFO] CADModel:165 - CPN selected for project level
2025-06-05 19:46:13,372 [INFO] CADModel:114 - Register for checkConnection events
2025-06-05 19:46:13,397 [INFO] IPUIPlugin:80 - create IPUIPlugin
2025-06-05 19:46:13,398 [INFO] PluginManager:220 - loadIPPluginJar : add adc
2025-06-05 19:46:13,405 [INFO] IPUIPlugin:80 - create IPUIPlugin
2025-06-05 19:46:13,406 [INFO] PluginManager:220 - loadIPPluginJar : add aes
2025-06-05 19:46:13,411 [INFO] IPUIPlugin:80 - create IPUIPlugin
2025-06-05 19:46:13,413 [INFO] PluginManager:220 - loadIPPluginJar : add can
2025-06-05 19:46:13,417 [INFO] IPUIPlugin:80 - create IPUIPlugin
2025-06-05 19:46:13,417 [INFO] PluginManager:220 - loadIPPluginJar : add comp
2025-06-05 19:46:13,422 [INFO] IPUIPlugin:80 - create IPUIPlugin
2025-06-05 19:46:13,422 [INFO] PluginManager:220 - loadIPPluginJar : add cryp
2025-06-05 19:46:13,426 [INFO] IPUIPlugin:80 - create IPUIPlugin
2025-06-05 19:46:13,427 [INFO] PluginManager:220 - loadIPPluginJar : add ddr_ctrl_phy
2025-06-05 19:46:13,432 [INFO] IPUIPlugin:80 - create IPUIPlugin
2025-06-05 19:46:13,432 [INFO] PluginManager:220 - loadIPPluginJar : add dfsdm
2025-06-05 19:46:13,443 [INFO] IPUIPlugin:80 - create IPUIPlugin
2025-06-05 19:46:13,444 [INFO] PluginManager:220 - loadIPPluginJar : add dma
2025-06-05 19:46:13,448 [INFO] IPUIPlugin:80 - create IPUIPlugin
2025-06-05 19:46:13,449 [INFO] PluginManager:220 - loadIPPluginJar : add dma3
2025-06-05 19:46:13,457 [INFO] IPUIPlugin:80 - create IPUIPlugin
2025-06-05 19:46:13,458 [INFO] PluginManager:220 - loadIPPluginJar : add extmemmanager
2025-06-05 19:46:13,461 [INFO] IPUIPlugin:80 - create IPUIPlugin
2025-06-05 19:46:13,462 [INFO] PluginManager:220 - loadIPPluginJar : add fatfs
2025-06-05 19:46:13,511 [INFO] IPUIPlugin:80 - create IPUIPlugin
2025-06-05 19:46:13,511 [INFO] PluginManager:220 - loadIPPluginJar : add fmc
2025-06-05 19:46:13,520 [INFO] IPUIPlugin:80 - create IPUIPlugin
2025-06-05 19:46:13,521 [INFO] PluginManager:220 - loadIPPluginJar : add freertos
2025-06-05 19:46:13,523 [INFO] IPUIPlugin:80 - create IPUIPlugin
2025-06-05 19:46:13,524 [INFO] PluginManager:220 - loadIPPluginJar : add genericplugin
2025-06-05 19:46:13,529 [INFO] IPUIPlugin:80 - create IPUIPlugin
2025-06-05 19:46:13,529 [INFO] PluginManager:220 - loadIPPluginJar : add gfxmmu
2025-06-05 19:46:13,538 [INFO] IPUIPlugin:80 - create IPUIPlugin
2025-06-05 19:46:13,539 [INFO] PluginManager:220 - loadIPPluginJar : add gic
2025-06-05 19:46:13,548 [INFO] IPUIPlugin:80 - create IPUIPlugin
2025-06-05 19:46:13,548 [INFO] PluginManager:220 - loadIPPluginJar : add gpio
2025-06-05 19:46:13,553 [INFO] IPUIPlugin:80 - create IPUIPlugin
2025-06-05 19:46:13,553 [INFO] PluginManager:220 - loadIPPluginJar : add gtzc
2025-06-05 19:46:13,560 [INFO] IPUIPlugin:80 - create IPUIPlugin
2025-06-05 19:46:13,560 [INFO] PluginManager:220 - loadIPPluginJar : add hash
2025-06-05 19:46:13,567 [INFO] IPUIPlugin:80 - create IPUIPlugin
2025-06-05 19:46:13,567 [INFO] PluginManager:220 - loadIPPluginJar : add i2c
2025-06-05 19:46:13,573 [INFO] IPUIPlugin:80 - create IPUIPlugin
2025-06-05 19:46:13,573 [INFO] PluginManager:220 - loadIPPluginJar : add i2s
2025-06-05 19:46:13,579 [INFO] IPUIPlugin:80 - create IPUIPlugin
2025-06-05 19:46:13,581 [INFO] PluginManager:220 - loadIPPluginJar : add i3c
2025-06-05 19:46:13,589 [INFO] IPUIPlugin:80 - create IPUIPlugin
2025-06-05 19:46:13,589 [INFO] PluginManager:220 - loadIPPluginJar : add ipddr
2025-06-05 19:46:13,604 [INFO] IPUIPlugin:80 - create IPUIPlugin
2025-06-05 19:46:13,604 [INFO] PluginManager:220 - loadIPPluginJar : add linkedlist
2025-06-05 19:46:13,614 [INFO] IPUIPlugin:80 - create IPUIPlugin
2025-06-05 19:46:13,614 [INFO] PluginManager:220 - loadIPPluginJar : add lorawan
2025-06-05 19:46:13,618 [INFO] IPUIPlugin:80 - create IPUIPlugin
2025-06-05 19:46:13,618 [INFO] PluginManager:220 - loadIPPluginJar : add ltdc
2025-06-05 19:46:13,626 [INFO] IPUIPlugin:80 - create IPUIPlugin
2025-06-05 19:46:13,627 [INFO] PluginManager:220 - loadIPPluginJar : add mdma
2025-06-05 19:46:13,634 [INFO] IPUIPlugin:80 - create IPUIPlugin
2025-06-05 19:46:13,635 [INFO] PluginManager:220 - loadIPPluginJar : add nvic
2025-06-05 19:46:13,648 [INFO] IPUIPlugin:80 - create IPUIPlugin
2025-06-05 19:46:13,650 [INFO] PluginManager:220 - loadIPPluginJar : add opamp
2025-06-05 19:46:13,663 [INFO] IPUIPlugin:80 - create IPUIPlugin
2025-06-05 19:46:13,664 [INFO] PluginManager:220 - loadIPPluginJar : add openamp
2025-06-05 19:46:13,671 [INFO] IPUIPlugin:80 - create IPUIPlugin
2025-06-05 19:46:13,671 [INFO] PluginManager:220 - loadIPPluginJar : add pdm2pcm
2025-06-05 19:46:13,682 [INFO] IPUIPlugin:80 - create IPUIPlugin
2025-06-05 19:46:13,687 [INFO] PluginManager:220 - loadIPPluginJar : add plateformsettings
2025-06-05 19:46:13,693 [INFO] IPUIPlugin:80 - create IPUIPlugin
2025-06-05 19:46:13,694 [INFO] PluginManager:220 - loadIPPluginJar : add quadspi
2025-06-05 19:46:13,697 [INFO] IPUIPlugin:80 - create IPUIPlugin
2025-06-05 19:46:13,700 [INFO] PluginManager:220 - loadIPPluginJar : add radio
2025-06-05 19:46:13,711 [INFO] IPUIPlugin:80 - create IPUIPlugin
2025-06-05 19:46:13,711 [INFO] PluginManager:220 - loadIPPluginJar : add resmgrutility
2025-06-05 19:46:13,719 [INFO] IPUIPlugin:80 - create IPUIPlugin
2025-06-05 19:46:13,719 [INFO] PluginManager:220 - loadIPPluginJar : add sai
2025-06-05 19:46:13,725 [INFO] IPUIPlugin:80 - create IPUIPlugin
2025-06-05 19:46:13,726 [INFO] PluginManager:220 - loadIPPluginJar : add spi
2025-06-05 19:46:13,737 [INFO] IPUIPlugin:80 - create IPUIPlugin
2025-06-05 19:46:13,737 [INFO] PluginManager:220 - loadIPPluginJar : add stm32_wpan
2025-06-05 19:46:13,741 [INFO] IPUIPlugin:80 - create IPUIPlugin
2025-06-05 19:46:13,741 [INFO] PluginManager:220 - loadIPPluginJar : add tim
2025-06-05 19:46:13,751 [INFO] IPUIPlugin:80 - create IPUIPlugin
2025-06-05 19:46:13,751 [INFO] PluginManager:220 - loadIPPluginJar : add touchsensing
2025-06-05 19:46:13,755 [INFO] IPUIPlugin:80 - create IPUIPlugin
2025-06-05 19:46:13,755 [INFO] PluginManager:220 - loadIPPluginJar : add tracer_emb
2025-06-05 19:46:13,763 [INFO] IPUIPlugin:80 - create IPUIPlugin
2025-06-05 19:46:13,763 [INFO] PluginManager:220 - loadIPPluginJar : add ts
2025-06-05 19:46:13,772 [INFO] IPUIPlugin:80 - create IPUIPlugin
2025-06-05 19:46:13,774 [INFO] PluginManager:220 - loadIPPluginJar : add tsc
2025-06-05 19:46:13,777 [INFO] IPUIPlugin:80 - create IPUIPlugin
2025-06-05 19:46:13,778 [INFO] PluginManager:220 - loadIPPluginJar : add ucpd
2025-06-05 19:46:13,783 [INFO] IPUIPlugin:80 - create IPUIPlugin
2025-06-05 19:46:13,784 [INFO] PluginManager:220 - loadIPPluginJar : add usart
2025-06-05 19:46:13,793 [INFO] IPUIPlugin:80 - create IPUIPlugin
2025-06-05 19:46:13,793 [INFO] PluginManager:220 - loadIPPluginJar : add usbx
2025-06-05 19:46:14,094 [FATAL] Updater:351 - Updater called before beeing initialized
2025-06-05 19:46:14,181 [INFO] RulesReader:64 - Compatibility file has been processed (302 Rules)
2025-06-05 19:46:14,207 [INFO] RulesReader:64 - Compatibility file has been processed (302 Rules)
2025-06-05 19:46:14,219 [INFO] CADModel:165 - CPN selected for project level
2025-06-05 19:46:14,220 [INFO] CADModel:114 - Register for checkConnection events
2025-06-05 19:46:14,220 [FATAL] Updater:351 - Updater called before beeing initialized
2025-06-05 19:46:14,220 [ERROR] CADModel:125 - Updater not yet initialized, retry later 
2025-06-05 19:46:14,558 [INFO] ThirdPartyUpdaterWithRetryManager:70 - Updater plugin not ready yet. [2/15]
2025-06-05 19:46:14,791 [FATAL] Updater:351 - Updater called before beeing initialized
2025-06-05 19:46:14,794 [INFO] CADModel:165 - CPN selected for project level
2025-06-05 19:46:14,794 [INFO] CADModel:114 - Register for checkConnection events
2025-06-05 19:46:14,794 [FATAL] Updater:351 - Updater called before beeing initialized
2025-06-05 19:46:14,794 [ERROR] CADModel:125 - Updater not yet initialized, retry later 
2025-06-05 19:46:14,899 [FATAL] Updater:351 - Updater called before beeing initialized
2025-06-05 19:46:15,778 [FATAL] Updater:351 - Updater called before beeing initialized
2025-06-05 19:46:15,795 [INFO] DbMcusAds:53 - JSON generation date=Wed May 07 16:07:55 ICT 2025 (1746608875679)
2025-06-05 19:46:15,796 [FATAL] Updater:351 - Updater called before beeing initialized
2025-06-05 19:46:15,891 [WARN] DetailPanel:346 - Failed to get advertising image, set to default
2025-06-05 19:46:16,852 [FATAL] Updater:351 - Updater called before beeing initialized
2025-06-05 19:46:16,857 [FATAL] Updater:351 - Updater called before beeing initialized
2025-06-05 19:46:16,857 [FATAL] Updater:351 - Updater called before beeing initialized
2025-06-05 19:46:16,857 [WARN] DetailPanel:346 - Failed to get advertising image, set to default
2025-06-05 19:46:16,860 [FATAL] Updater:351 - Updater called before beeing initialized
2025-06-05 19:46:17,561 [FATAL] Updater:351 - Updater called before beeing initialized
2025-06-05 19:46:17,562 [ERROR] IntegrityCheckThread:130 - Cannot retrieve database content from updater: error 21
2025-06-05 19:46:17,563 [INFO] ThirdParty:978 - Integrity check success = false
2025-06-05 19:46:17,564 [INFO] IntegrityCheckThread:100 - exiting critical section [integrity check]
2025-06-05 19:46:17,564 [INFO] IntegrityCheckThread:103 - End integrity checks thread
2025-06-05 19:46:17,591 [ERROR] Updater:1198 - MainUpdater not yet initialized. External WinMGr cannot be set.
2025-06-05 19:46:17,595 [INFO] Updater:1134 - Updater Version found : 6.14.1
2025-06-05 19:46:17,636 [INFO] ApplicationProperties:184 - Using Application install path: C:\ST\STM32CubeIDE_1.17.0\STM32CubeIDE\plugins\com.st.stm32cube.common.mx_6.14.1.202504091515
2025-06-05 19:46:19,237 [ERROR] LogOutputStream:75 - [STDERR_REDIRECT] Jun 05, 2025 7:46:19 PM java.util.prefs.WindowsPreferences <init>
2025-06-05 19:46:19,241 [ERROR] LogOutputStream:75 - [STDERR_REDIRECT] WARNING: Could not open/create prefs root node Software\JavaSoft\Prefs at root 0xffffffff80000002. Windows RegCreateKeyEx(...) returned error code 5.
2025-06-05 19:46:19,242 [ERROR] LogOutputStream:75 - [STDERR_REDIRECT] 
2025-06-05 19:46:19,354 [INFO] MainUpdater:525 - Copy updater definitions from MX database
2025-06-05 19:46:20,204 [INFO] MainUpdater:2872 - connection check result : 10
2025-06-05 19:46:20,205 [INFO] MainUpdater:3566 - Updater definition file requires update
2025-06-05 19:46:20,206 [INFO] MainUpdater:289 - Updater Check For Update Now.
2025-06-05 19:46:20,207 [INFO] MicroXplorer:498 - Change Database Version : DB.6.0.141
2025-06-05 19:46:20,215 [INFO] McuFinderGlobals:63 - Set McuFinder mode to 2 (CubeIDE integrated)
2025-06-05 19:46:20,215 [INFO] UserAuth:171 - activating auth plugin
2025-06-05 19:46:20,653 [INFO] UserAuth:484 - Internet connection configuration mode: 1
2025-06-05 19:46:20,675 [INFO] JxBrowserEngine:152 - Initiate JxBrowser Engine with user profile folder
2025-06-05 19:46:20,854 [INFO] ServerAccessManage:473 - Download File updaters.zip
2025-06-05 19:46:21,222 [INFO] FileExtend:242 - Unzip File : updaters.zip
2025-06-05 19:46:21,223 [INFO] FileExtend:257 - Standard Zip Deflate
2025-06-05 19:46:22,393 [INFO] ServerAccessManage:473 - Download File PacksControlFlags.xml
2025-06-05 19:46:22,539 [INFO] ServerAccessManage:473 - Download File cubemx.pidx
2025-06-05 19:46:22,739 [INFO] LoadServerUpdatesThread:375 - End of LoadServerUpdate Thread
2025-06-05 19:46:23,264 [INFO] CheckServerUpdateThread:120 - End of CheckServer Thread
2025-06-05 19:46:35,460 [INFO] WebApp:169 - Instantiating new browser for Auth
2025-06-05 19:46:36,941 [INFO] WebApp:463 - Apply proxy settings
2025-06-05 19:46:36,942 [INFO] WebApp:548 - Chromium requires no authentication
2025-06-05 19:46:36,955 [INFO] WebApp:491 - Direct internet connection detected
2025-06-05 19:46:36,991 [INFO] WebApp:894 - Register for checkConnection events
2025-06-05 19:46:36,992 [INFO] WebApp:463 - Apply proxy settings
2025-06-05 19:46:36,992 [INFO] WebApp:548 - Chromium requires no authentication
2025-06-05 19:46:36,993 [INFO] WebApp:491 - Direct internet connection detected
2025-06-05 19:46:37,287 [INFO] WebApp:225 - Starting web application
2025-06-05 19:46:37,287 [INFO] WebApp:593 - Web application path used C:\ST\STM32CubeIDE_1.17.0\STM32CubeIDE\plugins\com.st.stm32cube.common.mx_6.14.1.202504091515\db\plugins\mcufinder\reactClient1\index.html
2025-06-05 19:46:37,291 [INFO] WebApp:191 - Connection restablished
2025-06-05 19:53:04,436 [INFO] McuFinderGlobals:63 - Set McuFinder mode to 2 (CubeIDE integrated)
2025-06-05 19:53:06,450 [INFO] MainUpdater:2872 - connection check result : 10
2025-06-05 19:53:06,453 [INFO] MainUpdater:2872 - connection check result : 10
2025-06-05 19:53:06,557 [INFO] MicroXplorer:468 - Change Database Path : 
2025-06-05 19:53:06,557 [INFO] MicroXplorer:498 - Change Database Version : DB.6.0.141
2025-06-05 19:53:06,570 [WARN] ThirdParty:871 - waiting for thirdparty lock release [close project]
2025-06-05 19:53:06,571 [INFO] ThirdParty:873 - entering critical section [close project]
2025-06-05 19:53:06,574 [INFO] ThirdParty:883 - exiting critical section [close project]
2025-06-05 19:53:06,582 [INFO] PinOutPanel:1589 - setPackage(No Configuration,No Configuration)
2025-06-05 19:53:06,597 [INFO] UtilMem:75 - Begin LoadConfig() Used Memory: 955546184 Bytes (1049624576)
2025-06-05 19:53:11,210 [INFO] ServerAccessManage:473 - Download File stm32cube_db_v60140.zip
2025-06-05 19:53:22,723 [INFO] FileExtend:242 - Unzip File : stm32cube_db_v60140.zip
2025-06-05 19:53:22,723 [INFO] FileExtend:257 - Standard Zip Deflate
2025-06-05 19:53:34,688 [INFO] LoadServerPackagesThread:196 - End of LoadServerPackages Thread
2025-06-05 19:53:35,255 [INFO] CheckServerUpdateThread:120 - End of CheckServer Thread
2025-06-05 19:53:51,052 [INFO] MainUpdater:2872 - connection check result : 10
2025-06-05 19:53:51,054 [INFO] MainUpdater:2872 - connection check result : 10
2025-06-05 19:53:51,069 [INFO] MicroXplorer:468 - Change Database Path : 
2025-06-05 19:53:51,069 [INFO] MicroXplorer:498 - Change Database Version : DB.6.0.141
2025-06-05 19:53:51,071 [WARN] ThirdParty:871 - waiting for thirdparty lock release [close project]
2025-06-05 19:53:51,071 [INFO] ThirdParty:873 - entering critical section [close project]
2025-06-05 19:53:51,072 [INFO] ThirdParty:883 - exiting critical section [close project]
2025-06-05 19:53:51,073 [INFO] PinOutPanel:1589 - setPackage(No Configuration,No Configuration)
2025-06-05 19:53:51,074 [INFO] UtilMem:75 - Begin LoadConfig() Used Memory: 800515656 Bytes (1073741824)
2025-06-05 19:53:51,091 [INFO] MicroXplorer:468 - Change Database Path : C:/Users/HP/.stm32cubemx/databases/DB.6.0.140/db/
2025-06-05 19:53:51,091 [INFO] MicroXplorer:498 - Change Database Version : DB.6.0.140
2025-06-05 19:53:58,416 [INFO] OpenFileManager:354 - Change cursor
2025-06-05 19:54:08,322 [WARN] IntegrityCheckThread:84 - waiting for thirdparty lock release [integrity check]
2025-06-05 19:54:08,322 [INFO] IntegrityCheckThread:86 - entering critical section [integrity check]
2025-06-05 19:54:08,845 [WARN] PackLoader:240 - Cannot read IP mode file for STMicroelectronics.FP-SNS-MOTENVWB1.1.4.0
2025-06-05 19:54:08,872 [WARN] PackLoader:240 - Cannot read IP mode file for STMicroelectronics.X-CUBE-SMBUS.2.1.0
2025-06-05 19:54:08,892 [WARN] PackLoader:240 - Cannot read IP mode file for STMicroelectronics.X-CUBE-WB05N.1.1.0
2025-06-05 19:54:08,904 [WARN] PackLoader:240 - Cannot read IP mode file for STMicroelectronics.X-CUBE-ST60.1.0.0
2025-06-05 19:54:08,973 [WARN] PackLoader:240 - Cannot read IP mode file for STMicroelectronics.X-CUBE-AZRTOS-F7.1.1.0
2025-06-05 19:54:08,988 [WARN] PackLoader:240 - Cannot read IP mode file for STMicroelectronics.FP-SNS-FLIGHT1.5.0.2
2025-06-05 19:54:09,062 [WARN] PackLoader:240 - Cannot read IP mode file for Infineon.AIROC-Wi-Fi-Bluetooth-STM32.1.7.0
2025-06-05 19:54:09,088 [WARN] PackLoader:240 - Cannot read IP mode file for STMicroelectronics.X-CUBE-DISPLAY.3.0.0
2025-06-05 19:54:09,106 [WARN] PackLoader:240 - Cannot read IP mode file for STMicroelectronics.X-CUBE-BLE1.7.0.0
2025-06-05 19:54:09,116 [WARN] PackLoader:240 - Cannot read IP mode file for STMicroelectronics.X-CUBE-NFC10.1.0.0
2025-06-05 19:54:09,128 [WARN] ConditionMgr:438 - getConditionDescription Invalid condition id : Cortex-A Device cause : null
2025-06-05 19:54:09,149 [WARN] ConditionMgr:1044 - genDependencies : Invalid condition id : Cortex-A Device cause : null
2025-06-05 19:54:09,149 [WARN] ConditionMgr:1044 - genDependencies : Invalid condition id : Cortex-A Device cause : null
2025-06-05 19:54:09,149 [WARN] ConditionMgr:1044 - genDependencies : Invalid condition id : Cortex-A Device cause : null
2025-06-05 19:54:09,156 [WARN] PackLoader:240 - Cannot read IP mode file for STMicroelectronics.X-CUBE-AI.10.0.0
2025-06-05 19:54:09,164 [WARN] PackLoader:240 - Cannot read IP mode file for STMicroelectronics.FP-SNS-SMARTAG2.1.2.0
2025-06-05 19:54:09,195 [WARN] PackLoader:240 - Cannot read IP mode file for STMicroelectronics.FP-SNS-FLIGHT1.5.1.0
2025-06-05 19:54:09,297 [WARN] PackLoader:240 - Cannot read IP mode file for STMicroelectronics.X-CUBE-MEMS1.11.1.0
2025-06-05 19:54:09,645 [INFO] LogOutputStream:77 - [STDOUT_REDIRECT] 1 : Invalid condition id : UX_CORESTACK_Condition cause : null
2025-06-05 19:54:09,646 [INFO] LogOutputStream:77 - [STDOUT_REDIRECT] 1 : Invalid condition id : UX_CORESTACK_Condition cause : null
2025-06-05 19:54:09,652 [INFO] LogOutputStream:77 - [STDOUT_REDIRECT] 1 : Invalid condition id : UX_CORESTACK_Condition cause : null
2025-06-05 19:54:09,655 [INFO] LogOutputStream:77 - [STDOUT_REDIRECT] 1 : Invalid condition id : UX_CORESTACK_Condition cause : null
2025-06-05 19:54:09,658 [INFO] LogOutputStream:77 - [STDOUT_REDIRECT] 1 : Invalid condition id : UX_CORESTACK_Condition cause : null
2025-06-05 19:54:09,664 [WARN] PackLoader:240 - Cannot read IP mode file for STMicroelectronics.X-CUBE-AZRTOS-WL.2.0.0
2025-06-05 19:54:09,673 [WARN] PackLoader:240 - Cannot read IP mode file for STMicroelectronics.FP-SNS-MOTENV1.5.0.0
2025-06-05 19:54:09,687 [WARN] PackLoader:240 - Cannot read IP mode file for WES.I-CUBE-Cesium.1.3.0
2025-06-05 19:54:09,695 [WARN] PackLoader:240 - Cannot read IP mode file for STMicroelectronics.X-CUBE-BLE2.3.3.0
2025-06-05 19:54:09,705 [WARN] PackLoader:240 - Cannot read IP mode file for STMicroelectronics.X-CUBE-NFC9.1.0.0
2025-06-05 19:54:09,718 [WARN] PackLoader:240 - Cannot read IP mode file for STMicroelectronics.X-CUBE-BLE1.7.1.0
2025-06-05 19:54:09,723 [WARN] PackLoader:240 - Cannot read IP mode file for STMicroelectronics.X-CUBE-AI.10.1.0
2025-06-05 19:54:09,792 [WARN] PackLoader:240 - Cannot read IP mode file for STMicroelectronics.X-CUBE-MEMS1.11.2.0
2025-06-05 19:54:09,988 [WARN] PackLoader:240 - Cannot read IP mode file for STMicroelectronics.X-CUBE-AZRTOS-G0.1.1.0
2025-06-05 19:54:10,046 [WARN] PackLoader:240 - Cannot read IP mode file for STMicroelectronics.X-CUBE-SAFEA1.1.2.2
2025-06-05 19:54:10,056 [WARN] PackLoader:240 - Cannot read IP mode file for STMicroelectronics.X-CUBE-NFC4.3.0.0
2025-06-05 19:54:10,071 [WARN] PackLoader:240 - Cannot read IP mode file for EmbeddedOffice.I-CUBE-FS-RTOS.1.0.1
2025-06-05 19:54:10,082 [WARN] PackLoader:240 - Cannot read IP mode file for STMicroelectronics.X-CUBE-WB05N.2.0.0
2025-06-05 19:54:10,093 [WARN] PackLoader:240 - Cannot read IP mode file for RealThread.X-CUBE-RT-Thread_Nano.4.1.1
2025-06-05 19:54:10,100 [WARN] PackLoader:240 - Cannot read IP mode file for STMicroelectronics.FP-ATR-SIGFOX1.3.2.0
2025-06-05 19:54:10,113 [WARN] PackLoader:240 - Cannot read IP mode file for STMicroelectronics.X-CUBE-EEPRMA1.5.1.0
2025-06-05 19:54:10,127 [WARN] PackLoader:240 - Cannot read IP mode file for STMicroelectronics.X-CUBE-ST67W61.1.0.0
2025-06-05 19:54:10,174 [WARN] PackLoader:240 - Cannot read IP mode file for SEGGER.I-CUBE-embOS.1.3.1
2025-06-05 19:54:10,224 [WARN] PackLoader:240 - Cannot read IP mode file for STMicroelectronics.X-CUBE-ALGOBUILD.1.4.0
2025-06-05 19:54:10,250 [WARN] PackLoader:240 - Cannot read IP mode file for STMicroelectronics.X-CUBE-AZRTOS-F4.1.1.0
2025-06-05 19:54:10,259 [WARN] PackLoader:240 - Cannot read IP mode file for Avnet-IotConnect.X-CUBE-IoTC-DA16k-PMOD.1.0.0
2025-06-05 19:54:10,265 [WARN] PackLoader:240 - Cannot read IP mode file for STMicroelectronics.X-CUBE-ISPU.2.1.0
2025-06-05 19:54:10,289 [WARN] PackLoader:240 - Cannot read IP mode file for STMicroelectronics.X-CUBE-AZRTOS-L5.2.0.0
2025-06-05 19:54:10,304 [WARN] PackLoader:240 - Cannot read IP mode file for STMicroelectronics.X-CUBE-NFC6.3.1.0
2025-06-05 19:54:10,315 [WARN] PackLoader:240 - Cannot read IP mode file for STMicroelectronics.X-CUBE-DPower.1.2.0
2025-06-05 19:54:10,325 [WARN] PackLoader:240 - Cannot read IP mode file for STMicroelectronics.X-CUBE-FREERTOS.1.3.1
2025-06-05 19:54:10,331 [WARN] PackLoader:240 - Cannot read IP mode file for STMicroelectronics.X-CUBE-FREERTOS.1.3.0
2025-06-05 19:54:10,339 [WARN] PackLoader:240 - Cannot read IP mode file for STMicroelectronics.X-CUBE-NFC7.1.0.1
2025-06-05 19:54:10,346 [WARN] PackLoader:240 - Cannot read IP mode file for STMicroelectronics.X-CUBE-DPower.1.3.0
2025-06-05 19:54:10,371 [WARN] ConditionMgr:438 - getConditionDescription Invalid condition id : LAN8742 Phy interface Condition cause : null
2025-06-05 19:54:10,372 [WARN] PackLoader:240 - Cannot read IP mode file for STMicroelectronics.X-CUBE-AZRTOS-L4.2.0.0
2025-06-05 19:54:10,374 [WARN] ConditionMgr:1044 - genDependencies : Invalid condition id : LAN8742 Phy interface Condition cause : null
2025-06-05 19:54:10,374 [WARN] ConditionMgr:1044 - genDependencies : Invalid condition id : LAN8742 Phy interface Condition cause : null
2025-06-05 19:54:10,375 [WARN] ConditionMgr:1044 - genDependencies : Invalid condition id : LAN8742 Phy interface Condition cause : null
2025-06-05 19:54:10,386 [WARN] PackLoader:240 - Cannot read IP mode file for STMicroelectronics.X-CUBE-SFXS2LP1.4.0.0
2025-06-05 19:54:10,415 [WARN] PackLoader:240 - Cannot read IP mode file for STMicroelectronics.X-CUBE-AZRTOS-H7.3.3.0
2025-06-05 19:54:10,438 [WARN] ConditionMgr:438 - getConditionDescription Invalid condition id : UX DEVICE CLASS RTOS Condition cause : null
2025-06-05 19:54:10,439 [WARN] ConditionMgr:438 - getConditionDescription Invalid condition id : UX DEVICE CLASS RTOS Condition cause : null
2025-06-05 19:54:10,443 [WARN] PackLoader:240 - Cannot read IP mode file for STMicroelectronics.X-CUBE-AZRTOS-WB.2.0.0
2025-06-05 19:54:10,445 [WARN] ConditionMgr:1044 - genDependencies : Invalid condition id : UX DEVICE CLASS RTOS Condition cause : null
2025-06-05 19:54:10,445 [WARN] ConditionMgr:1044 - genDependencies : Invalid condition id : UX DEVICE CLASS RTOS Condition cause : null
2025-06-05 19:54:10,445 [WARN] ConditionMgr:1044 - genDependencies : Invalid condition id : UX DEVICE CLASS RTOS Condition cause : null
2025-06-05 19:54:10,446 [WARN] ConditionMgr:1044 - genDependencies : Invalid condition id : UX DEVICE CLASS RTOS Condition cause : null
2025-06-05 19:54:10,446 [WARN] ConditionMgr:1044 - genDependencies : Invalid condition id : UX DEVICE CLASS RTOS Condition cause : null
2025-06-05 19:54:10,453 [WARN] PackLoader:240 - Cannot read IP mode file for STMicroelectronics.X-CUBE-TOUCHGFX.4.25.0
2025-06-05 19:54:10,463 [WARN] PackLoader:240 - Cannot read IP mode file for STMicroelectronics.FP-SNS-STBOX1.2.0.0
2025-06-05 19:54:10,482 [WARN] PackLoader:240 - Cannot read IP mode file for STMicroelectronics.X-CUBE-SUBG2.5.0.0
2025-06-05 19:54:10,518 [WARN] PackLoader:240 - Cannot read IP mode file for STMicroelectronics.X-CUBE-AZRTOS-H7RS.1.1.0
2025-06-05 19:54:10,531 [WARN] PackLoader:240 - Cannot read IP mode file for Cesanta.I-CUBE-Mongoose.7.13.0
2025-06-05 19:54:10,556 [WARN] PackLoader:240 - Cannot read IP mode file for STMicroelectronics.X-CUBE-AZRTOS-G4.2.0.0
2025-06-05 19:54:10,568 [WARN] PackLoader:240 - Cannot read IP mode file for STMicroelectronics.X-CUBE-NFC7.2.0.0
2025-06-05 19:54:10,574 [WARN] PackLoader:240 - Cannot read IP mode file for STMicroelectronics.X-CUBE-ALS.1.0.2
2025-06-05 19:54:10,581 [WARN] PackLoader:240 - Cannot read IP mode file for STMicroelectronics.X-CUBE-TOUCHGFX.4.24.2
2025-06-05 19:54:10,589 [WARN] PackLoader:240 - Cannot read IP mode file for portGmbH.I-Cube-SoM-uGOAL.1.1.0
2025-06-05 19:54:10,616 [WARN] PackLoader:240 - Cannot read IP mode file for STMicroelectronics.X-CUBE-AZRTOS-H7RS.1.0.0
2025-06-05 19:54:10,637 [WARN] PackLoader:240 - Cannot read IP mode file for STMicroelectronics.X-CUBE-TOF1.3.4.2
2025-06-05 19:54:10,668 [WARN] PackLoader:240 - Cannot read IP mode file for STMicroelectronics.X-CUBE-TOF1.3.4.3
2025-06-05 19:54:10,688 [INFO] ThirdParty:978 - Integrity check success = true
2025-06-05 19:54:10,688 [INFO] IntegrityCheckThread:100 - exiting critical section [integrity check]
2025-06-05 19:54:10,688 [INFO] IntegrityCheckThread:103 - End integrity checks thread
2025-06-05 19:54:10,821 [INFO] Mcu:2011 - Initializing MCU STM32F429ZITx STM32F429ZITx STM32F429ZIT6
2025-06-05 19:54:16,214 [INFO] Context:756 - Trying to add GPIOservice into a context  which must be forbidden
2025-06-05 19:54:17,391 [ERROR] Mcu:908 - ThirdParty IPModes/IPconfigs doesn't exist for :C:/Users/HP/.stm32cubemx/plugins/thirdparty/db//STMicroelectronics/X-CUBE-TOUCHGFX/4.25.0/STMicroelectronics.X-CUBE-TOUCHGFX.4.25.0_Modes.xml
2025-06-05 19:54:17,392 [ERROR] Mcu:6485 - ThirdParty IPModes/IPconfigs doesn't exist for :STMicroelectronics.X-CUBE-TOUCHGFX.4.25.0
2025-06-05 19:54:17,403 [INFO] ImportTextPane:218 - (OptionalMessage_ERROR) Pin77 (VP_STMicroelectronics.X-CUBE-TOUCHGFX_VS_GraphicsJjApplication_4.25.0) cannot be retrieved for this MCU
2025-06-05 19:54:17,404 [INFO] ImportTextPane:218 - (OptionalMessage_ERROR) Pin78 (VP_RIF_VS_RIF1) cannot be retrieved for this MCU
2025-06-05 19:54:18,078 [INFO] RtosManager:558 - Registered RTOS mode: class=CMSIS, group=RTOS, mode=CMSIS_V1, owner=FREERTOS
2025-06-05 19:54:18,078 [INFO] RtosManager:558 - Registered RTOS mode: class=CMSIS, group=RTOS2, mode=CMSIS_V2, owner=FREERTOS
2025-06-05 19:54:18,079 [INFO] RtosManager:558 - Registered RTOS mode: class=RTOS, group=Core, mode=CMSIS_V1, owner=FREERTOS
2025-06-05 19:54:18,079 [INFO] RtosManager:558 - Registered RTOS mode: class=RTOS, group=Core, mode=CMSIS_V2, owner=FREERTOS
2025-06-05 19:54:18,079 [WARN] ModelIntegratedComponent:184 - Missing modes for component STMicroelectronics:FreeRTOS:0.0.1:STMicroelectronics:RTOS:FreeRTOS:Core:::10.2.0:
2025-06-05 19:54:18,122 [WARN] ModelIntegratedComponent:63 - No mode defined for component null
2025-06-05 19:54:18,122 [WARN] ModelIntegratedComponent:63 - No mode defined for component null
2025-06-05 19:54:18,122 [WARN] ModelIntegratedComponent:63 - No mode defined for component null
2025-06-05 19:54:18,123 [WARN] ModelIntegratedComponent:63 - No mode defined for component null
2025-06-05 19:54:18,123 [WARN] ModelIntegratedComponent:63 - No mode defined for component null
2025-06-05 19:54:18,123 [WARN] ModelIntegratedComponent:63 - No mode defined for component null
2025-06-05 19:54:18,123 [WARN] ModelIntegratedComponent:63 - No mode defined for component null
2025-06-05 19:54:18,123 [WARN] ModelIntegratedComponent:63 - No mode defined for component null
2025-06-05 19:54:18,123 [WARN] ModelIntegratedComponent:63 - No mode defined for component null
2025-06-05 19:54:18,126 [WARN] ModelIntegratedComponent:63 - No mode defined for component null
2025-06-05 19:54:18,127 [WARN] ModelIntegratedComponent:63 - No mode defined for component null
2025-06-05 19:54:18,127 [WARN] ModelIntegratedComponent:63 - No mode defined for component null
2025-06-05 19:54:18,127 [WARN] ModelIntegratedComponent:63 - No mode defined for component null
2025-06-05 19:54:18,127 [WARN] ModelIntegratedComponent:63 - No mode defined for component null
2025-06-05 19:54:18,127 [WARN] ModelIntegratedComponent:63 - No mode defined for component null
2025-06-05 19:54:18,128 [WARN] ModelIntegratedComponent:63 - No mode defined for component null
2025-06-05 19:54:18,128 [WARN] ModelIntegratedComponent:63 - No mode defined for component null
2025-06-05 19:54:18,128 [WARN] ModelIntegratedComponent:63 - No mode defined for component null
2025-06-05 19:54:18,128 [WARN] ModelIntegratedComponent:63 - No mode defined for component null
2025-06-05 19:54:18,128 [WARN] ModelIntegratedComponent:63 - No mode defined for component null
2025-06-05 19:54:18,128 [WARN] ModelIntegratedComponent:63 - No mode defined for component null
2025-06-05 19:54:18,128 [WARN] ModelIntegratedComponent:63 - No mode defined for component null
2025-06-05 19:54:18,128 [WARN] ModelIntegratedComponent:63 - No mode defined for component null
2025-06-05 19:54:18,128 [WARN] ModelIntegratedComponent:63 - No mode defined for component null
2025-06-05 19:54:18,129 [WARN] ModelIntegratedComponent:63 - No mode defined for component null
2025-06-05 19:54:18,129 [WARN] ModelIntegratedComponent:63 - No mode defined for component null
2025-06-05 19:54:18,129 [WARN] ModelIntegratedComponent:63 - No mode defined for component null
2025-06-05 19:54:18,129 [WARN] ModelIntegratedComponent:63 - No mode defined for component null
2025-06-05 19:54:18,129 [WARN] ModelIntegratedComponent:63 - No mode defined for component null
2025-06-05 19:54:18,129 [WARN] ModelIntegratedComponent:63 - No mode defined for component null
2025-06-05 19:54:18,129 [WARN] ModelIntegratedComponent:63 - No mode defined for component null
2025-06-05 19:54:18,129 [WARN] ModelIntegratedComponent:63 - No mode defined for component null
2025-06-05 19:54:18,129 [WARN] ModelIntegratedComponent:63 - No mode defined for component null
2025-06-05 19:54:18,129 [WARN] ModelIntegratedComponent:63 - No mode defined for component null
2025-06-05 19:54:18,130 [WARN] ModelIntegratedComponent:63 - No mode defined for component null
2025-06-05 19:54:18,130 [WARN] ModelPack:524 - Component already loaded: STMicroelectronics:HAL Drivers:0.0.0:STMicroelectronics:Device:STMicro_Driver:XSPI:HAL::0.0.1:HAL_XSPI
2025-06-05 19:54:18,446 [INFO] ThirdPartyModel:298 - Start build external matchings
2025-06-05 19:54:19,685 [INFO] ThirdPartyModel:316 - End build external matchings
2025-06-05 19:54:19,719 [INFO] RtosManager:967 - Current active RTOS is FREERTOS [Cortex-M4NS]
2025-06-05 19:54:19,750 [WARN] IP:2250 - LayerIdx_L1 not found: check if there is a RefParameter without a condition.
2025-06-05 19:54:19,752 [INFO] ImportTextPane:218 - (OptionalMessage_ERROR) IP (RCC) : Parameter (48MHZClocksFreq_Value) has invalid value (90000000)
2025-06-05 19:54:19,752 [INFO] ImportTextPane:218 - (OptionalMessage_ERROR) IP (RCC) : Invalid parameter (FamilyName)
2025-06-05 19:54:19,753 [INFO] ImportTextPane:218 - (OptionalMessage_ERROR) IP (RCC) : Parameter (MCO2PinFreq_Value) has invalid value (180000000)
2025-06-05 19:54:19,754 [INFO] ImportTextPane:218 - (OptionalMessage_ERROR) IP (RCC) : Parameter (RTCHSEDivFreq_Value) has invalid value (4000000)
2025-06-05 19:54:20,788 [INFO] ApiDb:581 - Connected to CubeFinder SQLite database (C:\Users\HP\.stmcufinder\plugins\mcufinder\mcu\cube-finder-db.db)
2025-06-05 19:54:20,937 [INFO] ApiDb:668 - CubeFinder database Data Model version=2.1
2025-06-05 19:54:20,937 [INFO] ApiDb:669 - CubeFinder database Configuration version=3.0.39
2025-06-05 19:54:20,939 [INFO] ApiDb:670 - CubeFinder database generation date=2025-04-23 (1745419778)
2025-06-05 19:54:20,940 [INFO] ApiDb:671 - CubeFinder database FW Pack versions=[FP-ATR-ASTRA1_V2.0.0, FP-SNS-FLIGHT1_V5.1.0, FP-SNS-MOTENV1_V5.0.0, FP-SNS-MOTENVWB1_V1.4.0, FP-SNS-SMARTAG2_V1.2.0, FP-SNS-STBOX1_V2.0.0, STM32Cube_FW_C0_V1.4.0, STM32Cube_FW_F4_V1.28.1, STM32Cube_FW_F7_V1.17.2, STM32Cube_FW_G0_V1.6.2, STM32Cube_FW_G4_V1.6.1, STM32Cube_FW_H5_V1.5.0, STM32Cube_FW_H7RS_V1.2.0, STM32Cube_FW_H7_V1.12.1, STM32Cube_FW_L0_V1.12.2, STM32Cube_FW_L4_V1.18.1, STM32Cube_FW_L5_V1.5.1, STM32Cube_FW_N6_V1.1.1, STM32Cube_FW_U0_V1.2.0, STM32Cube_FW_U3_V1.1.0, STM32Cube_FW_U5_V1.7.0, STM32Cube_FW_WB0_V1.2.0, STM32Cube_FW_WBA_V1.6.0, STM32Cube_FW_WB_V1.22.0, STM32Cube_FW_WL3_V1.1.0, STM32Cube_FW_WL_V1.3.1, X-CUBE-ALGOBUILD_V1.4.0, X-CUBE-ALS_V1.0.2, X-CUBE-AZRTOS-F4_V1.1.0, X-CUBE-AZRTOS-F7_V1.1.0, X-CUBE-AZRTOS-G0_V1.1.0, X-CUBE-AZRTOS-G4_V2.0.0, X-CUBE-AZRTOS-H7RS_V1.1.0, X-CUBE-AZRTOS-H7_V3.3.0, X-CUBE-AZRTOS-L4_V2.0.0, X-CUBE-AZRTOS-L5_V2.0.0, X-CUBE-AZRTOS-WB_V2.0.0, X-CUBE-AZRTOS-WL_V2.0.0, X-CUBE-BLE1_V7.1.0, X-CUBE-BLE2_V3.3.0, X-CUBE-BLEMGR_V4.0.0, X-CUBE-EEPRMA1_V5.1.0, X-CUBE-FREERTOS_V1.3.0, X-CUBE-GNSS1_V6.0.0, X-CUBE-MEMS1_V11.2.0, X-CUBE-NFC4_V3.0.0, X-CUBE-NFC7_V1.0.1, X-CUBE-SFXS2LP1_V4.0.0, X-CUBE-SUBG2_V5.0.0, X-CUBE-TOF1_V3.4.3]
2025-06-05 19:54:21,110 [INFO] DbBoardsSqlite:226 - include board P-NUCLEO-WB55-NUCLEO as a kit item of type 'Nucleo-64'
2025-06-05 19:54:21,111 [INFO] DbBoardsSqlite:226 - include board P-NUCLEO-WB55-USBDONGLE as a kit item of type 'Nucleo USB Dongle'
2025-06-05 19:54:21,112 [INFO] DbBoardsSqlite:226 - include board STEVAL-IDP005V1 as a kit item of type 'Evaluation Board'
2025-06-05 19:54:21,112 [INFO] DbBoardsSqlite:226 - include board STEVAL-IDP005V2 as a kit item of type 'Evaluation Board'
2025-06-05 19:54:21,716 [INFO] ApiDb:240 - Found 895 in-development CPN: [B-G473E-ZEST1S, B-WB1M-WPAN1, B-WBA5M-WPAN, B-WL5M-SUBG1, NUCLEO-C031C6, NUCLEO-C051C8, NUCLEO-C071RB, NUCLEO-C092RC, NUCLEO-H503RB, NUCLEO-H533RE, NUCLEO-H563ZI, NUCLEO-H7S3L8, NUCLEO-N657X0-Q, NUCLEO-U031R8, NUCLEO-U083RC, NUCLEO-U385RG-Q, NUCLEO-U545RE-Q, NUCLEO-U5A5ZJ-Q, NUCLEO-WB05KZ, NUCLEO-WB07CC, NUCLEO-WB09KE, NUCLEO-WBA52CG, NUCLEO-WBA55CG, NUCLEO-WBA65RI, NUCLEO-WL33CC1, NUCLEO-WL33CC2, STEVAL-PROTEUS1, STEVAL-SMARTAG2, STEVAL-STWINBX1, STM320518-EVAL, STM32C0116-DK, STM32C011D6Y3TR, STM32C011D6Y6TR, STM32C011F4P3, STM32C011F4P6, STM32C011F4U3, STM32C011F4U6TR, STM32C011F6P3, STM32C011F6P6, STM32C011F6U3, STM32C011F6U6TR, STM32C011J4M3, STM32C011J4M6, STM32C011J6M3, STM32C011J6M6, STM32C0316-DK, STM32C031C4T3, STM32C031C4T6, STM32C031C4U3, STM32C031C4U6, STM32C031C6T3, STM32C031C6T6, STM32C031C6U3, STM32C031C6U6, STM32C031F4P3, STM32C031F4P6, STM32C031F6P3, STM32C031F6P6, STM32C031G4U3, STM32C031G4U6, STM32C031G6U3, STM32C031G6U6, STM32C031K4T3, STM32C031K4T6, STM32C031K4U3, STM32C031K4U6, STM32C031K6T3, STM32C031K6T6, STM32C031K6U3, STM32C031K6U6, STM32C051C6T6, STM32C051C6U6, STM32C051C8T6, STM32C051C8U6, STM32C051D8Y6TR, STM32C051F6P6, STM32C051F8P6, STM32C051G6U6, STM32C051G8U6, STM32C051K6T6, STM32C051K6U6, STM32C051K8T6, STM32C071C8T6, STM32C071C8T6N, STM32C071C8U6, STM32C071C8U6N, STM32C071CBT6, STM32C071CBT6N, STM32C071CBU6, STM32C071CBU6N, STM32C071F8P6, STM32C071F8P6N, STM32C071FBP6, STM32C071FBP6N, STM32C071FBY6TR, STM32C071G8U6, STM32C071G8U6N, STM32C071GBU6, STM32C071GBU6N, STM32C071K8T6, STM32C071K8T6N, STM32C071K8U6, STM32C071K8U6N, STM32C071KBT6, STM32C071KBT6N, STM32C071KBU6, STM32C071KBU6N, STM32C071R8T6, STM32C071R8T6N, STM32C071RBI6N, STM32C071RBT6, STM32C071RBT6N, STM32C091CBT6, STM32C091CBU6, STM32C091CCT6, STM32C091CCU6, STM32C091ECY6TR, STM32C091FBP6, STM32C091FCP6, STM32C091GBU6, STM32C091GCU6, STM32C091KBT6, STM32C091KBU6, STM32C091KCT6, STM32C091KCU6, STM32C091RBT6, STM32C091RCI6, STM32C091RCT6, STM32C092CBT6, STM32C092CBU6, STM32C092CCT6, STM32C092CCU6, STM32C092ECY6TR, STM32C092FBP6, STM32C092FCP6, STM32C092GBU6, STM32C092GCU6, STM32C092KBT6, STM32C092KBU6, STM32C092KCT6, STM32C092KCU6, STM32C092RBT6, STM32C092RCI6, STM32C092RCT6, STM32G071K8TXN, STM32G071K8UXN, STM32G081GBU6N, STM32G081KBT6N, STM32G081KBUXN, STM32G0B1CCT6N, STM32G0B1KCT6, STM32G0B1NEY6TR, STM32G0B1RCT6N, STM32G0C1CCT6, STM32G0C1CCT6N, STM32G0C1CCU6N, STM32G0C1CET6N, STM32G0C1CEU6N, STM32G0C1KCT6, STM32G0C1NEY6TR, STM32G0C1RCI6N, STM32G0C1RCT6N, STM32G0C1REI6N, STM32G0C1RET6N, STM32G0C1VCI6, STM32G0C1VEI6, STM32G411C6T3, STM32G411C6T6, STM32G411C6U3, STM32G411C6U6, STM32G411C8T3, STM32G411C8T6, STM32G411C8U3, STM32G411C8U6, STM32G411CBT3, STM32G411CBT6, STM32G411CBU3, STM32G411CBU6, STM32G411CCT3, STM32G411CCT6, STM32G411CCU3, STM32G411CCU6, STM32G411K6T3, STM32G411K6T6, STM32G411K6U3, STM32G411K6U6, STM32G411K8T3, STM32G411K8T6, STM32G411K8U3, STM32G411K8U6, STM32G411KBT3, STM32G411KBT6, STM32G411KBU3, STM32G411KBU6, STM32G411M6T3, STM32G411M6T6, STM32G411M8T3, STM32G411M8T6, STM32G411MBT3, STM32G411MBT6, STM32G411MCT3, STM32G411MCT6, STM32G411R6T3, STM32G411R6T6, STM32G411R8T3, STM32G411R8T6, STM32G411RBT3, STM32G411RBT6, STM32G411RCT3, STM32G411RCT6, STM32G414CBT3, STM32G414CBT6, STM32G414CBU3, STM32G414CBU6, STM32G414CCT3, STM32G414CCT6, STM32G414CCU3, STM32G414CCU6, STM32G414MBT3, STM32G414MBT6, STM32G414MCT3, STM32G414MCT6, STM32G414RBT3, STM32G414RBT6, STM32G414RCT3, STM32G414RCT6, STM32G414VBT3, STM32G414VBT6, STM32G414VCT3, STM32G414VCT6, STM32G431CBT3Z, STM32G431RBT3Z, STM32G471CCT6, STM32G471CCU6, STM32G471CET3, STM32G471CET6, STM32G471CEU3, STM32G471CEU6, STM32G471MCT6, STM32G471MET3, STM32G471MET6, STM32G471MEY6TR, STM32G471QCT6, STM32G471QET3, STM32G471RCT6, STM32G471RET3, STM32G471RET6, STM32G471VCH6, STM32G471VCI6, STM32G471VCT6, STM32G471VEH3, STM32G471VEH6, STM32G471VEI3, STM32G471VEI6, STM32G471VET3, STM32G471VET6, STM32G473QET3Z, STM32G473RET3Z, STM32G474CCT6, STM32G491RET3Z, STM32H503CBT6, STM32H503CBU6, STM32H503EBY6TR, STM32H503KBU6, STM32H503RBT6, STM32H523CCT6, STM32H523CCU6, STM32H523CET6, STM32H523CEU6, STM32H523HEY6TR, STM32H523RCT6, STM32H523RET6, STM32H523VCI6, STM32H523VCT6, STM32H523VEI6, STM32H523VET6, STM32H523ZCJ6, STM32H523ZCT6, STM32H523ZEJ6, STM32H523ZET6, STM32H533CET6, STM32H533CEU6, STM32H533HEY6TR, STM32H533RET6, STM32H533VEI6, STM32H533VET6, STM32H533ZEJ6, STM32H533ZET6, STM32H562AGI6, STM32H562AII6, STM32H562IGK6, STM32H562IGT6, STM32H562IIK6, STM32H562IIT6, STM32H562RGT6, STM32H562RGV6, STM32H562RIT6, STM32H562RIV6, STM32H562VGT6, STM32H562VIT6, STM32H562ZGT6, STM32H562ZIT6, STM32H563AGI6, STM32H563AII3Q, STM32H563AII6, STM32H563IGK6, STM32H563IGT6, STM32H563IIK3Q, STM32H563IIK6, STM32H563IIT3Q, STM32H563IIT6, STM32H563MIY3QTR, STM32H563RGT6, STM32H563RGV6, STM32H563RIT6, STM32H563RIV6, STM32H563VGT6, STM32H563VIT3Q, STM32H563VIT6, STM32H563ZGT6, STM32H563ZIT3Q, STM32H563ZIT6, STM32H573AII3Q, STM32H573AII6, STM32H573I-DK, STM32H573IIK3Q, STM32H573IIK6, STM32H573IIT3Q, STM32H573IIT6, STM32H573MIY3QTR, STM32H573RIT6, STM32H573RIV6, STM32H573VIT3Q, STM32H573VIT6, STM32H573ZIT3Q, STM32H573ZIT6, STM32H7R3A8I6, STM32H7R3I8K6, STM32H7R3I8T6, STM32H7R3L8H6, STM32H7R3L8H6H, STM32H7R3R8V6, STM32H7R3V8H6, STM32H7R3V8T6, STM32H7R3V8Y6TR, STM32H7R3Z8J6, STM32H7R3Z8T6, STM32H7R7A8I6, STM32H7R7I8K6, STM32H7R7I8T6, STM32H7R7L8H6, STM32H7R7L8H6H, STM32H7R7Z8J6, STM32H7S3A8I6, STM32H7S3I8K6, STM32H7S3I8T6, STM32H7S3L8H6, STM32H7S3L8H6H, STM32H7S3R8V6, STM32H7S3V8H6, STM32H7S3V8T6, STM32H7S3V8Y6TR, STM32H7S3Z8J6, STM32H7S3Z8T6, STM32H7S78-DK, STM32H7S7A8I6, STM32H7S7I8K6, STM32H7S7I8T6, STM32H7S7L8H6, STM32H7S7L8H6H, STM32H7S7Z8J6, STM32L4R5QGI6STR, STM32MP131AAE3, STM32MP131AAF3, STM32MP131AAG3, STM32MP131CAE3, STM32MP131CAF3, STM32MP131CAG3, STM32MP131DAE7, STM32MP131DAF7, STM32MP131DAG7, STM32MP131FAE7, STM32MP131FAF7, STM32MP131FAG7, STM32MP133AAE3, STM32MP133AAF3, STM32MP133AAG3, STM32MP133CAE3, STM32MP133CAF3, STM32MP133CAG3, STM32MP133DAE7, STM32MP133DAF7, STM32MP133DAG7, STM32MP133FAE7, STM32MP133FAF7, STM32MP133FAG7, STM32MP135AAE3, STM32MP135AAF3, STM32MP135AAG3, STM32MP135CAE3, STM32MP135CAF3, STM32MP135CAG3, STM32MP135DAE7, STM32MP135DAF7, STM32MP135DAG7, STM32MP135F-DK, STM32MP135FAE7, STM32MP135FAF7, STM32MP135FAF7T, STM32MP135FAF7U, STM32MP135FAG7, STM32MP231AAJ3, STM32MP231AAK3, STM32MP231AAL3, STM32MP231CAJ3, STM32MP231CAK3, STM32MP231CAL3, STM32MP231DAJ3, STM32MP231DAK3, STM32MP231DAL3, STM32MP231FAJ3, STM32MP231FAK3, STM32MP231FAL3, STM32MP233AAJ3, STM32MP233AAK3, STM32MP233AAL3, STM32MP233CAJ3, STM32MP233CAK3, STM32MP233CAL3, STM32MP233DAJ3, STM32MP233DAK3, STM32MP233DAL3, STM32MP233FAJ3, STM32MP233FAK3, STM32MP233FAL3, STM32MP235AAJ3, STM32MP235AAK3, STM32MP235AAL3, STM32MP235CAJ3, STM32MP235CAK3, STM32MP235CAL3, STM32MP235DAJ3, STM32MP235DAK3, STM32MP235DAL3, STM32MP235FAJ3, STM32MP235FAK3, STM32MP235FAL3, STM32MP251AAI3, STM32MP251AAJ3, STM32MP251AAK3, STM32MP251AAL3, STM32MP251CAI3, STM32MP251CAJ3, STM32MP251CAK3, STM32MP251CAL3, STM32MP251DAI3, STM32MP251DAJ3, STM32MP251DAK3, STM32MP251DAL3, STM32MP251FAI3, STM32MP251FAJ3, STM32MP251FAK3, STM32MP251FAL3, STM32MP253AAI3, STM32MP253AAJ3, STM32MP253AAK3, STM32MP253AAL3, STM32MP253CAI3, STM32MP253CAJ3, STM32MP253CAK3, STM32MP253CAL3, STM32MP253DAI3, STM32MP253DAJ3, STM32MP253DAK3, STM32MP253DAL3, STM32MP253FAI3, STM32MP253FAJ3, STM32MP253FAK3, STM32MP253FAL3, STM32MP255AAI3, STM32MP255AAJ3, STM32MP255AAK3, STM32MP255AAL3, STM32MP255CAI3, STM32MP255CAJ3, STM32MP255CAK3, STM32MP255CAL3, STM32MP255DAI3, STM32MP255DAJ3, STM32MP255DAK3, STM32MP255DAL3, STM32MP255FAI3, STM32MP255FAJ3, STM32MP255FAK3, STM32MP255FAL3, STM32MP257AAI3, STM32MP257AAJ3, STM32MP257AAK3, STM32MP257AAL3, STM32MP257CAI3, STM32MP257CAJ3, STM32MP257CAK3, STM32MP257CAL3, STM32MP257DAI3, STM32MP257DAJ3, STM32MP257DAK3, STM32MP257DAL3, STM32MP257F-DK, STM32MP257F-EV1, STM32MP257FAI3, STM32MP257FAJ3, STM32MP257FAK3, STM32MP257FAL3, STM32N645A0H3Q, STM32N645B0H3Q, STM32N645I0H3Q, STM32N645L0H3Q, STM32N645X0H3Q, STM32N645Z0H3Q, STM32N647A0H3Q, STM32N647B0H3Q, STM32N647I0H3Q, STM32N647L0H3Q, STM32N647X0H3Q, STM32N647Z0H3Q, STM32N655A0H3Q, STM32N655B0H3Q, STM32N655I0H3Q, STM32N655L0H3Q, STM32N655X0H3Q, STM32N655Z0H3Q, STM32N6570-DK, STM32N657A0H3Q, STM32N657B0H3Q, STM32N657I0H3Q, STM32N657L0H3Q, STM32N657X0H3Q, STM32N657Z0H3Q, STM32U031C6T6, STM32U031C6U6, STM32U031C8T6, STM32U031C8U6, STM32U031F4P6, STM32U031F6P6, STM32U031F8P6, STM32U031G6Y6TR, STM32U031G8Y6TR, STM32U031K4U6, STM32U031K6U6, STM32U031K8U6, STM32U031R6I6, STM32U031R6T6, STM32U031R8I6, STM32U031R8T6, STM32U073C8T6, STM32U073C8U6, STM32U073CBT6, STM32U073CBU6, STM32U073CCT6, STM32U073CCU6, STM32U073H8Y6TR, STM32U073HBY6TR, STM32U073HCY6TR, STM32U073K8U6, STM32U073KBU6, STM32U073KCU6, STM32U073M8I6, STM32U073M8T6, STM32U073MBI6, STM32U073MBT6, STM32U073MCI6, STM32U073MCT6, STM32U073R8I6, STM32U073R8T6, STM32U073RBI6, STM32U073RBT6, STM32U073RCI6, STM32U073RCT6, STM32U083C-DK, STM32U083CCT6, STM32U083CCU6, STM32U083HCY6TR, STM32U083KCU6, STM32U083MCI6, STM32U083MCT6, STM32U083RCI6, STM32U083RCT6, STM32U375CET6, STM32U375CET6Q, STM32U375CEU6, STM32U375CEU6Q, STM32U375CEY6QTR, STM32U375CGT6, STM32U375CGT6Q, STM32U375CGU6, STM32U375CGU6Q, STM32U375CGY6QTR, STM32U375KEU6, STM32U375KGU6, STM32U375REI6, STM32U375REI6Q, STM32U375RET6, STM32U375RET6Q, STM32U375REY6GTR, STM32U375REY6QTR, STM32U375RGI6, STM32U375RGI6Q, STM32U375RGT6, STM32U375RGT6Q, STM32U375RGY6GTR, STM32U375RGY6QTR, STM32U375VEI6, STM32U375VEI6Q, STM32U375VET6, STM32U375VET6Q, STM32U375VGI6, STM32U375VGI6Q, STM32U375VGT6, STM32U375VGT6Q, STM32U385CGT6, STM32U385CGT6Q, STM32U385CGU6, STM32U385CGU6Q, STM32U385CGY6QTR, STM32U385KGU6, STM32U385RGI6, STM32U385RGI6Q, STM32U385RGT6, STM32U385RGT6Q, STM32U385RGY6GTR, STM32U385RGY6QTR, STM32U385VGI6, STM32U385VGI6Q, STM32U385VGT6, STM32U385VGT6Q, STM32U535CBT6, STM32U535CBT6Q, STM32U535CBU6, STM32U535CBU6Q, STM32U535CCT6, STM32U535CCT6Q, STM32U535CCU6, STM32U535CCU6Q, STM32U535CET6, STM32U535CET6Q, STM32U535CEU6, STM32U535CEU6Q, STM32U535JEY6QTR, STM32U535NCY6QTR, STM32U535NEY6QTR, STM32U535RBI6, STM32U535RBI6Q, STM32U535RBT6, STM32U535RBT6Q, STM32U535RCI6, STM32U535RCI6Q, STM32U535RCT6, STM32U535RCT6Q, STM32U535REI6, STM32U535REI6Q, STM32U535RET6, STM32U535RET6Q, STM32U535VCI6, STM32U535VCI6Q, STM32U535VCT6, STM32U535VCT6Q, STM32U535VEI6, STM32U535VEI6Q, STM32U535VET6, STM32U535VET6Q, STM32U545CET6, STM32U545CET6Q, STM32U545CEU6, STM32U545CEU6Q, STM32U545JEY6QTR, STM32U545NEY6QTR, STM32U545REI6, STM32U545REI6Q, STM32U545RET6, STM32U545RET6Q, STM32U545VEI6, STM32U545VEI6Q, STM32U545VET6, STM32U545VET6Q, STM32U595AIH6, STM32U595AIH6Q, STM32U595AJH6, STM32U595AJH6Q, STM32U595QII6, STM32U595QII6Q, STM32U595QJI6, STM32U595QJI6Q, STM32U595RIT6, STM32U595RIT6Q, STM32U595RJT6, STM32U595RJT6Q, STM32U595VIT6, STM32U595VIT6Q, STM32U595VJT6, STM32U595VJT6Q, STM32U595ZIT6, STM32U595ZIT6Q, STM32U595ZIY6QTR, STM32U595ZJT6, STM32U595ZJT6Q, STM32U595ZJY6QTR, STM32U599BJY6QTR, STM32U599NIH6Q, STM32U599NJH6Q, STM32U599VIT6Q, STM32U599VJT6, STM32U599VJT6Q, STM32U599ZIT6Q, STM32U599ZIY6QTR, STM32U599ZJT6Q, STM32U599ZJY6QTR, STM32U5A5AJH6, STM32U5A5AJH6Q, STM32U5A5QII3Q , STM32U5A5QJI6, STM32U5A5QJI6Q, STM32U5A5RJT6, STM32U5A5RJT6Q, STM32U5A5VJT6, STM32U5A5VJT6Q, STM32U5A5ZJT6, STM32U5A5ZJT6Q, STM32U5A5ZJY6QTR, STM32U5A9BJY6QTR, STM32U5A9J-DK, STM32U5A9NJH6Q, STM32U5A9VJT6Q, STM32U5A9ZJT6Q, STM32U5A9ZJY6QTR, STM32U5F7VIT6, STM32U5F7VIT6Q, STM32U5F7VJT6, STM32U5F7VJT6Q, STM32U5F9BJY6QTR, STM32U5F9NJH6Q, STM32U5F9VIT6Q, STM32U5F9VJT6Q, STM32U5F9ZIJ6QTR, STM32U5F9ZIT6Q, STM32U5F9ZJJ6QTR, STM32U5F9ZJT6Q, STM32U5G7VJT6, STM32U5G7VJT6Q, STM32U5G9BJY6QTR, STM32U5G9J-DK1, STM32U5G9J-DK2, STM32U5G9NJH6Q, STM32U5G9VJT6Q, STM32U5G9ZJJ6QTR, STM32U5G9ZJT6Q, STM32WB05KZV6TR, STM32WB05KZV7TR, STM32WB05TZF6TR, STM32WB05TZF7TR, STM32WB06CCF6TR, STM32WB06CCF7TR, STM32WB06CCV6TR, STM32WB06CCV7TR, STM32WB06KCV6TR, STM32WB06KCV7TR, STM32WB07CCF6TR, STM32WB07CCF7TR, STM32WB07CCV6TR, STM32WB07CCV7TR, STM32WB07KCV6TR, STM32WB07KCV7TR, STM32WB09KEV6TR, STM32WB09KEV7TR, STM32WB09TEF6TR, STM32WB09TEF7TR, STM32WB1MMCH6, STM32WBA50KGU6, STM32WBA50KGU6TR, STM32WBA52CEU6, STM32WBA52CEU6TR, STM32WBA52CEU7, STM32WBA52CEU7TR, STM32WBA52CGU6, STM32WBA52CGU6TR, STM32WBA52CGU6U, STM32WBA52CGU7, STM32WBA52CGU7TR, STM32WBA52KEU6, STM32WBA52KEU6TR, STM32WBA52KGU6, STM32WBA52KGU6TR, STM32WBA54CEU6, STM32WBA54CEU6TR, STM32WBA54CEU7, STM32WBA54CEU7TR, STM32WBA54CGU6, STM32WBA54CGU6TR, STM32WBA54CGU7, STM32WBA54CGU7TR, STM32WBA54KEU6, STM32WBA54KEU6TR, STM32WBA54KEU7, STM32WBA54KEU7TR, STM32WBA54KGU6, STM32WBA54KGU6TR, STM32WBA54KGU7, STM32WBA54KGU7TR, STM32WBA55CEU6, STM32WBA55CEU6TR, STM32WBA55CEU7, STM32WBA55CEU7TR, STM32WBA55CGU6, STM32WBA55CGU6TR, STM32WBA55CGU6U, STM32WBA55CGU7, STM32WBA55CGU7TR, STM32WBA55G-DK1, STM32WBA55HEF6, STM32WBA55HEF7, STM32WBA55HGF6, STM32WBA55HGF7, STM32WBA55UEI6, STM32WBA55UEI6TR, STM32WBA55UEI7, STM32WBA55UEI7TR, STM32WBA55UGI6, STM32WBA55UGI6TR, STM32WBA55UGI7, STM32WBA55UGI7TR, STM32WBA5MJGH6TR, STM32WBA62CGU6, STM32WBA62CIU6, STM32WBA62MGF6, STM32WBA62MIF6, STM32WBA62PGI6, STM32WBA62PII6, STM32WBA63CGU6, STM32WBA63CGU7, STM32WBA63CIU6, STM32WBA63CIU7, STM32WBA64CGU6, STM32WBA64CGU7, STM32WBA64CIU6, STM32WBA64CIU7, STM32WBA65CGU6, STM32WBA65CGU7, STM32WBA65CIU6, STM32WBA65CIU7, STM32WBA65I-DK1, STM32WBA65MGF6, STM32WBA65MGF7, STM32WBA65MIF6, STM32WBA65MIF7, STM32WBA65PGI6, STM32WBA65PGI7, STM32WBA65PII6, STM32WBA65PII7, STM32WBA65RGV6, STM32WBA65RGV7, STM32WBA65RIV6, STM32WBA65RIV7, STM32WL30K8V6, STM32WL30KBV6, STM32WL31C8V6, STM32WL31CBV6, STM32WL31K8V6, STM32WL31KBV6, STM32WL33C8V6, STM32WL33C8V6TR, STM32WL33C8V7, STM32WL33C8V7TR, STM32WL33CBV6, STM32WL33CBV6TR, STM32WL33CBV7, STM32WL33CBV7TR, STM32WL33CCV6, STM32WL33CCV6TR, STM32WL33CCV7, STM32WL33CCV7A, STM32WL33CCV7ATR, STM32WL33CCV7TR, STM32WL33K8V6, STM32WL33K8V6TR, STM32WL33K8V7, STM32WL33K8V7TR, STM32WL33KBV6, STM32WL33KBV6TR, STM32WL33KBV7, STM32WL33KBV7TR, STM32WL33KCV6, STM32WL33KCV6TR, STM32WL33KCV7, STM32WL33KCV7TR, STM32WL5MOCH6, STM32WL5MOCH6TR]
2025-06-05 19:54:22,063 [INFO] BoardInfo:889 - No configuration file found for board P-NUCLEO-WB55
2025-06-05 19:54:22,066 [INFO] DbBoards:161 - Kit is not supported: P-NUCLEO-WB55
2025-06-05 19:54:22,078 [INFO] BoardInfo:889 - No configuration file found for board STEVAL-BFA001V1B
2025-06-05 19:54:22,080 [INFO] DbBoards:161 - Kit is not supported: STEVAL-BFA001V1B
2025-06-05 19:54:22,081 [INFO] BoardInfo:889 - No configuration file found for board STEVAL-BFA001V2B
2025-06-05 19:54:22,084 [INFO] DbBoards:161 - Kit is not supported: STEVAL-BFA001V2B
2025-06-05 19:54:22,466 [INFO] DbBoards:168 - Found 211 boards, 208 are supported
2025-06-05 19:54:22,467 [INFO] DbBoards:169 - Found 211 boards, 43 of them is supported for  Bsp
2025-06-05 19:54:22,472 [INFO] ApiDb:668 - CubeFinder database Data Model version=2.1
2025-06-05 19:54:22,473 [INFO] ApiDb:669 - CubeFinder database Configuration version=3.0.39
2025-06-05 19:54:22,473 [INFO] ApiDb:670 - CubeFinder database generation date=2025-04-23 (1745419778)
2025-06-05 19:54:22,473 [INFO] ApiDb:671 - CubeFinder database FW Pack versions=[FP-ATR-ASTRA1_V2.0.0, FP-SNS-FLIGHT1_V5.1.0, FP-SNS-MOTENV1_V5.0.0, FP-SNS-MOTENVWB1_V1.4.0, FP-SNS-SMARTAG2_V1.2.0, FP-SNS-STBOX1_V2.0.0, STM32Cube_FW_C0_V1.4.0, STM32Cube_FW_F4_V1.28.1, STM32Cube_FW_F7_V1.17.2, STM32Cube_FW_G0_V1.6.2, STM32Cube_FW_G4_V1.6.1, STM32Cube_FW_H5_V1.5.0, STM32Cube_FW_H7RS_V1.2.0, STM32Cube_FW_H7_V1.12.1, STM32Cube_FW_L0_V1.12.2, STM32Cube_FW_L4_V1.18.1, STM32Cube_FW_L5_V1.5.1, STM32Cube_FW_N6_V1.1.1, STM32Cube_FW_U0_V1.2.0, STM32Cube_FW_U3_V1.1.0, STM32Cube_FW_U5_V1.7.0, STM32Cube_FW_WB0_V1.2.0, STM32Cube_FW_WBA_V1.6.0, STM32Cube_FW_WB_V1.22.0, STM32Cube_FW_WL3_V1.1.0, STM32Cube_FW_WL_V1.3.1, X-CUBE-ALGOBUILD_V1.4.0, X-CUBE-ALS_V1.0.2, X-CUBE-AZRTOS-F4_V1.1.0, X-CUBE-AZRTOS-F7_V1.1.0, X-CUBE-AZRTOS-G0_V1.1.0, X-CUBE-AZRTOS-G4_V2.0.0, X-CUBE-AZRTOS-H7RS_V1.1.0, X-CUBE-AZRTOS-H7_V3.3.0, X-CUBE-AZRTOS-L4_V2.0.0, X-CUBE-AZRTOS-L5_V2.0.0, X-CUBE-AZRTOS-WB_V2.0.0, X-CUBE-AZRTOS-WL_V2.0.0, X-CUBE-BLE1_V7.1.0, X-CUBE-BLE2_V3.3.0, X-CUBE-BLEMGR_V4.0.0, X-CUBE-EEPRMA1_V5.1.0, X-CUBE-FREERTOS_V1.3.0, X-CUBE-GNSS1_V6.0.0, X-CUBE-MEMS1_V11.2.0, X-CUBE-NFC4_V3.0.0, X-CUBE-NFC7_V1.0.1, X-CUBE-SFXS2LP1_V4.0.0, X-CUBE-SUBG2_V5.0.0, X-CUBE-TOF1_V3.4.3]
2025-06-05 19:54:25,165 [INFO] ApiDb:240 - Found 895 in-development CPN: [B-G473E-ZEST1S, B-WB1M-WPAN1, B-WBA5M-WPAN, B-WL5M-SUBG1, NUCLEO-C031C6, NUCLEO-C051C8, NUCLEO-C071RB, NUCLEO-C092RC, NUCLEO-H503RB, NUCLEO-H533RE, NUCLEO-H563ZI, NUCLEO-H7S3L8, NUCLEO-N657X0-Q, NUCLEO-U031R8, NUCLEO-U083RC, NUCLEO-U385RG-Q, NUCLEO-U545RE-Q, NUCLEO-U5A5ZJ-Q, NUCLEO-WB05KZ, NUCLEO-WB07CC, NUCLEO-WB09KE, NUCLEO-WBA52CG, NUCLEO-WBA55CG, NUCLEO-WBA65RI, NUCLEO-WL33CC1, NUCLEO-WL33CC2, STEVAL-PROTEUS1, STEVAL-SMARTAG2, STEVAL-STWINBX1, STM320518-EVAL, STM32C0116-DK, STM32C011D6Y3TR, STM32C011D6Y6TR, STM32C011F4P3, STM32C011F4P6, STM32C011F4U3, STM32C011F4U6TR, STM32C011F6P3, STM32C011F6P6, STM32C011F6U3, STM32C011F6U6TR, STM32C011J4M3, STM32C011J4M6, STM32C011J6M3, STM32C011J6M6, STM32C0316-DK, STM32C031C4T3, STM32C031C4T6, STM32C031C4U3, STM32C031C4U6, STM32C031C6T3, STM32C031C6T6, STM32C031C6U3, STM32C031C6U6, STM32C031F4P3, STM32C031F4P6, STM32C031F6P3, STM32C031F6P6, STM32C031G4U3, STM32C031G4U6, STM32C031G6U3, STM32C031G6U6, STM32C031K4T3, STM32C031K4T6, STM32C031K4U3, STM32C031K4U6, STM32C031K6T3, STM32C031K6T6, STM32C031K6U3, STM32C031K6U6, STM32C051C6T6, STM32C051C6U6, STM32C051C8T6, STM32C051C8U6, STM32C051D8Y6TR, STM32C051F6P6, STM32C051F8P6, STM32C051G6U6, STM32C051G8U6, STM32C051K6T6, STM32C051K6U6, STM32C051K8T6, STM32C071C8T6, STM32C071C8T6N, STM32C071C8U6, STM32C071C8U6N, STM32C071CBT6, STM32C071CBT6N, STM32C071CBU6, STM32C071CBU6N, STM32C071F8P6, STM32C071F8P6N, STM32C071FBP6, STM32C071FBP6N, STM32C071FBY6TR, STM32C071G8U6, STM32C071G8U6N, STM32C071GBU6, STM32C071GBU6N, STM32C071K8T6, STM32C071K8T6N, STM32C071K8U6, STM32C071K8U6N, STM32C071KBT6, STM32C071KBT6N, STM32C071KBU6, STM32C071KBU6N, STM32C071R8T6, STM32C071R8T6N, STM32C071RBI6N, STM32C071RBT6, STM32C071RBT6N, STM32C091CBT6, STM32C091CBU6, STM32C091CCT6, STM32C091CCU6, STM32C091ECY6TR, STM32C091FBP6, STM32C091FCP6, STM32C091GBU6, STM32C091GCU6, STM32C091KBT6, STM32C091KBU6, STM32C091KCT6, STM32C091KCU6, STM32C091RBT6, STM32C091RCI6, STM32C091RCT6, STM32C092CBT6, STM32C092CBU6, STM32C092CCT6, STM32C092CCU6, STM32C092ECY6TR, STM32C092FBP6, STM32C092FCP6, STM32C092GBU6, STM32C092GCU6, STM32C092KBT6, STM32C092KBU6, STM32C092KCT6, STM32C092KCU6, STM32C092RBT6, STM32C092RCI6, STM32C092RCT6, STM32G071K8TXN, STM32G071K8UXN, STM32G081GBU6N, STM32G081KBT6N, STM32G081KBUXN, STM32G0B1CCT6N, STM32G0B1KCT6, STM32G0B1NEY6TR, STM32G0B1RCT6N, STM32G0C1CCT6, STM32G0C1CCT6N, STM32G0C1CCU6N, STM32G0C1CET6N, STM32G0C1CEU6N, STM32G0C1KCT6, STM32G0C1NEY6TR, STM32G0C1RCI6N, STM32G0C1RCT6N, STM32G0C1REI6N, STM32G0C1RET6N, STM32G0C1VCI6, STM32G0C1VEI6, STM32G411C6T3, STM32G411C6T6, STM32G411C6U3, STM32G411C6U6, STM32G411C8T3, STM32G411C8T6, STM32G411C8U3, STM32G411C8U6, STM32G411CBT3, STM32G411CBT6, STM32G411CBU3, STM32G411CBU6, STM32G411CCT3, STM32G411CCT6, STM32G411CCU3, STM32G411CCU6, STM32G411K6T3, STM32G411K6T6, STM32G411K6U3, STM32G411K6U6, STM32G411K8T3, STM32G411K8T6, STM32G411K8U3, STM32G411K8U6, STM32G411KBT3, STM32G411KBT6, STM32G411KBU3, STM32G411KBU6, STM32G411M6T3, STM32G411M6T6, STM32G411M8T3, STM32G411M8T6, STM32G411MBT3, STM32G411MBT6, STM32G411MCT3, STM32G411MCT6, STM32G411R6T3, STM32G411R6T6, STM32G411R8T3, STM32G411R8T6, STM32G411RBT3, STM32G411RBT6, STM32G411RCT3, STM32G411RCT6, STM32G414CBT3, STM32G414CBT6, STM32G414CBU3, STM32G414CBU6, STM32G414CCT3, STM32G414CCT6, STM32G414CCU3, STM32G414CCU6, STM32G414MBT3, STM32G414MBT6, STM32G414MCT3, STM32G414MCT6, STM32G414RBT3, STM32G414RBT6, STM32G414RCT3, STM32G414RCT6, STM32G414VBT3, STM32G414VBT6, STM32G414VCT3, STM32G414VCT6, STM32G431CBT3Z, STM32G431RBT3Z, STM32G471CCT6, STM32G471CCU6, STM32G471CET3, STM32G471CET6, STM32G471CEU3, STM32G471CEU6, STM32G471MCT6, STM32G471MET3, STM32G471MET6, STM32G471MEY6TR, STM32G471QCT6, STM32G471QET3, STM32G471RCT6, STM32G471RET3, STM32G471RET6, STM32G471VCH6, STM32G471VCI6, STM32G471VCT6, STM32G471VEH3, STM32G471VEH6, STM32G471VEI3, STM32G471VEI6, STM32G471VET3, STM32G471VET6, STM32G473QET3Z, STM32G473RET3Z, STM32G474CCT6, STM32G491RET3Z, STM32H503CBT6, STM32H503CBU6, STM32H503EBY6TR, STM32H503KBU6, STM32H503RBT6, STM32H523CCT6, STM32H523CCU6, STM32H523CET6, STM32H523CEU6, STM32H523HEY6TR, STM32H523RCT6, STM32H523RET6, STM32H523VCI6, STM32H523VCT6, STM32H523VEI6, STM32H523VET6, STM32H523ZCJ6, STM32H523ZCT6, STM32H523ZEJ6, STM32H523ZET6, STM32H533CET6, STM32H533CEU6, STM32H533HEY6TR, STM32H533RET6, STM32H533VEI6, STM32H533VET6, STM32H533ZEJ6, STM32H533ZET6, STM32H562AGI6, STM32H562AII6, STM32H562IGK6, STM32H562IGT6, STM32H562IIK6, STM32H562IIT6, STM32H562RGT6, STM32H562RGV6, STM32H562RIT6, STM32H562RIV6, STM32H562VGT6, STM32H562VIT6, STM32H562ZGT6, STM32H562ZIT6, STM32H563AGI6, STM32H563AII3Q, STM32H563AII6, STM32H563IGK6, STM32H563IGT6, STM32H563IIK3Q, STM32H563IIK6, STM32H563IIT3Q, STM32H563IIT6, STM32H563MIY3QTR, STM32H563RGT6, STM32H563RGV6, STM32H563RIT6, STM32H563RIV6, STM32H563VGT6, STM32H563VIT3Q, STM32H563VIT6, STM32H563ZGT6, STM32H563ZIT3Q, STM32H563ZIT6, STM32H573AII3Q, STM32H573AII6, STM32H573I-DK, STM32H573IIK3Q, STM32H573IIK6, STM32H573IIT3Q, STM32H573IIT6, STM32H573MIY3QTR, STM32H573RIT6, STM32H573RIV6, STM32H573VIT3Q, STM32H573VIT6, STM32H573ZIT3Q, STM32H573ZIT6, STM32H7R3A8I6, STM32H7R3I8K6, STM32H7R3I8T6, STM32H7R3L8H6, STM32H7R3L8H6H, STM32H7R3R8V6, STM32H7R3V8H6, STM32H7R3V8T6, STM32H7R3V8Y6TR, STM32H7R3Z8J6, STM32H7R3Z8T6, STM32H7R7A8I6, STM32H7R7I8K6, STM32H7R7I8T6, STM32H7R7L8H6, STM32H7R7L8H6H, STM32H7R7Z8J6, STM32H7S3A8I6, STM32H7S3I8K6, STM32H7S3I8T6, STM32H7S3L8H6, STM32H7S3L8H6H, STM32H7S3R8V6, STM32H7S3V8H6, STM32H7S3V8T6, STM32H7S3V8Y6TR, STM32H7S3Z8J6, STM32H7S3Z8T6, STM32H7S78-DK, STM32H7S7A8I6, STM32H7S7I8K6, STM32H7S7I8T6, STM32H7S7L8H6, STM32H7S7L8H6H, STM32H7S7Z8J6, STM32L4R5QGI6STR, STM32MP131AAE3, STM32MP131AAF3, STM32MP131AAG3, STM32MP131CAE3, STM32MP131CAF3, STM32MP131CAG3, STM32MP131DAE7, STM32MP131DAF7, STM32MP131DAG7, STM32MP131FAE7, STM32MP131FAF7, STM32MP131FAG7, STM32MP133AAE3, STM32MP133AAF3, STM32MP133AAG3, STM32MP133CAE3, STM32MP133CAF3, STM32MP133CAG3, STM32MP133DAE7, STM32MP133DAF7, STM32MP133DAG7, STM32MP133FAE7, STM32MP133FAF7, STM32MP133FAG7, STM32MP135AAE3, STM32MP135AAF3, STM32MP135AAG3, STM32MP135CAE3, STM32MP135CAF3, STM32MP135CAG3, STM32MP135DAE7, STM32MP135DAF7, STM32MP135DAG7, STM32MP135F-DK, STM32MP135FAE7, STM32MP135FAF7, STM32MP135FAF7T, STM32MP135FAF7U, STM32MP135FAG7, STM32MP231AAJ3, STM32MP231AAK3, STM32MP231AAL3, STM32MP231CAJ3, STM32MP231CAK3, STM32MP231CAL3, STM32MP231DAJ3, STM32MP231DAK3, STM32MP231DAL3, STM32MP231FAJ3, STM32MP231FAK3, STM32MP231FAL3, STM32MP233AAJ3, STM32MP233AAK3, STM32MP233AAL3, STM32MP233CAJ3, STM32MP233CAK3, STM32MP233CAL3, STM32MP233DAJ3, STM32MP233DAK3, STM32MP233DAL3, STM32MP233FAJ3, STM32MP233FAK3, STM32MP233FAL3, STM32MP235AAJ3, STM32MP235AAK3, STM32MP235AAL3, STM32MP235CAJ3, STM32MP235CAK3, STM32MP235CAL3, STM32MP235DAJ3, STM32MP235DAK3, STM32MP235DAL3, STM32MP235FAJ3, STM32MP235FAK3, STM32MP235FAL3, STM32MP251AAI3, STM32MP251AAJ3, STM32MP251AAK3, STM32MP251AAL3, STM32MP251CAI3, STM32MP251CAJ3, STM32MP251CAK3, STM32MP251CAL3, STM32MP251DAI3, STM32MP251DAJ3, STM32MP251DAK3, STM32MP251DAL3, STM32MP251FAI3, STM32MP251FAJ3, STM32MP251FAK3, STM32MP251FAL3, STM32MP253AAI3, STM32MP253AAJ3, STM32MP253AAK3, STM32MP253AAL3, STM32MP253CAI3, STM32MP253CAJ3, STM32MP253CAK3, STM32MP253CAL3, STM32MP253DAI3, STM32MP253DAJ3, STM32MP253DAK3, STM32MP253DAL3, STM32MP253FAI3, STM32MP253FAJ3, STM32MP253FAK3, STM32MP253FAL3, STM32MP255AAI3, STM32MP255AAJ3, STM32MP255AAK3, STM32MP255AAL3, STM32MP255CAI3, STM32MP255CAJ3, STM32MP255CAK3, STM32MP255CAL3, STM32MP255DAI3, STM32MP255DAJ3, STM32MP255DAK3, STM32MP255DAL3, STM32MP255FAI3, STM32MP255FAJ3, STM32MP255FAK3, STM32MP255FAL3, STM32MP257AAI3, STM32MP257AAJ3, STM32MP257AAK3, STM32MP257AAL3, STM32MP257CAI3, STM32MP257CAJ3, STM32MP257CAK3, STM32MP257CAL3, STM32MP257DAI3, STM32MP257DAJ3, STM32MP257DAK3, STM32MP257DAL3, STM32MP257F-DK, STM32MP257F-EV1, STM32MP257FAI3, STM32MP257FAJ3, STM32MP257FAK3, STM32MP257FAL3, STM32N645A0H3Q, STM32N645B0H3Q, STM32N645I0H3Q, STM32N645L0H3Q, STM32N645X0H3Q, STM32N645Z0H3Q, STM32N647A0H3Q, STM32N647B0H3Q, STM32N647I0H3Q, STM32N647L0H3Q, STM32N647X0H3Q, STM32N647Z0H3Q, STM32N655A0H3Q, STM32N655B0H3Q, STM32N655I0H3Q, STM32N655L0H3Q, STM32N655X0H3Q, STM32N655Z0H3Q, STM32N6570-DK, STM32N657A0H3Q, STM32N657B0H3Q, STM32N657I0H3Q, STM32N657L0H3Q, STM32N657X0H3Q, STM32N657Z0H3Q, STM32U031C6T6, STM32U031C6U6, STM32U031C8T6, STM32U031C8U6, STM32U031F4P6, STM32U031F6P6, STM32U031F8P6, STM32U031G6Y6TR, STM32U031G8Y6TR, STM32U031K4U6, STM32U031K6U6, STM32U031K8U6, STM32U031R6I6, STM32U031R6T6, STM32U031R8I6, STM32U031R8T6, STM32U073C8T6, STM32U073C8U6, STM32U073CBT6, STM32U073CBU6, STM32U073CCT6, STM32U073CCU6, STM32U073H8Y6TR, STM32U073HBY6TR, STM32U073HCY6TR, STM32U073K8U6, STM32U073KBU6, STM32U073KCU6, STM32U073M8I6, STM32U073M8T6, STM32U073MBI6, STM32U073MBT6, STM32U073MCI6, STM32U073MCT6, STM32U073R8I6, STM32U073R8T6, STM32U073RBI6, STM32U073RBT6, STM32U073RCI6, STM32U073RCT6, STM32U083C-DK, STM32U083CCT6, STM32U083CCU6, STM32U083HCY6TR, STM32U083KCU6, STM32U083MCI6, STM32U083MCT6, STM32U083RCI6, STM32U083RCT6, STM32U375CET6, STM32U375CET6Q, STM32U375CEU6, STM32U375CEU6Q, STM32U375CEY6QTR, STM32U375CGT6, STM32U375CGT6Q, STM32U375CGU6, STM32U375CGU6Q, STM32U375CGY6QTR, STM32U375KEU6, STM32U375KGU6, STM32U375REI6, STM32U375REI6Q, STM32U375RET6, STM32U375RET6Q, STM32U375REY6GTR, STM32U375REY6QTR, STM32U375RGI6, STM32U375RGI6Q, STM32U375RGT6, STM32U375RGT6Q, STM32U375RGY6GTR, STM32U375RGY6QTR, STM32U375VEI6, STM32U375VEI6Q, STM32U375VET6, STM32U375VET6Q, STM32U375VGI6, STM32U375VGI6Q, STM32U375VGT6, STM32U375VGT6Q, STM32U385CGT6, STM32U385CGT6Q, STM32U385CGU6, STM32U385CGU6Q, STM32U385CGY6QTR, STM32U385KGU6, STM32U385RGI6, STM32U385RGI6Q, STM32U385RGT6, STM32U385RGT6Q, STM32U385RGY6GTR, STM32U385RGY6QTR, STM32U385VGI6, STM32U385VGI6Q, STM32U385VGT6, STM32U385VGT6Q, STM32U535CBT6, STM32U535CBT6Q, STM32U535CBU6, STM32U535CBU6Q, STM32U535CCT6, STM32U535CCT6Q, STM32U535CCU6, STM32U535CCU6Q, STM32U535CET6, STM32U535CET6Q, STM32U535CEU6, STM32U535CEU6Q, STM32U535JEY6QTR, STM32U535NCY6QTR, STM32U535NEY6QTR, STM32U535RBI6, STM32U535RBI6Q, STM32U535RBT6, STM32U535RBT6Q, STM32U535RCI6, STM32U535RCI6Q, STM32U535RCT6, STM32U535RCT6Q, STM32U535REI6, STM32U535REI6Q, STM32U535RET6, STM32U535RET6Q, STM32U535VCI6, STM32U535VCI6Q, STM32U535VCT6, STM32U535VCT6Q, STM32U535VEI6, STM32U535VEI6Q, STM32U535VET6, STM32U535VET6Q, STM32U545CET6, STM32U545CET6Q, STM32U545CEU6, STM32U545CEU6Q, STM32U545JEY6QTR, STM32U545NEY6QTR, STM32U545REI6, STM32U545REI6Q, STM32U545RET6, STM32U545RET6Q, STM32U545VEI6, STM32U545VEI6Q, STM32U545VET6, STM32U545VET6Q, STM32U595AIH6, STM32U595AIH6Q, STM32U595AJH6, STM32U595AJH6Q, STM32U595QII6, STM32U595QII6Q, STM32U595QJI6, STM32U595QJI6Q, STM32U595RIT6, STM32U595RIT6Q, STM32U595RJT6, STM32U595RJT6Q, STM32U595VIT6, STM32U595VIT6Q, STM32U595VJT6, STM32U595VJT6Q, STM32U595ZIT6, STM32U595ZIT6Q, STM32U595ZIY6QTR, STM32U595ZJT6, STM32U595ZJT6Q, STM32U595ZJY6QTR, STM32U599BJY6QTR, STM32U599NIH6Q, STM32U599NJH6Q, STM32U599VIT6Q, STM32U599VJT6, STM32U599VJT6Q, STM32U599ZIT6Q, STM32U599ZIY6QTR, STM32U599ZJT6Q, STM32U599ZJY6QTR, STM32U5A5AJH6, STM32U5A5AJH6Q, STM32U5A5QII3Q , STM32U5A5QJI6, STM32U5A5QJI6Q, STM32U5A5RJT6, STM32U5A5RJT6Q, STM32U5A5VJT6, STM32U5A5VJT6Q, STM32U5A5ZJT6, STM32U5A5ZJT6Q, STM32U5A5ZJY6QTR, STM32U5A9BJY6QTR, STM32U5A9J-DK, STM32U5A9NJH6Q, STM32U5A9VJT6Q, STM32U5A9ZJT6Q, STM32U5A9ZJY6QTR, STM32U5F7VIT6, STM32U5F7VIT6Q, STM32U5F7VJT6, STM32U5F7VJT6Q, STM32U5F9BJY6QTR, STM32U5F9NJH6Q, STM32U5F9VIT6Q, STM32U5F9VJT6Q, STM32U5F9ZIJ6QTR, STM32U5F9ZIT6Q, STM32U5F9ZJJ6QTR, STM32U5F9ZJT6Q, STM32U5G7VJT6, STM32U5G7VJT6Q, STM32U5G9BJY6QTR, STM32U5G9J-DK1, STM32U5G9J-DK2, STM32U5G9NJH6Q, STM32U5G9VJT6Q, STM32U5G9ZJJ6QTR, STM32U5G9ZJT6Q, STM32WB05KZV6TR, STM32WB05KZV7TR, STM32WB05TZF6TR, STM32WB05TZF7TR, STM32WB06CCF6TR, STM32WB06CCF7TR, STM32WB06CCV6TR, STM32WB06CCV7TR, STM32WB06KCV6TR, STM32WB06KCV7TR, STM32WB07CCF6TR, STM32WB07CCF7TR, STM32WB07CCV6TR, STM32WB07CCV7TR, STM32WB07KCV6TR, STM32WB07KCV7TR, STM32WB09KEV6TR, STM32WB09KEV7TR, STM32WB09TEF6TR, STM32WB09TEF7TR, STM32WB1MMCH6, STM32WBA50KGU6, STM32WBA50KGU6TR, STM32WBA52CEU6, STM32WBA52CEU6TR, STM32WBA52CEU7, STM32WBA52CEU7TR, STM32WBA52CGU6, STM32WBA52CGU6TR, STM32WBA52CGU6U, STM32WBA52CGU7, STM32WBA52CGU7TR, STM32WBA52KEU6, STM32WBA52KEU6TR, STM32WBA52KGU6, STM32WBA52KGU6TR, STM32WBA54CEU6, STM32WBA54CEU6TR, STM32WBA54CEU7, STM32WBA54CEU7TR, STM32WBA54CGU6, STM32WBA54CGU6TR, STM32WBA54CGU7, STM32WBA54CGU7TR, STM32WBA54KEU6, STM32WBA54KEU6TR, STM32WBA54KEU7, STM32WBA54KEU7TR, STM32WBA54KGU6, STM32WBA54KGU6TR, STM32WBA54KGU7, STM32WBA54KGU7TR, STM32WBA55CEU6, STM32WBA55CEU6TR, STM32WBA55CEU7, STM32WBA55CEU7TR, STM32WBA55CGU6, STM32WBA55CGU6TR, STM32WBA55CGU6U, STM32WBA55CGU7, STM32WBA55CGU7TR, STM32WBA55G-DK1, STM32WBA55HEF6, STM32WBA55HEF7, STM32WBA55HGF6, STM32WBA55HGF7, STM32WBA55UEI6, STM32WBA55UEI6TR, STM32WBA55UEI7, STM32WBA55UEI7TR, STM32WBA55UGI6, STM32WBA55UGI6TR, STM32WBA55UGI7, STM32WBA55UGI7TR, STM32WBA5MJGH6TR, STM32WBA62CGU6, STM32WBA62CIU6, STM32WBA62MGF6, STM32WBA62MIF6, STM32WBA62PGI6, STM32WBA62PII6, STM32WBA63CGU6, STM32WBA63CGU7, STM32WBA63CIU6, STM32WBA63CIU7, STM32WBA64CGU6, STM32WBA64CGU7, STM32WBA64CIU6, STM32WBA64CIU7, STM32WBA65CGU6, STM32WBA65CGU7, STM32WBA65CIU6, STM32WBA65CIU7, STM32WBA65I-DK1, STM32WBA65MGF6, STM32WBA65MGF7, STM32WBA65MIF6, STM32WBA65MIF7, STM32WBA65PGI6, STM32WBA65PGI7, STM32WBA65PII6, STM32WBA65PII7, STM32WBA65RGV6, STM32WBA65RGV7, STM32WBA65RIV6, STM32WBA65RIV7, STM32WL30K8V6, STM32WL30KBV6, STM32WL31C8V6, STM32WL31CBV6, STM32WL31K8V6, STM32WL31KBV6, STM32WL33C8V6, STM32WL33C8V6TR, STM32WL33C8V7, STM32WL33C8V7TR, STM32WL33CBV6, STM32WL33CBV6TR, STM32WL33CBV7, STM32WL33CBV7TR, STM32WL33CCV6, STM32WL33CCV6TR, STM32WL33CCV7, STM32WL33CCV7A, STM32WL33CCV7ATR, STM32WL33CCV7TR, STM32WL33K8V6, STM32WL33K8V6TR, STM32WL33K8V7, STM32WL33K8V7TR, STM32WL33KBV6, STM32WL33KBV6TR, STM32WL33KBV7, STM32WL33KBV7TR, STM32WL33KCV6, STM32WL33KCV6TR, STM32WL33KCV7, STM32WL33KCV7TR, STM32WL5MOCH6, STM32WL5MOCH6TR]
2025-06-05 19:54:25,171 [INFO] DbMcus:218 - Found 4686 MCUs, 4686 are supported
2025-06-05 19:54:25,173 [INFO] ApiDb:423 - Load user favorites file C:\Users\HP/.stm32cubeide/favorites.mcus.txt: 1 item(s)
2025-06-05 19:54:25,174 [INFO] ApiDb:427 - User favorites MCUs=[STM32F429ZIT6TR]
2025-06-05 19:54:25,174 [INFO] DbMcus:224 - Set 1 / 1 favorites MCUs
2025-06-05 19:54:26,213 [INFO] ApiDb:423 - Load user favorites file C:\Users\HP/.stm32cubeide/favorites.boards.txt: 1 item(s)
2025-06-05 19:54:26,213 [INFO] ApiDb:427 - User favorites Boards=[STM32F429I-DISC1]
2025-06-05 19:54:26,214 [INFO] DbBoards:198 - Set 1 / 1 favorites Boards
2025-06-05 19:54:26,298 [INFO] UtilMem:75 - End LoadConfig() Used Memory: 881020864 Bytes (1073741824)
2025-06-05 19:54:26,604 [WARN] ThirdParty:833 - waiting for thirdparty lock release [change project]
2025-06-05 19:54:26,604 [INFO] ThirdParty:835 - entering critical section [change project]
2025-06-05 19:54:26,604 [INFO] ThirdParty:1030 - CMSIS Pack Vendor :STMicroelectronics USBPD 4.1
2025-06-05 19:54:26,605 [INFO] ThirdParty:1030 - CMSIS Pack Vendor :STMicroelectronics X-CUBE-AZRTOS-H7 3.3.0
2025-06-05 19:54:26,605 [INFO] ThirdParty:1030 - CMSIS Pack Vendor :STMicroelectronics X-CUBE-NFC9 1.0.0
2025-06-05 19:54:26,605 [INFO] ThirdParty:1030 - CMSIS Pack Vendor :STMicroelectronics USB_HOST 2.0.0
2025-06-05 19:54:26,605 [INFO] ThirdParty:1030 - CMSIS Pack Vendor :STMicroelectronics FP-SNS-MOTENVWB1 1.4.0
2025-06-05 19:54:26,605 [INFO] ThirdParty:1030 - CMSIS Pack Vendor :STMicroelectronics X-CUBE-AZRTOS-F4 1.1.0
2025-06-05 19:54:26,605 [INFO] ThirdParty:1030 - CMSIS Pack Vendor :STMicroelectronics LIBJPEG 8.0.0
2025-06-05 19:54:26,605 [INFO] ThirdParty:1030 - CMSIS Pack Vendor :STMicroelectronics X-CUBE-BLE1 7.1.0
2025-06-05 19:54:26,605 [INFO] ThirdParty:1030 - CMSIS Pack Vendor :Avnet-IotConnect X-CUBE-IoTC-DA16k-PMOD 1.0.0
2025-06-05 19:54:26,606 [INFO] ThirdParty:1030 - CMSIS Pack Vendor :STMicroelectronics X-CUBE-SMBUS 2.1.0
2025-06-05 19:54:26,606 [INFO] ThirdParty:1030 - CMSIS Pack Vendor :STMicroelectronics X-CUBE-WB05N 1.1.0
2025-06-05 19:54:26,606 [INFO] ThirdParty:1030 - CMSIS Pack Vendor :STMicroelectronics USB_DEVICE 3.0.0
2025-06-05 19:54:26,606 [INFO] ThirdParty:1030 - CMSIS Pack Vendor :STMicroelectronics X-CUBE-ISPU 2.1.0
2025-06-05 19:54:26,606 [INFO] ThirdParty:1030 - CMSIS Pack Vendor :STMicroelectronics X-CUBE-AZRTOS-WB 2.0.0
2025-06-05 19:54:26,606 [INFO] ThirdParty:1030 - CMSIS Pack Vendor :STMicroelectronics X-CUBE-ST60 1.0.0
2025-06-05 19:54:26,606 [INFO] ThirdParty:1030 - CMSIS Pack Vendor :STMicroelectronics X-CUBE-AZRTOS-F7 1.1.0
2025-06-05 19:54:26,606 [INFO] ThirdParty:1030 - CMSIS Pack Vendor :STMicroelectronics X-CUBE-AZRTOS-L5 2.0.0
2025-06-05 19:54:26,607 [INFO] ThirdParty:1030 - CMSIS Pack Vendor :STMicroelectronics X-CUBE-TOUCHGFX 4.25.0
2025-06-05 19:54:26,607 [INFO] ThirdParty:1030 - CMSIS Pack Vendor :STMicroelectronics USB_DEVICE 2.0.0
2025-06-05 19:54:26,607 [INFO] ThirdParty:1030 - CMSIS Pack Vendor :STMicroelectronics X-CUBE-NFC6 3.1.0
2025-06-05 19:54:26,607 [INFO] ThirdParty:1030 - CMSIS Pack Vendor :STMicroelectronics X-CUBE-AI 10.1.0
2025-06-05 19:54:26,607 [INFO] ThirdParty:1030 - CMSIS Pack Vendor :STMicroelectronics FP-SNS-STBOX1 2.0.0
2025-06-05 19:54:26,607 [INFO] ThirdParty:1030 - CMSIS Pack Vendor :STMicroelectronics X-CUBE-MEMS1 11.2.0
2025-06-05 19:54:26,607 [INFO] ThirdParty:1030 - CMSIS Pack Vendor :STMicroelectronics FreeRTOS 0.0.1
2025-06-05 19:54:26,607 [INFO] ThirdParty:1030 - CMSIS Pack Vendor :STMicroelectronics X-CUBE-AZRTOS-G0 1.1.0
2025-06-05 19:54:26,607 [INFO] ThirdParty:1030 - CMSIS Pack Vendor :STMicroelectronics X-CUBE-SAFEA1 1.2.2
2025-06-05 19:54:26,608 [INFO] ThirdParty:1030 - CMSIS Pack Vendor :STMicroelectronics X-CUBE-NFC4 3.0.0
2025-06-05 19:54:26,608 [INFO] ThirdParty:1030 - CMSIS Pack Vendor :STMicroelectronics X-CUBE-DPower 1.2.0
2025-06-05 19:54:26,608 [INFO] ThirdParty:1030 - CMSIS Pack Vendor :STMicroelectronics X-CUBE-SUBG2 5.0.0
2025-06-05 19:54:26,608 [INFO] ThirdParty:1030 - CMSIS Pack Vendor :STMicroelectronics X-CUBE-AZRTOS-H7RS 1.1.0
2025-06-05 19:54:26,608 [INFO] ThirdParty:1030 - CMSIS Pack Vendor :STMicroelectronics STM32_WPAN 1.0.0
2025-06-05 19:54:26,608 [INFO] ThirdParty:1030 - CMSIS Pack Vendor :EmbeddedOffice I-CUBE-FS-RTOS 1.0.1
2025-06-05 19:54:26,608 [INFO] ThirdParty:1030 - CMSIS Pack Vendor :STMicroelectronics lwIP 2.0.3
2025-06-05 19:54:26,608 [INFO] ThirdParty:1030 - CMSIS Pack Vendor :STMicroelectronics FP-SNS-FLIGHT1 5.0.2
2025-06-05 19:54:26,608 [INFO] ThirdParty:1030 - CMSIS Pack Vendor :Cesanta I-CUBE-Mongoose 7.13.0
2025-06-05 19:54:26,609 [INFO] ThirdParty:1030 - CMSIS Pack Vendor :STMicroelectronics USB_HOST 1.0.0
2025-06-05 19:54:26,609 [INFO] ThirdParty:1030 - CMSIS Pack Vendor :Infineon AIROC-Wi-Fi-Bluetooth-STM32 1.7.0
2025-06-05 19:54:26,609 [INFO] ThirdParty:1030 - CMSIS Pack Vendor :STMicroelectronics X-CUBE-AZRTOS-G4 2.0.0
2025-06-05 19:54:26,609 [INFO] ThirdParty:1030 - CMSIS Pack Vendor :STMicroelectronics X-CUBE-WB05N 2.0.0
2025-06-05 19:54:26,609 [INFO] ThirdParty:1030 - CMSIS Pack Vendor :STMicroelectronics PDM2PCM 3.1.0
2025-06-05 19:54:26,609 [INFO] ThirdParty:1030 - CMSIS Pack Vendor :STMicroelectronics PDM2PCM 3.3.0
2025-06-05 19:54:26,609 [INFO] ThirdParty:1030 - CMSIS Pack Vendor :STMicroelectronics X-CUBE-DISPLAY 3.0.0
2025-06-05 19:54:26,609 [INFO] ThirdParty:1030 - CMSIS Pack Vendor :STMicroelectronics X-CUBE-NFC7 2.0.0
2025-06-05 19:54:26,609 [INFO] ThirdParty:1030 - CMSIS Pack Vendor :RealThread X-CUBE-RT-Thread_Nano 4.1.1
2025-06-05 19:54:26,610 [INFO] ThirdParty:1030 - CMSIS Pack Vendor :STMicroelectronics X-CUBE-BLE1 7.0.0
2025-06-05 19:54:26,610 [INFO] ThirdParty:1030 - CMSIS Pack Vendor :STMicroelectronics FP-ATR-SIGFOX1 3.2.0
2025-06-05 19:54:26,610 [INFO] ThirdParty:1030 - CMSIS Pack Vendor :STMicroelectronics X-CUBE-NFC10 1.0.0
2025-06-05 19:54:26,610 [INFO] ThirdParty:1030 - CMSIS Pack Vendor :STMicroelectronics X-CUBE-EEPRMA1 5.1.0
2025-06-05 19:54:26,610 [INFO] ThirdParty:1030 - CMSIS Pack Vendor :STMicroelectronics X-CUBE-FREERTOS 1.3.1
2025-06-05 19:54:26,610 [INFO] ThirdParty:1030 - CMSIS Pack Vendor :STMicroelectronics HAL Drivers 0.0.0
2025-06-05 19:54:26,610 [INFO] ThirdParty:1030 - CMSIS Pack Vendor :STMicroelectronics MBEDTLS 2.16.2
2025-06-05 19:54:26,611 [INFO] ThirdParty:1030 - CMSIS Pack Vendor :STMicroelectronics X-CUBE-ALS 1.0.2
2025-06-05 19:54:26,611 [INFO] ThirdParty:1030 - CMSIS Pack Vendor :STMicroelectronics X-CUBE-FREERTOS 1.3.0
2025-06-05 19:54:26,611 [INFO] ThirdParty:1030 - CMSIS Pack Vendor :STMicroelectronics X-CUBE-NFC7 1.0.1
2025-06-05 19:54:26,611 [INFO] ThirdParty:1030 - CMSIS Pack Vendor :STMicroelectronics MBEDTLS 2.14.1
2025-06-05 19:54:26,611 [INFO] ThirdParty:1030 - CMSIS Pack Vendor :STMicroelectronics X-CUBE-TOUCHGFX 4.24.2
2025-06-05 19:54:26,611 [INFO] ThirdParty:1030 - CMSIS Pack Vendor :portGmbH I-Cube-SoM-uGOAL 1.1.0
2025-06-05 19:54:26,611 [INFO] ThirdParty:1030 - CMSIS Pack Vendor :quantropi X-CUBE-qispace-sdk-base 2.0.0
2025-06-05 19:54:26,611 [INFO] ThirdParty:1030 - CMSIS Pack Vendor :STMicroelectronics X-CUBE-AI 10.0.0
2025-06-05 19:54:26,611 [INFO] ThirdParty:1030 - CMSIS Pack Vendor :STMicroelectronics X-CUBE-ST67W61 1.0.0
2025-06-05 19:54:26,611 [INFO] ThirdParty:1030 - CMSIS Pack Vendor :STMicroelectronics ThreadX 1.0.0
2025-06-05 19:54:26,612 [INFO] ThirdParty:1030 - CMSIS Pack Vendor :STMicroelectronics FP-SNS-SMARTAG2 1.2.0
2025-06-05 19:54:26,612 [INFO] ThirdParty:1030 - CMSIS Pack Vendor :STMicroelectronics FP-SNS-FLIGHT1 5.1.0
2025-06-05 19:54:26,612 [INFO] ThirdParty:1030 - CMSIS Pack Vendor :STMicroelectronics X-CUBE-MEMS1 11.1.0
2025-06-05 19:54:26,612 [INFO] ThirdParty:1030 - CMSIS Pack Vendor :STMicroelectronics X-CUBE-AZRTOS-WL 2.0.0
2025-06-05 19:54:26,612 [INFO] ThirdParty:1030 - CMSIS Pack Vendor :SEGGER I-CUBE-embOS 1.3.1
2025-06-05 19:54:26,612 [INFO] ThirdParty:1030 - CMSIS Pack Vendor :STMicroelectronics X-CUBE-ALGOBUILD 1.4.0
2025-06-05 19:54:26,612 [INFO] ThirdParty:1030 - CMSIS Pack Vendor :STMicroelectronics X-CUBE-DPower 1.3.0
2025-06-05 19:54:26,612 [INFO] ThirdParty:1030 - CMSIS Pack Vendor :STMicroelectronics FP-SNS-MOTENV1 5.0.0
2025-06-05 19:54:26,612 [INFO] ThirdParty:1030 - CMSIS Pack Vendor :STMicroelectronics USB_DEVICE 1.0.0
2025-06-05 19:54:26,612 [INFO] ThirdParty:1030 - CMSIS Pack Vendor :STMicroelectronics X-CUBE-AZRTOS-H7RS 1.0.0
2025-06-05 19:54:26,612 [INFO] ThirdParty:1030 - CMSIS Pack Vendor :STMicroelectronics X-CUBE-AZRTOS-L4 2.0.0
2025-06-05 19:54:26,613 [INFO] ThirdParty:1030 - CMSIS Pack Vendor :STMicroelectronics ThreadX 0.0.2
2025-06-05 19:54:26,613 [INFO] ThirdParty:1030 - CMSIS Pack Vendor :WES I-CUBE-Cesium 1.3.0
2025-06-05 19:54:26,613 [INFO] ThirdParty:1030 - CMSIS Pack Vendor :STMicroelectronics lwIP 2.1.2
2025-06-05 19:54:26,613 [INFO] ThirdParty:1030 - CMSIS Pack Vendor :STMicroelectronics X-CUBE-SFXS2LP1 4.0.0
2025-06-05 19:54:26,614 [INFO] ThirdParty:1030 - CMSIS Pack Vendor :STMicroelectronics X-CUBE-BLE2 3.3.0
2025-06-05 19:54:26,614 [INFO] ThirdParty:1030 - CMSIS Pack Vendor :STMicroelectronics X-CUBE-TOF1 3.4.2
2025-06-05 19:54:26,614 [INFO] ThirdParty:1030 - CMSIS Pack Vendor :STMicroelectronics X-CUBE-TOF1 3.4.3
2025-06-05 19:54:26,614 [INFO] ThirdParty:1030 - CMSIS Pack Vendor :STMicroelectronics PDM2PCM 3.2.0
2025-06-05 19:54:26,615 [INFO] ThirdParty:841 - exiting critical section [change project]
2025-06-05 19:54:28,032 [INFO] PinOutPanel:1589 - setPackage(No Configuration,No Configuration)
2025-06-05 19:54:28,035 [INFO] PinOutPanel:1589 - setPackage(STM32F429ZITx,LQFP144)
2025-06-05 19:54:29,769 [INFO] UtilMem:75 - Before build in PCC Used Memory: 510518544 Bytes (1073741824)
2025-06-05 19:54:31,628 [INFO] UtilMem:75 - After build in PCC Used Memory: 583918864 Bytes (1073741824)
2025-06-05 19:54:31,874 [INFO] ApiDbMcu:508 - Load IP Config File for FREERTOS
2025-06-05 19:54:32,018 [INFO] IPUIPlugin:80 - create IPUIPlugin
2025-06-05 19:54:32,019 [INFO] IPUIPlugin:80 - create IPUIPlugin
2025-06-05 19:54:32,020 [INFO] IPUIPlugin:80 - create IPUIPlugin
2025-06-05 19:54:32,020 [INFO] IPUIPlugin:80 - create IPUIPlugin
2025-06-05 19:54:32,020 [INFO] IPUIPlugin:80 - create IPUIPlugin
2025-06-05 19:54:32,021 [INFO] IPUIPlugin:80 - create IPUIPlugin
2025-06-05 19:54:32,022 [INFO] IPUIPlugin:80 - create IPUIPlugin
2025-06-05 19:54:32,023 [INFO] IPUIPlugin:80 - create IPUIPlugin
2025-06-05 19:54:32,023 [INFO] IPUIPlugin:80 - create IPUIPlugin
2025-06-05 19:54:32,023 [INFO] IPUIPlugin:80 - create IPUIPlugin
2025-06-05 19:54:32,024 [INFO] IPUIPlugin:80 - create IPUIPlugin
2025-06-05 19:54:32,024 [INFO] IPUIPlugin:80 - create IPUIPlugin
2025-06-05 19:54:32,024 [INFO] IPUIPlugin:80 - create IPUIPlugin
2025-06-05 19:54:32,024 [INFO] IPUIPlugin:80 - create IPUIPlugin
2025-06-05 19:54:32,025 [INFO] IPUIPlugin:80 - create IPUIPlugin
2025-06-05 19:54:32,025 [INFO] IPUIPlugin:80 - create IPUIPlugin
2025-06-05 19:54:32,025 [INFO] IPUIPlugin:80 - create IPUIPlugin
2025-06-05 19:54:32,025 [INFO] IPUIPlugin:80 - create IPUIPlugin
2025-06-05 19:54:32,026 [INFO] IPUIPlugin:80 - create IPUIPlugin
2025-06-05 19:54:32,026 [INFO] IPUIPlugin:80 - create IPUIPlugin
2025-06-05 19:54:32,026 [INFO] IPUIPlugin:80 - create IPUIPlugin
2025-06-05 19:54:32,027 [INFO] IPUIPlugin:80 - create IPUIPlugin
2025-06-05 19:54:32,027 [INFO] IPUIPlugin:80 - create IPUIPlugin
2025-06-05 19:54:32,028 [INFO] IPUIPlugin:80 - create IPUIPlugin
2025-06-05 19:54:32,029 [INFO] IPUIPlugin:80 - create IPUIPlugin
2025-06-05 19:54:32,030 [INFO] IPUIPlugin:80 - create IPUIPlugin
2025-06-05 19:54:32,030 [INFO] IPUIPlugin:80 - create IPUIPlugin
2025-06-05 19:54:32,031 [INFO] IPUIPlugin:80 - create IPUIPlugin
2025-06-05 19:54:32,031 [INFO] IPUIPlugin:80 - create IPUIPlugin
2025-06-05 19:54:32,032 [INFO] IPUIPlugin:80 - create IPUIPlugin
2025-06-05 19:54:32,032 [INFO] IPUIPlugin:80 - create IPUIPlugin
2025-06-05 19:54:32,033 [INFO] IPUIPlugin:80 - create IPUIPlugin
2025-06-05 19:54:32,034 [INFO] IPUIPlugin:80 - create IPUIPlugin
2025-06-05 19:54:32,034 [INFO] IPUIPlugin:80 - create IPUIPlugin
2025-06-05 19:54:32,035 [INFO] IPUIPlugin:80 - create IPUIPlugin
2025-06-05 19:54:32,035 [INFO] IPUIPlugin:80 - create IPUIPlugin
2025-06-05 19:54:32,036 [INFO] IPUIPlugin:80 - create IPUIPlugin
2025-06-05 19:54:32,036 [INFO] IPUIPlugin:80 - create IPUIPlugin
2025-06-05 19:54:32,037 [INFO] IPUIPlugin:80 - create IPUIPlugin
2025-06-05 19:54:32,037 [INFO] IPUIPlugin:80 - create IPUIPlugin
2025-06-05 19:54:32,038 [INFO] IPUIPlugin:80 - create IPUIPlugin
2025-06-05 19:54:32,038 [INFO] IPUIPlugin:80 - create IPUIPlugin
2025-06-05 19:54:32,039 [INFO] IPUIPlugin:80 - create IPUIPlugin
2025-06-05 19:54:32,039 [INFO] IPUIPlugin:80 - create IPUIPlugin
2025-06-05 19:54:32,040 [INFO] IPUIPlugin:80 - create IPUIPlugin
2025-06-05 19:54:32,040 [INFO] IPUIPlugin:80 - create IPUIPlugin
2025-06-05 19:54:32,041 [INFO] IPUIPlugin:80 - create IPUIPlugin
2025-06-05 19:54:32,042 [INFO] IPUIPlugin:80 - create IPUIPlugin
2025-06-05 19:54:32,042 [INFO] IPUIPlugin:80 - create IPUIPlugin
2025-06-05 19:54:32,043 [INFO] IPUIPlugin:80 - create IPUIPlugin
2025-06-05 19:54:32,044 [INFO] IPUIPlugin:80 - create IPUIPlugin
2025-06-05 19:54:32,044 [INFO] IPUIPlugin:80 - create IPUIPlugin
2025-06-05 19:54:32,045 [INFO] IPUIPlugin:80 - create IPUIPlugin
2025-06-05 19:54:32,046 [INFO] IPUIPlugin:80 - create IPUIPlugin
2025-06-05 19:54:32,047 [INFO] IPUIPlugin:80 - create IPUIPlugin
2025-06-05 19:54:32,048 [INFO] IPUIPlugin:80 - create IPUIPlugin
2025-06-05 19:54:32,049 [INFO] IPUIPlugin:80 - create IPUIPlugin
2025-06-05 19:54:32,049 [INFO] IPUIPlugin:80 - create IPUIPlugin
2025-06-05 19:54:32,050 [INFO] IPUIPlugin:80 - create IPUIPlugin
2025-06-05 19:54:32,052 [INFO] IPUIPlugin:80 - create IPUIPlugin
2025-06-05 19:54:32,052 [INFO] IPUIPlugin:80 - create IPUIPlugin
2025-06-05 19:54:32,053 [INFO] IPUIPlugin:80 - create IPUIPlugin
2025-06-05 19:54:32,054 [INFO] IPUIPlugin:80 - create IPUIPlugin
2025-06-05 19:54:32,056 [INFO] IPUIPlugin:80 - create IPUIPlugin
2025-06-05 19:54:32,057 [INFO] IPUIPlugin:80 - create IPUIPlugin
2025-06-05 19:54:32,058 [INFO] IPUIPlugin:80 - create IPUIPlugin
2025-06-05 19:54:32,087 [INFO] ApiDbMcu:508 - Load IP Config File for PDM2PCM
2025-06-05 19:54:32,179 [WARN] FreeRTOS:1023 - Null or empty value: should not occur! (nothing added to the table)
2025-06-05 19:54:33,102 [INFO] CADModel:165 - CPN selected for project levelSTM32F429ZIT6
2025-06-05 19:54:33,102 [INFO] CADModel:114 - Register for checkConnection events
2025-06-05 19:54:33,108 [INFO] RtosManager:725 - Active RTOS found at IOC load: FREERTOS [Cortex-M4NS]
2025-06-05 19:54:33,159 [INFO] OpenFileManager:385 - Restore cursor
2025-06-05 19:54:33,328 [WARN] IP:2250 - LayerIdx_L1 not found: check if there is a RefParameter without a condition.
2025-06-05 19:54:45,992 [INFO] UtilMem:75 - End SaveConfig() Used Memory: 681047504 Bytes (1073741824)
2025-06-05 19:54:49,975 [INFO] BlockDiagram:2775 - set Specific Code input for plugin: SPI
2025-06-05 19:54:49,976 [INFO] BlockDiagram:2775 - set Specific Code input for plugin: FREERTOS
2025-06-05 19:54:49,976 [INFO] BlockDiagram:2775 - set Specific Code input for plugin: LTDC
2025-06-05 19:54:49,976 [INFO] BlockDiagram:2775 - set Specific Code input for plugin: SYS
2025-06-05 19:54:49,976 [INFO] BlockDiagram:2775 - set Specific Code input for plugin: RCC
2025-06-05 19:54:49,976 [INFO] BlockDiagram:2775 - set Specific Code input for plugin: CRC
2025-06-05 19:54:49,976 [INFO] BlockDiagram:2775 - set Specific Code input for plugin: I2C
2025-06-05 19:54:49,976 [INFO] BlockDiagram:2775 - set Specific Code input for plugin: NVIC
2025-06-05 19:54:49,976 [INFO] BlockDiagram:2775 - set Specific Code input for plugin: DMA2D
2025-06-05 19:54:49,976 [INFO] BlockDiagram:2775 - set Specific Code input for plugin: FMC
2025-06-05 19:54:49,981 [INFO] BlockDiagram:2775 - set Specific Code input for plugin: GPIO
2025-06-05 19:54:49,986 [INFO] CodeGenerator:882 - code generatio: config db path: C:/Users/HP/.stm32cubemx/databases/DB.6.0.140/db/
2025-06-05 19:54:50,022 [WARN] IP:2250 - LayerIdx_L1 not found: check if there is a RefParameter without a condition.
2025-06-05 19:54:50,366 [INFO] CodeEngine:263 - oldGeneratedFile, C:\TouchGFXProjects\MyApplication\MXTmpFiles\license.tmp_save
2025-06-05 19:54:51,241 [INFO] CodeEngine:287 - Generated code: C:\TouchGFXProjects\MyApplication\MXTmpFiles\license.tmp
2025-06-05 19:54:51,526 [INFO] CodeEngine:263 - oldGeneratedFile, C:\TouchGFXProjects\MyApplication\MXTmpFiles\gpio.tmp_save
2025-06-05 19:54:51,874 [INFO] CodeEngine:287 - Generated code: C:\TouchGFXProjects\MyApplication\MXTmpFiles\gpio.tmp
2025-06-05 19:54:53,386 [INFO] Middleware:1452 - No code input for Bsp Dependency
2025-06-05 19:54:53,403 [INFO] CodeEngine:263 - oldGeneratedFile, C:\TouchGFXProjects\MyApplication\MXTmpFiles\rtos_inc.tmp_save
2025-06-05 19:54:53,579 [INFO] CodeEngine:287 - Generated code: C:\TouchGFXProjects\MyApplication\MXTmpFiles\rtos_inc.tmp
2025-06-05 19:54:53,596 [INFO] CodeEngine:263 - oldGeneratedFile, C:\TouchGFXProjects\MyApplication\MXTmpFiles\rtos_kernelInit.tmp_save
2025-06-05 19:54:53,769 [INFO] CodeEngine:287 - Generated code: C:\TouchGFXProjects\MyApplication\MXTmpFiles\rtos_kernelInit.tmp
2025-06-05 19:54:53,778 [INFO] CodeEngine:263 - oldGeneratedFile, C:\TouchGFXProjects\MyApplication\MXTmpFiles\rtos_kernelStart.tmp_save
2025-06-05 19:54:53,931 [INFO] CodeEngine:287 - Generated code: C:\TouchGFXProjects\MyApplication\MXTmpFiles\rtos_kernelStart.tmp
2025-06-05 19:54:53,940 [INFO] CodeEngine:263 - oldGeneratedFile, C:\TouchGFXProjects\MyApplication\MXTmpFiles\rtos_typedefs.tmp_save
2025-06-05 19:54:54,109 [INFO] CodeEngine:287 - Generated code: C:\TouchGFXProjects\MyApplication\MXTmpFiles\rtos_typedefs.tmp
2025-06-05 19:54:54,118 [INFO] CodeEngine:263 - oldGeneratedFile, C:\TouchGFXProjects\MyApplication\MXTmpFiles\rtos_vars.tmp_save
2025-06-05 19:54:54,446 [INFO] CodeEngine:287 - Generated code: C:\TouchGFXProjects\MyApplication\MXTmpFiles\rtos_vars.tmp
2025-06-05 19:54:54,458 [INFO] CodeEngine:263 - oldGeneratedFile, C:\TouchGFXProjects\MyApplication\MXTmpFiles\rtos_pfp.tmp_save
2025-06-05 19:54:54,669 [INFO] CodeEngine:287 - Generated code: C:\TouchGFXProjects\MyApplication\MXTmpFiles\rtos_pfp.tmp
2025-06-05 19:54:54,679 [INFO] CodeEngine:263 - oldGeneratedFile, C:\TouchGFXProjects\MyApplication\MXTmpFiles\rtos_obj_creat.tmp_save
2025-06-05 19:54:54,872 [INFO] CodeEngine:287 - Generated code: C:\TouchGFXProjects\MyApplication\MXTmpFiles\rtos_obj_creat.tmp
2025-06-05 19:54:54,883 [INFO] CodeEngine:263 - oldGeneratedFile, C:\TouchGFXProjects\MyApplication\MXTmpFiles\rtos_default_thread.tmp_save
2025-06-05 19:54:55,080 [INFO] CodeEngine:287 - Generated code: C:\TouchGFXProjects\MyApplication\MXTmpFiles\rtos_default_thread.tmp
2025-06-05 19:54:55,089 [INFO] CodeEngine:263 - oldGeneratedFile, C:\TouchGFXProjects\MyApplication\MXTmpFiles\rtos_threads.tmp_save
2025-06-05 19:54:55,283 [INFO] CodeEngine:287 - Generated code: C:\TouchGFXProjects\MyApplication\MXTmpFiles\rtos_threads.tmp
2025-06-05 19:54:55,355 [INFO] Middleware:1452 - No code input for Bsp Dependency
2025-06-05 19:54:55,375 [INFO] CodeEngine:263 - oldGeneratedFile, C:\TouchGFXProjects\MyApplication\MXTmpFiles\rtos_inc.tmp_save
2025-06-05 19:54:55,533 [INFO] CodeEngine:287 - Generated code: C:\TouchGFXProjects\MyApplication\MXTmpFiles\rtos_inc.tmp
2025-06-05 19:54:55,548 [INFO] CodeEngine:263 - oldGeneratedFile, C:\TouchGFXProjects\MyApplication\MXTmpFiles\rtos_kernelInit.tmp_save
2025-06-05 19:54:55,712 [INFO] CodeEngine:287 - Generated code: C:\TouchGFXProjects\MyApplication\MXTmpFiles\rtos_kernelInit.tmp
2025-06-05 19:54:55,730 [INFO] CodeEngine:263 - oldGeneratedFile, C:\TouchGFXProjects\MyApplication\MXTmpFiles\rtos_kernelStart.tmp_save
2025-06-05 19:54:55,837 [INFO] CodeEngine:287 - Generated code: C:\TouchGFXProjects\MyApplication\MXTmpFiles\rtos_kernelStart.tmp
2025-06-05 19:54:55,847 [INFO] CodeEngine:263 - oldGeneratedFile, C:\TouchGFXProjects\MyApplication\MXTmpFiles\rtos_typedefs.tmp_save
2025-06-05 19:54:55,944 [INFO] CodeEngine:287 - Generated code: C:\TouchGFXProjects\MyApplication\MXTmpFiles\rtos_typedefs.tmp
2025-06-05 19:54:55,955 [INFO] CodeEngine:263 - oldGeneratedFile, C:\TouchGFXProjects\MyApplication\MXTmpFiles\rtos_vars.tmp_save
2025-06-05 19:54:56,072 [INFO] CodeEngine:287 - Generated code: C:\TouchGFXProjects\MyApplication\MXTmpFiles\rtos_vars.tmp
2025-06-05 19:54:56,085 [INFO] CodeEngine:263 - oldGeneratedFile, C:\TouchGFXProjects\MyApplication\MXTmpFiles\rtos_pfp.tmp_save
2025-06-05 19:54:56,202 [INFO] CodeEngine:287 - Generated code: C:\TouchGFXProjects\MyApplication\MXTmpFiles\rtos_pfp.tmp
2025-06-05 19:54:56,211 [INFO] CodeEngine:263 - oldGeneratedFile, C:\TouchGFXProjects\MyApplication\MXTmpFiles\rtos_obj_creat.tmp_save
2025-06-05 19:54:56,304 [INFO] CodeEngine:287 - Generated code: C:\TouchGFXProjects\MyApplication\MXTmpFiles\rtos_obj_creat.tmp
2025-06-05 19:54:56,314 [INFO] CodeEngine:263 - oldGeneratedFile, C:\TouchGFXProjects\MyApplication\MXTmpFiles\rtos_default_thread.tmp_save
2025-06-05 19:54:56,387 [INFO] CodeEngine:287 - Generated code: C:\TouchGFXProjects\MyApplication\MXTmpFiles\rtos_default_thread.tmp
2025-06-05 19:54:56,396 [INFO] CodeEngine:263 - oldGeneratedFile, C:\TouchGFXProjects\MyApplication\MXTmpFiles\rtos_threads.tmp_save
2025-06-05 19:54:56,498 [INFO] CodeEngine:287 - Generated code: C:\TouchGFXProjects\MyApplication\MXTmpFiles\rtos_threads.tmp
2025-06-05 19:54:56,510 [INFO] CodeEngine:263 - oldGeneratedFile, C:\TouchGFXProjects\MyApplication\Core\Inc\FreeRTOSConfig.h_save
2025-06-05 19:54:56,674 [INFO] CodeEngine:287 - Generated code: C:\TouchGFXProjects\MyApplication\Core\Inc\FreeRTOSConfig.h
2025-06-05 19:54:56,729 [INFO] CodeEngine:263 - oldGeneratedFile, C:\TouchGFXProjects\MyApplication\Core\Src\freertos.c_save
2025-06-05 19:54:56,952 [INFO] CodeEngine:287 - Generated code: C:\TouchGFXProjects\MyApplication\Core\Src\freertos.c
2025-06-05 19:54:56,977 [INFO] CodeEngine:263 - oldGeneratedFile, C:\TouchGFXProjects\MyApplication\MXTmpFiles\mx_fmc_HC.tmp_save
2025-06-05 19:54:57,201 [INFO] CodeEngine:287 - Generated code: C:\TouchGFXProjects\MyApplication\MXTmpFiles\mx_fmc_HC.tmp
2025-06-05 19:54:57,211 [INFO] CodeEngine:263 - oldGeneratedFile, C:\TouchGFXProjects\MyApplication\MXTmpFiles\mx_fmc_GV.tmp_save
2025-06-05 19:54:57,309 [INFO] CodeEngine:287 - Generated code: C:\TouchGFXProjects\MyApplication\MXTmpFiles\mx_fmc_GV.tmp
2025-06-05 19:54:57,319 [INFO] CodeEngine:263 - oldGeneratedFile, C:\TouchGFXProjects\MyApplication\MXTmpFiles\mx_fmc_MSP.tmp_save
2025-06-05 19:54:57,448 [INFO] CodeEngine:287 - Generated code: C:\TouchGFXProjects\MyApplication\MXTmpFiles\mx_fmc_MSP.tmp
2025-06-05 19:54:57,497 [INFO] CodeEngine:263 - oldGeneratedFile, C:\TouchGFXProjects\MyApplication\Core\Src\stm32f4xx_it.c_save
2025-06-05 19:54:57,722 [INFO] CodeEngine:287 - Generated code: C:\TouchGFXProjects\MyApplication\Core\Src\stm32f4xx_it.c
2025-06-05 19:54:57,736 [INFO] CodeEngine:263 - oldGeneratedFile, C:\TouchGFXProjects\MyApplication\Core\Inc\stm32f4xx_it.h_save
2025-06-05 19:54:57,873 [INFO] CodeEngine:287 - Generated code: C:\TouchGFXProjects\MyApplication\Core\Inc\stm32f4xx_it.h
2025-06-05 19:54:57,891 [INFO] CodeEngine:263 - oldGeneratedFile, C:\TouchGFXProjects\MyApplication\MXTmpFiles\mx_fmc_HC.tmp_save
2025-06-05 19:54:57,981 [INFO] CodeEngine:287 - Generated code: C:\TouchGFXProjects\MyApplication\MXTmpFiles\mx_fmc_HC.tmp
2025-06-05 19:54:57,995 [INFO] CodeEngine:263 - oldGeneratedFile, C:\TouchGFXProjects\MyApplication\MXTmpFiles\mx_fmc_GV.tmp_save
2025-06-05 19:54:58,086 [INFO] CodeEngine:287 - Generated code: C:\TouchGFXProjects\MyApplication\MXTmpFiles\mx_fmc_GV.tmp
2025-06-05 19:54:58,096 [INFO] CodeEngine:263 - oldGeneratedFile, C:\TouchGFXProjects\MyApplication\MXTmpFiles\mx_fmc_MSP.tmp_save
2025-06-05 19:54:58,188 [INFO] CodeEngine:287 - Generated code: C:\TouchGFXProjects\MyApplication\MXTmpFiles\mx_fmc_MSP.tmp
2025-06-05 19:54:58,217 [INFO] CodeEngine:263 - oldGeneratedFile, C:\TouchGFXProjects\MyApplication\Core\Src\stm32f4xx_hal_msp.c_save
2025-06-05 19:54:58,458 [INFO] CodeEngine:287 - Generated code: C:\TouchGFXProjects\MyApplication\Core\Src\stm32f4xx_hal_msp.c
2025-06-05 19:54:58,467 [INFO] CodeEngine:263 - oldGeneratedFile, C:\TouchGFXProjects\MyApplication\MXTmpFiles\system.tmp_save
2025-06-05 19:54:58,541 [INFO] CodeEngine:287 - Generated code: C:\TouchGFXProjects\MyApplication\MXTmpFiles\system.tmp
2025-06-05 19:54:58,551 [INFO] CodeEngine:263 - oldGeneratedFile, C:\TouchGFXProjects\MyApplication\Core\Src\stm32f4xx_hal_timebase_tim.c_save
2025-06-05 19:54:58,639 [INFO] CodeEngine:287 - Generated code: C:\TouchGFXProjects\MyApplication\Core\Src\stm32f4xx_hal_timebase_tim.c
2025-06-05 19:54:58,665 [INFO] CodeEngine:319 - oldGeneratedFile, C:\TouchGFXProjects\MyApplication\Core\Inc\stm32f4xx_hal_conf.h_save
2025-06-05 19:54:58,773 [INFO] CodeEngine:343 - Generated code: C:\TouchGFXProjects\MyApplication\Core\Inc\stm32f4xx_hal_conf.h
2025-06-05 19:54:58,828 [INFO] ApiDbMcu:508 - Load IP Config File for CRC
2025-06-05 19:54:58,832 [INFO] ApiDbMcu:508 - Load IP Config File for DMA2D
2025-06-05 19:54:58,846 [INFO] ApiDbMcu:508 - Load IP Config File for FMC
2025-06-05 19:54:58,853 [INFO] ApiDbMcu:508 - Load IP Config File for I2C3
2025-06-05 19:54:58,857 [INFO] ApiDbMcu:508 - Load IP Config File for LTDC
2025-06-05 19:54:58,863 [INFO] ApiDbMcu:508 - Load IP Config File for SPI5
2025-06-05 19:54:58,868 [INFO] ApiDbMcu:508 - Load IP Config File for RCC
2025-06-05 19:54:58,894 [INFO] CodeEngine:263 - oldGeneratedFile, C:\TouchGFXProjects\MyApplication\Core\Inc\main.h_save
2025-06-05 19:54:59,068 [INFO] CodeEngine:287 - Generated code: C:\TouchGFXProjects\MyApplication\Core\Inc\main.h
2025-06-05 19:54:59,081 [INFO] CodeEngine:263 - oldGeneratedFile, C:\TouchGFXProjects\MyApplication\Core\Src\main.c_save
2025-06-05 19:54:59,699 [INFO] CodeEngine:287 - Generated code: C:\TouchGFXProjects\MyApplication\Core\Src\main.c
2025-06-05 19:55:00,912 [INFO] ProjectBuilder:3324 - Time for Copy HAL[1] : 700mS.
2025-06-05 19:55:00,929 [INFO] ProjectBuilder:4912 - Project Generator version: 4.6.0.1-B1
2025-06-05 19:55:01,123 [INFO] ConfigFileManager:1590 - The Die is : DIE419
2025-06-05 19:55:01,133 [INFO] ApiDbMcu:508 - Load IP Config File for FATFS
2025-06-05 19:55:01,138 [INFO] ApiDbMcu:508 - Load IP Config File for LIBJPEG
2025-06-05 19:55:01,149 [INFO] ApiDbMcu:508 - Load IP Config File for LWIP
2025-06-05 19:55:01,162 [INFO] ApiDbMcu:508 - Load IP Config File for MBEDTLS
2025-06-05 19:55:01,178 [INFO] ApiDbMcu:508 - Load IP Config File for USB_DEVICE
2025-06-05 19:55:01,184 [INFO] ApiDbMcu:508 - Load IP Config File for USB_HOST
2025-06-05 19:55:04,335 [INFO] LogOutputStream:77 - [STDOUT_REDIRECT] 
2025-06-05 19:55:27,130 [INFO] ProjectBuilder:5191 - Time for Generating toolchain IDE Files: 26200mS.
2025-06-05 19:55:27,132 [INFO] ProjectBuilder:3181 - Time for Copy CMSIS : 1mS.
2025-06-05 19:55:27,869 [INFO] ProjectBuilder:3181 - Time for Copy CMSIS : 1mS.
2025-06-05 20:06:41,936 [ERROR] LogOutputStream:75 - [STDERR_REDIRECT] 
2025-06-05 20:07:41,357 [INFO] Activator:176 - 


2025-06-05 20:07:41,360 [INFO] Activator:177 - !SESSION log4j initialized
2025-06-05 20:07:51,744 [INFO] LogOutputStream:77 - [STDOUT_REDIRECT] 
2025-06-05 20:09:19,050 [INFO] ApplicationProperties:184 - Using Application install path: C:\ST\STM32CubeIDE_1.17.0\STM32CubeIDE\plugins\com.st.stm32cube.common.mx_6.14.1.202504091515
2025-06-05 20:09:19,078 [INFO] DbMcusXml:78 - Set database path to: C:\ST\STM32CubeIDE_1.17.0\STM32CubeIDE\plugins\com.st.stm32cube.common.mx_6.14.1.202504091515\\db\/mcu/
2025-06-05 20:09:19,079 [INFO] ApiDb:274 - Set plugin database path to: C:\ST\STM32CubeIDE_1.17.0\STM32CubeIDE\plugins\com.st.stm32cube.common.mx_6.14.1.202504091515\\db\/plugins/boardmanager/
2025-06-05 20:09:19,079 [WARN] ApiDb:259 - Overriding images path with different value:  => C:\ST\STM32CubeIDE_1.17.0\STM32CubeIDE\plugins\com.st.stm32cube.common.mx_6.14.1.202504091515\\db\/plugins/mcufinder/images/
2025-06-05 20:09:19,095 [INFO] ApiDb:250 - Set database path to: C:\Users\HP\.stmcufinder\plugins\mcufinder//mcu/
2025-06-05 20:09:19,098 [INFO] DbMcusAds:125 - Set database path to: C:\Users\HP\.stmcufinder\plugins\mcufinder//mcu/
2025-06-05 20:09:19,876 [INFO] CrossReferenceDbSqlite:203 - Set database path to: C:\Users\HP\.stmcufinder\plugins\mcufinder//mcu/cs/
2025-06-05 20:09:20,241 [INFO] RulesReader:64 - Compatibility file has been processed (302 Rules)
2025-06-05 20:09:20,467 [INFO] DbMcusXml:78 - Set database path to: C:\ST\STM32CubeIDE_1.17.0\STM32CubeIDE\plugins\com.st.stm32cube.common.mx_6.14.1.202504091515\\db\/mcu/
2025-06-05 20:09:20,468 [INFO] ApiDb:274 - Set plugin database path to: C:\ST\STM32CubeIDE_1.17.0\STM32CubeIDE\plugins\com.st.stm32cube.common.mx_6.14.1.202504091515\\db\/plugins/boardmanager/
2025-06-05 20:09:20,468 [INFO] ApiDb:261 - Set plugin images path to: C:\ST\STM32CubeIDE_1.17.0\STM32CubeIDE\plugins\com.st.stm32cube.common.mx_6.14.1.202504091515\\db\/plugins/mcufinder/images/
2025-06-05 20:09:20,468 [WARN] DbFile:41 - Overriding database path with different value: C:\Users\HP\.stmcufinder\plugins\mcufinder/ => C:\Users\HP\.stmcufinder\plugins\mcufinder
2025-06-05 20:09:20,468 [INFO] ApiDb:250 - Set database path to: C:\Users\HP\.stmcufinder\plugins\mcufinder//mcu/
2025-06-05 20:09:20,468 [WARN] DbFile:41 - Overriding database path with different value: C:\Users\HP\.stmcufinder\plugins\mcufinder/ => C:\Users\HP\.stmcufinder\plugins\mcufinder
2025-06-05 20:09:20,469 [INFO] DbMcusAds:125 - Set database path to: C:\Users\HP\.stmcufinder\plugins\mcufinder//mcu/
2025-06-05 20:09:20,469 [WARN] DbFile:41 - Overriding database path with different value: C:\Users\HP\.stmcufinder\plugins\mcufinder/ => C:\Users\HP\.stmcufinder\plugins\mcufinder
2025-06-05 20:09:20,469 [WARN] DbFile:41 - Overriding database path with different value: C:\Users\HP\.stmcufinder\plugins\mcufinder/ => C:\Users\HP\.stmcufinder\plugins\mcufinder
2025-06-05 20:09:20,469 [INFO] CrossReferenceDbSqlite:203 - Set database path to: C:\Users\HP\.stmcufinder\plugins\mcufinder//mcu/cs/
2025-06-05 20:09:20,697 [INFO] MainPanel:272 - HeapMemory: 282066944
2025-06-05 20:09:21,018 [INFO] DbMcusXml:78 - Set database path to: C:\ST\STM32CubeIDE_1.17.0\STM32CubeIDE\plugins\com.st.stm32cube.common.mx_6.14.1.202504091515\\db\/mcu/
2025-06-05 20:09:21,018 [INFO] ApiDb:274 - Set plugin database path to: C:\ST\STM32CubeIDE_1.17.0\STM32CubeIDE\plugins\com.st.stm32cube.common.mx_6.14.1.202504091515\\db\/plugins/boardmanager/
2025-06-05 20:09:21,018 [INFO] ApiDb:261 - Set plugin images path to: C:\ST\STM32CubeIDE_1.17.0\STM32CubeIDE\plugins\com.st.stm32cube.common.mx_6.14.1.202504091515\\db\/plugins/mcufinder/images/
2025-06-05 20:09:21,019 [WARN] DbFile:41 - Overriding database path with different value: C:\Users\HP\.stmcufinder\plugins\mcufinder/ => C:\Users\HP\.stmcufinder\plugins\mcufinder
2025-06-05 20:09:21,019 [INFO] ApiDb:250 - Set database path to: C:\Users\HP\.stmcufinder\plugins\mcufinder//mcu/
2025-06-05 20:09:21,020 [WARN] DbFile:41 - Overriding database path with different value: C:\Users\HP\.stmcufinder\plugins\mcufinder/ => C:\Users\HP\.stmcufinder\plugins\mcufinder
2025-06-05 20:09:21,020 [INFO] DbMcusAds:125 - Set database path to: C:\Users\HP\.stmcufinder\plugins\mcufinder//mcu/
2025-06-05 20:09:21,020 [WARN] DbFile:41 - Overriding database path with different value: C:\Users\HP\.stmcufinder\plugins\mcufinder/ => C:\Users\HP\.stmcufinder\plugins\mcufinder
2025-06-05 20:09:21,020 [WARN] DbFile:41 - Overriding database path with different value: C:\Users\HP\.stmcufinder\plugins\mcufinder/ => C:\Users\HP\.stmcufinder\plugins\mcufinder
2025-06-05 20:09:21,020 [INFO] CrossReferenceDbSqlite:203 - Set database path to: C:\Users\HP\.stmcufinder\plugins\mcufinder//mcu/cs/
2025-06-05 20:09:21,063 [INFO] ApplicationProperties:184 - Using Application install path: C:\ST\STM32CubeIDE_1.17.0\STM32CubeIDE\plugins\com.st.stm32cube.common.mx_6.14.1.202504091515
2025-06-05 20:09:21,076 [INFO] PluginManage:196 - Search for loadable plugins [exclusion list=, ]
2025-06-05 20:09:21,081 [INFO] PluginManage:310 - Check plugin analytics
2025-06-05 20:09:21,484 [INFO] AnalyticsPlugin:253 - Accepted Software Licenses: 
2025-06-05 20:09:21,484 [INFO] AnalyticsPlugin:255 - Accepted CMSIS Pack Licenses: 
2025-06-05 20:09:21,485 [INFO] AnalyticsPlugin:257 - Accepted Firmware Licenses: FW.F4.1.28.0
2025-06-05 20:09:21,492 [INFO] PluginManage:359 - Loaded plugin analytics (category:tool,tabindex:-1)
2025-06-05 20:09:21,493 [INFO] PluginManage:310 - Check plugin cadmodel
2025-06-05 20:09:21,499 [INFO] CADModel:105 - Init CAD model plugin
2025-06-05 20:09:21,499 [INFO] PluginManage:359 - Loaded plugin cadmodel (category:power,tabindex:5)
2025-06-05 20:09:21,500 [INFO] PluginManage:310 - Check plugin clock
2025-06-05 20:09:21,514 [INFO] PluginManage:359 - Loaded plugin clock (category:base,tabindex:2)
2025-06-05 20:09:21,515 [INFO] PluginManage:310 - Check plugin ddr
2025-06-05 20:09:21,518 [INFO] PluginManage:359 - Loaded plugin ddr (category:tool,tabindex:6)
2025-06-05 20:09:21,519 [INFO] PluginManage:310 - Check plugin filemanager
2025-06-05 20:09:22,532 [INFO] PluginManage:359 - Loaded plugin filemanager (category:base,tabindex:10)
2025-06-05 20:09:22,532 [INFO] PluginManage:310 - Check plugin ipmanager
2025-06-05 20:09:22,546 [INFO] PluginManage:359 - Loaded plugin ipmanager (category:base,tabindex:5)
2025-06-05 20:09:22,546 [INFO] PluginManage:310 - Check plugin lpbam
2025-06-05 20:09:22,590 [INFO] PluginManage:359 - Loaded plugin lpbam (category:base,tabindex:0)
2025-06-05 20:09:22,590 [INFO] PluginManage:310 - Check plugin memorymap
2025-06-05 20:09:22,618 [INFO] PluginManage:359 - Loaded plugin memorymap (category:base,tabindex:4)
2025-06-05 20:09:22,618 [INFO] PluginManage:310 - Check plugin pinoutandconfiguration
2025-06-05 20:09:22,637 [INFO] PluginManage:359 - Loaded plugin pinoutandconfiguration (category:base,tabindex:1)
2025-06-05 20:09:22,637 [INFO] PluginManage:310 - Check plugin pinoutconfig
2025-06-05 20:09:22,847 [WARN] SupportedApi:132 - Cannot load RTOS API schema: s4s-elt-must-match.1: The content of 'definitions' must match (annotation?, (simpleType | complexType)?, (unique | key | keyref)*)). A problem was found starting at: attribute.
2025-06-05 20:09:23,179 [INFO] PluginManage:359 - Loaded plugin pinoutconfig (category:base,tabindex:0)
2025-06-05 20:09:23,179 [INFO] PluginManage:310 - Check plugin power
2025-06-05 20:09:23,198 [INFO] PluginManage:359 - Loaded plugin power (category:power,tabindex:4)
2025-06-05 20:09:23,198 [INFO] PluginManage:310 - Check plugin projectmanager
2025-06-05 20:09:23,240 [INFO] PluginManage:359 - Loaded plugin projectmanager (category:projectmanager,tabindex:4)
2025-06-05 20:09:23,240 [INFO] PluginManage:310 - Check plugin rif
2025-06-05 20:09:23,255 [INFO] PluginManage:359 - Loaded plugin rif (category:base,tabindex:3)
2025-06-05 20:09:23,255 [INFO] PluginManage:310 - Check plugin thirdparty
2025-06-05 20:09:23,629 [INFO] PluginManage:359 - Loaded plugin thirdparty (category:base,tabindex:-1)
2025-06-05 20:09:23,630 [INFO] PluginManage:310 - Check plugin tools
2025-06-05 20:09:23,635 [INFO] PluginManage:359 - Loaded plugin tools (category:base,tabindex:7)
2025-06-05 20:09:23,635 [INFO] PluginManage:310 - Check plugin tutovideos
2025-06-05 20:09:23,650 [WARN] IntegrityCheckThread:84 - waiting for thirdparty lock release [integrity check]
2025-06-05 20:09:23,761 [INFO] IntegrityCheckThread:86 - entering critical section [integrity check]
2025-06-05 20:09:23,761 [INFO] ThirdPartyUpdaterWithRetryManager:70 - Updater plugin not ready yet. [1/15]
2025-06-05 20:09:24,164 [INFO] PluginManage:359 - Loaded plugin tutovideos (category:base,tabindex:-1)
2025-06-05 20:09:24,164 [INFO] PluginManage:310 - Check plugin updater
2025-06-05 20:09:24,238 [INFO] PluginManage:359 - Loaded plugin updater (category:base,tabindex:12)
2025-06-05 20:09:24,238 [INFO] PluginManage:310 - Check plugin userauth
2025-06-05 20:09:24,245 [INFO] UserAuth:118 - Init User Auth plugin
2025-06-05 20:09:24,247 [INFO] PluginManage:359 - Loaded plugin userauth (category:base,tabindex:14)
2025-06-05 20:09:24,248 [INFO] PluginManage:283 - PluginManage : Loaded plugins [18]
2025-06-05 20:09:25,033 [INFO] PinOutPanel:1589 - setPackage(No Configuration,No Configuration)
2025-06-05 20:09:25,220 [INFO] CADModel:165 - CPN selected for project level
2025-06-05 20:09:25,220 [INFO] CADModel:114 - Register for checkConnection events
2025-06-05 20:09:25,261 [INFO] IPUIPlugin:80 - create IPUIPlugin
2025-06-05 20:09:25,262 [INFO] PluginManager:220 - loadIPPluginJar : add adc
2025-06-05 20:09:25,268 [INFO] IPUIPlugin:80 - create IPUIPlugin
2025-06-05 20:09:25,268 [INFO] PluginManager:220 - loadIPPluginJar : add aes
2025-06-05 20:09:25,274 [INFO] IPUIPlugin:80 - create IPUIPlugin
2025-06-05 20:09:25,276 [INFO] PluginManager:220 - loadIPPluginJar : add can
2025-06-05 20:09:25,281 [INFO] IPUIPlugin:80 - create IPUIPlugin
2025-06-05 20:09:25,281 [INFO] PluginManager:220 - loadIPPluginJar : add comp
2025-06-05 20:09:25,286 [INFO] IPUIPlugin:80 - create IPUIPlugin
2025-06-05 20:09:25,286 [INFO] PluginManager:220 - loadIPPluginJar : add cryp
2025-06-05 20:09:25,292 [INFO] IPUIPlugin:80 - create IPUIPlugin
2025-06-05 20:09:25,292 [INFO] PluginManager:220 - loadIPPluginJar : add ddr_ctrl_phy
2025-06-05 20:09:25,298 [INFO] IPUIPlugin:80 - create IPUIPlugin
2025-06-05 20:09:25,299 [INFO] PluginManager:220 - loadIPPluginJar : add dfsdm
2025-06-05 20:09:25,309 [INFO] IPUIPlugin:80 - create IPUIPlugin
2025-06-05 20:09:25,310 [INFO] PluginManager:220 - loadIPPluginJar : add dma
2025-06-05 20:09:25,315 [INFO] IPUIPlugin:80 - create IPUIPlugin
2025-06-05 20:09:25,316 [INFO] PluginManager:220 - loadIPPluginJar : add dma3
2025-06-05 20:09:25,321 [INFO] IPUIPlugin:80 - create IPUIPlugin
2025-06-05 20:09:25,321 [INFO] PluginManager:220 - loadIPPluginJar : add extmemmanager
2025-06-05 20:09:25,324 [INFO] IPUIPlugin:80 - create IPUIPlugin
2025-06-05 20:09:25,325 [INFO] PluginManager:220 - loadIPPluginJar : add fatfs
2025-06-05 20:09:25,337 [INFO] IPUIPlugin:80 - create IPUIPlugin
2025-06-05 20:09:25,338 [INFO] PluginManager:220 - loadIPPluginJar : add fmc
2025-06-05 20:09:25,352 [INFO] IPUIPlugin:80 - create IPUIPlugin
2025-06-05 20:09:25,354 [INFO] PluginManager:220 - loadIPPluginJar : add freertos
2025-06-05 20:09:25,358 [INFO] IPUIPlugin:80 - create IPUIPlugin
2025-06-05 20:09:25,359 [INFO] PluginManager:220 - loadIPPluginJar : add genericplugin
2025-06-05 20:09:25,364 [INFO] IPUIPlugin:80 - create IPUIPlugin
2025-06-05 20:09:25,364 [INFO] PluginManager:220 - loadIPPluginJar : add gfxmmu
2025-06-05 20:09:25,375 [INFO] IPUIPlugin:80 - create IPUIPlugin
2025-06-05 20:09:25,376 [INFO] PluginManager:220 - loadIPPluginJar : add gic
2025-06-05 20:09:25,408 [INFO] IPUIPlugin:80 - create IPUIPlugin
2025-06-05 20:09:25,409 [INFO] PluginManager:220 - loadIPPluginJar : add gpio
2025-06-05 20:09:25,421 [INFO] IPUIPlugin:80 - create IPUIPlugin
2025-06-05 20:09:25,421 [INFO] PluginManager:220 - loadIPPluginJar : add gtzc
2025-06-05 20:09:25,428 [INFO] IPUIPlugin:80 - create IPUIPlugin
2025-06-05 20:09:25,428 [INFO] PluginManager:220 - loadIPPluginJar : add hash
2025-06-05 20:09:25,440 [INFO] IPUIPlugin:80 - create IPUIPlugin
2025-06-05 20:09:25,441 [INFO] PluginManager:220 - loadIPPluginJar : add i2c
2025-06-05 20:09:25,449 [INFO] IPUIPlugin:80 - create IPUIPlugin
2025-06-05 20:09:25,449 [INFO] PluginManager:220 - loadIPPluginJar : add i2s
2025-06-05 20:09:25,465 [INFO] IPUIPlugin:80 - create IPUIPlugin
2025-06-05 20:09:25,466 [INFO] PluginManager:220 - loadIPPluginJar : add i3c
2025-06-05 20:09:25,473 [INFO] IPUIPlugin:80 - create IPUIPlugin
2025-06-05 20:09:25,473 [INFO] PluginManager:220 - loadIPPluginJar : add ipddr
2025-06-05 20:09:25,489 [INFO] IPUIPlugin:80 - create IPUIPlugin
2025-06-05 20:09:25,489 [INFO] PluginManager:220 - loadIPPluginJar : add linkedlist
2025-06-05 20:09:25,497 [INFO] IPUIPlugin:80 - create IPUIPlugin
2025-06-05 20:09:25,497 [INFO] PluginManager:220 - loadIPPluginJar : add lorawan
2025-06-05 20:09:25,501 [INFO] IPUIPlugin:80 - create IPUIPlugin
2025-06-05 20:09:25,501 [INFO] PluginManager:220 - loadIPPluginJar : add ltdc
2025-06-05 20:09:25,511 [INFO] IPUIPlugin:80 - create IPUIPlugin
2025-06-05 20:09:25,511 [INFO] PluginManager:220 - loadIPPluginJar : add mdma
2025-06-05 20:09:25,518 [INFO] IPUIPlugin:80 - create IPUIPlugin
2025-06-05 20:09:25,518 [INFO] PluginManager:220 - loadIPPluginJar : add nvic
2025-06-05 20:09:25,524 [INFO] IPUIPlugin:80 - create IPUIPlugin
2025-06-05 20:09:25,525 [INFO] PluginManager:220 - loadIPPluginJar : add opamp
2025-06-05 20:09:25,532 [INFO] IPUIPlugin:80 - create IPUIPlugin
2025-06-05 20:09:25,532 [INFO] PluginManager:220 - loadIPPluginJar : add openamp
2025-06-05 20:09:25,538 [INFO] IPUIPlugin:80 - create IPUIPlugin
2025-06-05 20:09:25,538 [INFO] PluginManager:220 - loadIPPluginJar : add pdm2pcm
2025-06-05 20:09:25,549 [INFO] IPUIPlugin:80 - create IPUIPlugin
2025-06-05 20:09:25,569 [INFO] PluginManager:220 - loadIPPluginJar : add plateformsettings
2025-06-05 20:09:25,572 [INFO] IPUIPlugin:80 - create IPUIPlugin
2025-06-05 20:09:25,573 [INFO] PluginManager:220 - loadIPPluginJar : add quadspi
2025-06-05 20:09:25,577 [INFO] IPUIPlugin:80 - create IPUIPlugin
2025-06-05 20:09:25,579 [INFO] PluginManager:220 - loadIPPluginJar : add radio
2025-06-05 20:09:25,585 [INFO] IPUIPlugin:80 - create IPUIPlugin
2025-06-05 20:09:25,585 [INFO] PluginManager:220 - loadIPPluginJar : add resmgrutility
2025-06-05 20:09:25,592 [INFO] IPUIPlugin:80 - create IPUIPlugin
2025-06-05 20:09:25,593 [INFO] PluginManager:220 - loadIPPluginJar : add sai
2025-06-05 20:09:25,598 [INFO] IPUIPlugin:80 - create IPUIPlugin
2025-06-05 20:09:25,598 [INFO] PluginManager:220 - loadIPPluginJar : add spi
2025-06-05 20:09:25,610 [INFO] IPUIPlugin:80 - create IPUIPlugin
2025-06-05 20:09:25,611 [INFO] PluginManager:220 - loadIPPluginJar : add stm32_wpan
2025-06-05 20:09:25,615 [INFO] IPUIPlugin:80 - create IPUIPlugin
2025-06-05 20:09:25,615 [INFO] PluginManager:220 - loadIPPluginJar : add tim
2025-06-05 20:09:25,622 [INFO] IPUIPlugin:80 - create IPUIPlugin
2025-06-05 20:09:25,623 [INFO] PluginManager:220 - loadIPPluginJar : add touchsensing
2025-06-05 20:09:25,627 [INFO] IPUIPlugin:80 - create IPUIPlugin
2025-06-05 20:09:25,627 [INFO] PluginManager:220 - loadIPPluginJar : add tracer_emb
2025-06-05 20:09:25,631 [INFO] IPUIPlugin:80 - create IPUIPlugin
2025-06-05 20:09:25,632 [INFO] PluginManager:220 - loadIPPluginJar : add ts
2025-06-05 20:09:25,636 [INFO] IPUIPlugin:80 - create IPUIPlugin
2025-06-05 20:09:25,636 [INFO] PluginManager:220 - loadIPPluginJar : add tsc
2025-06-05 20:09:25,640 [INFO] IPUIPlugin:80 - create IPUIPlugin
2025-06-05 20:09:25,641 [INFO] PluginManager:220 - loadIPPluginJar : add ucpd
2025-06-05 20:09:25,646 [INFO] IPUIPlugin:80 - create IPUIPlugin
2025-06-05 20:09:25,647 [INFO] PluginManager:220 - loadIPPluginJar : add usart
2025-06-05 20:09:25,653 [INFO] IPUIPlugin:80 - create IPUIPlugin
2025-06-05 20:09:25,653 [INFO] PluginManager:220 - loadIPPluginJar : add usbx
2025-06-05 20:09:25,965 [FATAL] Updater:351 - Updater called before beeing initialized
2025-06-05 20:09:26,148 [INFO] RulesReader:64 - Compatibility file has been processed (302 Rules)
2025-06-05 20:09:26,183 [INFO] RulesReader:64 - Compatibility file has been processed (302 Rules)
2025-06-05 20:09:26,199 [INFO] CADModel:165 - CPN selected for project level
2025-06-05 20:09:26,199 [INFO] CADModel:114 - Register for checkConnection events
2025-06-05 20:09:26,199 [FATAL] Updater:351 - Updater called before beeing initialized
2025-06-05 20:09:26,199 [ERROR] CADModel:125 - Updater not yet initialized, retry later 
2025-06-05 20:09:26,783 [FATAL] Updater:351 - Updater called before beeing initialized
2025-06-05 20:09:26,786 [INFO] CADModel:165 - CPN selected for project level
2025-06-05 20:09:26,786 [INFO] CADModel:114 - Register for checkConnection events
2025-06-05 20:09:26,786 [FATAL] Updater:351 - Updater called before beeing initialized
2025-06-05 20:09:26,786 [ERROR] CADModel:125 - Updater not yet initialized, retry later 
2025-06-05 20:09:26,791 [FATAL] Updater:351 - Updater called before beeing initialized
2025-06-05 20:09:26,795 [INFO] ThirdPartyUpdaterWithRetryManager:70 - Updater plugin not ready yet. [2/15]
2025-06-05 20:09:27,264 [FATAL] Updater:351 - Updater called before beeing initialized
2025-06-05 20:09:27,274 [INFO] DbMcusAds:53 - JSON generation date=Wed May 07 16:07:55 ICT 2025 (1746608875679)
2025-06-05 20:09:27,274 [FATAL] Updater:351 - Updater called before beeing initialized
2025-06-05 20:09:27,399 [WARN] DetailPanel:346 - Failed to get advertising image, set to default
2025-06-05 20:09:28,059 [FATAL] Updater:351 - Updater called before beeing initialized
2025-06-05 20:09:28,064 [FATAL] Updater:351 - Updater called before beeing initialized
2025-06-05 20:09:28,064 [FATAL] Updater:351 - Updater called before beeing initialized
2025-06-05 20:09:28,065 [WARN] DetailPanel:346 - Failed to get advertising image, set to default
2025-06-05 20:09:28,067 [FATAL] Updater:351 - Updater called before beeing initialized
2025-06-05 20:09:28,710 [ERROR] Updater:1198 - MainUpdater not yet initialized. External WinMGr cannot be set.
2025-06-05 20:09:28,714 [INFO] Updater:1134 - Updater Version found : 6.14.1
2025-06-05 20:09:28,743 [INFO] ApplicationProperties:184 - Using Application install path: C:\ST\STM32CubeIDE_1.17.0\STM32CubeIDE\plugins\com.st.stm32cube.common.mx_6.14.1.202504091515
2025-06-05 20:09:29,798 [FATAL] Updater:351 - Updater called before beeing initialized
2025-06-05 20:09:29,798 [ERROR] IntegrityCheckThread:130 - Cannot retrieve database content from updater: error 21
2025-06-05 20:09:29,799 [INFO] ThirdParty:978 - Integrity check success = false
2025-06-05 20:09:29,799 [INFO] IntegrityCheckThread:100 - exiting critical section [integrity check]
2025-06-05 20:09:29,799 [INFO] IntegrityCheckThread:103 - End integrity checks thread
2025-06-05 20:09:30,341 [ERROR] LogOutputStream:75 - [STDERR_REDIRECT] Jun 05, 2025 8:09:30 PM java.util.prefs.WindowsPreferences <init>
2025-06-05 20:09:30,344 [ERROR] LogOutputStream:75 - [STDERR_REDIRECT] WARNING: Could not open/create prefs root node Software\JavaSoft\Prefs at root 0xffffffff80000002. Windows RegCreateKeyEx(...) returned error code 5.
2025-06-05 20:09:30,345 [ERROR] LogOutputStream:75 - [STDERR_REDIRECT] 
2025-06-05 20:09:30,892 [INFO] MainUpdater:2872 - connection check result : 10
2025-06-05 20:09:30,893 [INFO] MainUpdater:289 - Updater Check For Update Now.
2025-06-05 20:09:30,893 [INFO] MicroXplorer:498 - Change Database Version : DB.6.0.141
2025-06-05 20:09:30,903 [INFO] McuFinderGlobals:63 - Set McuFinder mode to 2 (CubeIDE integrated)
2025-06-05 20:09:30,903 [INFO] UserAuth:171 - activating auth plugin
2025-06-05 20:09:30,938 [INFO] UserAuth:484 - Internet connection configuration mode: 1
2025-06-05 20:09:31,003 [INFO] JxBrowserEngine:152 - Initiate JxBrowser Engine with user profile folder
2025-06-05 20:09:31,170 [INFO] CheckServerUpdateThread:120 - End of CheckServer Thread
2025-06-05 20:09:32,614 [INFO] WebApp:169 - Instantiating new browser for Auth
2025-06-05 20:09:34,208 [INFO] WebApp:463 - Apply proxy settings
2025-06-05 20:09:34,209 [INFO] WebApp:548 - Chromium requires no authentication
2025-06-05 20:09:34,222 [INFO] WebApp:491 - Direct internet connection detected
2025-06-05 20:09:34,260 [INFO] WebApp:894 - Register for checkConnection events
2025-06-05 20:09:34,260 [INFO] WebApp:463 - Apply proxy settings
2025-06-05 20:09:34,261 [INFO] WebApp:548 - Chromium requires no authentication
2025-06-05 20:09:34,261 [INFO] WebApp:491 - Direct internet connection detected
2025-06-05 20:09:34,757 [INFO] WebApp:225 - Starting web application
2025-06-05 20:09:34,758 [INFO] WebApp:593 - Web application path used C:\ST\STM32CubeIDE_1.17.0\STM32CubeIDE\plugins\com.st.stm32cube.common.mx_6.14.1.202504091515\db\plugins\mcufinder\reactClient1\index.html
2025-06-05 20:09:34,762 [INFO] WebApp:191 - Connection restablished
2025-06-05 20:53:55,186 [ERROR] LogOutputStream:75 - [STDERR_REDIRECT] 
2025-06-05 20:53:55,189 [ERROR] LogOutputStream:75 - [STDERR_REDIRECT] 
