:020000040800F2
:1000000000000320290E0008392A00083B2A0008B6
:100010003D2A00083F2A0008412A0008000000008D
:1000200000000000000000000000000061680008FF
:10003000432A000800000000F16800086961000818
:10004000790E0008790E0008790E0008790E000874
:10005000790E0008790E0008790E0008790E000864
:10006000790E0008790E0008790E0008790E000854
:10007000790E0008790E0008790E0008790E000844
:10008000790E0008790E0008790E0008790E000834
:10009000790E0008790E0008790E0008790E000824
:1000A000790E0008790E0008790E0008790E000814
:1000B000790E0008790E0008790E0008790E000804
:1000C000790E0008790E0008790E0008790E0008F4
:1000D000790E0008790E0008790E0008790E0008E4
:1000E000790E0008790E0008790E0008790E0008D4
:1000F000790E0008790E0008790E0008790E0008C4
:10010000790E0008790E0008790E0008790E0008B3
:10011000790E0008790E0008452A0008790E0008BB
:10012000790E0008790E0008790E0008790E000893
:10013000790E0008790E0008790E0008790E000883
:10014000790E0008790E0008790E0008790E000873
:10015000790E0008790E0008790E0008790E000863
:10016000790E0008790E0008790E0008790E000853
:10017000790E0008790E0008790E000800000000D2
:10018000790E0008790E0008790E0008790E000833
:10019000790E0008790E0008790E0008790E000823
:0C01A000512A0008790E00085D2A0008B2
:1001B00010B5054C237833B9044B13B10448AFF3A1
:1001C00000800123237010BD800300200000000088
:1001D0003C3A020808B5034B1BB103490348AFF38F
:1001E000008008BD00000000840300203C3A0208A3
:1001F00001F0FF01102A2BDB10F0070F08D010F8D8
:10020000013B013A8B422DD010F0070F42B3F6D1DB
:10021000F0B441EA012141EA014122F007047FF0F4
:1002200000070023F0E80256083C85EA010586EA4B
:10023000010685FA47F5A3FA87F586FA47F6A5FA87
:1002400087F68EB9EED1F0BC01F0FF0102F0070293
:1002500032B110F8013B013A83EA010313B1F8D13E
:100260000020704701387047002D06BF354603381F
:10027000073815F0010F07D1013015F4807F02BF58
:10028000013015F4C03F0130F0BC0138704700BFA9
:1002900070B54FF0FF0C4CF4E06C1CEA11541DBF1C
:1002A0001CEA135594EA0C0F95EA0C0F00F0DEF8E7
:1002B0002C4481EA030621EA4C5123EA4C5350EACC
:1002C000013518BF52EA033541F4801143F480131D
:1002D00038D0A0FB02CE4FF00005E1FB02E506F0AE
:1002E0000042E0FB03E54FF00006E1FB03569CF003
:1002F000000F18BF4EF0010EA4F1FF04B6F5007F09
:1003000064F5407404D25FEA4E0E6D4146EB06067A
:1003100042EAC62141EA55514FEAC52040EA5E5003
:100320004FEACE2EB4F1FD0C88BFBCF5E06F1ED8AD
:10033000BEF1004F08BF5FEA500E50F1000041EBE4
:10034000045170BD06F0004646EA010140EA020091
:1003500081EA0301B4EB5C04C2BFD4EB0C0541EAB3
:10036000045170BD41F480114FF0000E013C00F3C8
:10037000AB8014F1360FDEBF002001F0004170BDEC
:10038000C4F10004203C35DA0C341BDC04F1140405
:10039000C4F1200500FA05F320FA04F001FA05F291
:1003A00040EA020001F0004221F0004110EBD3705E
:1003B00021FA04F642EB06015EEA430E08BF20EA8A
:1003C000D37070BDC4F10C04C4F1200500FA04F32D
:1003D00020FA05F001FA04F240EA020001F00041BF
:1003E00010EBD37041F100015EEA430E08BF20EA32
:1003F000D37070BDC4F1200500FA05F24EEA020E7A
:1004000020FA04F301FA05F243EA020321FA04F0A8
:1004100001F0004121FA04F220EA020000EBD3705F
:100420005EEA430E08BF20EAD37070BD94F0000F5F
:100430000FD101F00046400041EB010111F4801F93
:1004400008BF013CF7D041EA060195F0000F18BF44
:10045000704703F00046520043EB030313F4801F80
:1004600008BF013DF7D043EA0603704794EA0C0F3A
:100470000CEA135518BF95EA0C0F0CD050EA410650
:1004800018BF52EA4306D1D181EA030101F00041CD
:100490004FF0000070BD50EA410606BF10461946F5
:1004A00052EA430619D094EA0C0F02D150EA013601
:1004B00013D195EA0C0F05D152EA03361CBF104642
:1004C00019460AD181EA030101F0004141F0FE41E1
:1004D00041F470014FF0000070BD41F0FE4141F465
:1004E000780170BD81F0004102E000BF83F000435D
:1004F00030B54FEA41044FEA430594EA050F08BFBF
:1005000090EA020F1FBF54EA000C55EA020C7FEA82
:10051000645C7FEA655C00F0E2804FEA5454D4EBFF
:100520005555B8BF6D420CDD2C4480EA020281EAC9
:10053000030382EA000083EA010180EA020281EA01
:100540000303362D88BF30BD11F0004F4FEA013153
:100550004FF4801C4CEA113102D0404261EB410162
:1005600013F0004F4FEA03334CEA133302D05242E8
:1005700063EB430394EA050F00F0A780A4F10104A4
:10058000D5F1200E0DDB02FA0EFC22FA05F28018DE
:1005900041F1000103FA0EF2801843FA05F35941C4
:1005A0000EE0A5F120050EF1200E012A03FA0EFC43
:1005B00028BF4CF0020C43FA05F3C01851EBE3716D
:1005C00001F0004507D54FF0000EDCF1000C7EEB8A
:1005D00000006EEB0101B1F5801F1BD3B1F5001FC8
:1005E0000CD349085FEA30004FEA3C0C04F10104E7
:1005F0004FEA445212F5800F80F09A80BCF1004F10
:1006000008BF5FEA500C50F1000041EB045141EA91
:10061000050130BD5FEA4C0C404141EB0101013C5A
:1006200028BFB1F5801FE9D291F0000F04BF014649
:100630000020B1FA81F308BF2033A3F10B03B3F11B
:1006400020020CDA0C3208DD02F1140CC2F10C02AB
:1006500001FA0CF021FA02F10CE002F11402D8BF09
:10066000C2F1200C01FA02F120FA0CFCDCBF41EAD5
:100670000C019040E41AA2BF01EB0451294330BDA4
:100680006FEA04041F3C1CDA0C340EDC04F1140481
:10069000C4F1200220FA04F001FA02F340EA030058
:1006A00021FA04F345EA030130BDC4F10C04C4F19E
:1006B000200220FA02F001FA04F340EA030029467E
:1006C00030BD21FA04F0294630BD94F0000F83F4C8
:1006D000801306BF81F480110134013D4EE77FEAAB
:1006E000645C18BF7FEA655C29D094EA050F08BFF7
:1006F00090EA020F05D054EA000C04BF19461046D8
:1007000030BD91EA030F1EBF0021002030BD5FEA1B
:10071000545C05D14000494128BF41F0004130BD43
:1007200014F580043CBF01F5801130BD01F0004597
:1007300045F0FE4141F470014FF0000030BD7FEA0A
:10074000645C1ABF194610467FEA655C1CBF0B4605
:10075000024650EA013406BF52EA033591EA030F1C
:1007600041F4002130BD00BF90F0000F04BF002114
:10077000704730B54FF4806404F132044FF0000547
:100780004FF0000150E700BF90F0000F04BF0021C0
:10079000704730B54FF4806404F1320410F0004526
:1007A00048BF40424FF000013EE700BF42004FEA21
:1007B000E2014FEA31014FEA02701FBF12F07F439E
:1007C00093F07F4F81F06051704732F07F4208BF55
:1007D000704793F07F4F04BF41F40021704730B55C
:1007E0004FF4607401F0004521F000411CE700BFA8
:1007F00050EA010208BF704730B54FF000050AE02B
:1008000050EA010208BF704730B511F0004502D52B
:10081000404261EB41014FF4806404F132045FEA2D
:10082000915C3FF4D8AE4FF003025FEADC0C18BFD6
:1008300003325FEADC0C18BF033202EBDC02C2F1C8
:10084000200300FA03FC20FA02F001FA03FE40EA5A
:100850000E0021FA02F11444BDE600BF4FF0FF3C48
:1008600006E000BF4FF0010C02E000BF4FF0010CAA
:100870004DF804CD4FEA410C7FEA6C5C4FEA430C23
:1008800018BF7FEA6C5C1BD001B050EA410C0CBF72
:1008900052EA430C91EA030F02BF90EA020F0020D4
:1008A000704710F1000F91EA030F58BF994208BF3B
:1008B00090422CBFD8176FEAE37040F001007047F8
:1008C0004FEA410C7FEA6C5C02D150EA013C07D14F
:1008D0004FEA430C7FEA6C5CD6D152EA033CD3D09A
:1008E0005DF8040B704700BF8446104662468C4694
:1008F0001946634600E000BF01B5FFF7B7FF0028C7
:1009000048BF10F1000F01BD4DF808EDFFF7F4FFEF
:100910000CBF012000205DF808FB00BF4DF808ED7A
:10092000FFF7EAFF34BF012000205DF808FB00BF9D
:100930004DF808EDFFF7E0FF94BF012000205DF8BF
:1009400008FB00BF4DF808EDFFF7CEFF94BF012074
:1009500000205DF808FB00BF4DF808EDFFF7C4FF6D
:1009600034BF012000205DF808FB00BF4FEA4102C0
:1009700012F5001215D211D56FF47873B3EB6252F1
:1009800012D94FEAC12343F0004343EA505311F018
:10099000004F23FA02F018BF404270474FF00000AA
:1009A000704750EA013005D111F0004008BF6FF0E8
:1009B000004070474FF00000704700BF4FEA41020F
:1009C000B2F1E04324BFB3F5001CDCF1FE5C0DD9AD
:1009D00001F0004C4FEAC0024CEA5070B2F1004FF7
:1009E00040EB830008BF20F00100704711F0804FFA
:1009F00021D113F13872BCBF01F00040704741F4BF
:100A000080114FEA5252C2F11802C2F1200C10FAC2
:100A10000CF320FA02F018BF40F001004FEAC123A6
:100A20004FEAD32303FA0CFC40EA0C0023FA02F34A
:100A30004FEA4303CCE77FEA625307D150EA013320
:100A40001EBF4FF0FE4040F44000704701F00040F0
:100A500040F0FE4040F40000704700BF7BB972B91F
:100A60000029BEBF00204FF0004106E008BF00286B
:100A70001CBF6FF000414FF0FF3000F0D3B9ADF173
:100A8000080C6DE904CE002909DB002B1ADB00F00D
:100A90004DF8DDF804E0DDE9022304B07047404280
:100AA00061EB4101002B1BDB00F040F8DDF804E0B6
:100AB000DDE9022304B0404261EB4101524263EBA5
:100AC00043037047524263EB430300F02FF8DDF815
:100AD00004E0DDE9022304B0404261EB41017047CC
:100AE000524263EB430300F021F8DDF804E0DDE956
:100AF000022304B0524263EB4303704753B94AB92F
:100B0000002908BF00281CBF4FF0FF314FF0FF3015
:100B100000F088B9ADF1080C6DE904CE00F006F8DC
:100B2000DDF804E0DDE9022304B070472DE9F04769
:100B3000089D8E4604468846002B4AD18A421746B5
:100B400062D9B2FA82F64EB1C6F1200301FA06F874
:100B500020FA03F3B74043EA0808B4404FEA174EBF
:100B60001FFA87FCB8FBFEF1230C0EFB118843EA49
:100B7000084301FB0CF29A4209D9FB1801F1FF303E
:100B800080F0EA809A4240F2E78002393B449A1AA8
:100B9000A3B2B2FBFEF00EFB102243EA024300FBBD
:100BA0000CFC9C4509D9FB1800F1FF3280F0D6807F
:100BB0009C4540F2D3803B44023840EA0140A3EB1D
:100BC0000C0300211DB1F3400022C5E90032BDE84D
:100BD000F0878B4205D90DB1C5E900010021084617
:100BE000F5E7B3FA83F1002946D1734502D3824277
:100BF00000F20581841A6EEB030201209046002D5D
:100C0000E5D0C5E90048E2E7002A00F09080B2FA9A
:100C100082F6002E40F0A4808A1A030C4FEA174E89
:100C200080B2BCB20121B2FBFEFC0EFB1C2243EAE7
:100C3000024304FB0CF29A4207D9FB180CF1FF386F
:100C400002D29A4200F2E080C4469B1AB3FBFEF245
:100C50000EFB123340EA034302FB04F49C4207D923
:100C6000FB1802F1FF3002D29C4200F2CA80024619
:100C70001B1B42EA0C40A5E7C1F120068B4022FA7B
:100C800006F71F430EFA01F420FA06F32EFA06FEC9
:100C90004FEA1749234300FA01F81FFA87FCBEFB0D
:100CA000F9F01C0C09FB10EE44EA0E4400FB0CFEAC
:100CB000A64502FA01F209D93C1900F1FF3A80F089
:100CC0009C80A64540F2998002383C44A4EB0E0477
:100CD0001FFA83FEB4FBF9F309FB13444EEA044404
:100CE00003FB0CFCA44508D93C1903F1FF3E80F03E
:100CF0008280A4457FD9023B3C4443EA0040A4EBF8
:100D00000C04A0FB02EC64457346E14662D35FD05D
:100D10005DB1B8EB030264EB090404FA06F622FAAB
:100D200001F31E43CC40C5E9006400214FE7B1FB4D
:100D3000F2FC010C41EA0E4180B240EA01423B461E
:100D400038463C46B846BE462026B1FBF7F1A2EB3A
:100D5000080241EA0C4166E7014618E710462CE715
:100D6000C6F120022EFA02F3B740B14020FA02F297
:100D70004FEA174E0A43B3FBFEF8BCB20EFB183322
:100D8000110C41EA034108FB04F9B04089454FEAE0
:100D9000104380B23ED9791808F1FF3C01D2894551
:100DA0001FD8A1EB0901B1FBFEF909FB04F80EFB0A
:100DB000191192B242EA0142424529D2BA1809F108
:100DC000FF31C4D24245C2D2A9F102013A44BEE782
:100DD000F0459DD2BEEB02036CEB070C0138E146F7
:100DE00096E7A7EB09094944A8F1020CB1FBFEF90B
:100DF00009FB04F8DBE773467FE7504666E70846E1
:100E0000FDE63B44023A33E7ACF1020C3B441CE7FD
:100E100049469CE7A1EB0901C446B1FBFEF909FB79
:100E200004F8C4E7704700BFDFF834D0002103E0C6
:100E30000C4B5B58435004310B480C4B42189A4200
:100E4000F6D30B4A02E0002342F8043B094B9A42D6
:100E5000F9D302F00BFF22F083F801F079F8704724
:100E6000000003207CD5030800000020640100205E
:100E700080030020C4410120FEE7704708B500F060
:100E8000BBFDBDE8084000F03FBD00F0B7BD7047B6
:100E900010B5042104461FF051FE204610BD00008D
:100EA00038B50C4B0C4C18800C4B822019806368B1
:100EB000984740F6110398420AD1094D23682C60E7
:100EC000822098472B688220DB689847002038BD35
:100ED0000120FCE7A60300204C000020A403002012
:100EE000A80300204FF4A071F020FFF7D9BF000045
:100EF000F7B5394D2B6804461B698220984720803E
:100F000000284ED02B680DF106025B6901A98220F2
:100F10009847324B1B78002B4BD0BDF8062040F68B
:100F200074639A423FD9ADF80630BDF806209B1A8B
:100F30009BB20A2B42D90B22B3FBF2F3284A128848
:100F4000934201D9013A93B2BDF80420254840F6F6
:100F5000B8318A4234D8C2F571620E32016892B259
:100F60000F25B2FBF5F2204D2D88AA4284BF05F172
:100F7000FF35AAB28A4215468EB22AD9921B91B287
:100F80001A4E3768BB42BAB28CBF9A1AD21A92B2C2
:100F900011440529C4BF056033600368638033686A
:100FA000A38003B0F0BDB32A9CBFB422ADF80620E5
:100FB000BBE7BDF80630A3F5B473B9E70023C3E778
:100FC000C2F56D62083292B20E2A0168C8D80025B7
:100FD0002A46891A89B2D3E7A80300201C260020DC
:100FE000A4030020A0030020A60300209C030020EF
:100FF00037B568460D461446FFF77AFFBDF8000086
:1010000030B1BDF802302B60BDF804302360012000
:1010100003B030BD032821D8DFE800F0020B12191D
:101020000F4B1A68B2FA82F2520904210D4803F0FC
:10103000B1B80B4B5A68B2FA82F252090821F5E7AF
:10104000074B9A68B2FA82F252091021EEE7044B7C
:10105000DA68B2FA82F252092021E7E7704700BF4E
:10106000AC03002000100240032821D8DFE800F084
:10107000020B12190F4B1A68003A18BF0122042103
:101080000D4803F087B80B4B5A68003A18BF01228D
:101090000821F5E7074B9A68003A18BF0122102192
:1010A000EEE7044BDA68003A18BF01222021E7E797
:1010B000704700BFAC0300200010024003280DD889
:1010C000DFE800F00206080A0421054803F067B8CB
:1010D0000821FAE71021F8E72021F6E7704700BF62
:1010E0000010024008B5032811D8DFE800F0020A1A
:1010F0000C0E0421074803F047F8431E584258419C
:1011000008BD0821F6E71021F4E72021F2E70020CE
:10111000F3E700BF0010024070B5084D002401261F
:10112000E0B2FFF7DFFF18B12B68012B18BF2E606C
:101130000134052C05F10405F2D170BDAC0300208B
:10114000012380F8781080F87930704770470020CC
:1011500070470000034B4164003918BF012119702A
:10116000704700BF83340120704700207047836BB5
:101170000BB10846184770474FF6FF70704740683C
:1011800003689B69184770477047704770477047FE
:1011900010B5044600F048FD23680349D3F89030A9
:1011A0002046BDE810401847000000D008B503688D
:1011B0000446D3F88430984723682046DB6F98476D
:1011C00000F0ECF8236820465B6F9847292001F077
:1011D00053F900F0E3F8236820465B6F9847F8E77F
:1011E00010B5044608F054F923682046D3F8BC3003
:1011F000BDE81040184700F0FBBC00F0FFBC00F059
:1012000031BD00F0D1BC00F041BD00F049BD00F09F
:10121000D5BC07F06BBB10B5842104461FF08EFCD3
:10122000204610BD10B590F8341090F878400C4B63
:101230008C421A7809D03AB90A4A0B4914880888AE
:1012400010800C8001221A7010BD002AFCD0054AC3
:1012500005491488088810800C800022F3E700BF3D
:101260007C340120783401207A34012070B50D4699
:10127000194635B9094B0A4A0A4840F2FF2121F0C4
:10128000BFFBC0E90F52084B003A18BF01221A7089
:101290000368BDE87040D3F890301847B03A0208B0
:1012A000E83A0208363B02088234012008B5094BAF
:1012B0001B888B4203D8084B1B88934205D9074BE8
:1012C000074A0848A32121F09BFB074B1980074BD5
:1012D0001A8008BD783401207A3401207B3B020853
:1012E000DE3B0208363B02087E34012080340120B8
:1012F000034690F87A0018B1586803681B681847CD
:1013000070470000012108B50022084604F0B6FF2E
:101310000A4B186028B90A4B0A4A28210A4821F0CA
:101320006FFB00220421012005F050F8074B1860E4
:1013300018B9074B034A2C21F0E708BDC003002071
:10134000213C02086A3C0208993C0208BC030020C8
:10135000E43C0208024B4FF0FF31186804F0D8BF9C
:10136000C0030020014B186804F0FEBFC00300203A
:10137000024B0021186804F0CBBF00BFC00300205F
:10138000FFF7F0BF03480449006800231A4605F040
:1013900058B800BFBC0300200400002013B5084C5F
:1013A00000231A4601A9206805F07CF820684FF058
:1013B000FF33002201A905F075F802B010BD00BF8F
:1013C000BC03002003685B6C18470120704703686A
:1013D0009B6A1847FEE740F2EF307047054B036009
:1013E000054B4FF08062C3F88820BFF34F8FBFF3E7
:1013F0006F8F70479446020800E100E010B5044684
:101400004FF45A61FFF7EAFF20461FF097FB204692
:1014100010BD000082B0002301930E4B1A6B42F402
:1014200000021A631A6B02F400020192019A1A690F
:1014300042F400021A611A6922F400021A61064B92
:10144000064A1A61064A5A61064B4FF080629A605A
:1014500002B0704700380240D4250020B5160008BD
:10146000D513000800E100E008B50A2809D8DFE834
:1014700000F006100E0808080810101010000220D6
:1014800008BD054B054A0648902121F0B9FA002015
:10149000F6E70120F4E700BF263D0208413D0208BF
:1014A0008C3D020838B50C46887FFFF7DDFFA58A22
:1014B000E28A164B2169586342EA05425A64628BFC
:1014C000D963521B1A642568082D0ED19A611A61DE
:1014D0005862207F0E4A42EA0062DA61E2681A62CC
:1014E0000C4A5961D9601A6038BD0022D8611A616E
:1014F000E1680A0A480902F4784200F4FC600243F9
:10150000C1F3C4010A439A63034AECE700B0024006
:1015100009000100012302000123030008B50B2884
:101520000BD8DFE800F00612100A0A0A0A080808B9
:101530000808022008BD0520FCE7054B054A0648BF
:101540006F2121F05DFA0020F4E70120F2E700BFEF
:10155000263D0208D53D02088C3D02082DE9F041E8
:1015600091F81D800C464046FFF7D8FFA77F05463F
:101570003846FFF7D3FF06463846FFF775FFA18AC6
:10158000628B444B521A1A649A61228B521A1A6166
:10159000E28A586342EA01425A6421696268D96367
:1015A000DA602068802828D0227F0FD8202867D0D2
:1015B000402865D004281AD0364B45EA026545F428
:1015C0000035B845DD6161D0334A44E0B0F5807F35
:1015D00004D0B0F5007FEFD1304800E0304840EA59
:1015E0000262DA61E2681A625E62596132E045EADB
:1015F000026242F40032DA61F6E7A068021DDA62A4
:10160000227F45EA026545F40035DD615E6259617D
:10161000017841B1012921D0224B234A23484FF4BC
:101620008D7121F0EDF9DA69418822F47F420139A8
:1016300022F0100242EA0122DA610121154BDA6937
:1016400042F02002DA61DA699206FCD410229A6034
:101650000029B9D0164A1A60BDE8F081B2F1FF0145
:10166000DA69408822F47F4200F1FF3022F0100254
:1016700042EA002242F0100218BF0121DA61DDE7E0
:1016800045EA0262034B42F40032B4E742F201320F
:10169000E1E700BF00B002400123010009000200A1
:1016A0000A0002001F3E0208393E02088C3D020873
:1016B00001230200024B1B68586803685B691847E6
:1016C0008434012070B5044625460A4B0C300026B0
:1016D00060602672667245F8203B6022294608F059
:1016E0002DF804F55A63EE6024359D42FBD1204667
:1016F00070BD00BF94460208034B1A68D207FCD4A1
:1017000023229A60704700BF00B00240704700007B
:1017100030B50F4C2568ED07FCD423250904A560DE
:1017200041F001010225FF2B65636164E0630AD08B
:101730000849656241EA0363E361074B2262606125
:10174000E060236030BDE561039BA363034BF8E7D2
:1017500000B0024009000100010002000100030086
:1017600030B50E4C2568ED07FCD423251204A56086
:1017700042F001020225FF2B65636264E063E160D1
:1017800008D01B0643F00213E361054B65626061FC
:10179000236030BD034BE3610123F9E700B0024051
:1017A00001000200020002FF30B50B4C2568ED0776
:1017B000FCD4232512041B06A56043F40033022544
:1017C00042F0010265636264E063E160E361034B40
:1017D00065626061236030BD00B00240010002001C
:1017E000012070470C2070470C2303FB01000830D8
:1017F00070470C2303FB010008307047012070473D
:1018000040F63470704740F6347303FB0100083033
:10181000704740F6347303FB010008307047012025
:1018200070471020704700EB01100830704700EB44
:10183000011008307047084601F00EBB10B5034B8D
:101840000360044606F0A7FD204610BD4C47020881
:1018500010B50446FFF7F2FF204614211FF06EF981
:10186000204610BD10B5034B0360044606F093FDFF
:10187000204610BD1847020810B50446FFF7F2FFD6
:10188000204640F63C711FF059F9204610BD00007B
:1018900010B5034B0360044606F07DFD204610BDE5
:1018A000E446020810B50446FFF7F2FF204618216F
:1018B0001FF044F9204610BD10B5084B03600446E4
:1018C00000F66870FFF7BAFF04F12C00FFF7CAFFBB
:1018D00004F11400FFF7DCFF204610BD804702082A
:1018E00008B50248FFF7E8FF08BD00BF9C120020C2
:1018F00010B50446FFF7E0FF204641F2DC011FF07F
:101900001DF9204610BD00002DE9F34101F01AF940
:10191000054601F01BF900240146234628462246CD
:10192000009410F059F8274B274A1A60204601F01E
:101930008FFD264D264B274A27489A600FF0B4FFAB
:101940002B68BFF35B8FDB0735D428461FF0F8F810
:1019500088B3224C224B236004F5786604F114000E
:1019600004F12C0804F668776060C4F80880E7602A
:10197000266106F011FD1B4B6361404606F00CFD2D
:10198000194BE362384606F007FD184BC4F8683F70
:1019900004F67C7001F0E0FD224604F67C713046CE
:1019A00001F0D0FD304601F057FA114821F046F819
:1019B00028461FF0D1F80F4802B0BDE8F041FFF70C
:1019C000E7BB00BFE8340120480400209812002043
:1019D000680400204C040020080000209C12002015
:1019E00080470208E4460208184702084C470208EC
:1019F000E1180008C4030020704700000148FFF709
:101A0000D5BB00BFC403002070B5264E264C274D21
:101A1000274B23603046FFF755FE284615F0E2F8C5
:101A200024480DF0F3FF244B2448DC6000224FF4DF
:101A30008071C3E9121222491A86C3E91A12214998
:101A400083F85820C3E91E011F49C3F880101F49BD
:101A50001F480B60F021C3E90422C3E90622C3E951
:101A60000822C3E90A22C3E90E22C3E91022C3E90E
:101A70001422C3E917225A6683F870205A67C3E913
:101A8000016501801348018013484FF4A071018063
:101A90001248018012490A70012283F83420114A49
:101AA0001A6070BDF4040020941200206804002025
:101AB000A03A02084C040020C403002000000101E9
:101AC00001000001000450001A00140084340120B9
:101AD000783401207E3401207A34012080340120C2
:101AE0007C340120A84502080148FFF777BC00BFFD
:101AF000F40400200020704781807047C180704747
:101B00000181704741817047704770477047704747
:101B1000704710B4C4880368121B84885B6D091B6E
:101B200012B25DF8044B09B218474FF6FF73838178
:101B30004FF0FF3303621368C361106070470020E9
:101B400070478B88838001207047704780F826108B
:101B5000704790F82600704710B50022B1F9084090
:101B6000B1F90A10028042808480C18010BD002239
:101B7000028042808280C28070470177704780ED8A
:101B8000080A704780F82410704780F825107047C5
:101B900001207047983070478C3070478430704710
:101BA0007047704770470000034B902283F85A2318
:101BB00083F85823704700BF00E100E0094A0A4952
:101BC000D3680A48C3F30A03013B9BB20B80116937
:101BD000C1F30A01013901801364536B43F001031F
:101BE00053637047006801407A2300207823002067
:101BF000014BD3F8AC00704700680140024B012252
:101C0000C3F8AC105A6270470068014010B52C212F
:101C100004461EF093FF204610BD10B5BC210446BB
:101C20001EF08CFF204610BD70B5044606F0B3FED2
:101C300023689D6E0CF082FC01462046A84723686D
:101C4000054AD3F88C502046AC460023BDE87040CE
:101C5000A2F51631604700BF00B004D006F082BE86
:101C600006F08CBE06F048BE06F0B7BF90F82520FF
:101C700012B103685B691847704790F825201AB1C4
:101C800090F8242002B1186070470000034B4FF019
:101C900080629A604FF080729A60704700E100E0C5
:101CA000084B4FF08062C3F88820BFF34F8FBFF31B
:101CB0006F8F4FF08072C3F88820BFF34F8FBFF350
:101CC0006F8F704700E100E070B50023124E8380F3
:101CD000124B0360336893F8582005460AB1D86C5C
:101CE00000B998680368DB6A98473368B0FA80F4F3
:101CF000D86C640930B10368DB6A9847002808BFD4
:101D000044F001042CB9064B064A07482C2120F068
:101D100077FE284670BD00BF843401209447020836
:101D2000773E0208D53E02080E3F020870B5254EE8
:101D30003568BFF35B8F15F0010540D130461EF0CA
:101D4000FFFE00283BD0204C204B256104F13400DD
:101D5000C4E90035C4E90255E584A562A5850EF005
:101D60003AF904F1580009F073FE194BA3652046B7
:101D7000184B40F8843BFFF7A7FF174BC4F884309B
:101D80002433C4F88C304FF4C803C4E92835002349
:101D9000C4F8AC30C4F8B030C4F8B430C4F8B830CB
:101DA0000E480F4BC4F89050C4F89C50C4F8A8508B
:101DB000C4F8983020F042FE30461EF0CDFE0248B6
:101DC00070BD00BF7C23002080230020A84C0208A7
:101DD000B44702082C4802085C4C0208A51B000806
:101DE0003C4C020838B5184C23685BB3174B184AB3
:101DF0001B6C11888B4216D1164B198802F0D2FF4A
:101E0000236893F86A200025013283F86A2083F85A
:101E10007C50FFF7B7FA206807F03AFB2846BDE888
:101E20003840FFF7F7B802F0BDFF2468236820466A
:101E30001B6A9847012384F87C300020BDE83840B5
:101E4000FFF712B938BD00BF84340120006801409B
:101E50007A2300207823002007B5064BADF8060052
:101E60001B68054801220DF1060103F03BFD03B09C
:101E70005DF804FB0C0000208024002007B50B4C0B
:101E80000B4D0121204602F07FF9012809D158238A
:101E90008DF8073028680A2300220DF1070104F0AD
:101EA000D0FA012004F0DEF9EBE700BF00000240A9
:101EB0004024002030B595B0102200210AA820F05F
:101EC000A6FF1422002103A820F0A1FF00241E4B2E
:101ED00001941A6C42F080521A641B6C03F0805318
:101EE0000193019B194B02941A6842F440421A6014
:101EF0001B6803F4404302930122029B4FF480339A
:101F0000CDE9082302254FF480030821CDE90E53C3
:101F10004FF4B473CDE9101308A80423139312955A
:101F200002F098FF02F05CFF0F23CDE903354FF478
:101F3000A0504FF48053CDE90603052103A8059472
:101F400003F064F915B030BD003802400070004065
:101F50002DE980489BB001F097FEFFF7ABFF1422FC
:101F600000210DA820F053FF0024C94B00941A6BE8
:101F7000C848C94D42F010021A631A6B02F01002F1
:101F80000092009A01941A6B42F020021A631A6BB5
:101F900002F020020192019A02941A6B42F0800230
:101FA0001A631A6B02F080020292029A03941A6B6F
:101FB00042F004021A631A6B02F004020392039ABD
:101FC00004941A6B42F001021A631A6B02F00102C8
:101FD0000492049A05941A6B42F002021A631A6B77
:101FE00002F002020592059A06941A6B42F0400232
:101FF0001A631A6B02F040020692069A07941A6B53
:1020000042F008021A631B6B03F008032246079391
:102010003C21079B02F0BEF8A0480122022102F0F9
:10202000B9F822469D48042102F0B4F822469C48A3
:102030004FF4405102F0AEF801263C23CDE90D36B5
:1020400094480F9403230DA90227109301F0B8FFC1
:1020500092480DA9CDE90D76CDE90F4401F0B0FF0E
:1020600004238E480DA9CDE90D36CDE90F4701F0C7
:10207000A7FF4FF440538A480DA9CDE90D36CDE9AD
:102080000F4701F09DFF4FF4C04386480DA9CDE9ED
:102090000D36CDE90F4701F093FF0DA982480F944B
:1020A000CDE90D6401F08CFF8048814B036001F0A5
:1020B0007DFEDFF820C27F4B2C62C5E900C32846B5
:1020C0004FF48043C5E90434C5E90244C5E9064438
:1020D00002F06EFA1021284602F0B2FC2146284692
:1020E00002F0CDFC744DDFF8F0E1AC624FF4827386
:1020F000C5E900E34FF400781823C5E906832846B4
:102100000A23C5E90244C5E90444C5E90844EB6271
:1021100003F08CFB8F232246394660488DF824302B
:102120008DF8344002F036F832464FF47A7309A93C
:10213000284603F0D7FB4FF47A7332460DA92846A0
:1021400003F07CFD3246394654485C4D02F022F8DB
:102150009DF83430D32B04BF594B1E70594B0127C7
:10216000C5E900374FF0100A40230024C5E904A355
:102170004FF4C073C5E906344FF40063C5E9083471
:102180004FF4005302264FF00409AB624FF0030BEB
:1021900007230DA92846CDE90D63CDE90F934FF034
:1021A0000808C5E90249CDE911B6139603F022FAF1
:1021B0004FF6FF7209A92846CDE90A8708940997C6
:1021C0000C9403F037FA384601F08AFD4FF6FF729F
:1021D00009A92846CDE90968CDE90B7403F02AFA6C
:1021E0004FF6FF7209A92846CDE909B8CDE90B944D
:1021F00003F020FA4FF40C730893089B0C934FF6EE
:10220000FF7209A92846CDE909980B9703F012FA45
:1022100040F26A51284603F02BFA342221460DEB96
:10222000020020F0F4FD284D284B2C61C5E9003454
:102230000923C5E905371D23C5E9073B40F20D1207
:1022400040F24313C5E9092340F2171140F2471346
:102250002846C5E90B13C5E90244AC8685F836402B
:1022600002F0A8FCFF21F022CDE912144FF48060A7
:1022700005214FF4A073CDE91401CDE90E240DA979
:10228000CDE9164228462246114D189326E000BF9C
:102290000038024000100240802500200008024063
:1022A000000C0240001802400000024014260020EA
:1022B00000300240A0860100802400204C24002031
:1022C0001C260020400100A0D82400200068014006
:1022D0003C240020005C004000500140CDE9103655
:1022E0000D94ADF864408DF8664002F02EFD1B4B56
:1022F0002B601B6898472B68194DDB689847194B72
:102300002846C5E90034C5E90264C5E90A46C5E9BD
:102310000C4401F05BFD3946284601F00DFEFEF746
:10232000ADFDFEF7AAFD03F02DFF0F4A31465046E2
:1023300004F04CF80D4B0E4A186021460D4803F08E
:102340004DFF0D4B0D4A186021460D4803F046FF26
:102350000C4B186003F028FFFEE700BF14000020BC
:10236000D425002000B0024070480208402400201C
:10237000AC4802087D1E0008482400208848020856
:102380008B0E000844240020704770477FB5094B2E
:102390008DF817201B6802930DF11702012300929C
:1023A00001930A460146044802F0AAF907B05DF815
:1023B00004FB00BF10000020802500207FB5002313
:1023C0008DF81730084B1B6802930A4601230DF164
:1023D0001701009101930146044802F021FA9DF88B
:1023E000170007B05DF804FB1000002080250020D6
:1023F0001FB5084C24680092CDE901340A46012338
:102400000146054802F00CFA003818BF012004B05C
:1024100010BD00BF100000208025002001F060BC2E
:1024200010B5064C00222046042101F0B3FE2046E0
:102430000122BDE81040042101F0ACBE00080240BA
:1024400038B50B4D044601220A484FF4005101F003
:10245000A1FE00220421284601F09CFE2046FFF741
:10246000FBFC28460122BDE83840042101F092BE61
:1024700000080240000C024038B50B4D0446002213
:102480000A484FF4005101F085FE0022042128463D
:1024900001F080FE2046FFF7DFFC28460122BDE860
:1024A0003840042101F076BE00080240000C0240D2
:1024B000F7B5144E144F05460C4630460022042151
:1024C00001F068FE00224FF40051384601F062FE30
:1024D0002846FFF7C1FC0D4B0D481B68224601A999
:1024E00003F0ACFB384601224FF40051019C01F08F
:1024F00051FE30460122042101F04CFE204603B07B
:10250000F0BD00BF00080240000C02400C0000209B
:102510008024002001F0E4BB0268034B9A4201D101
:1025200001F0CCBB704700BF0010004070470000B6
:1025300082B00E4B00220092596C41F480415964E4
:10254000596C01F48041009100990192196C41F09D
:10255000805119641B6C03F080530193019B0F2180
:102560006FF0010002B001F0E1BB00BF0038024093
:102570000268094B9A4282B00BD100230193074BAA
:102580001A6B42F480521A631B6B03F4805301935D
:10259000019B02B0704700BF00300240003802408B
:1025A00007B50F4B02689A4216D10022A3F5F043FB
:1025B0000192196B41F4000119631B6B03F40003D2
:1025C000019305215A20019B01F0B0FB5A2003B072
:1025D0005DF804EB01F0DCBB03B05DF804FB00BF69
:1025E00000B002402DE9F043044689B014220021D6
:1025F00003A820F00CFC2268244B9A4243D1244CBF
:10260000244800250095236B43F004032363236BC8
:1026100003F004030093009B0195236B43F0010337
:102620002363236B03F001030193019B4FF0120915
:102630004FF400734FF001080327042603A9CDE9E6
:102640000339CDE90587079601F0BAFC4FF4807392
:102650001148079603A9CDE90339CDE9058701F0B3
:10266000AFFC0295236C43F400032364236C03F452
:1026700000030293029B236A43F400032362236A4C
:1026800023F40003236209B0BDE8F083005C00403E
:10269000003802400008024000000240F0B599B046
:1026A00004461422002107A820F0B1FB30220DEBD4
:1026B0000200002120F0ABFB22685E4B9A4240F002
:1026C000B78008230C93C0231093042312930CA803
:1026D0004FF40033159302F061FE08B1FFF726FFB7
:1026E000554B5648002400945A6C42F080625A645C
:1026F0005A6C02F080620092009A01941A6B42F0C8
:1027000020021A631A6B02F020020192019A0294CD
:102710001A6B42F001021A631A6B02F00102029274
:10272000029A03941A6B42F002021A631A6B02F0C7
:1027300002020392039A04941A6B42F040021A6355
:102740001A6B02F040020492049A05941A6B42F04C
:1027500004021A631A6B02F004020592059A0694A9
:102760001A6B42F008021A631B6B03F0080306930E
:1027700002250E26069B0B964FF4806307A9CDE930
:102780000735CDE9094501F01BFC41F658032C48FB
:102790000B9607A9CDE907350927CDE9094501F0D1
:1027A0000FFC032327480B9707A9CDE90735CDE98F
:1027B000094501F005FC4FF4706322480B9607A908
:1027C000CDE90735CDE9094501F0FAFB4FF40C637B
:1027D0001D480B9607A9CDE90735CDE9094501F05C
:1027E000EFFBC02319480B9607A9CDE90735CDE9C2
:1027F000094501F0E5FB082315480B9607A9CDE92B
:102800000735CDE9094501F0DBFB4FF4A0530E4835
:102810000B9707A9CDE90735CDE9094501F0D0FBB4
:1028200058202246052101F081FA582001F0B0FA23
:1028300019B0F0BD006801400038024000140240A9
:10284000000002400004024000180240000802405C
:10285000000C024010B5044688B01422002103A8E1
:1028600020F0D5FA2268144B9A4223D103F568432D
:10287000002101915A6C114842F480125A645A6C3A
:1028800002F480120192019A02911A6B42F0200226
:102890001A631B6B03F020030293029B4FF46072D8
:1028A00002230321CDE903230523CDE9061303A960
:1028B00001F086FB08B010BD00500140001402403A
:1028C0002DE9F04186B0002303932B4B1C68002CAC
:1028D0004FD14FF00108C3F80080284B00949A6B49
:1028E000274842EA08029A639B6B03EA08030093B5
:1028F000022703260C25009B01A94FF63F03CDE9D3
:102900000137CDE9046501F05BFB1E48059501A97F
:10291000CDE90187CDE9034601F052FB48F23313BC
:102920001948059501A9CDE90137CDE9034601F024
:1029300047FB4FF683731548059501A9CDE901378B
:10294000CDE9034601F03CFB4CF2037310480595BA
:1029500001A9CDE90137CDE9034601F031FB602340
:102960000C48059501A9CDE90137CDE9034601F0F1
:1029700027FB06B0BDE8F081202600200038024089
:1029800000140240000802400018024000100240FB
:10299000000C02400004024070B588B0002302938E
:1029A000204B1A6C42F010021A641B6C03F01003E7
:1029B0000293054601A903A8029B02F0D1FC069BE5
:1029C0004BBB02F0BDFC184E184B336040F2E733AE
:1029D000F360174BB0FBF3F3013B73603046002309
:1029E0003361B360B36103F0F9FA044680B930464D
:1029F00003F0CAF9044658B9362001F0C9F90F2D81
:102A00000DD822462946362001F090F9094B1D6069
:102A1000204608B070BD02F093FC4000D3E70124CB
:102A2000F6E700BF003802402426002000100040D6
:102A300040420F007C0000207047FEE7FEE7FEE703
:102A4000FEE77047014803F0DDB900BF24260020EF
:102A5000014802F01DB900BFD8240020014801F050
:102A6000E1B900BFD42500200120704708B520F04F
:102A700071FA162303604FF0FF3008BD08B520F04F
:102A800069FA16230360FEE770B50D4614460E463C
:102A9000731B9C4201DC204670BDAFF3008006F83A
:102AA000010BF5E770B50D4614460E46731B9C42AC
:102AB00001DC204670BD16F8010BAFF30080F5E78E
:102AC0004FF0FF3070474FF400534B6000207047C9
:102AD00001207047002070470A4A116808B5034674
:102AE00009B9094911601068694603448B4206D947
:102AF00020F030FA0C2303604FF0FF3008BD136064
:102B0000FCE700BF6C260020C8410120704710B5CB
:102B1000042104461EF012F8204610BD012908B514
:102B200006D0022908D059B900F0DEFC006808BDC3
:102B300000F0DAFC4068FAE700F0D6FC8068F6E7BF
:102B40000020F4E700487047E4480208022070477C
:102B500013B5002451B1036801948DF8034001AA14
:102B60009C680DF10303A04702B010BD0846FBE7C7
:102B7000C0897047008A7047C08870478088704756
:102B8000807A00F07F007047807AC009704700208B
:102B9000704700009FED010A704700BF0000000071
:102BA000704710B5082104461DF0C8FF204610BD2F
:102BB0007047704700F598730868496803C3704709
:102BC000704770474160704770477047064BC0F8C8
:102BD0004C310023C0F8503100F5A273C0F8480111
:102BE000C0F84031704700BF8D2C000801230372EC
:102BF0007047704710B4C26841685410034601EB37
:102C00006200D20748BF0A599B685DF8044B48BF71
:102C1000D35818470346406830B19A681AB9D86843
:102C200000F0010070470120704710B50C210446E8
:102C30001DF084FF204610BD10B5102104461DF084
:102C40007DFF204610BD10B54FF4AE7104461DF057
:102C500075FF204610BD10B50BF070FC0368BDE891
:102C60001040DB6B184710B50446D0F8400158B14E
:102C70000368DB68984738B1D4F8400103689B6863
:102C800098470023C4F8403110BD00002DE9F14FF2
:102C9000D0E9556A0746B06803681B6A984740F652
:102CA0003373984205D8444B444AA32144481FF04B
:102CB000A7FE706803681B6A98470F2803D8414B2A
:102CC0003E4AA421F2E7F06803681B6A98470B2884
:102CD00003D83D4B394AA521E8E70BF02FFCDFF87C
:102CE000F09004300BF04FFCD9F8000010B10368ED
:102CF000DB689847D9F8000010B103681B68984753
:102D0000DFF8D080D8F8000010B103685B699847FD
:102D1000D7F83C0110B103685B689847D8F8000009
:102D200010B103681B689847D7F83C0110B10368DD
:102D30009B689847F068036800215B6A98474FF0EA
:102D4000000B224BC0F804B0044680F808B00360C2
:102D5000B068036859465B6A9847054600F038FC3E
:102D60007068036859465B6A98472946064600F032
:102D700005FC331DC7F83C61C9F80040C8F8005095
:102D8000CAF800302B68C6F808A02846DB68EE6356
:102D90009847336830461B689847214628460DF00F
:102DA00009FE236820461B69984723685B69204613
:102DB00001B0BDE8F04F18478F3F02081D400208E0
:102DC000EF40020836410208D94102089049020842
:102DD000CC340120C8340120044B1B6893F85820E0
:102DE0000AB1D86C00B99868704700BF84340120DC
:102DF000F8B5174604460E460BF062FC124B1C60F9
:102E0000124B2360124B0025C4E95135114BC4E924
:102E100053551868036801219B68C4E94F55C4E9FC
:102E200055769847284600F013FBFFF7D5FF15F0BD
:102E300082FDFFF7D1FF15F0F9FDFFF7CDFF15F08B
:102E400001FE2046F8BD00BFD83401203C490208ED
:102E50002449020884340120064BC0F84C31002379
:102E6000C0F8503100F5A273C0F84801C0F84031F5
:102E7000704700BF8D2C0008406A7047806A704719
:102E800070478A880B8810B5D20A4C88C1699BB2FA
:102E900051F8220043EA0443184410BD10B504461B
:102EA000BAB1107B68B1537BD27A1B0203F4E063A2
:102EB0001A43236A03EB82031A888A4202D193F9E8
:102EC000020010BD05D8013880B204330028F3D1C8
:102ED000F7E70020F5E710B52C2104461DF02EFE83
:102EE000204610BD30B58BB00446BDF86050089543
:102EF000BDF85C5007959DF8505006959DF84C50D4
:102F000005959DF8485004959DF8445003959DF80B
:102F1000405002959DF83C500195BDF83850009501
:102F20000DF016F9064B2360159BE361169B236297
:102F3000199B63621A9BA36220460BB030BD00BF91
:102F4000B449020870477047704770477047704730
:102F500070477047704703681B6B184730B4C268EE
:102F600044685510034604EB6200D20748BF62591B
:102F70009B6830BC48BFD35818470346406830B1FF
:102F80009A681AB9D86800F00100704701207047AC
:102F900010B5102104461DF0D1FD204610BD0000E3
:102FA00010B5034B0360044609F0FEFD204610BD3A
:102FB000344A020810B5064B0360044609F0F4FDDC
:102FC00020464FF473611DF0B9FD204610BD00BFCF
:102FD000344A020800F1C8028A4202D10368DB6A5F
:102FE0001847704770B5036804461B6B1546984731
:102FF0002368294620465B6BBDE87040184770B5D2
:1030000004461D46BDF91060FFF7ECFF2368294612
:1030100020469B6B9847236831462046DB6BBDE812
:1030200070401847F8B5194B018F1B888B42064634
:103030002AD9174B1B682BB9164B174A17486C2116
:103040001FF0DEFC13F81120154B1B6853F82250BB
:10305000144B186800F038FA2B6807469B6B28461B
:1030600098472B6804469B6C3946284698472B683E
:1030700014FB00F45B6A394628469847A4B223182B
:103080001BB2A6F84630F8BD0023FAE7E034012071
:10309000DC3401207C420208BE420208F9420208E8
:1030A000E4340120E83401202DE9F04F044687B0D4
:1030B0000DF0D4FA4B4B23604B4B002504F16C0808
:1030C000C4E910354FF0FF094FF48073A4F8643061
:1030D00004F1B40AC4E91255C4E91455C4E91655FB
:1030E000E563256684F86690A566404607F0A2FF72
:1030F0005046FEF7E9FD3D4BC4F8B43004F1C80674
:103100002433C4F8BC30C4F8C050304608F086FE02
:10311000374BC4F8203F374BC4F8283F4FF4A07713
:1031200004F58870C4F8244FC4F82C5F4FF4616133
:1031300009F030FD04F140002A4629460097F023AB
:103140000390FFF75CFF039804F1040B4FF07F43FB
:10315000A3660146584605F033F914232A46009326
:1031600040466E21FFF74BFF4FF43453C4F8A830AC
:10317000214BC4F8C0304FF47843A4F8C430414622
:103180005846C4E92677C4F8A070C4F8AC50C4F817
:10319000A450C4F894A005F013F94A4629463046D5
:1031A000FFF720FF012305AA04A93046ADF814302B
:1031B000ADF8105008F0A9FC3046A4F80051FFF714
:1031C00031FF4FF0FF33C4E9413304F572635846D1
:1031D000C4F8F030314605F0F3F8204607B0BDE8FA
:1031E000F08F00BF344A02089C4E02085C4C020873
:1031F0001C4A0208D52F00080000FFFF704700009E
:1032000030B5164D2C6814F001048FB0BFF35B8FFE
:1032100020D128461DF094FCE0B13F230993104BC8
:103220000893104B104911480A940122CDE9064336
:103230000423CDE903320A230093CDE90B44CDE901
:1032400001440594FFF74EFE09481FF0F7FB28469E
:103250001DF082FC05480FB030BD00BF7026002075
:103260001C5E0208285E0208605D020874260020C9
:10327000FD3100087047000030B5164D2C6814F081
:1032800001048FB0BFF35B8F21D128461DF058FC9D
:10329000E8B13F230993104B0893104B0793012388
:1032A000CDE9054304930423CDE9024314230C49DB
:1032B00000930B22CDE90B440A480A940194FFF7CE
:1032C00011FE09481FF0BAFB28461DF045FC0548D1
:1032D0000FB030BDA0260020205E02082C5E020840
:1032E000705D0208A42600207532000870470000B7
:1032F00030B5164D2C6814F001048FB0BFF35B8F0E
:1033000020D128461DF01CFCE0B13F230993104B4F
:103310000893104B104911480A940122CDE9064345
:103320000423CDE9033228230093CDE90B44CDE9F2
:1033300001440594FFF7D6FD09481FF07FFB28469E
:103340001DF00AFC05480FB030BD00BFD02600209C
:10335000245E0208305E02080C5E0208D4260020BB
:10336000ED32000800207047002070470EB403B50E
:1033700003AB002153F8042B01930CF067F902B062
:103380005DF804EB03B070470CB407B504AB53F819
:10339000042B01930CF05AF903B05DF804EB02B072
:1033A00070470000436C10B5044673B3038F2BB90C
:1033B000184B194AC52119481FF022FBC38E00EB98
:1033C00043035B8C0BB30EF034F8238F012B03D82F
:1033D000134B144ACB21EEE7E28E531C9BB2092B10
:1033E000194688BFA3F10A0104EB410140F63F10E2
:1033F000498C814209D10A2B04EB420228BF0023E9
:1034000004EB4303508C588451842046BDE810409F
:103410000DF012BF4043020849430208F44302087A
:103420003E4402084C4402080DF0CDBE10B586B0F3
:1034300002AC84E806001A460AAB05930193099B87
:1034400000932146089B0AF017FC06B010BD00004F
:1034500038B518BB124B13481C681349B4B1226825
:1034600022440260626822440A60A26814440F4B3E
:1034700000221A8000F038F8054600F033F80C4BB3
:103480001C600C4B1D600C4B188007E00B4B03605D
:103490000B4B0B600B4B1C68002CE8D138BD00BFF8
:1034A0000C270020042700200027002008270020E8
:1034B000DC340120E4340120E0340120385E0208CD
:1034C000345E0208505E0208044B1B6853F821006A
:1034D000034B1B6803EB4000704700BF0027002030
:1034E0000427002001207047004870471027002063
:1034F00010B5FFF7C1FE044C2060FFF7F9FE6060D5
:10350000FFF77EFEA06010BD1027002010B500243C
:1035100004600C6014601C6010BD704710B54FF45F
:10352000AE7104461DF00AFB204610BD10B50446DE
:10353000D0F8580100F013F82046BDE810400BF019
:103540007FB8000010B50446FFF752FC014B236022
:10355000204610BD704A0208002202607047704782
:10356000704704387047704710B5102104461DF0AD
:10357000E5FA204610BDA0F10400F5E700228260C4
:10358000024A026018324260C1607047C44A0208B1
:103590007047000002484FF4005100F000BE00BF29
:1035A0000018024010B5034B03600446FFF7F8FC17
:1035B000204610BDEC4A020810B50446FFF7F2FFA2
:1035C000204640F634711DF0B9FA204610BD0000C7
:1035D00010B50446FFF768FD034B23600023C4F8D1
:1035E000303F204610BD00BFEC4A0208FFF7B2BCD6
:1035F0002DE9F04FD0F8303F484D2DED028B0133CF
:10360000F022B3FBF2F102FB113483B08246C0F822
:10361000304F286802F076FF00287AD04FF0FF3351
:10362000286800220DF1070102F03CFF9DF80730E9
:10363000582B6ED107EE904A9FED397AF8EEE77A73
:103640000AF16C0B87EE878A68EE077A17EE900A0C
:10365000FDF7ACF841EC100B1DF09EFBF0EE087A84
:1036600068EE277A55EC104B17EE900AFDF79EF89E
:1036700041EC100B1DF08CFA78EE087A57EC106BC9
:1036800017EE900AFDF792F841EC100B1DF080FA4E
:1036900018EE100A59EC108BFDF788F841EC100B6E
:1036A0001DF076FA424651EC100B4B46FCF720FF1A
:1036B00032463B46FCF71CFF1A4B0022FCF718FF72
:1036C000FDF77CF9DFED187A07EE100A67EE277A2E
:1036D00017EE900AFDF76AF841EC100B1DF05CFB49
:1036E00051EC100BFDF742F9BAF87260C6F1C8064A
:1036F000361A29462046FDF739F9BAF8703036B245
:10370000C11A3246584609B20CF04CF9584608F036
:1037100083F903B0BDEC028BBDE8F08F402400209C
:1037200000005C420000F03F00004842F02070477B
:103730004FF4A07070472920FEF79EBE2820FEF7A8
:103740009BBE08B5FEF76CFECA20FEF795FEC320AF
:10375000FEF776FE0820FEF773FE5020FEF770FE9F
:10376000CF20FEF789FE0020FEF76AFEC120FEF79B
:1037700067FE3020FEF764FEED20FEF77DFE64203C
:10378000FEF75EFE0320FEF75BFE1220FEF758FEFA
:103790008120FEF755FEE820FEF76EFE8520FEF73D
:1037A0004FFE0020FEF74CFE7820FEF749FECB20AE
:1037B000FEF762FE3920FEF743FE2C20FEF740FEA6
:1037C0000020FEF73DFE3420FEF73AFE0220FEF711
:1037D00037FEF720FEF750FE2020FEF731FEEA20EC
:1037E000FEF74AFE0020FEF72BFE0020FEF728FE23
:1037F000B120FEF741FE0020FEF722FE1B20FEF75F
:103800001FFEB620FEF738FE0A20FEF719FEA220A2
:10381000FEF716FEC020FEF72FFE1020FEF710FE6A
:10382000C120FEF729FE1020FEF70AFEC520FEF794
:1038300023FE4520FEF704FE1520FEF701FEC720FB
:10384000FEF71AFE9020FEF7FBFD3620FEF714FE71
:10385000C820FEF7F5FDF220FEF70EFE0020FEF771
:10386000EFFDB020FEF708FEC220FEF7E9FDB6200E
:10387000FEF702FE0A20FEF7E3FDA720FEF7E0FDBB
:103880002720FEF7DDFD0420FEF7DAFD2A20FEF7F3
:10389000F3FD0020FEF7D4FD0020FEF7D1FD00204F
:1038A000FEF7CEFDEF20FEF7CBFD2B20FEF7E4FD6B
:1038B0000020FEF7C5FD0020FEF7C2FD0120FEF747
:1038C000BFFD3F20FEF7BCFDF620FEF7D5FD012031
:1038D000FEF7B6FD0020FEF7B3FD0620FEF7B0FDB3
:1038E0002C20FEF7C9FDC820FEF714FE2620FEF7A7
:1038F000C3FD0120FEF7A4FDE020FEF7BDFD0F2073
:10390000FEF79EFD2920FEF79BFD2420FEF798FD83
:103910000C20FEF795FD0E20FEF792FD0920FEF724
:103920008FFD4E20FEF78CFD7820FEF789FD3C20B0
:10393000FEF786FD0920FEF783FD1320FEF780FDCC
:103940000520FEF77DFD1720FEF77AFD1120FEF71A
:1039500077FD0020FEF774FDE120FEF78DFD0020CD
:10396000FEF76EFD1620FEF76BFD1B20FEF768FDCF
:103970000420FEF765FD1120FEF762FD0720FEF72B
:103980005FFD3120FEF75CFD3320FEF759FD42203C
:10399000FEF756FD0520FEF753FD0C20FEF750FD07
:1039A0000A20FEF74DFD2820FEF74AFD2F20FEF7E6
:1039B00047FD0F20FEF744FD1120FEF75DFDC820F6
:1039C000FEF7A8FD2920FEF757FDBDE808402C2092
:1039D000FEF752BD08B5FEF723FD0321D320FEF705
:1039E00067FD80B208BD10B5C4B202220321204693
:1039F000FEF7CCFC0A20FEF711FD20460022032131
:103A0000FEF7C4FCBDE810400220FEF707BD38B544
:103A10000446E4B2FEF7B8FC00212046FEF7CEFCD7
:103A2000012105462046FEF7C9FC40EA052080B288
:103A300038BD10B5C4B240212046FEF7BFFC0306D6
:103A400007D54C212046FEF7B9FC003818BF0120ED
:103A500010BD01224B212046FEF798FC2046002293
:103A60004B21FEF793FC0020F2E773B50423C4B2A8
:103A70000E461546D7210DEB03022046FEF7B8FC93
:103A8000019B1BBA1A0DC3F30B23328020462B80F7
:103A900001224B21FEF77AFC00224B212046FEF743
:103AA00075FC02B070BD000010B50A4A1378984248
:103AB00004460DD0517888420AD00BB141B9012398
:103AC000D454FEF761FC2046BDE81040FFF78BBFE1
:103AD00010BD00BF1C27002010B5C4B2092120462C
:103AE000FEF76CFC40F00102D2B220460921BDE88D
:103AF0001040FEF74BBC10B5C4B209212046FEF7BA
:103B00005DFC092100F0FE022046BDE81040FEF7F2
:103B10003DBC38B5C4B20D4620460A21FEF74EFC26
:103B200040EA0502D2B220460A21BDE83840FEF73D
:103B30002DBC10B50446FEF728FC20461F21FFF7D8
:103B4000E8FF2046BDE81040FFF7C6BF38B5C4B255
:103B50000D4620460A21FEF731FC20EA0502D2B2CA
:103B600020460A21BDE83840FEF710BC10B50446D7
:103B7000FFF7C1FF20461F21BDE81040FFF7E6BF59
:103B800010B5C0B20C460B21FEF718FC204010BD4A
:103B90001F21FFF7F5BF0A46C0B20B21FEF7F6BBA7
:103BA0001F21FFF7F8BF38B5C4B20D4620461721D4
:103BB000FEF704FC20EA0502D2B220461721BDE838
:103BC0003840FEF7E3BB70B5C4B206460421204678
:103BD000FEF7F4FB042100F0FB0205462046FEF749
:103BE000D5FB3046F021FFF7DEFF05F0F802204656
:103BF0000421FEF7CBFB492220212046FEF7C6FB1D
:103C00000220FEF70BFC204601222121FEF7BEFB1D
:103C100020469A224121FEF7B9FB204601224A2183
:103C2000FEF7B4FB204601224B21FEF7AFFB2046F6
:103C300000224B21FEF7AAFB204601225621FEF767
:103C4000A5FB204601225821FEF7A0FB20460122B9
:103C50004021FEF79BFB2046FF220B21FEF796FB3F
:103C6000BDE870400220FEF7D9BB0000054BD3F839
:103C7000882042F47002C3F888204FF000629A60F6
:103C8000704700BF00ED00E008B50B4B1A6842F426
:103C900000721A601A6842F480621A601A6842F46C
:103CA00080721A60032000F02FF80020FEF774FEE7
:103CB000FEF73EFC002008BD003C0240034A044BD6
:103CC00011681B780B441360704700BF2027002049
:103CD00078000020014B1868704700BF20270020A3
:103CE00038B50446FFF7F6FF631C1CBF054B1B7875
:103CF000054618BFE418FFF7EDFF431BA342FAD3B4
:103D000038BD00BF780000200749CA6822F4E0628D
:103D10000302120403F4E063120C134343F0BF6385
:103D200043F40033CB60704700ED00E0164B30B534
:103D3000DC68C4F30224C4F10703251D042B28BF4B
:103D40000423062D4FF0FF358CBF033C002405FAF9
:103D500003F321EA0303A54022EA0502A340002859
:103D600043EA0203ACBF00F16040084A4FEA031384
:103D7000B8BF00F00F00DBB2AABF00F561401354DA
:103D800080F8003330BD00BF00ED00E014ED00E02E
:103D9000002807DB044A4109012300F01F0083408B
:103DA00042F82130704700BF00E100E010B5044642
:103DB00050B1437903F0FF0213B90271FEF7D8FB4B
:103DC00001236371002010BD0120FCE710B50446FB
:103DD00020B390F8393003F0FF021BB980F8382087
:103DE000FEF7DEFB022384F83930236861681A6825
:103DF00022F440320A431A605A6BA16822F007028B
:103E00000A435A631A6CE1686FF30D020A431A649D
:103E100000200123E06384F8393010BD0120FCE765
:103E200070477047036870B55E681D68F207044606
:103E300014D5E90512D51A6822F480721A60C26B93
:103E400042F00102C26301229A60042380F83930F3
:103E5000002380F83830436903B19847B20616D57D
:103E6000AB0414D523681A6822F400521A60202289
:103E70009A60E36B43F00203E363042384F8393070
:103E8000002384F8383063690BB120469847300727
:103E900016D5290514D523681A6822F400621A6021
:103EA00008229A60E36B43F00403E363042384F87D
:103EB0003930002384F8383063690BB120469847C5
:103EC00072070BD56B0509D523681A6822F4806246
:103ED0001A6004229A602046FFF7A2FFB00714D5AB
:103EE000A90512D523681A6822F400721A6002220A
:103EF0009A60E36BE363012384F83930002384F88C
:103F0000383023690BB120469847F20613D5EB04ED
:103F100011D523681A6822F480521A6010229A6020
:103F2000E36BE363012384F83930002384F83830ED
:103F30002046FFF776FF70BDF0B590F83820012AD3
:103F400003464FF002002BD0012283F8382083F87B
:103F5000390003EB0112D2E90740556A174F44EAD2
:103F60000040093C012C9CBF05F07F4210434FEA02
:103F700001161A6888BF40EA056091B9516A394054
:103F800001435162012C9969916103D8596A21F06A
:103F90007F4191620122002083F8392083F83800A4
:103FA000F0BDD16939400143D1619919012C89696A
:103FB00011619CBF25F07F451562EBE7F0FFFC0027
:103FC0002DE9F74FDFF8BC916C4A00230D680124FE
:103FD0009C4004EA0506AC4340F0B7804D680327D7
:103FE00005F003044FEA430807FA08FC671E012F97
:103FF0006FEA0C0C34D8876807EA0C0ECF6807FA12
:1040000008F747EA0E078760476827EA060EC5F3F8
:1040100000179F4047EA0E074760C76807EA0C0E83
:104020008F6807FA08F747EA0E07022CC76019D114
:104030004FEAD30A00EB8A0A03F0070BDAF8207084
:104040004FEA8B0B4FF00F0E0EFA0BFE27EA0E0E07
:104050000F6907FA0BF747EA0E07CAF8207001E06C
:10406000032CDAD1076804FA08F407EA0C073C438A
:1040700015F4403F046068D000240194D9F844400E
:1040800044F48044C9F84440D9F8444023F003077D
:1040900007F1804704F4804407F59C37019403F04E
:1040A000030C019CD7F808E04FEA8C0C0F2404FAAB
:1040B0000CF42EEA040E324CA0424DD004F580647C
:1040C000A0424BD004F58064A04249D004F580643E
:1040D000A04247D004F58064A04245D004F5806436
:1040E000A04243D004F58064A04241D004F580642E
:1040F000A0423FD004F58064A0423DD004F5806426
:10410000A04214BF0A24092404FA0CF444EA0E0461
:10411000BC609468F74315F4801F0CBF3C403443E7
:104120009460D46815F4001F0CBF3C403443D46045
:10413000546815F4003F0CBF3C403443546014688D
:10414000ED0354BF3C40344314600133102B7FF423
:104150003DAF03B0BDE8F08F0024D5E70124D3E7DD
:104160000224D1E70324CFE70424CDE70524CBE7DD
:104170000624C9E70724C7E70824C5E7003C014037
:1041800000000240003802400369194214BF0120B8
:10419000002070470AB1816170470904FBE7436959
:1041A00001EA030221EA030141EA02418161704709
:1041B00001684B6913F480634FF0000210D06FF474
:1041C00080634B612023026380F83D3080F83E20FD
:1041D000036C80F83C2043F0040303640120704723
:1041E000184670472DE9F84606460F4691461D468B
:1041F0004FEA114A3368BAF1010F0CBF5C699C6940
:1042000027EA0404A4B2B4FA84F46409A14501D0F5
:10421000002025E06A1CEED0FFF75CFD089BC01A69
:10422000A84201D8002DE5D13368BAF1010F0CBFC7
:104230005B699B6927EA03039BB2B3FA83F35B09CB
:104240009945D7D100232022336386F83D2086F894
:104250003E30326C86F83C3042F02002326401205D
:10426000BDE8F8862DE9F04104460F46164698460B
:104270002568686927EA000080B2C0B16B695A05F9
:1042800017D52B6843F400732B606FF480636B6168
:1042900020220023236384F83D2084F83E30236CE1
:1042A00043F004032364002384F83C300120BDE87C
:1042B000F081731CDDD0FFF70DFDA0EB0800B042CC
:1042C00001D8002ED4D123685A6927EA020292B29B
:1042D000002ACDD000232022236384F83D2084F8D7
:1042E0003E30236C1343DDE770B504460D46164699
:1042F00023685B691B0601D500201EE02046FFF7FE
:1043000057FFC8B96A1CF3D0FFF7E4FC801BA84232
:1043100001D8002DECD123685B6913F08003E7D14D
:104320002022236384F83D2084F83E30226C84F8F8
:104330003C3042F020022264012070BD2DE9F043A0
:104340001546026885B0DDE90C789946136843F498
:10435000807313600E463B46CDF8008000224FF07C
:1043600001110446FFF73EFF236838B11B68DB05E7
:1043700002D54FF400732364032620E006F0FE0606
:104380001E611A4943463A462046FFF76BFFA8B91B
:10439000236803905A6903929B6903934246394606
:1043A0002046039BFFF7A0FF064660B1236C042B59
:1043B00001BF2268136843F400731360012630467E
:1043C00005B0BDE8F083B9F1010F236802D1EDB269
:1043D0001D61F4E72A0A1A61394642462046FFF772
:1043E00083FF0028E2D12368F1E700BF020001004B
:1043F0002DE9FF479A46036815461A6842F4806221
:104400001A601A68DDE90C7842F480721A600E4670
:104410003B46CDF8008000224FF001110446FFF723
:10442000E1FE236838B11B68DB0544BF4FF400731D
:104430002364032021E05FFA86F906F0FE061E6180
:104440002B4943463A462046FFF70CFFA0B92368A4
:1044500003905A6903929B6903934246394620466A
:10446000039BFFF741FF58B1236C042B01BF226867
:10447000136843F400731360012004B0BDE8F087B3
:10448000BAF1010F23681AD1EDB242461D613946D7
:104490002046FFF729FF02460028E5D121680B6876
:1044A00043F480730B602046CDF800803B464FF00C
:1044B0000111FFF797FE226860B11368B4E72A0A7A
:1044C0001A61394642462046FFF70EFF0028CBD13D
:1044D0002368D9E749F001031361054943463A4689
:1044E0002046FFF7BFFE003818BF0120C5E700BF18
:1044F0000200010070B504460D46164623685B694C
:104500005B0701D500201EE02046FFF751FEC8B929
:104510006A1CF3D0FFF7DEFB801BA84201D8002DF8
:10452000ECD123685B6913F00403E7D120222363F5
:1045300084F83D2084F83E30226C84F83C3042F010
:1045400020022264012070BD70B504460D46164657
:1045500021684B6913F0400301D0002011E04A6943
:10456000D2060FD56FF010024A612022236384F82F
:104570003D2084F83E30236C2364002384F83C30D3
:10458000012070BDFFF7A6FB801BA84201D8002DBB
:10459000DED123685B6913F04003D9D12022236365
:1045A00084F83D2084F83E30236C1343E4E7000098
:1045B00070B5044608B9012070BD90F83D3003F095
:1045C000FF021BB980F83C20FEF70CF8242384F886
:1045D0003D3023681A6822F001021A601A6842F41A
:1045E00000421A601A6822F400421A6000F0A8FE25
:1045F0003F4B65689D4294BF3E4B3F4B98428CBFFA
:1046000000230123002BD6D12268394E51683B4B41
:10461000B0FBF3F321F03F011943B542516088BF6D
:104620004FF49676116A88BF734321F03F0184BF2F
:104630004FF47A76B3FBF6F301330B431362D1697F
:10464000431E2B4821F44F41854221F0FF0132D80F
:104650006D0040F6FC70B3FBF5F30133034242D02A
:10466000C3F30B031943D161D4E907301168034345
:1046700021F0C0010B4313609168D4E9030321F4D6
:104680000341034321F0FF010B439360D4E905305C
:10469000D168034321F0FF010B43D360136843F05B
:1046A0000103136000202023206484F83D30206340
:1046B00084F83E0080E7A06850B905EB4505B3FBE0
:1046C000F5F30133C3F30B037BB143F40043C9E7B4
:1046D00019206843B3FBF0F30133C3F30B0323B199
:1046E00043F44043BEE70423BCE70123BAE700BF1D
:1046F000A08601007F841E00FF083D0040420F009D
:104700002DE9F743044699460C9E0F469046FFF765
:10471000E1FA94F83D30202B054603D0022003B087
:10472000BDE8F08300903C49192301222046FFF7A1
:1047300059FD0028F2D194F83C30012BEED02068CE
:10474000012384F83C300368D9075EBF036843F057
:1047500001030360036823F400630360212384F8EA
:104760003D30402384F83E30002323640A9B63627B
:10477000BDF82C306385638D2385284BE362424668
:10478000CDE900654B4639462046FFF7D7FD0028A6
:104790002AD00120C3E7FFF7A7FD40B1236C042B0B
:1047A00001BF2268136843F400731360F1E7636A82
:1047B00027681A4612F8011B39616262628D218DE9
:1047C000013A92B262857A69481E80B2520720850A
:1047D0000AD548B15A783A6102336362638D013B6E
:1047E00002399BB221856385238D2A4631462046B6
:1047F000002BD0D1FFF77EFE0028CFD122681368AE
:1048000043F400731360202384F83D3084F83C00A7
:1048100084F83E0083E700BF020010000000FFFFA5
:104820002DE9F043044687B09946109F0D46904607
:10483000FFF750FA94F83D30202B064604D00225AD
:10484000284607B0BDE8F08300907A491923012279
:104850002046FFF7C7FC0028F1D194F83C30012B2B
:10486000EDD02068012384F83C300368DB075EBF8D
:10487000036843F001030360036823F400630360EB
:10488000222384F83D30402384F83E300023236403
:104890000E9B6362BDF83C306385638D2385664B58
:1048A000E3622946CDE900764B4642462046FFF7B3
:1048B0009FFD054608B10125C2E7228D2368B2B9E4
:1048C00002905A6902929A690292029A1A6842F414
:1048D00000721A60DFF86481238D002B2CD1202216
:1048E00084F83D2084F83C3084F83E30A8E7012A63
:1048F0000AD11A6822F480621A6003905A690392FE
:104900009A690392039AE1E7022A0ED11A6822F407
:1049100080621A601A6842F400621A6004905A6950
:1049200004929B690493049BD4E705905A6905920D
:104930009B690593059BCDE7032B56D8012B15D119
:10494000324639462046FFF7FFFD0028B3D12368E1
:104950001A69636A1A70636A01336362238D013BCB
:104960002385638D013B9BB26385B5E7022B0096DF
:104970003B464FF000024146204619D1FFF732FC7A
:10498000002898D123681A6842F400721A601A69E4
:10499000636A1A70626A531C6362238D013B23852C
:1049A000638D013B9BB2638523681B695370D2E71B
:1049B000FFF718FC024600287FF47DAF23681968D2
:1049C00021F4806119601969636A1970636A01339F
:1049D0006362238D013B2385638D013B9BB263851D
:1049E000414600963B462046C8E7324639462046B7
:1049F000FFF7AAFD00287FF45EAF23681A69636A97
:104A00001A70628D616A013A92B24B1C628522680B
:104A10006362238D5069013B9BB2400723857FF57C
:104A20005BAF032B02BF136823F480631360136929
:104A30004B7090E7020010000000FFFF040001002F
:104A400010B590F83D30202BDCB216D1242380F82D
:104A50003D3003681A6822F001021A605A6A22F097
:104A600010025A625A6A114359621A6842F00102EE
:104A70001A6080F83D40002010BD0220FCE730B5F0
:104A800090F83D30202BDCB216D10268242380F848
:104A90003D30136823F001031360556A4FF6F0733D
:104AA0002B400B439BB25362136843F00103136026
:104AB00080F83D40002030BD0220FCE70068D1F8BE
:104AC00000C0D201843283182DE9F043C6685D68C6
:104AD0004C68D1F8189005F470455D60C5680CF11C
:104AE0000107C5F30B45C6F30B4626443D4445EA92
:104AF00006455D60C668CD68C6F30A062E449D680B
:104B000005F470459D60C7688D68C7F30A070135D5
:104B10003D4445EA06459D601D690E6925F007057F
:104B20001D614FF0000E1E6191F832709D6991F881
:104B30003180C3F818E091F8305045EA096545EA3C
:104B4000082545EA07459D615D6925F0FF055D6122
:104B50004D695D61DD6925F4E06525F00705DD61DE
:104B6000D1E907573D43DD619D6A4D6AC3F828E0EE
:104B7000072E9D629CBF0E4DAE5DDD6A05F0E025FF
:104B8000DD6288BF01268D6AC96AA4EB0C047443F8
:104B90007543033444EA0544DC621C6B6FF30A047A
:104BA0001C631963835843F001038350BDE8F0830D
:104BB000384B020838B50446002863D090F8A1307D
:104BC00003F0FF021BB980F8A020FDF767FD022368
:104BD00084F8A13023689A6922F070429A61D4E97E
:104BE00001200243E06899690243206902430A43B5
:104BF0009A619A68244960690A409A609A6842EA10
:104C00000042A06902439A60DA68E0690A40DA600B
:104C1000DA6842EA0042206A0243DA601A69606A8E
:104C20000A401A611A6942EA0042A06A02431A6104
:104C30005A690A405A615A69E16A42EA0142216BA3
:104C40000A435A61DA6A94F8350094F8361002F093
:104C50007F42DA62DD6A94F834202A4342EA002275
:104C600042EA0142DA625A6B42F006025A639A69DA
:104C700042F001029A6100200123C4F8A40084F8E4
:104C8000A13038BD0120FCE700F800F07047704704
:104C9000036870B59E6B5D6B7207044614D5690797
:104CA00012D55A6B22F004025A630422DA63D0F858
:104CB000A43043F00103C0F8A430002380F8A12001
:104CC00080F8A030FFF7E2FFB20716D5AB0714D586
:104CD00023685A6B22F002025A630222DA63D4F884
:104CE000A4301343C4F8A430042384F8A130002373
:104CF00084F8A0302046FFF7C9FFF00710D5E90778
:104D00000ED523685A6B22F001025A630122DA633E
:104D1000002384F8A12084F8A0302046FDF762F833
:104D2000320711D52B070FD523685A6B22F00802E2
:104D30005A630822DA63012384F8A130002384F83F
:104D4000A0302046FFF7A3FF70BD2DE9F04190F899
:104D5000A030012B06460F4694464FF002001FD0AC
:104D60004FF0010886F8A08086F8A10034240D4693
:104D700004FB02640FCD38340FC40FCD0FC40FCD28
:104D80000FC42B682360304662463946FFF796FE13
:104D900033680020C3F8248086F8A18086F8A0003C
:104DA000BDE8F08190F8A020012A03464FF00200F0
:104DB00012D01A6883F8A100506B20F001005063F4
:104DC00006480164516B41F001015163002001224A
:104DD00083F8A12083F8A000704700BF006801405D
:104DE00037B500230193184B184D1A6C42F08052CE
:104DF0001A641B6C03F080530193019B144B012236
:104E00001A64FEF767FF04466B68DA030BD5104B94
:104E10000E4D01225A64FEF75DFF04466B689B034A
:104E20000AD5002006E0FEF755FF001BB0F57A7F9B
:104E3000EAD9032003B030BDFEF74CFF001BB0F5EC
:104E40007A7FEBD9F5E700BF0038024000700040E0
:104E500000000E422DE9F341044640B30368DE072B
:104E600010D423689D075BD42368190700F19D8047
:104E700023685A0700F1BD80A369002B40F024810C
:104E800000202CE08D4B9A6802F00C02042A07D017
:104E90009A6802F00C02082A0BD15B68590208D507
:104EA000864B1B689A03DCD56368002BD9D101209F
:104EB00015E06368814DB3F5803F13D12B6843F44F
:104EC00080332B60FEF706FF7C4E054633689B035C
:104ED000C7D4FEF7FFFE401B6428F7D9032002B0B9
:104EE000BDE8F081B3F5A02F04D12B6843F48023F3
:104EF0002B60E3E72A6822F480322A602A6822F4D1
:104F000080222A60002BDDD1FEF7E4FE06462B68E6
:104F10009F03A6D5FEF7DEFE801B6428F7D9DDE7E8
:104F2000664B9A6812F00C0F07D09A6802F00C02D8
:104F3000082A11D15B685D020ED4604A1368990794
:104F400002D5E368012BB2D11368216923F0F8037D
:104F500043EAC103136087E7E268594BB2B101220B
:104F60001A60FEF7B7FE554D06462B689B0707D51E
:104F70002B68226923F0F80343EAC2032B6073E72E
:104F8000FEF7A8FE801B0228EFD9A7E71A60FEF7FC
:104F9000A1FE4A4E054633689F077FF565AFFEF7D1
:104FA00099FE401B0228F6D998E76269444B82B10A
:104FB0000122C3F8802EFEF78DFE404E0546736F2A
:104FC0009B073FF555AFFEF785FE401B0228F6D93B
:104FD00084E7C3F8802EFEF77DFE384E0546736FDA
:104FE0009F077FF545AFFEF775FE401B0228F6D9F7
:104FF00074E7324B1A6C12F0805228D101921A6C6D
:1050000042F080521A641B6C03F080530193019BA1
:1050100001272C4D2B68D8051BD5A368274D012BE4
:1050200027D12B6F43F001032B67FEF753FE234E6E
:10503000054641F28838336F9A0739D5002F3FF47F
:105040001BAF1E4A136C23F08053136414E7002730
:10505000DFE72B6843F480732B60FEF73BFE0646C8
:105060002B68D905D9D4FEF735FE801B0228F7D965
:1050700034E7052B04D12B6F43F004032B67D0E7F3
:105080002A6F22F001022A672A6F22F004022A679F
:10509000002BCAD1FEF71EFE41F2883806462B6F60
:1050A0009B07CBD5FEF716FE801B4045F7D915E7C9
:1050B000FEF710FE401B4045BDD90FE70038024007
:1050C0000000474200700040374DAA6802F00C0211
:1050D000082A3ED0022B354B4FF000021A662BD126
:1050E000FEF7F8FD06462B6899011FD4D4E9073274
:1050F0001343626A43EA8213E26A43EA0263A26AE2
:105100005208013A43EA02436B60284B264D0122C4
:105110001A66FEF7DFFD04462B689A013FF5B0AE34
:10512000FEF7D8FD001B0228F6D9D7E6FEF7D2FD20
:10513000801B0228D7D9D1E6FEF7CCFD04462B68A8
:105140009B017FF59DAEFEF7C5FD001B0228F6D939
:10515000C4E6012B3FF4ABAE6B68E26903F4800157
:1051600091427FF4A4AE216A03F03F028A427FF4A9
:105170009EAE616A47F6C0721A40B2EB811F7FF49F
:1051800096AEA26A520803F44031013AB1EB024FE5
:105190007FF48DAEE26A03F07063B3EB026F14BF6D
:1051A000012000209BE600BF00380240000047427B
:1051B000134908B58B6803F00C03042B1CD0082B93
:1051C0001CD14A684B68496813F4800314BF0D482A
:1051D0000D48C1F3881118BF002302F03F02A1FB64
:1051E0000001FBF78BFC064B5B68C3F30143013303
:1051F0005B00B0FBF3F008BD0248FCE70248FAE7A9
:105200000038024000127A000024F4002DE9F04139
:105210000D46044610B90120BDE8F081434B1A68E1
:1052200002F00F028A4228D321688F072DD4C807C5
:1052300040D43E4B1A6802F00F02AA4265D8226899
:1052400051076BD4130707D5394A2169936823F4B2
:10525000604343EAC1039360FFF7AAFF344B354A2A
:105260009B68C3F30313D35CD840334B1860334BB4
:105270001868FDF791FB0020CEE7CAB21A701B68D0
:1052800003F00F038B42C6D1CEE7294B11F0040F78
:105290001EBF9A6842F4E0529A600E0742BF9A68B5
:1052A00042F460429A609A68A06822F0F0020243D9
:1052B0009A60BCE762681E4B012A1CD11B6813F47C
:1052C000003FA8D01A4EB36823F003031343B36022
:1052D000FEF700FD41F288380746B368626803F0C4
:1052E0000C03B3EB820FA4D0FEF7F4FCC01B4045C7
:1052F000F3D9032090E7911E01291B6802D813F00F
:10530000007FDEE713F0020FDBE7EAB21A701B68DA
:1053100003F00F03AB427FF47EAF90E70449E068EF
:105320008B6823F4E05303438B608BE7003C02401F
:1053300000380240284B0208740000207C00002046
:10534000044B054A9B68C3F38223D35C034A10686D
:10535000D840704700380240204B020874000020FB
:105360000F2303600B4B9A6802F0030242609A68B5
:1053700002F0F00282609A6802F4E052C2609B6818
:10538000DB0803F4E0530361034B1B6803F00F03D6
:105390000B60704700380240003C0240036813F085
:1053A000430FF7B5044640F08880236813F00C0FD4
:1053B00045D08C4B8C4D00221A67FEF78BFC0646BD
:1053C0002B68990000F1CB8021684A0715D5D4E9F4
:1053D0000403D5F888201B0602F0E04243EA80135C
:1053E0001343C5F88830D5F88C30226A23F4F8537B
:1053F000013A43EA0223C5F88C300B0714D57A4AE8
:10540000A369D2F8881020691B0701F0706143EA94
:1054100080130B43C2F88830D2F88C30616A23F4D1
:1054200040330B43C2F88C306E4B6F4E01221A672B
:10543000FEF750FC054633689F0040F197802368D3
:10544000980634D500230193674B684D1A6C42F0DF
:1054500080521A641B6C03F080530193019B2B68EC
:1054600043F480732B60FEF735FC06462B68D805A5
:1054700040F183805C4DA26A2B6F13F4407340F0BF
:105480008380A36A03F44072B2F5407F564A40F02D
:105490009E80916823F0704021F4F81120F4407050
:1054A00001439160116FC3F30B030B431367236830
:1054B000DB0600F1908000204FE04A4B4A4E00226C
:1054C0009A66FEF707FC054633681F013FD4216842
:1054D000C80741BFD4E901231B0743EA8213C6F87A
:1054E00084308A0715D5404AE368D2F8840065689D
:1054F0001B0600F0E04043EA85130343C2F8843002
:10550000D2F88C00E36920F01F00013B0343C2F88E
:105510008C304B060AD5E36862681B0643EA8213A7
:10552000A26843EA0273304AC2F884302D4B2E4EF3
:1055300001229A66FEF7CEFB054633681F013FF550
:1055400034AFFEF7C7FB401B0228F6D904E0FEF794
:10555000C1FB401B0228B7D9032003B0F0BDFEF702
:10556000B9FB801B02287FF62BAFF5E7FEF7B2FBF5
:10557000401B02287FF65FAFEEE7FEF7ABFB801B18
:1055800002287FF673AFE7E702F4407293423FF4DC
:1055900078AF2B6F134A0121C2F8401E23F44073E9
:1055A0000021C2F8401E2B672B6FD9077FF569AF2A
:1055B000FEF790FB41F2883706462B6F9A073FF5BE
:1055C00060AFFEF787FB801BB842F6D9C4E791684D
:1055D00021F4F81165E7064B94F82C20C3F8E0217C
:1055E00069E700BF000047420038024000700040F9
:1055F0000010474238B50D460446C8B190F82C302B
:1056000003F0FF021BB980F82D20FDF759F90223A2
:1056100084F82C30211D206800F00EFD626820689F
:10562000294600F03FFD012384F82C30002038BDCE
:105630000120FCE770B590F82C30022B05460E4691
:10564000D8B212D000F0FB04012C0FD1022385F850
:105650002C30286800F05CFD3368022B06BF052360
:1056600085F82C3085F82C40002070BD0120FCE727
:1056700038B590F82C30022B0446D8B20DD094F8EF
:105680002C30012BDDB209D10223206884F82C30A4
:1056900000F062FD84F82C50002038BD0120FCE7AA
:1056A0002DE9F3471F46894690460446FEF712FB54
:1056B0000A9D3D442D1AFEF70DFB264B1E68C6F3CE
:1056C000CB366E43824601962268936839EA03031B
:1056D0000CBF01230023434501D100202EE07B1C99
:1056E000F3D0FEF7F7FAA0EB0A00A84229D323680B
:1056F0005A6822F0E0025A606268B2F5827F0AD1ED
:10570000A268B2F5004F02D0B2F5806F03D11A68DB
:1057100022F040021A60A26AB2F5005F07D11A684F
:1057200022F400521A601A6842F400521A600123EF
:1057300084F85130002384F85030032002B0BDE8D3
:10574000F087019A019B002A03F1FF33019308BF00
:105750001546B9E774000020F0B585B00B460092FD
:105760000E461746022101220446FFF799FF05461F
:1057700028B1636D43F020036365032515E0124BE8
:105780001868124BB0FBF3F04FF47A735843636818
:105790000390B3F5827F0BD1009733462A468021D0
:1057A0002046FFF77DFF0028E3D1284605B0F0BD75
:1057B000039B002BF9D0039B013B039323689B6859
:1057C0001B06F5D4F1E700BF7400002000366E011F
:1057D00037B50B464168B1F5827F044608D0009288
:1057E00001210022FFF75CFFD0B9002003B030BDDB
:1057F0008168B1F5004F02D0B1F5806F07D12568FF
:105800002868B1F5806F20F04000286004D0009235
:10581000802100222046E5E7009201210022F9E7DD
:10582000636D43F0200363650320DFE710B5044692
:10583000002855D0436A002B4ED14268B2F5827FD2
:1058400000D0C3610023A36294F8513003F0FF023B
:1058500023B984F850202046FCF7FCFF2168A0689B
:10586000A269022384F851300B6823F040030B60D7
:10587000636800F4044003F482730343E06800F4B7
:1058800000600343206900F002000343606900F0F8
:105890000100034302F400700343E06900F03800A4
:1058A0000343206A00F080000343A06A00F4005024
:1058B00003430B60636A120C03F0100302F004024E
:1058C0001A434A60CB6923F40063CB6100200123B3
:1058D000606584F8513010BD0023C0E90433B1E79E
:1058E0000120F8E72DE9F74304461F460D46904690
:1058F000FEF7F0F994F85130012B8146D8B240F010
:105900009F80002D74D0B8F1000F71D094F8503002
:10591000012B00F09580032384F851300023636548
:10592000C4E91033A4F83680A363A387E387A36890
:10593000266884F85000B3F5004F2563A4F834803E
:1059400007D1336823F040033360336843F4804366
:1059500033603368E2685B065EBF336843F0400340
:105960003360B2F5006F636845D113B1B8F1010F30
:1059700007D135F8023BF3602563E38E013B9BB210
:10598000E386E38E9BB2D3B94A4639462046FFF7F9
:10599000E3FE002851D1A36833B901932368DA6884
:1059A00001929B680193019B012384F85130606D43
:1059B0000023C01A84F8503018BF012018E0226874
:1059C0009368980705D5236B33F8021BD1602363D6
:1059D000D3E7FEF77FF9A0EB0900B842D1D3791CD9
:1059E000CFD0012384F85130002384F850300320B5
:1059F00003B0BDE8F08313B1B8F1010F08D12B78E3
:105A00003373236B01332363E38E013B9BB2E38645
:105A1000E38E9BB2002BB7D023689A68920703D518
:105A2000226B12781A73ECE7FEF754F9A0EB090029
:105A3000B842EDD37B1CEBD0D3E720236365AAE704
:105A40000220D5E72DE9F74304460D4691461E4650
:105A5000DDF82880FEF73EF994F851306268012B9A
:105A60000746D9B20AD0B2F5827F40F0E580A3683C
:105A7000002B40F0E180042940F0DE80002D4BD067
:105A8000B9F1000F48D0002E46D094F85030012BC9
:105A900000F0D280012384F8503094F85130C4F8DB
:105AA0003890042B1CBF052384F851300023636514
:105AB000C4E910332368E687E6861968A687490695
:105AC00058BF1968256358BF41F04001A68658BFEA
:105AD0001960E168B1F5006F55D10AB1012E07D107
:105AE00035F8022BDA60E38E2563013B9BB2E38637
:105AF0000125E38E9BB28BB9E38F9BB273B93A4613
:105B000041462046FFF728FE002800F08180202330
:105B10006365002384F85030012031E021688B68F0
:105B20009A070DD5E38E9BB253B145B1236B33F881
:105B3000022BCA602363E38E013B9BB2E386002500
:105B40008A6812F001020CD0E38F9BB24BB1A36BB9
:105B5000C96823F8021BA363E38F013B9BB2E38771
:105B60001546FEF7B7F8C01B4045C2D3B8F1FF3F5A
:105B7000BFD0012384F85130002384F85030032033
:105B800003B0BDE8F0830AB1012E08D12A781A7358
:105B9000236B01332363E38E013B9BB2E386012534
:105BA0002DE0226893689B070ED5E38E9BB25BB114
:105BB0004DB1236B1B781373236B01332363E38E87
:105BC000013B9BB2E38600252268916811F0010138
:105BD0000DD0E38F9BB253B1A36BD2681A70A36B45
:105BE0000133A363E38F013B9BB2E3870D46FEF7CE
:105BF00071F8C01B404502D3B8F1FF3FB9D1E38E25
:105C00009BB2002BCDD1E38F9BB2002BC9D176E79D
:105C1000A36833B901932368DA6801929B68019302
:105C2000019B012384F85130606D0023C01A84F871
:105C3000503018BF0120A3E70220A1E72DE9F74368
:105C40001E4690F85130012B044689461746DDB2B6
:105C500004D00225284603B0BDE8F0834368B3F5BD
:105C6000827F0BD183684BB9042380F851301346EF
:105C700000960A46FFF7E6FE0546EBE7FEF72AF830
:105C80008046B9F1000FE5D0002FE3D094F85030F2
:105C9000012BDED0A268C4F838900123002584F8D7
:105CA0005030B2F5004F4FF0040384F85130C4E98E
:105CB000105565652368E787A7872563A586E58670
:105CC00007D11A6822F040021A601A6822F4804252
:105CD0001A601A6855065EBF1A6842F040021A60E0
:105CE000E368F3B1E38F9BB2FBB123689A68D207F4
:105CF0003CD5DA68A36B23F8022BA363E38F013B47
:105D00009BB2E387EEE723689A68D0071ED5A26BA3
:105D10001B7B1370A36B0133A363E38F013B9BB227
:105D2000E387E38F9BB2002BEDD1424631462046FC
:105D3000FFF74EFD18BB012384F85130656D002339
:105D4000ED1A84F8503018BF012583E7FDF7C2FF34
:105D5000A0EB0800B042E4D3711CE2D0012384F828
:105D60005130002384F85030032573E7FDF7B2FF6C
:105D7000A0EB0800B042B5D3731CB3D0EEE72023EC
:105D80006365D8E77047000090F83D30012B30D1B3
:105D9000022380F83D300368DA6842F00102DA60DD
:105DA000154A93421AD0B3F1804F17D0A2F57C4226
:105DB000934213D002F5806293420FD002F58062C5
:105DC00093420BD002F57842934207D002F570520D
:105DD000934203D0A2F59432934204D19A6802F020
:105DE0000702062A03D01A6842F001021A60002056
:105DF00070470120704700BF0000014070477047A6
:105E000070477047036870B5DD681E69B1070446C6
:105E10000DD5AA070BD56FF002021A610122027795
:105E20009B699B0769D0FFF7EAFF0023237771077F
:105E300010D56A070ED523686FF004021A6102229A
:105E400022779B6913F4407F20465CD0FFF7D7FF91
:105E50000023237733070FD528070DD523686FF06C
:105E600008021A6104222277DB699907204650D084
:105E7000FFF7C5FF00232377F20610D5EB060ED5FA
:105E800023686FF010021A6108222277DB6913F48D
:105E9000407F204643D0FFF7B2FF00232377F0076F
:105EA00008D5E90706D523686FF001021A6120467C
:105EB000FCF732FB320608D52B0606D523686FF0B7
:105EC00080021A61204600F0B6F8700608D569060F
:105ED00006D523686FF040021A612046FFF791FF54
:105EE000B20622D5AB0620D523686FF020022046EB
:105EF0001A61BDE8704000F09DB8FFF77FFF2046B3
:105F0000FFF77EFF91E7FFF779FF2046FFF778FF65
:105F10009EE7FFF773FF2046FFF772FFAAE7FFF740
:105F20006DFF2046FFF76CFFB7E770BD294A036895
:105F3000904212D0B0F1804F0FD0A2F57C42904237
:105F40000BD002F58062904207D002F58062904249
:105F500003D002F57842904208D14A6823F07003DA
:105F60001343CA6823F44073134316E01A4A90425D
:105F7000F7D002F580629042F3D002F58062904241
:105F8000EFD0A2F598329042EBD002F580629042B9
:105F9000E7D002F580629042E3D04A6923F08003A3
:105FA000134303608B68C3620B688362094B98429A
:105FB00003D003F58063984201D10B690363012389
:105FC00043610369DB0742BF036923F001030361F7
:105FD000704700BF000001400040014010B504467A
:105FE00030B390F83D3003F0FF021BB980F83C203D
:105FF000FFF7C8FE0223206884F83D30211DFFF71B
:1060000095FF012384F84630002084F83E3084F860
:106010003F3084F8403084F8413084F8423084F8CE
:10602000433084F8443084F8453084F83D3010BD66
:106030000120FCE7704770472DE9F041D1E90738AE
:10604000D1E9012CD1E90376D1E90554D1F824E056
:10605000096843EA080381B943EA0E03134343EA9C
:106060000C033B43016833432B4323436FF30E017F
:106070000B4303600020BDE8F081016843EA0E0392
:1060800021F4F8410B43036042EA0C0341683B43AF
:1060900033432B4321F4FF42234322F07F02134377
:1060A0004360E7E7CB6803F1FF3C4B69F0B54C6810
:1060B0008F680E698D690968013B1B05013C013F32
:1060C000013E013D24013F0236042D06013943EA19
:1060D0000C335AB90B43234382683B4333432B436E
:1060E00002F07042134383600020F0BD826822F406
:1060F000700222F470421343836044EA0703C268CB
:106100000B4333432B4302F070421343C360EBE76E
:1061100070B5044615460269D1E900300343C868EA
:106120006FF3150243EA402313438A68013A43EAB6
:1061300042132361FDF7CEFD0646A06910F0200052
:1061400003D06B1CF9D00DB9032070BDFDF7C2FD63
:10615000801BA842F1D9F7E743696FF34D0343EA87
:10616000410343610020704708B54FF0E0231B69ED
:1061700001F01CFE012803D0BDE8084000F0EABB96
:1061800008BD0000EFF305832BB9064B186828B94A
:1061900001221A6070476FF0050070474FF0FF3022
:1061A000704700BFE42D002010B5EFF305845CB903
:1061B000084B1A68012A0AD1074AD47702221A60CA
:1061C00001F072FB204610BD6FF00500FBE74FF0B9
:1061D000FF30F8E7E42D002000ED00E0F0B587B0D7
:1061E000144600220B460592EFF30582FAB9F0B18E
:1061F00054B3A56925B1691E372902D9002017E0DB
:1062000018256268D207F9D466699EB1B208D4E94C
:10621000027C216887B1BCF15F0F08D9246934B1D1
:106220002EB1CDE90147009501F0D7FA0590059808
:1062300007B0F0BD8022EAE7BCF1000FF7D1246976
:10624000002CF4D10C4601E01825802205A9CDE9E7
:10625000005192B2214601F0F8FA01281CBF002338
:106260000593E4E708B5EFF3058222B908B101F020
:1062700079FC002008BD6FF00500FBE7F7B5044688
:106280000E461546EFF3058242B938B1884205D370
:1062900055B1D5E902372BB14F2F22D80024204623
:1062A00003B0F0BD002FF9D1012C0CD020463146AF
:1062B00000F088FD04460028F0D085B92946204624
:1062C00001F0C6F8EBE703220021012000F031FDC8
:1062D0000EE01A4600F054FD04460028DED02D687A
:1062E000ECE70128F5D103210091114600F0D3FC21
:1062F00004460028D2D0002EDFD000231A461946CB
:1063000000F07EFD0128D8D0204601F0CBF8C5E78B
:1063100013B50C4628B3EFF30583CBB109BB01AA33
:10632000019101F028F8012803D06FF0020002B0BB
:1063300010BD019B0BB90020F9E74FF0E0234FF0AF
:106340008052C3F8042DBFF34F8FBFF36F8FF2E776
:1063500000F054FF0128EED0002CE6D06FF00100D1
:10636000E5E76FF00300E2E707B518B3EFF3058345
:10637000CBB1002301A9019300F051FE012804D004
:106380006FF0020003B05DF804FB019B4BB14FF0CE
:10639000E0234FF08052C3F8042DBFF34F8FBFF3BB
:1063A0006F8F0020EEE71A46194600F029FD0128FC
:1063B000F7D0E5E76FF00300E4E730B1EFF30583D2
:1063C0000BB101F038B801F023B87047F7B50546B6
:1063D0000E461446EFF305871FB10025284603B08B
:1063E000F0BD0028F9D00029F7D0DAB1D2E90232A5
:1063F00083B14F2AF1D92269002AEED066694D4354
:10640000AE42EAD3009700F046FC05460028E4D0EF
:10641000246811E0002AE0D12369002BDDD16369F3
:10642000002BDAD128460022314600F082FC0546D6
:106430000028D2D0002CEBD12146284601F008F8E4
:10644000CCE773B51C46EFF30586DEB138B331B344
:106450002BBB01AA019300F085FD012803D06FF04A
:10646000020002B070BD019B0BB90020F9E74FF0AC
:10647000E0234FF08052C3F8042DBFF34F8FBFF3DA
:106480006F8FF2E758B151B13346224600F0B8FCA5
:106490000128EAD0002CE2D06FF00100E1E76FF0B4
:1064A0000300DEE737B51C46EFF30583DBB130B3FD
:1064B00029B324BB01AA019400F05DFF012803D099
:1064C0006FF0020003B030BD019B0BB90020F9E76B
:1064D0004FF0E0234FF08052C3F8042DBFF34F8FED
:1064E000BFF36F8FF2E750B149B1224600F0E8FDEB
:1064F0000128EBD0002CE3D06FF00100E2E76FF051
:106500000300DFE7FFF759BF034B0360034B0B604A
:1065100080231360704700BF842D0020842B00204F
:10652000034B0360034B0B604FF4807313607047A1
:10653000242B00202427002010B5104B1A461B687E
:106540008342FBD354681119884201BF4168104649
:1065500009195160446801198B420CD10849096836
:106560008B4203D059682144416019680160904210
:1065700018BF106010BD1946F8E700BF002E0020BC
:10658000FC2D00202DE9F041044601F0D3F94249E9
:10659000424D0B680BBB424A56071FBFD01D20F06F
:1065A000070002F58032131A0CBF4FF48033024605
:1065B00013443C4E083B23F0070300207060326018
:1065C000C3E90000981AC2E900300B60364B18602E
:1065D000364B18604FF000432B602E68264255D191
:1065E000002C46D004F1080360071CBF23F007030A
:1065F0000833002B4AD02D4F3C689C4246D3294A91
:1066000015686868984204D2D5F800C0BCF1000F44
:1066100015D10968A94239D02968D2F800801160E3
:10662000C21A102A12D9E81841070BD04FF05003B4
:1066300083F31188BFF36F8FBFF34F8FFEE72A46B6
:106640006546DEE742606B60FFF776FF6A681649D1
:10665000A41A1643164A08683C6000232B6013688E
:106660006E60844203F1010338BF0C60136008F1CF
:10667000080401F003FA63070AD04FF0500383F3D4
:106680001188BFF36F8FBFF34F8FFEE70024F0E751
:106690002046BDE8F08100BFFC2D0020E82D002041
:1066A000082E0020002E0020F42D0020F82D0020C0
:1066B000F02D002010B5044690B31A4A50F8043C5F
:1066C0001268134208D14FF0500383F31188BFF3CF
:1066D0006F8FBFF34F8FFEE750F8081C41B14FF0AA
:1066E000500383F31188BFF36F8FBFF34F8FFEE723
:1066F00023EA020340F8043C01F01CF90A4A54F86A
:10670000043C1168A4F108000B441360FFF714FF68
:10671000064A1368BDE810400133136001F0AEB9BA
:1067200010BD00BFE82D0020F82D0020EC2D00202A
:1067300000F108034FF0FF32C0E902234360036118
:1067400000230360704700230361704743684B6078
:106750009A688A6051609960036808610133036038
:10676000704730B50C68631C0AD103695A684A60E7
:1067700091608B605960036808610133036030BD2C
:1067800000F10802134652681568A542FAD9EDE7F0
:10679000D0E9011203698A6051605968814208BFDB
:1067A0005A60002202611A68013A1A60186870473C
:1067B00008480068006880F308884FF0000080F304
:1067C000148862B661B6BFF34F8FBFF36F8F00DFDF
:1067D00000BF000008ED00E0DFF80C00016841F4A4
:1067E000700101607047000088ED00E082B0002376
:1067F00001930D4B1B68013308D04FF0500383F316
:106800001188BFF36F8FBFF34F8FFEE74FF0500338
:1068100083F31188BFF36F8FBFF34F8F019B002B62
:10682000FCD002B0704700BF800000204FF08073A2
:1068300040F8043C074B40F80C3C21F001016FF09C
:10684000020340F8081C40F8202C40F8243C44384F
:10685000704700BFED670008000000000000000066
:10686000074B19680868B0E8F04F80F30988BFF358
:106870006F8F4FF0000080F311887047AFF30080F6
:10688000483301204FF0500383F31188BFF36F8F1B
:10689000BFF34F8F0A4A13680133012B13600ED1E7
:1068A0004FF0E023D3F8043DDBB243B14FF0500387
:1068B00083F31188BFF36F8FBFF34F8FFEE77047ED
:1068C00080000020084A136843B94FF0500383F357
:1068D0001188BFF36F8FBFF34F8FFEE7013B13604B
:1068E0000BB983F31188704780000020000000007E
:1068F000EFF30980BFF36F8F154B1A681EF0100F6E
:1069000008BF20ED108A20E9F04F10602DE9090042
:106910004FF0500080F31188BFF34F8FBFF36F8F9C
:1069200001F044F94FF0000080F3118809BC1968A8
:106930000868B0E8F04F1EF0100F08BFB0EC108AE6
:1069400080F30988BFF36F8F704700BFAFF30080FB
:106950004833012008B54FF0500383F31188BFF38B
:106960006F8FBFF34F8F00F0F3FF28B14FF0E0239C
:106970004FF08052C3F8042D002383F3118808BD23
:106980004FF0E022002313619361054B4FF47A71BD
:106990001B68B3FBF1F3013B53610723136170479D
:1069A000740000204FF0E02337B5D3F8001D384ABB
:1069B000914208D14FF0500383F31188BFF36F8FDA
:1069C000BFF34F8FFEE7D3F8002D324B9A4208D128
:1069D0004FF0500383F31188BFF36F8FBFF34F8FD6
:1069E000FEE72D4B1A78D2B20192FF221A701B7863
:1069F0002A4ADBB28DF803309DF8033003F05003D0
:106A00001370274A072313609DF8031013680906C3
:106A10000AD4032B11D04FF0500383F31188BFF336
:106A20006F8FBFF34F8FFEE7013B13609DF803307C
:106A30005B00DBB28DF80330E6E74FF44073136080
:106A4000019B154A4FF0E024DBB21370D4F8203DCF
:106A500043F47003C4F8203DD4F8203D43F0704364
:106A6000C4F8203DFFF78CFF0E4B00251D60FFF79B
:106A7000B3FED4F8343F43F04043C4F8343FFFF74B
:106A800097FE01F093F8FFF7B1FE284603B030BD42
:106A900071C20F4170C20F4100E400E00C2E0120D2
:106AA000082E012080000020EFF305830F2B0ED964
:106AB000114A9B5C114A12789A4208D94FF0500350
:106AC00083F31188BFF36F8FBFF34F8FFEE74FF053
:106AD000E0230B4AD3F80C3D126803F4E0639342C1
:106AE00008D94FF0500383F31188BFF36F8FBFF3C2
:106AF0004F8FFEE7704700BFF0E300E00C2E01204F
:106B0000082E012010B50446FFF7BCFEA46BFFF76A
:106B1000D9FEB4FA84F0400910BD70B51646026C77
:106B2000856B044642B906689EB9806801F08CF90D
:106B3000A6600135A56370BD6EB940681CF037FAD8
:106B40006368226C1344A2686360934224BF236885
:106B500063600020EDE7C0681CF029FA226CE3684E
:106B600051429B1A2268E36093423EBFA3685B18C0
:106B7000E360022EEDD10DB1013DEAE72846D8E7EA
:106B8000034610B41A6C08466AB1DC68996814446C
:106B90008C4228BF1968DC6028BFD960D9685DF8CD
:106BA000044B1CF004BA5DF8044B704770B5044602
:106BB000FFF768FE94F8455004F124066DB2002DED
:106BC00001DD636AB3B9FF2384F84530FFF77AFE2D
:106BD000FFF758FE94F8445004F110066DB2002DF2
:106BE00001DD23697BB9FF2384F84430BDE87040A0
:106BF000FFF768BE304601F04BF808B101F0D0F85D
:106C0000013D6DB2DBE7304601F042F808B101F01A
:106C1000C7F8013D6DB2E2E738B50D46044640B90C
:106C20004FF0500383F31188BFF36F8FBFF34F8F83
:106C3000FEE7FFF727FED4E90F31226862604B437D
:106C4000D0185B1A1A44A060FF230020A063E26002
:106C500084F8443084F84530A5B9236973B104F150
:106C6000100001F015F848B14FF0E0234FF08052CA
:106C7000C3F8042DBFF34F8FBFF36F8FFFF722FED2
:106C8000012038BD04F11000FFF752FD04F124008B
:106C9000FFF74EFDF2E737B50D461C4640B94FF001
:106CA000500383F31188BFF36F8FBFF34F8FFEE75D
:106CB00043B94FF0500383F31188BFF36F8FBFF3D5
:106CC0004F8FFEE74AB191B94FF0500383F311881B
:106CD000BFF36F8FBFF34F8FFEE741B14FF050030B
:106CE00083F31188BFF36F8FBFF34F8FFEE75023FD
:106CF0000193019B502B08D04FF0500383F3118870
:106D0000BFF36F8FBFF34F8FFEE70121002D08BF48
:106D10002246C4E90F0584F8461022602046019BF4
:106D2000FFF77AFF9DF8183084F84C30204603B006
:106D300030BDF8B50D461746064640B94FF0500332
:106D400083F31188BFF36F8FBFF34F8FFEE7484384
:106D50005030FFF717FC044670B1002380F846302E
:106D600065B100F15003C4E90F652360012120469D
:106D7000FFF752FF84F84C702046F8BD0346F2E757
:106D800013B513460C4640B94FF0500383F31188F6
:106D9000BFF36F8FBFF34F8FFEE7884208D24FF0EB
:106DA000500383F31188BFF36F8FBFF34F8FFEE75C
:106DB0000222009200221146FFF76DFF00B18463AA
:106DC00002B010BD10B50C4640B94FF0500383F32C
:106DD0001188BFF36F8FBFF34F8FFEE7884208D251
:106DE0004FF0500383F31188BFF36F8FBFF34F8FC2
:106DF000FEE702220021FFF79CFF00B1846310BD73
:106E00002DE9FF410F4601921E46044640B94FF05E
:106E1000500383F31188BFF36F8FBFF34F8FFEE7EB
:106E200051B9036C43B14FF0500383F31188BFF3A2
:106E30006F8FBFF34F8FFEE7022E0BD1E36B012B59
:106E400008D04FF0500383F31188BFF36F8FBFF367
:106E50004F8FFEE700F0AAFF054620B300254FF054
:106E60000008FFF70FFDA26BE36B9A4227D2324670
:106E700039462046FFF751FE636A1BB104F1240036
:106E800000F006FF48B14FF0E0234FF08052C3F806
:106E9000042DBFF34F8FBFF36F8FFFF713FD01205A
:106EA00004B0BDE8F081019B002BD8D04FF0500317
:106EB00083F31188BFF36F8FBFF34F8FFEE7022E6E
:106EC000D5D0019B1BB9FFF7FDFC0020E8E715B901
:106ED00002A800F01DFFFFF7F5FC00F02BFDFFF707
:106EE000D1FC94F84430FF2B08BF84F8448094F818
:106EF0004530FF2B08BF84F84580FFF7E3FC01A96C
:106F000002A800F011FF38BBFFF7BCFCA26BE36BDB
:106F10009A420ED1FFF7D6FC019904F1100000F05F
:106F20007FFE2046FFF742FE00F0A8FD48B1012594
:106F300097E7FFF7C7FC2046FFF738FE00F09EFDFD
:106F4000F5E74FF0E0234FF08052C3F8042DBFF374
:106F50004F8FBFF36F8FEAE72046FFF727FE00F061
:106F60008DFDB2E72DE9F843894617461E460446D3
:106F700040B94FF0500383F31188BFF36F8FBFF315
:106F80004F8FFEE751B9036C43B14FF0500383F3C9
:106F90001188BFF36F8FBFF34F8FFEE7022E0BD127
:106FA000E36B012B08D04FF0500383F31188BFF33C
:106FB0006F8FBFF34F8FFEE7FFF776FDEFF311887A
:106FC0004FF0500383F31188BFF36F8FBFF34F8FE0
:106FD000A26BE36B9A4201D3022E1ED194F8455066
:106FE000A36B6DB2324649462046FFF796FD6B1CF7
:106FF0000ED1636A3BB104F1240000F049FE10B1E8
:107000000FB101233B60012088F31188BDE8F883AC
:1070100001356DB284F84550F5E70020F4E770B50E
:107020000D46044640B94FF0500383F31188BFF377
:107030006F8FBFF34F8FFEE7036C43B14FF05003E8
:1070400083F31188BFF36F8FBFF34F8FFEE70368A1
:1070500053B9836843B14FF0500383F31188BFF3F2
:107060006F8FBFF34F8FFEE7FFF71EFDEFF3118623
:107070004FF0500383F31188BFF36F8FBFF34F8F2F
:10708000A26BE36B934219D994F845100132FF29A2
:107090004BB2A2630DD1636A3BB104F1240000F04E
:1070A000F7FD10B10DB101232B60012086F311888B
:1070B00070BD01335BB284F84530F6E70020F5E798
:1070C0002DE9FF410E460192044640B94FF05003AE
:1070D00083F31188BFF36F8FBFF34F8FFEE751B972
:1070E000036C43B14FF0500383F31188BFF36F8FEC
:1070F000BFF34F8FFEE700F059FE054618B3002599
:107100004FF00008FFF7BEFBA76B47B331462046A0
:10711000013FFFF735FDA763236973B104F1100048
:1071200000F0B6FD48B14FF0E0234FF08052C3F8B5
:10713000042DBFF34F8FBFF36F8FFFF7C3FB012009
:1071400004B0BDE8F081019B002BD9D04FF0500373
:1071500083F31188BFF36F8FBFF34F8FFEE7019B5F
:107160001BB9FFF7AFFB0020EAE715B902A800F052
:10717000CFFDFFF7A7FB00F0DDFBFFF783FB94F8E3
:107180004430FF2B08BF84F8448094F84530FF2B2F
:1071900008BF84F84580FFF795FB01A902A800F01D
:1071A000C3FD00BB2046FFF7ADFCB0B1019904F16F
:1071B000240000F035FD2046FFF7F8FC00F05EFCEF
:1071C00048B94FF0E0234FF08052C3F8042DBFF3CD
:1071D0004F8FBFF36F8F012594E72046FFF7E6FC42
:1071E00000F04CFCF7E72046FFF7E0FC00F046FC1F
:1071F0002046FFF787FC0028EDD0B4E7F0B585B056
:107200000446019140B94FF0500383F31188BFF356
:107210006F8FBFF34F8FFEE7056C45B14FF0500302
:1072200083F31188BFF36F8FBFF34F8FFEE700F03A
:10723000BDFD064620B32E460027FFF723FBA36BB8
:1072400053B3013BA363236813B900F08DFEA06024
:10725000236973B104F1100000F01AFD48B14FF03A
:10726000E0234FF08052C3F8042DBFF34F8FBFF3DC
:107270006F8FFFF727FB012005B0F0BD3546DBE738
:10728000019B002BFAD04FF0500383F31188BFF31A
:107290006F8FBFF34F8FFEE7019B53B9002D66D070
:1072A0004FF0500383F31188BFF36F8FBFF34F8FFD
:1072B000FEE716B902A800F02BFDFFF703FB00F074
:1072C00039FBFFF7DFFA94F84430FF2B08BF84F84E
:1072D000447094F84530FF2B08BF84F84570FFF7E1
:1072E000F1FA01A902A800F01FFD50BB2046FFF7EC
:1072F00009FC00B323683BB9FFF7C4FAA06800F0AB
:1073000065FD0546FFF7DEFA019904F1240000F05F
:1073100087FC2046FFF74AFC00F0B0FB48B94FF06D
:10732000E0234FF08052C3F8042DBFF34F8FBFF31B
:107330006F8F012681E72046FFF738FC00F09EFBA7
:10734000F7E72046FFF732FC00F098FB2046FFF7F6
:10735000D9FB0028EDD065B1FFF794FA616A19B145
:10736000236B1968C1F13801A06800F0AFFDFFF789
:10737000A9FA002080E72DE9F843894690460446A3
:1073800040B94FF0500383F31188BFF36F8FBFF301
:107390004F8FFEE751B9036C43B14FF0500383F3B5
:1073A0001188BFF36F8FBFF34F8FFEE7FFF77CFBB2
:1073B000EFF311874FF0500383F31188BFF36F8F02
:1073C000BFF34F8FA56B0DB394F84460494676B276
:1073D0002046FFF7D5FB013D731CA56311D123693E
:1073E00053B104F1100000F053FC28B1B8F1000FC4
:1073F00002D00123C8F80030012087F31188BDE8CE
:10740000F883013676B284F84460F5E72846F4E75D
:1074100010B5044640B94FF0500383F31188BFF311
:107420006F8FBFF34F8FFEE7FFF72CFAA46BFFF7C8
:1074300049FA204610BD40B94FF0500383F311883C
:10744000BFF36F8FBFF34F8FFEE7806B7047000075
:1074500030B5074A002352F8335002EBC3041DB97C
:1074600042F83310606030BD0133082BF3D1FAE7E6
:10747000102E012010B5094A002352F83310814222
:107480004FEAC30406D1064A002142F833102244D1
:10749000516010BD0133082BEFD1FAE7142E012003
:1074A000102E012010B540B94FF0500383F311881E
:1074B000BFF36F8FBFF34F8FFEE7FFF7DBFF90F84F
:1074C00046301BB9BDE81040FFF7F4B810BD70B5E9
:1074D00004460D461646FFF7D5F994F84430FF2BC5
:1074E00004BF002384F8443094F84530FF2B04BFD8
:1074F000002384F84530FFF7E5F9A36B2BB932463A
:10750000294604F1240000F0A5FB2046BDE87040A8
:10751000FFF74CBB2DE9F0410446FFF7B3F9304BC0
:10752000304E1A68304F01321A603568002D4BD149
:1075300034601B68012B1FD1B84640460135FFF768
:10754000F7F8382D08F11408F7D1DFF8C480274D7B
:107550004046FFF7EDF82846FFF7EAF82448FFF722
:10756000E7F82448FFF7E4F82348FFF7E1F8234B56
:10757000C3F80080224B1D60224A13680133136058
:10758000214A63641168E36A14208B4200FB037094
:1075900004F1040188BF1360FFF7D8F8FFF792F9F0
:1075A0001A4B1B6873B13368DA6AE36A9A4209D2EC
:1075B0004FF0E0234FF08052C3F8042DBFF34F8FFC
:1075C000BFF36F8FBDE8F081104B1A68E36A002AA1
:1075D000D2D13268D26A9A4298BF3460CCE700BFF9
:1075E000742E012048330120E82E0120C02E0120F6
:1075F000A42E0120902E0120782E0120BC2E0120E7
:10760000B82E0120582E01206C2E0120682E01205A
:10761000D42E0120F8B5154B154D1C680646286878
:1076200004300F46FFF7B4F8731C07D137B129684F
:107630001048BDE8F8400431FFF788B82B68A4195A
:107640005C6007D30C4B18682968BDE8F84004312A
:10765000FFF787B8094B186829680431FFF781F8EC
:10766000074B1A68A24288BF1C60F8BD702E01202B
:1076700048330120782E0120B82E0120BC2E012095
:10768000542E0120064A13681968064B19B94FF0A9
:10769000FF321A6070471268D268D2685268F8E701
:1076A000BC2E0120542E012010B590F85D30044608
:1076B0003BB9006BFEF7FEFF2046BDE81040FEF729
:1076C000F9BF012BF9D0022B08D04FF0500383F300
:1076D0001188BFF36F8FBFF34F8FFEE710BD00001F
:1076E00080B5134C134F144D236873B9134B1B68AB
:1076F000012BF8D94FF0E0234FF08052C3F8042D4E
:10770000BFF34F8FBFF36F8FEDE7FFF7BBF8FB6859
:10771000DE68301DFFF73CF82B68013B2B602368C7
:10772000013B2360FFF7CEF83046FFF7BDFFDBE7F4
:107730008C2E0120902E0120742E0120E82E012095
:107740002DE9F047DDE909949600324607460D46DB
:10775000206BA52198461BF05AFB236B043E1E4468
:1077600026F00706B5B36B1E04F133020F3513F88C
:10777000011F02F8011F09B1AB42F8D1002384F8C0
:107780004330089D372D28BF37254FF0000AE562AA
:10779000E564201DC4F850A0FEF7D5FFC5F13805FB
:1077A00004F11800FEF7CFFFC4F858A02461A561CA
:1077B0006462C4F854A084F85CA04246394630465E
:1077C000FFF734F82060B9F1000F01D0C9F800408C
:1077D000BDE8F08784F83450D3E770B586B0DDE9B2
:1077E0000B5445B94FF0500383F31188BFF36F8FEB
:1077F000BFF34F8FFEE744B94FF0500383F3118876
:10780000BFF36F8FBFF34F8FFEE760260596059E8F
:10781000602E08D04FF0500383F31188BFF36F8FB1
:10782000BFF34F8FFEE72563022584F85D5004AD5A
:1078300001950A9D02940095059EFFF781FF204661
:10784000FFF768FE049806B070BD2DE9F0430746C7
:1078500085B09000884616469946FEF793FE054689
:1078600020B94FF0FF3005B0BDE8F0836020FEF78F
:1078700089FE044698B1002380F85D300D9B0563B6
:1078800001930C9B0290009332464B46414638468A
:10789000FFF756FF2046FFF73DFE0120E3E72846AD
:1078A000FEF708FFDDE7000010B588B0002407AA46
:1078B00006A905A8CDE90544FEF726FE059B02931F
:1078C000069B079A16491748CDE900432346FFF760
:1078D00084FF18B300F0A6FB012814D14FF0500329
:1078E00083F31188BFF36F8FBFF34F8F0E4B4FF0B1
:1078F000FF321A600D4B18600D4B1C6008B0BDE8DC
:107900001040FFF74FB8013008D14FF0500383F318
:107910001188BFF36F8FBFF34F8FFEE708B010BD24
:107920001E450208E1760008542E0120682E012031
:10793000702E0120024A136801331360704700BFA4
:10794000502E0120014B1868704700BF702E012097
:107950003F4B1B682DE9F74F002B72D13D4B1C6844
:1079600001341C60BCB93C4B1A68126842B14FF03C
:10797000500383F31188BFF36F8FBFF34F8FFEE780
:10798000364A1968106818601160354A1368013367
:107990001360FFF777FE334D334E2B68334F9C4215
:1079A0004FF0000B12D23A68D26A14214A43B258FF
:1079B000022A2F4A126828BF4FF0010B002A18BF75
:1079C0004FF0010B584603B0BDE8F08FDFF8889008
:1079D000DFF8A4A0D9F8002012681AB94FF0FF32DE
:1079E0002A60E0E7D9F80020D268D2F80C80D8F8F5
:1079F00004108C4201D22960D5E708F1040318462F
:107A00000193FEF7C5FED8F8281019B108F1180047
:107A1000FEF7BEFED8F82C00DAF8001014238842D6
:107A200088BFCAF80000019903FB0060FEF78EFED4
:107A30003868D8F82C10C26A914228BF4FF0010B69
:107A4000C8E70C4A1368013313604FF0000BB9E725
:107A5000502E0120702E0120BC2E0120B82E0120B6
:107A60005C2E0120542E0120E82E012048330120F5
:107A7000602E0120642E01206C2E01202DE9F041A2
:107A8000304C236843B94FF0500383F31188BFF3A0
:107A90006F8FBFF34F8FFEE7FEF7F4FE2368013BC5
:107AA000236024682CB10024FEF70CFF2046BDE8BB
:107AB000F081254B1B68002BF5D0244D244EDFF8B8
:107AC000A0801DE0EB68DC68271D04F11800FEF7BC
:107AD0005FFE3846FEF75CFEE36A3268142093428C
:107AE00000FB0380394688BF3360FEF72FFE194B39
:107AF000E26A1B68DB6A9A4202D3174B01221A60C2
:107B00002B68002BDED10CB1FFF7BCFD134D2C68A8
:107B100044B1114E0127FFF71BFF00B13760013C54
:107B2000F9D12C600C4B1B68002BBCD04FF0E0232C
:107B30004FF08052C3F8042DBFF34F8FBFF36F8F08
:107B40000124B1E7502E0120742E0120A42E012023
:107B50006C2E012048330120602E0120642E01206C
:107B6000E82E012008B550B94FF0E0234FF08052C5
:107B7000C3F8042DBFF34F8FBFF36F8F08BD0A4BBF
:107B8000196841B14FF0500383F31188BFF36F8F31
:107B9000BFF34F8FFEE7FFF7CDFEFFF73BFDFFF78B
:107BA0006DFF0028E0D0E9E7502E0120174B1A683E
:107BB000174B70B512B101221A6070BD154D1A60D5
:107BC0002A681549142606FB02F3C818CC588CB154
:107BD00044680833646844600B449C4204BF636893
:107BE0004360142303FB02114B68D9680B4B1960E7
:107BF0002A60E2E742B94FF0500383F31188BFF3E4
:107C00006F8FBFF34F8FFEE7013ADCE7502E012064
:107C1000602E01206C2E0120E82E01204833012027
:107C200010B50C4640B94FF0500383F31188BFF3F1
:107C30006F8FBFF34F8FFEE7054B19681831FEF7C2
:107C400090FD20460121BDE81040FFF7E3BC00BFD6
:107C50004833012038B50D46144640B94FF0500363
:107C600083F31188BFF36F8FBFF34F8FFEE7074B8E
:107C700019681831FEF76AFD002C21460CBF284612
:107C80004FF0FF30BDE83840FFF7C4BC4833012057
:107C900038B5C368DC6844B94FF0500383F31188EA
:107CA000BFF36F8FBFF34F8FFEE704F1180528462F
:107CB000FEF76EFD104B1B68DBB9251D2846FEF74D
:107CC00067FD0E4AE36A11688B4288BF13600C4A55
:107CD0001420294600FB0320FEF738FD094BE26A19
:107CE0001B68DB6A9A4283BF074B012018600020A3
:107CF00038BD06482946EFE7502E01206C2E0120A2
:107D0000E82E012048330120602E0120A42E0120FE
:107D1000034B1B680360034B1B684360704700BF45
:107D20005C2E0120702E012070B50C46054640B92E
:107D30004FF0500383F31188BFF36F8FBFF34F8F62
:107D4000FEE741B94FF0500383F31188BFF36F8F03
:107D5000BFF34F8FFEE7FEF795FD0F4B19682368C1
:107D60005A1C10D00D482E6800686A68864201D0FF
:107D70008A420FD9881A83420AD95B1A13442360B6
:107D80002846FFF7C5FF0024FEF79CFD204670BD86
:107D9000002323600124F7E7702E01205C2E0120D0
:107DA000014B01221A607047602E0120054B1B68B1
:107DB00033B1054B1868B0FA80F0400940007047B5
:107DC00001207047682E0120502E0120F8B504468E
:107DD00038B31A4DC36A2A68D26A934226D282699E
:107DE000174E002AA1BF2A68D26AC2F13802826106
:107DF000142202FB036342699A4213D1071D3846DD
:107E0000FEF7C6FC2B680F4ADB6A1168E362142098
:107E10008B4200FB0360394688BF1360FEF796FC77
:107E20000120F8BD2B68DB6AC362F9E72B68C06CE0
:107E3000DB6A98422CBF00200120F2E74833012082
:107E4000E82E01206C2E012038B508B9002038BD7D
:107E50001B4B1C68844208D04FF0500383F31188F9
:107E6000BFF36F8FBFF34F8FFEE7236D43B94FF022
:107E7000500383F31188BFF36F8FBFF34F8FFEE77B
:107E8000E16AE26C013B91422365DFD0002BDDD13A
:107E9000251D2846FEF77CFCE36CE362C3F1380243
:107EA000A261084A11688B4288BF1360064A1420F9
:107EB00000FB03202946FEF749FC0120C7E700BF6D
:107EC000483301206C2E0120E82E012070B50446B5
:107ED000002841D0026D42B94FF0500383F311885E
:107EE000BFF36F8FBFF34F8FFEE7C36C994238BF6C
:107EF0001946C36A8B422FD0012A2DD1174A126826
:107F0000824208D14FF0500383F31188BFF36F8F83
:107F1000BFF34F8FFEE78269114DC162002A4FF017
:107F2000140202FB03534269A4BFC1F1380181610D
:107F30009A4211D1061D3046FEF72AFC094AE36A2F
:107F4000116814208B4200FB03503146BDE870409D
:107F500088BF1360FEF7FABB70BD00BF4833012035
:107F6000E82E01206C2E0120044B1A681AB1196802
:107F70000A6D01320A651868704700BF4833012056
:107F8000914208B5416000610AD8D21A83699A42C9
:107F90000DD2084B011D1868FEF7E3FB002008BD59
:107FA0009A4201D2994202D2034B011DF3E701200C
:107FB000F5E700BF483401204C340120F7B5114CDF
:107FC000FEF760FC2568BDB90F4F104E3846FEF72E
:107FD000AFFB3046FEF7ACFB0D4B0E4A1F600E4B5D
:107FE00010211E600A200D4B0095FEF754FE206004
:107FF00010B10B49FFF72CFA03B0BDE8F040FEF7D3
:1080000061BC00BF4434012064340120503401209D
:108010004C3401209C330120483401204C33012092
:108020002345020810B588B0FFF7C8FF124B1B6844
:10803000B3B1002407AA06A905A8CDE90544FEF7B7
:108040006FFA059B0293069B019302230093079A04
:108050000A490B482346FFF7C0FB0A4B186040B99A
:108060004FF0500383F31188BFF36F8FBFF34F8F2F
:10807000FEE7012008B010BD443401202845020865
:1080800085810008403401207FB5164604461A4613
:1080900040B94FF0500383F31188BFF36F8FBFF3E4
:1080A0004F8FFEE70D4D286880B10529CDE90016F8
:1080B00002940DDCFFF77AFE0023022808BF089A1D
:1080C000286818BF1A466946FEF79AFE04B070BDCC
:1080D00000236946FEF746FFF8E700BF443401205D
:1080E0002DE9F347DFF898800646FFF72BFCD8F818
:1080F00000308342054609D91F4F3B681A686AB9A8
:108100001E4A116839601360012300E000232846ED
:108110003360C8F8005002B0BDE8F087DB68DC6867
:10812000D3F8009004F1040A5046FEF731FB236AAD
:108130002046984794F828305B07DED5A3694B4466
:10814000994506D23868636024615146FEF709FB01
:10815000D3E7002300934A4619462046FFF794FFD1
:108160000028CAD14FF0500383F31188BFF36F8FFB
:10817000BFF34F8FFEE700BF4C340120483401208D
:108180003C3401202DE9F0436E4D6F4E89B02B68D1
:10819000D3F80080B8F1000F35D0DB68D3F8008049
:1081A0000024FFF7C7FB04A8FFF79AFF049B814652
:1081B000002B69D1002C4CD1404550D3FFF75EFC19
:1081C0002B68DB68DF68381DFEF7E2FA97F8283085
:1081D00058071AD5B96943464A4641443846FFF71D
:1081E000CFFEB0B100942346424621463846FFF701
:1081F0004BFF70B94FF0500383F31188BFF36F8FBB
:10820000BFF34F8FFEE70124CBE723F0010387F88C
:1082100028303B6A384698473068002204A9FEF7A8
:108220004FFF0028B3D0049B0698002B2FDB069C41
:108230006369002B32D103A8FFF752FF049B02466B
:10824000092BE9D8DFE803F02E2E2E575E762E2E6E
:10825000575E3E4B1B681C68B4FA84F464093068AE
:108260002246A8EB0901FFF732F9FFF707FC0028C7
:10827000D2D14FF0E0234FF08052C3F8042DBFF36A
:108280004F8FBFF36F8FC7E7FFF7F8FBC4E7059B7E
:1082900007999847049B002BBEDBC8E7201DFEF71B
:1082A00077FAC8E794F82830A16943F0010384F80D
:1082B0002830059B20461944FFF762FE0028ABD00A
:1082C000236A2046984794F828305907A4D5A26914
:1082D000059900230A44009319462046FFF7D4FE6F
:1082E000002899D14FF0500383F31188BFF36F8FAB
:1082F000BFF34F8FFEE794F8283023F0010384F892
:10830000283089E794F8283043F0010384F82830B6
:108310000599A16141B94FF0500383F31188BFF370
:108320006F8FBFF34F8FFEE7034601442046FFF7F0
:1083300027FE71E794F828309A07DED42046FEF72E
:10834000B9F969E74C340120443401204834012054
:108350008088704770B5036805460C465B6A00214B
:1083600098472B6806461B6A28469847A41BA4B268
:10837000B4FBF0F070BD00238380704710B5036834
:1083800081885B6A04469847A3880133A38010BDA7
:1083900003685B6A18477047024A026000228280C5
:1083A000704700BF484B0208806A7047836A00200C
:1083B0002BB120B95A1A504250419B69F8E77047D7
:1083C000002348618B61836A13B981627047134649
:1083D0009A69002AFBD1996170470022836A23B110
:1083E00099698162C3E90522F8E770470023836237
:1083F00070470022028042808280C280704770B540
:10840000846A0D4616463CB1236820465B6D3246B1
:1084100029469847A469F6E770BD38B5846A0D46C9
:1084200034B12B6821469B6828469847A469F7E732
:1084300038BD704710B52C21044618F07FFB20464C
:1084400010BD836A9BB18B4209D19A6900215961A1
:10845000826202B970479961704713463AB19A69CE
:108460008A42FAD18A699A610023C1E905337047CB
:1084700010B4836A04462BB903685DF8044B1B6E85
:108480001146184741B99361826254615DF8044B0B
:10849000704703460028F9D099429869F9D1906154
:1084A0008A61F2E72DE9F0411F4690F824300D462D
:1084B000164603B13860846A14B394F82530EBB1E2
:1084C000B4F904108D4219DB238989B20B441BB225
:1084D0009D4213DAB4F9062096420FDB638992B20B
:1084E00013441BB29E4209DA2368B21A691AD3F800
:1084F000248012B23B4609B22046C047A469DBE79C
:10850000BDE8F0812DE9F04F6E4CA1B024682A9DA2
:1085100094F84990039300242C802B9D2C801C60A0
:108520000646CDE90112FFF7BDFFB9F1030F40F395
:10853000C28031460CA807F04FFABDF930300693DF
:10854000BDF932300793039BD3F800A0BAF1000FB6
:1085500000F0B480514610A807F03EFA019B069A3D
:10856000BDF944109D18BDF94030079A022091FBD7
:10857000F0F119446D1A029BBDF942101344BDF984
:10858000462092FBF0F20A449B1A5B4305FB05353B
:108590004D4F0FCF10AC0FC40FCF0FC40FCF0FC470
:1085A00097E80F00B9F10C0F84E80F004FF00303B8
:1085B000C8BF9846CDF800904FF00004DCBF09F129
:1085C000FF3292FBF3F8631C10AA04F00104089335
:1085D00002EB4414009B93FBF8F39BB204344FF07E
:1085E000000B0493049A54F8043C13FB02F3019A21
:1085F0009BB299180593B6F9043009B299424DDB44
:10860000328913441BB2994248DA049B276817FB4E
:1086100003F7029BBFB2FA18B6F9063012B29A42BB
:108620003CDB708903441BB29A4237DA00230B9378
:1086300030460BABFFF736FF0B9A7AB352452DD07D
:1086400011460EA8099207F0C7F9069ABDF938003D
:10865000019BBDF93C10BDF93EC013444FF0020E22
:1086600091FBFEF10144581A079A029BBDF93A109A
:108670009CFBFEFC13448C44A3EB0C035B4300FB0C
:108680000033AB42099A08D203980B9901602A99EA
:10869000059808802B991D460F8092460BF1010B1F
:1086A000BBF1040F04F108049CD1009B089C4B44CF
:1086B0004445009387D121B0BDE8F08F4FF0FF35DE
:1086C00066E700BF84340120583A02082DE9F043E0
:1086D000B1F900708C88B0F900903C44A4B20FFA54
:1086E00084F8C1452FDA82884A4492B20FFA82FE9A
:1086F000774528DAB1F90250CB88B0F902602B44F3
:108700001BB29E421FDAC38833449BB20FFA83FC2C
:10871000654518DA4F45B8BF4F46B542B8BF354634
:10872000F045D8BF2246D21B82804A88C98807807C
:108730000A4492B211B28C45A8BF13465B1BC3809A
:108740004580BDE8F0830023038043808380C3809D
:10875000F7E7B0F90430002B06DDB0F90600002879
:10876000CCBF002001207047012070472DE9F04167
:1087700000238D6A0380044643808380C380002DDC
:1087800040D0281DFFF7E5FF88B92046FFF7E1FF3D
:10879000B5F90420B5F90630B5F908E0B5F90AC015
:1087A00038B122806380A4F804E0A4F806C0AD6963
:1087B000E5E7B4F90000B4F90210B4F8048090427F
:1087C0000746A8BF17467244B4F806E027809942CE
:1087D0000E464044A8BF1E467144634400B212B224
:1087E00009B21BB29042ACBFC7EB0002C7EB02025A
:1087F0009942ACBFC6EB0103C6EB03036680A280BF
:10880000E380D4E72046BDE8F0812DE9F34190F8FC
:10881000253083B3846A74B3B1F90050B1F90260B2
:10882000B1F90470B1F9068094F8253003B36846B5
:10883000211DADF80050ADF80260ADF80470ADF840
:108840000680FFF743FF6846FFF783FF80B9BDF856
:108850000030A2889B1AADF80030E288BDF80230E3
:108860009B1AADF80230236869469B6820469847FA
:10887000A469002CD8D102B0BDE8F08173B590F89E
:1088800025300D46164623B3846A14B394F8253078
:10889000EBB1286869686B4603C36846211DFFF782
:1088A00015FF6846FFF755FF88B9BDF80030A2886C
:1088B0009B1AADF80030E288BDF802309B1AADF883
:1088C000023023683246DB6D694620469847A4692A
:1088D000DBE702B070BD13B50368D3F8B4400023E2
:1088E000CDE900336B46A04702B010BD012380F8EC
:1088F0004B3080F86D307047012380F84B3080F8A2
:108900006D307047436801225A72406803681B69E2
:108910001847406803689B68184730B58BB00468F7
:108920009DF8585009959DF8545008959DF8505061
:108930000795BDF84C5006959DF8485005959DF853
:1089400044500495BDF840500395BDF83C50029545
:10895000BDF83850CDE900351346246C0022A047FD
:108960000BB030BD044B1B7823B190F86E0080F043
:1089700001007047012070478234012010B5044681
:10898000406803689B68984794F86D3013B10123E1
:1089900084F86E3010BD10B50446F8F7B3FCF8F754
:1089A000BBFB60680368DB689847E06803689B6806
:1089B0009847236820469B6FBDE810401847000089
:1089C0007FB50368624DD3F8C0300446984700284D
:1089D00000F09E8094F84830022B02D00120F8F776
:1089E00019FB94F86A3084F86B3094F879300026DB
:1089F00084F86A6084F84B6033B123682046D3F86A
:108A0000D430984784F8796094F84A30626883F0EB
:108A10000103537201262E7005F090FD03685B6B15
:108A2000984794F86B300BB984F86B6005F086FDBD
:108A300003685B699847E06D03681B69984794F881
:108A40006B3094F86C20013BDBB284F86B300AB1D8
:108A5000002BEBD13F4A94F96810137801335BB2D5
:108A60009942137010DCE06800231370036803AAB6
:108A7000DB6802A998472368002859D0D3F8CC3086
:108A8000DDE9021220469847606900238DF807301F
:108A900058B103680DF10701DB68984728B1E06D14
:108AA0009DF807100368DB68984704F11C0017F075
:108AB00025FA94F870300BB3206903681B69984756
:108AC000636F064603B96067636F234AF31A9342E4
:108AD00014D9206903689B699847636F6422F31A6D
:108AE000B3FBF2F3B0FBF3F0002826DC84F8692036
:108AF000206903680021DB69984766672368204680
:108B0000D3F8E030984705F019FD03689B6B984750
:108B100023682046D3F8C430984794F84830022B95
:108B200002D00120F8F7A0FA00232B7004B070BD2A
:108B3000D3F8D03020469847A6E76328CBBF002360
:108B4000C0F1640084F8693084F86900D0E700BFA0
:108B5000883401208934012000E1F50510B5044670
:108B6000F8F700FC636800229A7210BDC1651C30E2
:108B700017F0C2B930B587B0044604A8CDE9041295
:108B800005F0C4FA049BADF80C3006A9059B21F84A
:108B90000A3D03A805F00CFB94F86F10BDF80C20FB
:108BA000BDF80E3004F11C0089B1B4F86450009394
:108BB000B4F8601013462A4617F0AEF928B1BDF993
:108BC0000C302366BDF90E30636607B030BD17F078
:108BD000E3F9012384F86F30F1E710B5002B46D09C
:108BE00081EA0200C40708D50B44013A8B423ED902
:108BF00012F8010F01F8010BF8E7D00742BF12F895
:108C0000010B01F8010B03F1FF33012B11D981EAAC
:108C10000204A407104622D023F001040C448C4225
:108C2000024604D9128821F8022B0230F7E703F03C
:108C3000010323F0030008448842144604D9246841
:108C400041F8044B0432F7E703F003030B44013A05
:108C50008B420CD912F8010F01F8010BF8E79007CD
:108C6000E7D032F8020B21F8020B023BE1E70120CA
:108C700010BD10B590F86F30044653B1B0F86430B1
:108C8000B0F8602001211C3017F086F9002384F829
:108C90006F3010BD2DE9F04385B004AD04460020CF
:108CA00045F8040DA06906680195BDF8305000959F
:108CB000356899460F469046A847104D0646A5F8D8
:108CC0000090FAF789F80368DB6A984728B1012811
:108CD0000BD0304605B0BDE8F0832B8808FB03724B
:108CE000039BA3EB4203E363F3E72A88039B08FBA0
:108CF000027202EB42029A1AE263EAE77E34012032
:108D0000F8B5154B90F87D401B88C56B93FBF4F4C8
:108D10000F460646FAF760F80368DB6A98470128B1
:108D20000BD003D3022810D0F563F8BD0B4B198884
:108D30007C434C43A5EB4405F6E7084B19887C437C
:108D40004C4304EB44042D1BEEE7044B19887C4391
:108D50004C43A5EB8405E7E7803401207E340120F5
:108D6000F0B58BB0174604460E461D46FAF734F8A8
:108D70000368DB6A98479DF854300790CDE90803F3
:108D80000D4B22681B8806939DF8503005939DF883
:108D90004C300493BDF848300393BDF8443002933F
:108DA000BDF84030CDE900533146156C3B460022FA
:108DB0002046A8470BB0F0BD7E3401202DE9F043DA
:108DC000984603681D6C154B8BB01746B3F800909E
:108DD0000E460446FAF700F80368DB6A98479DF8E8
:108DE0005830CDE908030223CDE90693012305930A
:108DF0009DF854300493BDF850300393BDF84C30C7
:108E00000293BDF848300022CDE9008331463B464D
:108E10002046A8470BB0BDE8F08300BF7E34012098
:108E20002DE9F04398460368DD6D114B87B0B3F828
:108E300000900E4617460446F9F7CEFF0368DB6A3A
:108E400098479DF84430CDF80C90CDE904039DF887
:108E500040300293BDF83C300193BDF838300093A8
:108E60003A46434631462046A84707B0BDE8F0835E
:108E70007E3401202DE9F04F04468FB010460D4698
:108E800091461E4608F028FD002800F09D802368CA
:108E9000DFF898B1DB6ADFF898A1614F2046984768
:108EA000236820461B6B9847BBF8003001930DF1F7
:108EB0003808BAF8003002933B8828F81C9D0393C9
:108EC000584B05931A880492404608F099FD388063
:108ED000404608F0C9FD059B80B21880524B1B78B4
:108EE000002B74D13B88ABF80030AAF8000048464C
:108EF000D4E90F8708F0F0FCC4E90F000022114606
:108F00002846B5F90490B5F906A0FAF76BF80123E5
:108F100095F825B085F82530B6F90430002B5CDDD6
:108F2000B6F90630002B58DD2A460AAB52F8040F7A
:108F3000516803C331460AA8FFF7C8FB384BB3F9A1
:108F40000020ADF8342000210AAA364B0C9192E89B
:108F50000300B3F90030ADF8363008AB83E8030006
:108F600018460CA9FFF7B2FBE36C002B3CD10020A4
:108F700084F8580000262A686B696E610593926830
:108F800008A928469047059B6B61524684F85860B3
:108F90004946284685F825B0FAF724F8234B019A6C
:108FA0001A80234B029A1A801D4B039A1A801D4B7C
:108FB000049A1A80C4E90F8723682046DB6A984721
:108FC000236820461B6B98470FB0BDE8F08F3B88A5
:108FD000ABF80000AAF8003089E72A460AAB52F83D
:108FE000040F516803C3A9E707A808F07FFE0646EF
:108FF000E06C0368DB6A98478642B8D1F9F7ECFE6B
:10900000036806465B6B059307A808F06FFE059B97
:1090100001463046984780F00100C0B2A8E700BF83
:10902000783401207A3401207C3401207E34012000
:109030008034012010B5074B1B7804463BB1036810
:109040005B6B9847E36B834201D1206C10BDE06BF2
:10905000FCE700BF823401202DE9F0418AB01D46B3
:109060004FF48063CDE90131BDF84030ADF81830E0
:10907000BDF84430ADF81A300024BDF84830BDF8D2
:109080004C60ADF81C309046074604948DF82040A3
:10909000FFF7D0FF06FB058500EB450578680595D1
:1090A000ADF81E608DF822408DF821408DF82340E8
:1090B0008DF82440036801A95B6898470AB0BDE8B1
:1090C000F0812DE9F0438BB000241D464FF400637E
:1090D00088469146BDF8506004940746CDE90134B6
:1090E000FFF7A8FF06FB0595BDF84830ADF818302E
:1090F00000EB4505BDF84C3078680595ADF81A30A1
:10910000ADF81C40ADF81E60CDF81080ADF82040E1
:109110008DF822408DF823408DF82440036801A982
:109120005B6898470BB0BDE8F08300002DE9F04183
:109130008AB098469DF85C509DF854C0BDF85870B0
:109140009DF8604000230B2D064604939DF85000C7
:1091500038D18023CDE90131BDF84430ADF8183065
:10916000BDF84830ADF81A308DF82000BDF84C300D
:10917000ADF81C3030460392FFF75CFF0B2C98BF14
:109180001B4BBDF8402098BF195DADF81E7088BF1D
:10919000002102FB0783C91001FB03009DF8643026
:1091A00005908DF8233070688DF8215000238DF8DC
:1091B00022408DF82430036801A95B6898470AB003
:1091C000BDE8F081022D09D1FF2805D1BCF1000FC7
:1091D00014BF40232023BDE74023BBE7FF2805D170
:1091E000BCF1000F14BF04230123B3E70423B1E74C
:1091F000044C02082DE9F04F8BB01D469DF85890A5
:109200009DF86060BDF85CA0B9F1FF0F14BF0823A2
:1092100002230024CDE9013488469346049407468E
:10922000FFF708FF0B2E98BF154B9DF8642098BFE1
:109230009C5DBDF85030ADF8183005FB0AB5BDF89F
:109240005430ADF81A30E41004FB050400237868AC
:109250000594ADF81C30ADF81EA0CDF810808DF847
:1092600020908DF823208DF824308DF821608DF822
:109270002260036801A95B6898470BB0BDE8F08FD6
:10928000044C02082DE9F0411E460A4B0F461D888A
:109290009046F9F7A1FD0368DB6A98470B289ABF4F
:1092A000054B1C5C002408FB0570E41004FB006007
:1092B000BDE8F0817E340120044C0208F0B58BB08B
:1092C0001F46BDF85430CDE90131BDF84030ADF84E
:1092D0001830BDF84430ADF81A30BDF84830ADF85C
:1092E0001C3000259DF850308DF82030044616467D
:1092F0000495FFF79FFE3A46314603462046FFF7A6
:10930000C1FF0E4B05901B88ADF81E30F9F764FDC8
:109310000368DB6A9847139B8DF822008DF82100C3
:10932000049360689DF858308DF823308DF82450F0
:10933000036801A95B6898470BB0F0BD7E3401203B
:10934000F0B58DB06B4683E80600002306930368F2
:10935000BDF800605B6BBDF8027001250395044603
:1093600098473A46314603462046FFF78BFF636C29
:109370000793BDF80430ADF82030BDF80630ADF8E5
:1093800022300F4B04901B88ADF82430ADF8263006
:10939000F9F722FD0368DB6A9847FF238DF829005F
:1093A0008DF82A0060688DF828308DF82B508DF8E4
:1093B0002C50036803A95B689847606C0DB0F0BD42
:1093C0007E3401202DE9F0418CB01E466D4600230D
:1093D00085E8060006930368BDF800705B6BBDF876
:1093E00002800125039504469847424639460346C4
:1093F0002046FFF747FFBDF80430ADF82030BDF838
:109400000630ADF82230114B04901B88ADF82430A3
:10941000129BADF826300796F9F7DEFC0368DB6A8D
:109420009847FF238DF829008DF82A0060688DF891
:1094300028308DF82B508DF82C50036803A95B68F9
:10944000984730460CB0BDE8F08100BF7E34012063
:10945000F0B585B002AC84E806000546BDF80860AA
:10946000BDF80A70FFF7E6FD3A4603463146284646
:10947000FFF708FF054A2B68128800921E6F94E8D8
:10948000060003462846B04705B0F0BD7E340120F3
:1094900070B590F86E3004469BB10220F7F70EFECF
:1094A000002384F86E3084F86D3023682046D3F8AA
:1094B000C850FFF7BFFD2B4601462046BDE870406F
:1094C000184770BD38B590F87B308B4204460D4686
:1094D00006D0036829B9D3F8D830984784F87B5070
:1094E00038BDD3F8DC30F8E710B50C4B1B780446D8
:1094F00053B990F848303BB9406800F02BF918B1E7
:109500006268537A002BFCD0F7F724FF2046002135
:10951000FFF7D8FF2046FFF78DFD10BD82340120F4
:1095200070B50446036819B9DB6ABDE87040184796
:10953000002290F87B6080F87B20DB6A98476368A4
:10954000012105469972204684F87B60FFF7BAFF37
:10955000284670BDD0E90320131A5842584170477D
:10956000D0E903239B1A002BDCBF82689B18012BD8
:10957000CCBF00200120704702694368242000FB13
:109580000230704703681B69184770B501230372E6
:109590000446406803689B6998470368402B05466A
:1095A0000CD010D8042B1DD004D8012B06D0022BD0
:1095B0002CD070BD082B1DD0202BFAD1236820465B
:1095C000DB6B984713E0B3F5007FF7D004D8802B0E
:1095D000F4D0B3F5807FF0E7B3F5806FEED0B3F54C
:1095E000006FE5E72368017F9B6B2046984723685F
:1095F0001B6B06E02368017F9B6B2046984723681E
:109600005B6B29462046BDE870401847236820461A
:10961000DB6B9847F3E7704770477047D0E9033238
:10962000D21A002A10B5DCBF84681219012A16DD8F
:109630004268242404FB032301F1200251F8044B67
:1096400043F8044B9142F9D10A781A70C3688268D2
:10965000BFF35B8F01339A42D8BF9B1AC36010BD22
:1096600003698268BFF35B8F01339A42D8BF9B1AAC
:109670000361704770B504460E46606803685B6816
:1096800098470028F9D10D4D28680368D3F8803039
:109690009847F7F76DFE28680121FFF713FF606810
:1096A000036831469B68984723682046DB6A9847E1
:1096B00028680368BDE87040DB6F184784340120D8
:1096C00008B5F7F747FEBDE80840F7F74BBE10B501
:1096D0001421044617F032FA204610BD10B5044696
:1096E000406803681B68984748B9637A3BB1237A9E
:1096F0002BB9236820465B6ABDE81040184710BDAF
:1097000070B50446406803681B689847054630B941
:10971000237A23B1606803685B69984725726068A3
:1097200003681B68984728B9236820465B6ABDE830
:1097300070401847BDE87040F7F722BE10B5044CE2
:1097400082600022C0E90041C0E9032210BD00BFD1
:10975000184C0208406803681B68184700000000A6
:109760002DE9F048204F9DF8185080FB0101A0FB27
:1097700007BC07FB01CC0BFB0CF7ABFB0B011C463A
:1097800001EB470100FB0CF30BFB0133A0FB0B01CA
:109790001646194412A3D3E90023F7F75FF9F72E11
:1097A00090B29EBF02F00702B618F6B2FB2C9EBF25
:1097B000C0F3C103E418E4B2F72D9CBFC0F342101C
:1097C0002D180A484FEAC40400EA062004F4FC6499
:1097D00098BFEDB2044344EAD50080B2BDE8F088FA
:1097E000778D7A7900000000A74BEC0000F8FFFFAE
:1097F0002DE9F04F2DED028B01EB420487B0417C47
:10980000BDF94890BDF94C609DF850A0054600296F
:1098100000F09A80B0F9082090ED087AC0684A45B7
:1098200025DBB5EEC07AF1EE10FA40F6FC72C8BF47
:109830000022825800212D7C4FEA1228500908F49A
:10984000784E00F4FC60C2F3C40C04EB4607002D14
:1098500044D0BAF1FF0F41D161BB4EEA00004CEA9F
:109860000005BC4280F0178224F8025BF9E7B5F9E5
:109870000A704F4508DCB5EEC07AF1EE10FA40F6FA
:10988000FC72D8BF0022D4E7A9EB020207EE902AAF
:10989000F8EEE77AB5EEC07A67EE877AF1EE10FA65
:1098A000FDEEE77A17EE902AD8BF02F2FF3292005F
:1098B0008258C0E7D5B25FFA88F8C2F3074A1E465D
:1098C000BC4280F0E8813046009543465246494606
:1098D000FFF746FF013624F8020BF1E7120E02FBF8
:1098E0000AF2531C03EB2222121202FB0CF502FBBC
:1098F0000EF15043DFF8B0C3D24302F0FF02FF265F
:10990000BC4280F0C881B4F800E00EEA0C030EF40B
:10991000FC6802FB031302FB080893FBF6F398FBB9
:10992000F6F803EA0C0308F4FC680EF01F0E43EA95
:10993000080302FB0E5E9EFBF6FE0EF01F0E43EACE
:109940000E0324F8023BDBE7827C002A4FD0B0F9FB
:10995000082007EE902AF8EEE77A07EE103AF8EEC4
:10996000C76A1F46F4EEE76AF1EE10FA00F295803E
:10997000B7EE007A37EE877A40F6FC7137EE667AFA
:1099800006EE906AF8EEE66AEA6895F810C0B4EE62
:10999000E67AF1EE10FA4ABFBDEEC77A02968DED77
:1099A000027A95ED087AB5EEC07AF1EE10FAC8BFEA
:1099B0000021525802994FEA122B04EB4101500941
:1099C00003910BF4784B00F4FC60C2F3C401BCF1CA
:1099D000000F24D0BAF1FF0F21D14BEA000B41EA6E
:1099E0000B01039A944255D224F8021BF9E707EEC3
:1099F000109AD0ED067AD0ED056AB8EEC77A37EE48
:109A0000677AC7EE267A90ED087AB5EEC07AF1EE65
:109A100010FA44BF90ED077A77EEC77A9DE7120EF1
:109A200002FB0AF202F1010C0CEB2222121250434B
:109A3000514302FB0BFBDFF870820490D243059187
:109A400002F0FF024FF0FF0E03998C4222D22088D1
:109A500000F4FC610F46049900EA080C02FB0CBC00
:109A600002FB07119CFBFEFC91FBFEF10CEA080CCB
:109A700001F4FC614CEA010100F01F0C059802FBA7
:109A80000C0C9CFBFEFC0CF01F0C41EA0C0124F8B2
:109A9000021BD9E7029A1A4417461E4436B2BE4248
:109AA00040F3F98095ED077A06EE907A37EE877AE3
:109AB000F8EEE66AB4EEE67AF1EE10FA40F3B5801D
:109AC00006EE106AB8EEC66A9FED758A2B7CB4EE7E
:109AD000C67AF1EE10FAD8BFBDEEC77A9FED716A73
:109AE000D8BF17EE108A95ED087AB5EEC07AC8BFD8
:109AF000B04676EEE77AF1EE10FAA8EB0707D8BF8A
:109B0000B0EE468A04EB4707A7EE278ADBB1BAF12D
:109B1000FF0F18D1BC4262D2FDEEC87AEB6817EE97
:109B2000900A53F82020D3B200934946C2F307238A
:109B3000C2F30742FFF714FE24F8020BD5ED087AB2
:109B400038EE278AE6E7DFF860B14FF0FF09BC4244
:109B500045D2FDEEC87AEB68B4F800E017EE902A23
:109B600053F82220130E03FB0AF3581C00EB2320AA
:109B700000126FEA000C5FFA8CFC0BEA12210EEA6D
:109B80000B030CFB03F389B200FB013191FBF9F1EC
:109B900001EA0B030293530903F4FC6319460EF424
:109BA000FC630CFB03F300FB01330EF01F0E029964
:109BB00093FBF9F3C2F3C40203F4FC630CFB0EFC49
:109BC000194300FB02C090FBF9F000F01F000143B5
:109BD00024F8021BD5ED087A38EE278AB7E7464508
:109BE00059DDD5ED087AEA68297CF5EEC07AF1EE08
:109BF00010FA40F6FC73D8BF0023A6EB0806D25833
:109C0000100A530904EB460600F4784003F4FC63A1
:109C1000C2F3C40759B1BAF1FF0F08D11843384352
:109C2000B44238D224F8020BFAE7B846D9E7120E4C
:109C300002FB0AF14A1C02EB2122121202FB07F579
:109C400050435343DFF860C0D24302F0FF02FF27C6
:109C5000B44220D2B4F800E00EEA0C010EF4FC6825
:109C600002FB010102FB083891FBF7F198FBF7F8C2
:109C700001EA0C0108F4FC680EF01F0E41EA08012D
:109C800002FB0E5E9EFBF7FE0EF01F0E41EA0E0178
:109C900024F8021BDCE707B0BDEC028BBDE8F08FB7
:109CA00000000000FEFF7F4400F8FFFF7047704790
:109CB00010B52421044616F041FF204610BD0000D7
:109CC000064BC1604A0903EA112302F4FC62134304
:109CD000C1F3C40119430182704700BF00F8FFFFC0
:109CE000A0F10800ECE700BF08B5054B1868036851
:109CF000D3F8AC309847431E5842584108BD00BFC6
:109D00008434012070470838704730B401EB4204B6
:109D1000BDF90C50028A02929DF81030C2682946A3
:109D2000204630BCF7F7F4BCF7F7E6BC10B51421B9
:109D3000044616F003FF204610BDA0F10800F5E729
:109D40000023C384038543858385806910B103683C
:109D50001B691847704780ED0C0A704738B50B0E29
:109D600083770368DB6B04460D46984703682946F2
:109D70009B689847236820461B6C9847A06138BDB4
:109D80004177704730B50D4600F134040FCD0FC454
:109D90000FCD0FC42B68236030BD38B50446031DBA
:109DA0000868496803C31368C4F826305368C4F8C8
:109DB0002A300025A56104F1340006F0FFF8FF23E6
:109DC0006377A3774FF07E532363012384F8243015
:109DD00084F8255038BD00002DE9F0432DED0A8BA5
:109DE00070EE417A87B0F5EE407AF1EE10FA054652
:109DF000F0EE409AB0EE60AAB0EE419AF0EE618AC1
:109E0000B0EE42CAF0EE62CA9DF86060199F026827
:109E100012D170EEE17AF5EE407AF1EE10FA0BD144
:109E200001F180410139926A53F8211007B0BDEC6D
:109E30000A8BBDE8F0431047FF23AB77936BDFF845
:109E4000C4922846984705F13408B5F90830C38014
:109E5000F0EE4A0AB0EE690A0446404606F05DF9A3
:109E60004046B0EE40BAF0EE60BA8DED000ACDED9E
:109E7000010AB0EE490AF0EE680A06F04EF9B4EEB7
:109E800040BAF1EE10FAF4EE60BA0CBF01230023E1
:109E9000F1EE10FAB4EE40BA63740CBF0123002354
:109EA000F1EE10FAB0EE408AF0EE60AA8DED020AF3
:109EB000CDED030AA37430D0F4EE60BAF1EE10FADF
:109EC0002BD039EE699A78EECA8A89EE0C7A404630
:109ED000C8EEAC7AF0EE4A0AB0EE690AA7EECC0AF8
:109EE000ECEE870A06F019F999F80030CDED050A75
:109EF00070EEEB0A012B8DED040A30EE4B0A02BF27
:109F0000F1EE607AF0EE400AB0EE670AB5EE400A74
:109F1000F1EE10FA34D10123A37499F80020637C88
:109F2000012A40F0A380002B72D03AEEEB7ADFEDED
:109F3000736AC6EE877AF4EEEABAC4ED087AFDEEEB
:109F4000EA7AF1EE10FA17EE903AFDEEEB7A1AB2D9
:109F500017EE903A1BB247BF238162812281638151
:109F6000B4F90A30B4F908209B1A07EE903AF8EEDB
:109F7000E77A00236374C4ED077A0123A3743FE0FA
:109F800080EE807AB5EE407AF1EE10FA84ED057A33
:109F900002D101236374C0E7012B03BFB4F906208B
:109FA00007EE902AF8EEE77AF0EE6B7A0ABF77EECA
:109FB000CB7AEBEE477AEBEEC77A012B38EE4B8A81
:109FC0007AEEEBAAC4ED067A02BFF1EE487AB0EE63
:109FD0006A8AF0EE67AACAEE877A9FED497A38EE70
:109FE000678AC7EE087AB5EEC08AF1EE10FA84ED02
:109FF000078AC4ED087A03D5B1EE488A84ED078A52
:10A00000E7602674AC6107B0BDEC0A8BBDE8F08355
:10A01000A37C002BF4D0B4F90630DFED386A00EEF3
:10A02000103AB8EEC00A30EE488A30EE4B0A38EEED
:10A03000407AB4EEC08AC6EE877AF1EE10FAC4ED2B
:10A04000087AFDEEC87A17EE903AFDEEC07A1AB2A1
:10A0500017EE903A1BB2CCBF238163814FF001030E
:10A060006374CCBF62812281002387E7DBB13AEEC3
:10A07000EB7ADFED226AC6EE877AF4EEEABAC4ED37
:10A08000087AFDEEEA7AF1EE10FA17EE903AFDEE5C
:10A09000EB7A1AB217EE903A1BB247BF2381628166
:10A0A00022816381ACE7A37C002BA9D038EE4B7AE8
:10A0B000DFED126AC6EE877AB4EEC8BAC4ED087A4C
:10A0C000FDEEC87AF1EE10FA17EE903AFDEECB7A7B
:10A0D0001AB217EE903A1BB247BF238162812281E8
:10A0E0006381B4F90A30B4F908209B1A07EE903A5C
:10A0F000F8EEE77AC4ED077A82E700BFFEFF7F44FF
:10A10000000080447C34012010B500212DED028B2D
:10A11000F0EE628A0446B0EE428A16F07FFAF0EE64
:10A12000687AFEEEED7A236817EE902AF0EE487A10
:10A13000BDEC028BFEEEED7A20469B6817EE901A7E
:10A14000BDE81040184710B500212DED028BF0EE50
:10A15000638A0446B0EE438A16F022FBF0EE687A7A
:10A16000FEEEED7A236817EE902AF0EE487ABDEC09
:10A17000028BFEEEED7A20469B6817EE901ABDE842
:10A180001040184713B50446406F05F0C6FFF0EEC7
:10A19000607AFEEEED7A204617EE902AF0EE407AD5
:10A1A000FEEEED7A17EE901A02B0BDE8104016F000
:10A1B0008FB913B50446406F05F0AFFFF0EE607A3B
:10A1C000FEEEED7A204617EE902AF0EE407AFEEE93
:10A1D000ED7A17EE901A02B0BDE8104016F0C5B93E
:10A1E000F0B5DDE9050C0024079F634426464FF0D7
:10A1F000010E63452DD013F8015D062DF9D80EFA36
:10A2000005F515F0660F0DD115F0100F17D12D07BC
:10A21000EFD501381EB907EB80052D680D606CB9CC
:10A220000126E6E726B907EB800353F8083C0B60EC
:10A2300024B907EB800050F8043C1360F0BD0138EE
:10A240001CB907EB800424681460002EF6D10124A9
:10A25000CFE70EB900230B60002CEFD10023ECE711
:10A2600038B504462DED0A8B0D46F0EE40BAB0EE3F
:10A2700060CAF0EE41AAB0EE61BAB0EE429AF0EEDA
:10A28000629AB6EE00AA7BEE298A3AEE898A68EED7
:10A290008A8A28EE0A8A3CEE680A7BEEC87A20EEAB
:10A2A000000AA7EEA70A16F0C9FCB5EE400AF1EEC7
:10A2B00010FA2ED179EE6A7A39EECB7AB0EE6A8A4C
:10A2C000F0EE4B8AA7EE8A8AE7EE0A8AA7EE0A8AA0
:10A2D000E7EECA8A022D2FDC0135F0EE4B1AB0EE04
:10A2E0006A1A2946F0EE682AB0EE482AF0EE4C0AC7
:10A2F000B0EE6B0A2046FFF7B3FFF0EE680AB0EE4F
:10A30000480A2046FFF755FFB0EE68BAF0EE48AABB
:10A31000B9E7D4ED1F7A38EE6B8A78EECC8A28EE56
:10A32000277A68EEA77A87EE008AC7EE808A3BEE2E
:10A33000888A7CEE288ACDE7F0EE680AB0EE480AFB
:10A340002046FFF736FFBDEC0A8B38BD10B52DED6A
:10A350000A8B90F88430022B0446B0EE40CAB0EE6F
:10A36000609AF0EE419AF0EE618AB0EE42BAF0EEF9
:10A3700062BAB0EE43AAF0EE63AAB0EE448AF0EE01
:10A3800064CA2CD1F0EE620AB0EE420AFFF711FF68
:10A3900079EECB9A7AEEECCA78EEEB8A3AEE488AFE
:10A3A00069EEAC9A28EE888AF4EEC89AF1EE10FABB
:10A3B0000FDB0121F0EE6A2AB0EE4A2AF0EE6B1AAA
:10A3C000B0EE4B1AF0EE490AB0EE4C0A2046FFF709
:10A3D00047FFF0EE6A0AB0EE4A0A204635E0012B4C
:10A3E00038D131EEE24A33EE486A71EE427A73EECA
:10A3F000E46A26EE447AA7EEA67AB5EE407AF1EE4C
:10A4000010FA27D028EE638A61EEC28AA4EE838A0E
:10A41000E1EE228A68EE677A28EE448AE6EE287A30
:10A42000A6EEA88A87EE870AC8EE070A3CEE40CA65
:10A4300039EE609AD0ED207A29EE099AACEE0C9AAA
:10A44000F4EEC97AF1EE10FA04DBFFF7B2FEBDECD0
:10A450000A8B10BDF0EE6B0AB0EE4B0A2046FFF7F8
:10A46000A8FEB6E710B52DED0C8B90F885300446AC
:10A47000B0EE409AF0EE609AF0EE41AAB0EE61BA0A
:10A4800033B9FFF796FEF0EE4B0AB0EE6A0A15E01C
:10A4900071EE408A31EEE08AF6EE007A022B68EE29
:10A4A000A78A28EE278A0FD170EEE80A30EE080A54
:10A4B000FFF77FFE7BEE680A3AEE880A2046FFF738
:10A4C00078FEBDEC0C8B10BDFFF773FEDFED4D7A0F
:10A4D000DFED4DBA9FED4DCADFED4DCA9FED4DDA70
:10A4E000F0EE690AB0EE490AE8EE270A2046A8EE27
:10A4F000A70AB1EE68AAEAEE2B0AA8EE2B0AFFF72C
:10A5000058FEDFED457AF0EE690AB0EE490AE8EE52
:10A51000270A2046A8EEA70AEAEE0C0AA8EE0C0AC3
:10A52000FFF747FEDFED3D7AF0EE690AB0EE490A2B
:10A53000E8EE270A2046A8EEA70AEAEE2C0AA8EEC3
:10A540002C0AFFF736FEDFED367AF0EE690AB0EE40
:10A55000490AE8EE270A2046A8EEA70AEAEE0D0A05
:10A56000A8EE0D0AFFF725FE79EE880A39EE280AD3
:10A5700070EEE80A30EE080A2046FFF71AFEDFED1B
:10A58000297AF0EE690AB0EE490AE8EE270A204679
:10A59000A8EEA70AEAEE0D0AA8EE0D0AFFF709FEDB
:10A5A000DFED217AF0EE690AB0EE490AE8EE270AFB
:10A5B0002046A8EEA70AEAEE2C0AA8EE2C0AFFF71E
:10A5C000F8FDDFED1A7AF0EE690AB0EE490AE8EE1E
:10A5D000270A2046A8EEA70AEAEE0C0AA8EE0C0A03
:10A5E000FFF7E7FDDFED127AF0EE690AB0EE490AF7
:10A5F000E8EE270A2046A8EEA70AEAEE2B0AA8EE04
:10A600002B0A3EE70AD7233D295C8F3E9A99193FD2
:10A61000CDCC4C3F8FC2753FCDCC4C3ECDCCCC3E4B
:10A62000EC51383F0AD7A33FCDCCCC3F6666E63F1E
:10A6300048E1FA3F70B52DED068B90ED238A90ED41
:10A64000229A30EEC88A30EE499AF0EE40AA28EEFF
:10A65000080A0446A9EE090AB0EE60AA16F0EEFA5E
:10A66000B5EEC00AF1EE10FA36DDD4ED1F7AD4ED66
:10A67000230A94F87850C0EE276A002684F879609F
:10A6800094ED220AC8EE268A89EE268A70EE289A70
:10A6900030EEC89A78EEAA8A3AEE488AFDB1C4ED47
:10A6A000249A84ED259AC4ED268A84ED278AF0EE5B
:10A6B000490AB0EE690A2046FFF764FD84F8786025
:10A6C000C4ED289A84ED299AC4ED2A8A84ED2B8A58
:10A6D000C4ED22AA84ED23AABDEC068B70BD94F8CC
:10A6E0007A3094ED2A2AD4ED2B2A6BB1F0EE491A78
:10A6F000B0EE691AF0EE620AB0EE420A2046FFF7A9
:10A70000B1FE84F87A50DBE7F0EE484AB0EE684AD2
:10A71000F0EE493AB0EE693AD4ED291A94ED281AD0
:10A720002046FFF713FECBE707EE902A07EE101A3C
:10A73000F8EEE70AB8EEC70ADFED037A60EEA70A83
:10A7400020EE270AFFF776BF0000003D38B52DED5B
:10A75000028B90F8795004461DB3D0ED1F7A90ED2E
:10A76000238A90ED220A78EE678A38EE278AF0EE87
:10A77000680AFFF707FD94ED221AF0EE481AB0EED2
:10A78000410AF0EE680A2046FFF76CFE94ED221AAB
:10A79000F0EE681AF0EE480AB0EE410A2046FFF7E4
:10A7A00061FEBDEC028B284638BD10B52DED028B45
:10A7B0000446B0EE408AF0EE608AFFF7C7FFD0B9DA
:10A7C0002046D4ED274A94ED264AD4ED253A94ED5F
:10A7D000243AD4ED2B2A94ED2A2AD4ED291A94EDAB
:10A7E000281AF0EE680AB0EE480AFFF7AFFD012024
:10A7F000BDEC028B10BD0020FAE7D0ED251A90EDDC
:10A80000241AD0ED2B0A90ED2A0AFFF72BBE000088
:10A810002DE9F04F89B01C460DF120089DF850300D
:10A820000493159E05910023DDE91297069348F8DD
:10A83000043D049B86F87A3082461546059B9D426E
:10A840006DD9013D19F80530062BF7D801A252F851
:10A8500023F000BF73A800083DA8000871A80008F5
:10A8600095A8000895A8000899A80008D9A800088C
:10A87000023C5046CDE9019700942B46424606A97A
:10A88000FFF7AEFCDDED070A9DED060A3046FFF747
:10A89000D1FED3E7013CECE7A4F1040B023C07EB4B
:10A8A00084045046CDE90197CDF800B02B464246CE
:10A8B00006A9FFF795FCDDED072A9DED062A54ED6C
:10A8C000011A14ED021AD4ED010A94ED000A304683
:10A8D000FFF71AFC5C46B1E7A4F1060B023C07EB5C
:10A8E00084045046CDE90197CDF800B02B4642468E
:10A8F00006A9FFF775FCDDED073A9DED063A54ED2C
:10A90000032A14ED042A54ED011A14ED021AD4EDB1
:10A91000010A94ED000A3046FFF715FCDAE7049BC4
:10A9200013B13046FFF769FF09B0BDE8F08F00BFF3
:10A93000F0EE607AFEEEED7A036817EE902AF0EE04
:10A94000407AFEEEED7A9B6817EE901A18470000E9
:10A9500010B5044B044640F8143B01F08DFA204634
:10A9600010BD00BFBC5302082DE9F04F2DED048B44
:10A97000D0ED0C7AB5B0F5EEC07AF1EE10FA0546DE
:10A980008B4606921E464FF0000440F24E81FF2394
:10A990000093021D8169439B9FEDA59A08A815F0BD
:10A9A0004BFCD5ED0C7AA34BD5ED086A0893F5EE78
:10A9B000C07AF1EE10FAB6EE007A48BFF1EE677A8F
:10A9C00067EE877A05F1340301222593002326EEF2
:10A9D000A77A8DF898308DF899208DF89A308DF8F7
:10A9E00064306A7FAB7FCDED277A5A4327EE267A13
:10A9F000531C03EB122367EE277A4FF0000895F8FB
:10AA0000240095F825102A94C3F307232B942C9443
:10AA10002D942E942F943094319432943394CDED20
:10AA2000287A8DF8A4008DF8A5108DF8A630F0EEE8
:10AA3000499AB0EE498AF0EE498A4446C14608AFC9
:10AA40004FF0010A069B4B4500F0CC8009F1010351
:10AA500005931BF80930062B39D8DFE803F0043BD7
:10AA6000606F7C81A000C1452BD9F0EE490AB0EEA1
:10AA7000690A3846FFF7DEFD3846FFF767FE814674
:10AA8000F8B9F0EE490AB0EE690A3846FFF78DFED4
:10AA90002846CDE90297CDE900B62346059ACDEDCB
:10AAA0002A9A41468DED2B9A8DF898A08DF899A0A1
:10AAB000FFF7AEFEF0EE490AB0EE690A3846FFF73E
:10AAC00074FEDDF81480B0EE498AF0EE698ADDF894
:10AAD0001490B7E7C1450DD93846FFF737FE48B99E
:10AAE000CDE902A7CDE900B623464A4641462846AD
:10AAF000FFF78EFE06EB8403D3ED008A93ED018A07
:10AB0000CDED2A8A8DED2B8A8DF898A08DF899A02D
:10AB10000234C846B0EE489AF0EE689AD7E706EBE2
:10AB20008403D3ED008A93ED018AB0EE680AF0EE5B
:10AB3000480A3846FFF77EFD0234C8E706EB840377
:10AB4000D3ED008AF0EE480AB0EE680A3846FFF707
:10AB500071FD0134BBE706EB840393ED008AF1E756
:10AB6000A30003F1080203F10C0932443344B14459
:10AB700092ED002AD9ED002AD3ED011A93ED001AC7
:10AB80000792F0EE480AB0EE680A3846FFF7BCFAC2
:10AB9000079A99ED008AD2ED008A043497E7A30062
:10ABA00003F1100203F1140932443344B14492ED2D
:10ABB000003AD9ED003AD3ED032A93ED022AD3ED02
:10ABC000011A93ED001A0792F0EE480AB0EE680AF7
:10ABD0003846FFF7B8FA079A99ED008AD2ED008A55
:10ABE000063474E7069B434508AF0FD93846FFF794
:10ABF000ADFD58B90123CDE901630397CDF800B04D
:10AC00002346069A41462846FFF702FE9DF8A61005
:10AC1000384615F0A5FB04463846FFF799FE204656
:10AC200035B0BDEC048BBDE8F08F0124F7E700BF21
:10AC300000000000944C020810B50446FFF788FE9F
:10AC40002046B02115F07AFF204610BD2DE9F047CF
:10AC50002DED068BAAB09846FF2307460093894640
:10AC600092468169399B9FED828A021D0DA815F0DD
:10AC7000E3FA3B7FDFED7E0A5A1E534207F13405AB
:10AC80005341B0EE600A28468DF8783005F045FA59
:10AC9000CA44B0EE409AF0EE609AF0EE488A002482
:10ACA000CA4500F0CD8019F8013B062BF8D8DFE843
:10ACB00003F004082A3F53588A000DA815F02EFB14
:10ACC000EEE708EB8403D3ED008A93ED018AB0EE42
:10ACD000680AF0EE480A284605F01FFAF0EE607A9E
:10ACE000FEEEED7A0DA817EE902AF0EE407AFEEE19
:10ACF000ED7AB0EE409A17EE901AF0EE609A15F0E9
:10AD0000E7FB0234CCE708EB8403D3ED008A93ED34
:10AD1000018AB0EE680AF0EE480A284605F0FDF90F
:10AD20000DA8B0EE409AF0EE609AFFF701FEE8E75A
:10AD300008EB8403D3ED008AF0EE480AB0EE680A0F
:10AD4000284605F0EAF90DA8B0EE409AF0EE609AB8
:10AD50000134FFF7EDFDA3E708EB840393ED008AD0
:10AD6000EAE7A31C08EB830353ED010A13ED020A83
:10AD7000D3ED008A93ED018A284605F0CEF92846E6
:10AD80008DED090ACDED0A0AB0EE680AF0EE480A28
:10AD900005F0C3F9DDED0A1A9DED091AF0EE602AFF
:10ADA000B0EE402AB0EE40AAF0EE60AAB0EE490A3A
:10ADB000F0EE690A0DA8FFF7A7F90434F0EE6A9ADD
:10ADC000B0EE4A9A6CE7261D08EB860656ED030A9C
:10ADD00016ED040AD6ED008A96ED018A284605F0A4
:10ADE0009CF928468DED070ACDED080A16ED020AFA
:10ADF00056ED010A05F091F928468DED090ACDEDD1
:10AE00000A0AB0EE680AF0EE480A05F086F9DDEDB0
:10AE10000A2A9DED092ADDED081A9DED071AF0EECC
:10AE2000603AB0EE403AB0EE40AAF0EE60AAB0EE62
:10AE3000490AF0EE690A0DA8FFF785F90634BDE767
:10AE40007B7FB97F59434B1C03EB1121C1F30721D1
:10AE50000DA815F085FA074B0D93044612A801F0D2
:10AE60000BF820462AB0BDEC068BBDE8F08700BF8A
:10AE700000000000BC53020810B4047F1CB15DF850
:10AE8000044BFFF7E3BE5DF8044BFFF76DBD000018
:10AE90002DE9F04F91460246054652F8260F85B03F
:10AEA00088465168DDF838B09A4602AB03C3BDF955
:10AEB0000C30002B02AF08DDBDF90E40002C04DD84
:10AEC0002E4A127822B1012A2DD005B0BDE8F08FAC
:10AED000BDF80A301C44A4B226B2BDF90A30B34210
:10AEE000F3DACDE900B753464A4641462846FFF714
:10AEF000C3FF40B9BDF90E30012B04D001335B1004
:10AF0000ADF80E30EDE7BDF80E20BDF80A30134461
:10AF10009BB21A4412B29642ADF80A30DDDAE31A57
:10AF2000ADF80E30D9E7BDF808401C44A4B226B2F3
:10AF3000BDF90830B342C8DACDE900B753464A46F6
:10AF400041462846FFF798FF40B9BDF90C30012B68
:10AF500004D001335B10ADF80C30EDE7BDF80C20E8
:10AF6000BDF8083013449BB21A4412B29642ADF8B1
:10AF70000830DDDAE31AADF80C30D9E77C34012073
:10AF8000704710B54821044615F0D8FD204610BD85
:10AF900007B54FF4004201AB0968006805F0D6F927
:10AFA00003B05DF804FB00004FF4B47390FBF3F2C0
:10AFB00002FB13000028B8BFC0185A28094B02DC56
:10AFC00033F810007047B42802DCC0F1B400F7E792
:10AFD000B0F5877FD4BFB438C0F5B47033F8100033
:10AFE00040427047EC4C02084FF4345373B590FB69
:10AFF000F3F202FB13000028B8BFC018441100F0A0
:10B000001F062046FFF7D0FF05460EB902B070BDFF
:10B01000601CFFF7C9FF01AB20223146401B05F041
:10B0200095F92844F2E708B5C0F53460FFF7DCFF76
:10B0300008BD000010B5044600F00AFD084B23606F
:10B040004FF434520023C4E90F234BF20542C4E904
:10B050000B33C4E90D33A4F84420A360204610BD8F
:10B06000AC4D02082DE9F04F8A42804610469946C1
:10B07000A6BF0A4603460B46991A85B0B1F5345F60
:10B08000D8F84040109DA4BF4FF434530022DDE9AE
:10B090000E76009308F1340A02F1010B002C40F007
:10B0A000AF8010460192FFF79FFF03A9039050461F
:10B0B000FFF76EFFD8F82C10019A0844D9F8001059
:10B0C0008142C8BFC9F8000039688842C8BF3860EB
:10B0D0001046FFF7A8FF03A903905046FFF758FF5B
:10B0E000D8F83020101A32688242C8BF30602A680F
:10B0F0004FF4346190429BFBF1F201FB12B2A1EBE1
:10B100000202C8BF286092FBF1F001FB10229344B9
:10B11000009B5B452ADB5846FFF766FF03A90390B7
:10B120005046FFF735FFD8F82C201044D9F80020FE
:10B130008242C8BFC9F800003A689042C8BF386070
:10B140005846FFF770FF03A903905046FFF720FF12
:10B15000D8F83020101A32688242C8BF30602A689E
:10B160009042C8BF28600BF5346BD1E7009BABF56C
:10B17000346B5B4527DD1846FFF736FF03A90390C4
:10B180005046FFF705FFD8F82C201044D9F80020CE
:10B190008242C8BFC9F800003A689042C8BF386010
:10B1A0000098FFF740FF03A903905046FFF7F0FE19
:10B1B000D8F83020101A32688242C8BF30602A683E
:10B1C0009042C8BF2860D8F82C20D9F800109142CE
:10B1D000C8BFC9F800203A68D8F82C309A42B8BFE6
:10B1E0003B603268D8F830309A42C8BF33602A6872
:10B1F000D8F830309A4200DA2B6005B0BDE8F08F05
:10B200000220013494FBF0F410460192FFF7ECFEAB
:10B2100003A903905046FFF7BBFED8F82C10019A03
:10B220000844D9F80010031B9942C8BFC9F8003080
:10B2300039688B42C8BF3B60D9F800102044814276
:10B24000C8BFC9F8000039688842C8BF38601046D6
:10B25000FFF7E9FE03A903905046FFF799FED8F8DF
:10B260003020101A3268011B8A42C8BF31602A6838
:10B270009142C8BF2960326820448242C8BF306012
:10B280002A684FF4346190429BFBF1F201FB12B249
:10B29000A1EB0202C8BF286092FBF1F001FB102273
:10B2A0009344009B5B4540DB5846FFF79DFE03A996
:10B2B00003905046FFF76CFED8F82C201044D9F8C4
:10B2C0000020011B8A42C8BFC9F800103A689142A9
:10B2D000C8BF3960D9F8002020448242C8BFC9F8ED
:10B2E00000003A689042C8BF38605846FFF79BFE9E
:10B2F00003A903905046FFF74BFED8F83020101AF0
:10B300003268011B8A42C8BF31602A689142C8BFB7
:10B310002960326820448242C8BF30602A68904267
:10B32000C8BF28600BF5346BBBE7009BABF5346BF3
:10B330005B457FF762AF1846FFF756FE03A90390FF
:10B340005046FFF725FED8F82C201044D9F80020ED
:10B35000011B8A42C8BFC9F800103A689142C8BFB1
:10B360003960D9F8002020448242C8BFC9F80000E3
:10B370003B689842C8BF38600098FFF754FE03A9A5
:10B3800003905046FFF704FED8F830303268181AA0
:10B39000031B9A42C8BF33602A689342C8BF2B6020
:10B3A00033680444A342C8BF34602B689C42C8BFC2
:10B3B0002C6022E730B50446084611461A46B0F91B
:10B3C000083089B05B010493B0F90A3000255B01B5
:10B3D000CDE9063507AB029306AB019305AB0093AD
:10B3E00004AB0595FFF73EFE2025049A059892FBD5
:10B3F000F5F290FBF5F092B20230801A069B0799A5
:10B4000093FBF5F391FBF5F19BB20231C91A013AB6
:10B41000013BA080204622806380E18009B030BDDE
:10B4200010B5D1E90E230446FFF7C4FF204610BD36
:10B430002DE9F04FD0E90E65B542A2BF2B46354647
:10B440001E46731B8A46016CB0F92C90B0F930B0DF
:10B45000426BB3F5345FAFB04FF020030446A4BF96
:10B460004FF43456002599FBF3F99BFBF3FB0029BD
:10B4700000F0FF80BAF90000BAF90230A9EB00072A
:10B4800087EAE77CACEBE77CBAF80470ABEB030827
:10B49000074488EAE870A0EBE870BAF806803FB28B
:10B4A0009844A9EB07070FFA88F8ABEB0808002FC0
:10B4B000B8BF7F42B8F1000FB8BFC8F10008BC4563
:10B4C000CCBF0CF1010701374045C8BF00F10108AE
:10B4D00094F8440000F101004FEA60004FF00203CD
:10B4E000C0F15A0091FBF3F1A2EB0102D8BF08F1C1
:10B4F000010803930F92FFF757FD2EA908FB08F8E8
:10B5000041F8740D0FA8FFF743FD07FB07874FF0C5
:10B51000200C90FBFCF040438742039B04DA01249B
:10B5200020462FB0BDE8F08F606B216C91FBF3F2E9
:10B53000024492FBFCF2BAF90010BAF804300B4452
:10B540001BB24B45A8BF4B468B42ACBFA9EB0309CE
:10B55000A9EB0109BAF80630BAF902100B441BB284
:10B560005B45A8BF5B468B42ACBFABEB030BABEBC1
:10B57000010B01320BFB0BFB09FB09B9524391454F
:10B58000CDDC0DF13C0921464846A76A04F024FAB7
:10B59000236820465B6E9847534600904A463946DA
:10B5A00011A814F049FE626B236C0B92B3EB420FAF
:10B5B0000C9307DD022193FBF1F313440C9393FBEF
:10B5C000F1F30B93DDE90B23284603EB42030D93C4
:10B5D00094F84470FFF708FD49460F900DA8FFF757
:10B5E000D7FCE36A4FF0020A90FBFAF000EB030B82
:10B5F0002846FFF718FD0DF1B8087F0148F8800DC7
:10B600000DA84146FFF7C4FC226B90FBFAF05946A7
:10B61000121A11A814F05CFF05F1200A67BBAB46B3
:10B62000B2450C9A33DC0B99504602EB41020D9265
:10B63000FFF7DAFC41460E900DA8FFF7A9FCE26A7D
:10B64000022390FBF3F000EB020B5046FFF7EBFCFC
:10B6500049460F900DA8FFF79BFC226B0223594629
:10B6600090FBF3F0121A11A8D34614F07EFFBA44EF
:10B67000D6E792FBF3F25EE79AFBF7F207FB12A222
:10B68000BA1A92FBF7F107FB11229244C7E75E4515
:10B6900023DD0B9B304602EB43020D92FFF7A4FC27
:10B6A00041460E900DA8FFF773FCE36A4FF0020AC3
:10B6B00090FBFAF0034430460393FFF7B4FC49468D
:10B6C0000F900DA8FFF764FC226B039B90FBFAF030
:10B6D0001946121A11A814F048FF0C9B9BB9751B50
:10B6E000B5F5345F04DAD4E90B1211A814F03DFF6C
:10B6F000FF2111A814F034FE04468A4B119316A8BA
:10B7000000F0BAFB0CE7DDE917239A42C0F007818D
:10B71000731B94F845A00393B3F5345F4FEA4A1ABC
:10B7200043DA3046FFF760FC49460F900BA8FFF75D
:10B730002FFCE36AC31830460593FFF774FC4946B3
:10B740000F900BA8FFF724FC236B06F5B4521B1ACD
:10B750000493069206EB0A03069A934225DA1846EA
:10B760000893FFF741FC49460F900CA8FFF710FC27
:10B77000059B022290FBF2F0C3180793089B0992E5
:10B780001846FFF750FC2EA941F8800D0CA8FFF7D2
:10B79000FFFB049B099A079990FBF2F211A89A1AF1
:10B7A00014F0E3FE089B5344D6E75E4525DDDDE952
:10B7B0000B233046C3EB42030D93FFF715FC4146C4
:10B7C0000E900DA8FFF7E4FBE36A022290FBF2F073
:10B7D00000EB030930460492FFF725FC2EA941F83F
:10B7E0007C0D0DA8FFF7D4FB236B049A90FBF2F2BB
:10B7F00049469A1A11A814F0B8FED9460226A9455E
:10B8000025DBDDE90B234846C3EB42030D93FFF72D
:10B81000EBFB41460E900DA8FFF7BAFBE36A90FBE5
:10B82000F6F000EB030B4846FFF7FDFB0FA90F9066
:10B830000DA8FFF7ADFB226B90FBF6F05946121AEC
:10B8400011A8CB4614F091FEA9EB0709D7E75D4597
:10B8500022DADDE90B232846C3EB42030D93FFF701
:10B86000C3FB41460E900DA8FFF792FBE76A022644
:10B8700090FBF6F007442846FFF7D5FB2EA941F8C8
:10B880007C0D0DA8FFF784FB226B90FBF6F0394688
:10B89000121A11A814F069FE039BB3F5345FBFF6CA
:10B8A00027AF2846FFF7A0FB2EAE4FF0020B46F85D
:10B8B0007C0D0BA83146FFF76BFBE36A00EB030935
:10B8C0002846FFF7B0FB31460F900BA8FFF760FB4F
:10B8D000236BA5F5B454A3EB00085444A5427FF7AD
:10B8E00007AF2046FFF780FB31460F900CA8FFF70B
:10B8F0004FFB90FBFBF000EB09072046FFF793FBA3
:10B900000EA90E900CA8FFF743FB394690FBFBF203
:10B9100011A8A8EB020214F028FE5444DEE700242C
:10B92000EBE600BFBC5302087FB503680D46044632
:10B9300001469B6E02A89847286869686B4603C356
:10B9400068461946FCF7C2FEA06A88B10368211D4B
:10B95000DB68984760B1BDF90430002B08DDBDF904
:10B960000650002D04DD2B4A12781AB1012A29D085
:10B9700004B070BDBDF802301D44ADB22EB2BDF9A9
:10B980000230B342F4DA23686946DB6E20469847FA
:10B9900040B9BDF90630012B04D001335B10ADF87E
:10B9A0000630F0E7BDF80620BDF8023013449BB224
:10B9B0001A4412B29642ADF80230E0DAEB1AADF852
:10B9C0000630DCE7BDF800501D44ADB22EB2BDF923
:10B9D0000030B342CCDA23686946DB6E20469847D4
:10B9E00040B9BDF90430012B04D001335B10ADF830
:10B9F0000430F0E7BDF80420BDF8003013449BB2DA
:10BA00001A4412B29642ADF80030E0DAEB1AADF803
:10BA10000430DCE77C3401201FB50368044601468E
:10BA20009B6E684698470021B4F90820B4F90A30A3
:10BA30000291684602A9ADF80C20ADF80E30FCF773
:10BA400045FE236869461B692046984704B010BD2F
:10BA5000012180F825100B4901600022FF2182801E
:10BA6000C280028142818281C28102824282C0E917
:10BA70000522C2610284428480F8242080F82610C6
:10BA800082627047244E020800238380C3800380B3
:10BA9000438091F82630FF2B01BF0B8983804B89AF
:10BAA000C380704737B50446086849686B4603C3CE
:10BAB00023686946DB6A20469847084B1B6893F861
:10BAC00058200AB1D86C00B998680368A26A1D6A48
:10BAD00094F826306946A84703B030BD843401206D
:10BAE000704710B52C21044615F028F8204610BDEB
:10BAF00090F826202AB190F8252012B103685B69DE
:10BB00001847704790F82C00704770B50B88C385B4
:10BB10000546138825F8303F0446284605F070FF97
:10BB20000646284605F0A0FF236805463146204614
:10BB30009B6B9847236829462046DB6BBDE8704025
:10BB4000184710B50446806A50B10368DB6898470F
:10BB500030B1A06A036821469B68BDE810401847D1
:10BB600010BD10B591F83230FF2B044606D00023EB
:10BB7000038043808380C380204610BD91F82C3021
:10BB80001BB1303105F0A4FFF6E72E31FAE70000D3
:10BB90002DE9F04190F82C308AB004468846002BFD
:10BBA00066D0038EADF8143005A805F029FF0746CE
:10BBB00005A805F059FFB8F90060B8F80420324430
:10BBC00092B200230FFA82FC9C45069352DDB742E5
:10BBD00050DDB8F90250B8F806302B449BB219B2C8
:10BBE000002947DDA84245DD6745B8BFBAB28842A3
:10BBF00026EAE67625EAE575B8BF83B2921B5B1BA1
:10BC0000ADF81C20ADF81E30ADF81860ADF81A5034
:10BC1000BDF814204FF6FF739A4226D0BDF91C30B0
:10BC2000002B22DDBDF91E30002B1EDD0023CDE9E7
:10BC30000833236808A9DB6A204698470F4B1B6826
:10BC400093F858200AB1D86C00B998680168BDF91A
:10BC50002230BDF920200125029594F8324001944C
:10BC600006AC00948C6805A9A0470AB0BDE8F08135
:10BC7000C38D97E700230793CAE700BF84340120F0
:10BC800090F832202AB190F8252012B103685B6940
:10BC900018477047704710B54821044614F04EFF0E
:10BCA000204610BD2DE9F0438DB004460F46FFF746
:10BCB0006FFF554A238F12889A4240F28280534D7B
:10BCC0002A6812F81320524B1B6853F82260B4F90B
:10BCD00046300022CDE9032294F84420032A11D8EB
:10BCE000DFE802F002797289B4F90A20B4F9081089
:10BCF000D21A0220ADF8101092FBF0F2ADF812301B
:10BD0000ADF80E200DF10C0898E803000DF11409B0
:10BD100089E8030039464846FCF7D8FCBDF91830DD
:10BD2000002B4EDDBDF91A30002B4ADDBDF8143072
:10BD3000BDF80C209B1AADF81430BDF80E20BDF8EC
:10BD400016309B1AADF8163023684146DB6A204650
:10BD5000984794F82C30002B53D0226C218F2B68FD
:10BD600094F8320094F8444003EB41035B78099265
:10BD7000C3F30105C3F381038DF821300023ADF82F
:10BD800028308DF82B308DF82C30224B07961B680D
:10BD90008DF8205093F858208DF822408DF82A0015
:10BDA0000AB1DC6C04B99C681B4B1868F7F78CFB74
:10BDB00007AB0190009398E806004B462046F7F742
:10BDC00035FB0DB0BDE8F083B4F90A20B4F90810D2
:10BDD000D21A01328DE7B4F90820B4F90A10D21A48
:10BDE00001320220ADF8103092FBF0F2ADF81210E3
:10BDF000ADF80C2086E7B4F90820B4F90A10D21A7D
:10BE0000EFE7E26BAAE700BFE0340120DC34012059
:10BE1000E434012084340120E834012010B50121EC
:10BE2000134C80F82510002280F8241004604FF68F
:10BE3000FF71104C8280C280028142818281C28166
:10BE400002824282C0E90522C26102844284826287
:10BE500080F82C20C185018680F832104463018768
:10BE6000C0E90F2280F84420A0F8462010BD00BF92
:10BE7000044F020814490208704710B530210446E7
:10BE800014F05CFE204610BD10B5044600F096FE8E
:10BE9000E06000F099FEE3682361C008002247F6E5
:10BEA000FF7101386060A260198059809A80DA8041
:10BEB000636A23F0010343F00203636210BD0000D4
:10BEC00010B50A4B03600023C0E90133C0E9033316
:10BED000C0E90533C0E9073343626FF0004304460D
:10BEE000C0E90A33FFF7D0FF204610BD784F0208A3
:10BEF0002DE9F04F93B056111C9C059304F01F05DB
:10BF00005311049565110393AE424FEA64130693EF
:10BF100002F01F0340F0F880049C059AA3424FEA08
:10BF2000621E026925D1B2F900309E4503D1B2F9F3
:10BF300002309E4235D0D18893880B4310D0B2F99D
:10BF40000230002B0CDBC16A8B4209DAD0E9011305
:10BF50008B4238BF083203F1010338BF02618360AE
:10BF60000369039AA3F800E05A8000229A80DA80DD
:10BF700017E0059CB2F80480B2F806A004F01F0494
:10BF80004E110294049C764501F01F0CA4EB0304AF
:10BF90000AD1029B9C44A04404FB0CA4A2F8048098
:10BFA000D48013B0BDE8F08F059D691A5BBFCCF15A
:10BFB00020056C430025202544BF04FB0CF44942B6
:10BFC0000195019F94FBF1F501FB154454BF4FF01F
:10BFD00001094FF0FF39002CB8BF05F1FF35BC4413
:10BFE000A84405FB0CACA2F80480A2F806C0D0F867
:10BFF00010C0BCF80680BCF80420B8BF641858EA2A
:10C0000002024E4411D0BCF90280B8F1000F0CDBE3
:10C01000C26A904509DAD0E9012890453CBF0CF18D
:10C020000802026108F101028260D0F810C0BDF977
:10C030000C20ACF800600027B645ACF80220ACF844
:10C040000470ACF806702B444DD0049FFF1A3D4499
:10C050006D0195FBF1F801FB1855002DB8BF08F1F3
:10C06000FF3808F10107B8BF6D18641A03974FF045
:10C07000000AD0F810C0641958BF039FBCF804B080
:10C0800048BF4746BB44ACF804B0BCF806B00BEB65
:10C09000471BACF806B0D0F810C03B44BCF806B063
:10C0A000BCF8047058BF641A5BEA07074E4411D00D
:10C0B000BCF902B0BBF1000F0CDBC76ABB4509DA63
:10C0C000D0E9017BBB453CBF0CF1080707610BF1D0
:10C0D000010787600769B6453E807A80A7F804A00B
:10C0E000A7F806A0C5D1049AD31A02699188D68808
:10C0F00019449180029901F1200C0199ACEB010CDB
:10C1000003FB0C63D3804CE7059DA21AA5EB010548
:10C110000895029240F12881039A002AFFF641AF68
:10C12000029A52420292069A42EAE2724FF0FF34B9
:10C1300006922A460B945A430024029D0194029CC5
:10C1400092FBF4F405FB1422002A0792BCBF52199B
:10C150000792019A0569B8BF04F1FF3404EB0109A5
:10C160009A424FEA691640F01281B5F900309E42BA
:10C1700004D1B5F90230039A9A421BD0EA88AB8801
:10C18000134310D0B5F90220002A0CDBC36A9A428F
:10C1900009DAD0E901329A4238BF083502F10102CA
:10C1A00038BF056182600369039A5A8000221E80AD
:10C1B0009A80DA800B9B039A01691A44B1F9003026
:10C1C000B34203D1B1F902309A421AD0CC888B889D
:10C1D000234310D0B1F90240002C0CDBC36A9C420F
:10C1E00009DAD0E901349C4238BF083104F1010476
:10C1F00038BF01618460036900211E805A809980E4
:10C20000D980069B934200F08280089B029C029991
:10C210005B0193FBF1F104FB1133002B03910893B5
:10C2200004DA4B1E0393089B23440893079B02994F
:10C230005B1A0793019BC3F120030E930E99019B98
:10C240005B1A4F460A930026DDE907315B1858BF99
:10C25000029907935DBF5B1A0793039B039958BF2D
:10C26000591C8944002A4FEA691A2EDBC36A93429B
:10C270002BDD019C0569A0460E9CB5F904C0B5F9FB
:10C2800006E0A04540F04F81B5F90010514503D1BB
:10C29000B5F90210914218D05CEA0E010FD0B5F941
:10C2A000021000290BDB8B4209DDD0E901319942F4
:10C2B00038BF083501F1010138BF056181600369AC
:10C2C000A3F800A05A809E80DE800B9B01691A446F
:10C2D000CC888B88234310D0B1F90240002C0CDBB2
:10C2E000C36A9C4209DAD0E901349C4238BF083164
:10C2F00004F1010438BF016184600369A3F800A060
:10C300005A809E80DE80069B93424F469CD1019BC3
:10C310000769C3F12006059B4FEA631E049B9E42FA
:10C3200040F0CC81B7F900309E4504D1B7F9023016
:10C330009A423FF436AEF988BB880B4310D0B7F968
:10C340000230002B0CDBC16A8B4209DAD0E9011301
:10C350008B4238BF083703F1010338BF07618360A0
:10C360000369A3F800E0FFE5C26A039CA242FFF65E
:10C3700018AE069CA242B8BF0132089CB8BF069214
:10C38000C3F12002624301240B942024D5E609F076
:10C390001F024FEA61180C92019AB5F804E0B5F853
:10C3A00006A0B04501F01F01A2EB030208D10C9BCF
:10C3B0001944964402FB01A1A5F804E0E980F9E6DE
:10C3C000002CC0F2A9800127C1F1200C0A9702FBC2
:10C3D0000CF22027099792FBF4FC099F04FB1C2216
:10C3E000002AB8BF0CF1FF3C39440CFB01A1E980E5
:10C3F000E6440A99A5F804E008EB01050169B1F8E3
:10C400000680B1F804E0B8BF121958EA0E0710D040
:10C41000B1F902E0BEF1000F0BDBC76ABE4508DAD6
:10C42000D0E9017EBE453CBF083101610EF101013A
:10C4300081600169BDF90C800D804FF0000EAE42A5
:10C44000A1F80280A1F804E0A1F806E0634454D00A
:10C450000199C91A6144490191FBF4FE04FB1E11C4
:10C460000029B8BF0EF1FF3E0EF10107B8BF091950
:10C47000121B0D97D0F810A00A9FBAF804B05218FA
:10C4800054BFDDF834C0F446E344AAF804B0BAF867
:10C4900006B00BEB4C1BAAF806B06344D0F810C0F2
:10C4A000BCF806B0BCF804A058BF121B3D445BEAC0
:10C4B0000A0714D0BCF902A0BAF1000F0FDBC76A5B
:10C4C000BA450CDAD0E9017ABA4538BF0CF1080C4C
:10C4D0000AF1010A38BFC0F810C0C0F808A0D0F8AF
:10C4E00010C04FF00007AE42ACF80050ACF802802C
:10C4F000ACF80470ACF80670BCD10469019A0C99D0
:10C50000D31AA2881A44A280099A2031891AE28893
:10C5100003FB0123E3804DE64FF0FF370A974A43C0
:10C520006442002756E74FEA671809F01F03D04519
:10C5300007F01F070F931FFA8CFC1FFA8EFE0AD11B
:10C540000A9B9C440F9BA5F804C01F440A9B03FB55
:10C5500007E7EF80B9E60029C0F2A8800A9CC7F17E
:10C560002003634301240D9420240C9493FBF1F4E5
:10C5700001FB143B0C9BBBF1000FB8BF04F1FF346F
:10C580001F4404FB07E7A444A5F804C0EF80D0F8DB
:10C5900010C00D9BBCF806E0BCF80470B8BF8B441B
:10C5A00008EB03055EEA070311D0BCF902E0BEF117
:10C5B000000F0CDBC76ABE4509DAD0E9017EBE4533
:10C5C0003CBF0CF1080707610EF10107876007699E
:10C5D00013B210937B800E9B3D805545BE80FE803C
:10C5E00004EB030C51D0019BA3EB0C073C4464010A
:10C5F00094FBF1F801FB1844002CB8BF08F1FF3898
:10C60000ABEB010308F10107B8BF64180993119758
:10C61000099BD0F810E01B1958BF119FBEF804B059
:10C62000099348BF4746BB44AEF804B0BEF806B015
:10C630000BEB471BAEF806B0D0F810E0BC440D9FE2
:10C64000BEF806B03D44BEF804705CBF5B1A0993A7
:10C650005BEA070311D0BEF902B0BBF1000F0CDB9F
:10C66000C76ABB4509DAD0E9017BBB453CBF0EF187
:10C67000080707610BF1010787600769109B3D8080
:10C6800055457B80BE80FE80C2D1019B0F9FA3EBEE
:10C690000C0C03699988614499800C9920377F1AA2
:10C6A000D9880CFB071CA3F806C00EE60A9B4FF0C6
:10C6B000FF340D947B434942002456E70599B7F8AF
:10C6C0000480B7F806A001F01F014FEA691B029130
:10C6D0000499F34509F01F0CA1EB060408D1029B55
:10C6E0009C44A04404FB0CA4A7F80480FC8058E4FC
:10C6F0000599B1EB09015BBFCCF120056C43002526
:10C70000202544BF04FB0CF449420195019B94FB96
:10C71000F1F501FB154454BF4FF001094FF0FF390B
:10C72000002CB8BF05F1FF359C44A84405FB0CACB8
:10C73000A7F80480A7F806C0D0F810C0BCF806809F
:10C74000BCF80470B8BF641858EA07070BEB09037C
:10C7500011D0BCF90280B8F1000F0CDBC76AB845F4
:10C7600009DAD0E90178B8453CBF0CF10807076148
:10C7700008F10107876007694FF0000C12B29E456F
:10C780003B807A80A7F804C0A7F806C02E444DD09D
:10C79000049FBF1B3D446D0195FBF1F801FB18554B
:10C7A0006545B8BF08F1FF3808F10107B8BF6D183B
:10C7B000641A03974FF0000AD0F810C0641958BFEC
:10C7C000039FBCF804B048BF4746BB44ACF804B074
:10C7D000BCF806B00BEB471BACF806B0D0F810C0A5
:10C7E0003E44BCF806B0BCF8047058BF641A5BEA5B
:10C7F00007074B4411D0BCF902B0BBF1000F0CDBB2
:10C80000C76ABB4509DAD0E9017BBB453CBF0CF1E7
:10C81000080707610BF10107876007699E453B80A8
:10C820007A80A7F804A0A7F806A0C5D1049B9E1B98
:10C8300003699A8832449A80029A02F1200C019A84
:10C84000ACEB020CDA8806FB0C26DE80FFF7A9BBF6
:10C85000436A9B07F7B50E46154611D5D0E9051278
:10C8600086EA010785EA02033B4309D03346009577
:10C87000FFF73EFB436AC0E9056543F001034362ED
:10C8800003B0F0BDF8B5436A15469A0704460E4654
:10C8900001D4FFF7F9FA636ADB0704D5D4E907127C
:10C8A0002046FFF7D5FF2369B3F9002070119042AD
:10C8B0004FEA651103D1B3F9022091421AD0DF8803
:10C8C0009A883A4310D0B3F90220002A0CDBE76AB9
:10C8D000BA4209DAD4E90172BA4238BF083302F128
:10C8E000010238BF2361A2602369002218805980A9
:10C8F0009A80DA806661C4E906562562F8BD2DE9A2
:10C90000F047D0B06C4600EBC10127460D1A482D08
:10C9100000F1080340F3D5802D1100EBC502B0F9FA
:10C9200000901668B0F9028006605668B0F906C03B
:10C93000B0F904E0466020F83590A2F80280A2F831
:10C9400004E0A2F806C031F9065CB0F90AC06545FA
:10C95000A1F1080206DB19D1B0F9086031F9085CD1
:10C96000AE4213DD0E46B0F9089056F8085DB0F9F6
:10C970000C80B0F90EE01D6075685D6021F8089CC0
:10C9800021F806CC21F8048C21F802ECB0F9026001
:10C99000B0F90A50AE4206DB16D1B0F900C0B0F9CA
:10C9A0000850AC4510DA1D68B0F9008005605D687C
:10C9B000B0F904E0B0F906C0A0F8088045604681EF
:10C9C000A0F80CE0A0F80EC031F9065CB0F902C086
:10C9D000654506DB19D131F9086CB0F90050AE425B
:10C9E00013DA0E46B0F9009056F8085D0560B0F90C
:10C9F0000480B0F906E07568456021F8089C21F8CC
:10CA000006CC21F8048C21F802EC0833B0F902C0FE
:10CA1000B3F902E0E645F8DB05D1B3F90060B0F9FF
:10CA20000050AE42F1DB1546083AB2F90260B44557
:10CA3000F9DB05D1B0F90080B2F90060B045F2DB56
:10CA40009342A5F1080616D8D6F800C0B3F900A0A5
:10CA5000C3F800C0B3F90490B3F90680D6F804C057
:10CA6000C3F804C025F808AC25F806EC25F8049CAA
:10CA700025F8028CC9E7D6F800E0B0F900A0C0F8AC
:10CA800000E0B0F90490B0F90680D6F804E0C0F8F0
:10CA900004E025F808AC25F806CC25F8049C25F818
:10CAA000028CCD1A161AED10B5EBE60FB5BFC4E92E
:10CAB0000002C4E900310A4603460834184611460C
:10CAC00024E7994228D9A3F11002B2F912C0B2F9B1
:10CAD0000A50AC4506DB1DD1B2F91060B2F908501E
:10CAE000AE4217DA1546B2F9109055F8086F166184
:10CAF0006E68B2F91480B2F916E0A2F80890A84264
:10CB00005661A2F80AC0A2F80C80A2F80EE0A2F1C9
:10CB10000802DAD10833D4E7BC4203D954E9020150
:10CB2000083CF3E650B0BDE8F08710B5436ADA0779
:10CB3000044607D5D0E90712FFF78AFE436A23F0BF
:10CB400001034362636A9B0721D52369D9889A88C8
:10CB50000A4310D0B3F90220002A0CDBE16A8A42B2
:10CB600009DAD4E90112914288BF083302F10102C7
:10CB700088BF2361A260A16829B16368994202D885
:10CB8000E068FFF7BCFE636A23F002036362E068BB
:10CB900010BD0000024B1860024B1960704700BFC7
:10CBA0008C34012090340120024A00231360024A91
:10CBB000136070478C34012090340120014B1868B9
:10CBC000704700BF8C340120014B1868704700BFCC
:10CBD0009034012010B50368DB6A0C469847031BAC
:10CBE0005842584110BD0000014B1960704700BF0A
:10CBF000943401202DE9F04F9646054614460E4622
:10CC00001F46BEE80F0097B00DF11C0CACE80F00FA
:10CC1000DEF80030CCF8003004F1140EBEE80F004E
:10CC20000DF1300CACE80F00DEF80030CCF800302D
:10CC300004F1280EBEE80F000DF1440CACE80F0023
:10CC40009DF88C90BDF890A0BDF88880DEF800308B
:10CC5000CCF80030219A2B680192CDE9039A209AF2
:10CC60000092CDF80880D3F83CB007AA3B46314685
:10CC70002846D847A646BEE80F000DF11C0CACE8CC
:10CC80000F00DEF80030CCF8003004F1280EBEE8CA
:10CC90000F000DF1300CACE80F003C34DEF8003032
:10CCA000CCF800300FCC0DF1440CACE80F00236839
:10CCB000CCF800302B68CDE9039A219A0192209A92
:10CCC0000092CDF80880DC6B07AA3B463146284627
:10CCD000A04717B0BDE8F08F2DE9F04F8DB0884622
:10CCE0001699D3F800C00F68BDF8704092ED094A5C
:10CCF000D2ED0B4AD3ED076A1899DDF864A0B1F9BB
:10CD00000090BAF90010D3ED0A1A93ED0D2AA7EBA3
:10CD10000C07BC42A8BF3C4607EE904AB8EEE75A63
:10CD2000D2ED0D7A25EE044A65EE244A25EE275A07
:10CD3000F7EE007A87EEA67A09EB0C0E714571EEDC
:10CD4000A40A32EE051A36EE840A61EE871A22EE44
:10CD5000072A40F38D80A1EB0E0696FBF4F507EE53
:10CD6000105AB8EEC77A002D04FB1566A7EE040A28
:10CD7000E7EE240AA7EE051A13DD70EE446A70EEA2
:10CD8000E41AF5EE406AF1EE10FA18BF87EEA67AC3
:10CD900031EE452A08BFB0EE677A61EE871A22EEBF
:10CDA000072A05FB04F2BF1A9444BAF80420114480
:10CDB00009EB0C023A4409B28A42C4BFA1EB090252
:10CDC000A2EB0C07002F50DD97FBF4F104FB11726E
:10CDD0000AB901392246C7EE803A40680B90D0F874
:10CDE00000A0179808909DF86CB01898CDF824B062
:10CDF000B0F902B05B690B985B44F0EE426A60EEFA
:10CE0000A32A21EE233A72EEE17AFEEEC86AFEEE24
:10CE1000C87A079317EE907A73EE427AB0EE617A91
:10CE2000FEEEC87A16EE903A97FBF4F717EE90CA2A
:10CE3000BEEEC87A9CFBF4FC0CFB0633029317EEA3
:10CE4000103AB64404FB05E5CDE9037C07FB063741
:10CE5000CDE90585CDE900470029CCBFA146914623
:10CE6000A9EB0603DAF80840A0470DB0BDE8F08F43
:10CE700000252E4699E700002DE9F04FDBB01D4656
:10CE8000BDF898310A939DF89C310B93BDF8A03101
:10CE9000109303680F915F6C099014462946DDE9F1
:10CEA0000A23DDF894B1B847099B5860002800F0C8
:10CEB000A1832B6814936B681593C44B94ED027A8D
:10CEC0001978D5E90223F2EE047A0029B4EEE77A64
:10CED00016BF194611461346F1EE10FA1691CDE928
:10CEE000173240F2878394ED077AB4EEE77AF1EED9
:10CEF00010FA40F27F8394ED0C7AB4EEE77AF1EE0B
:10CF000010FA40F277832268B14B9A42C0F27283E2
:10CF1000B04963698A4200F36D8303F51C33AE4860
:10CF2000FF33834200F26683A36AAC4D03F51C33E2
:10CF3000FF33AB4200F25E83626802F51C33FF33BD
:10CF4000834200F25783A16901F51C33FF3383420A
:10CF500000F25083E36A03F51C30FF30A84200F270
:10CF600049838A4280F210819A4200F319819942E2
:10CF700080F21D8102250127A946B8464FF0000A1C
:10CF8000214649A804F074FA2246534649A9CDF82F
:10CF9000009019A804F09CFB2246534649A9CDF8FD
:10CFA000008029A804F094FB4346224649A9CDF805
:10CFB000009039A804F08CFBAF42B5BF00230123D9
:10CFC0000E930E930F9B93E8030012AFB9BF29ADE8
:10CFD00019AC19AD29AC87E8030028B9804B186853
:10CFE0000368DB6A98473860649BBBF80600B3F9B6
:10CFF00002300C930C9963692F9A0B44BBF9021011
:10D00000084400B283420D9080F2DD808B4208DA42
:10D01000002A06DDCB1A9A42C0F2E480002B00F30E
:10D02000E28067690C9B3B441F460D9BDF1B9742C8
:10D03000A8BF17460DF15008002F40F36681649B8E
:10D040002968B3F90020BBF90030206811449942E7
:10D050001ADDBBF804100B4402441BB29A4213DCE5
:10D06000099B109A1B6806920B9A05920A9A0095E2
:10D07000CDE903B2649A0998CDE9018212A9D3F8E7
:10D08000489049AA2346C847D4E900231A44636953
:10D0900094ED0A7AD4ED0B7AD4ED0E6AA16894ED82
:10D0A000086A226001336361A36937EE277A013B86
:10D0B000D4ED0D7AA361236984ED0A7A77EEA67A1E
:10D0C000D4ED076AC4ED0D7A0B44E168236176EE76
:10D0D000866A8B42C4ED076A15DB94ED096A76EE29
:10D0E000266A0132C4ED076AD4ED0C6A226036EE7E
:10D0F000877A5B1A84ED0A7A94ED0F7A236177EED2
:10D10000277AC4ED0D7AD5E900231A446B6995EDB1
:10D110000A7AD5ED0B7AD5ED0E6AA96895ED086A05
:10D120002A6001336B61AB6937EE277A013BD5ED9D
:10D130000D7AAB612B6985ED0A7A77EEA67AD5ED8B
:10D14000076AC5ED0D7A0B44E9682B6176EE866AB5
:10D150008B42C5ED076A15DB95ED096A76EE266A06
:10D160000132C5ED076AD5ED0C6A2A6036EE877A82
:10D170005B1A85ED0A7A95ED0F7A2B6177EE277AA7
:10D18000C5ED0D7A013F57E7994213DC9A4214DA54
:10D1900002250327A9464FF000084FF0010AEFE6E9
:10D1A00001250027A946B8464FF0020AE8E6012506
:10D1B0000227E1E600250127F4E7022703254FF0C7
:10D1C0000009B846E9E7134628E700BF7C34012090
:10D1D000018FFDFF00710200FFE10400FEE1040089
:10D1E0008434012013462B991191DDE9290ADDE9E8
:10D1F0002C812E9FDDED344A9DED337A9DED374A2B
:10D20000DDED367ADDED313ADDED306A9DED325AF5
:10D21000DDED355A9DED386A9E469C464FF000097B
:10D22000BCF1000F47D103EB070CD71AB9F1000F7F
:10D2300009D0CDE92EC729908DED337ACDED367A20
:10D24000CDED306A2D911B991191DDE9190ADDE9C7
:10D250001EC7DDE91C91DDED244ADDED236A9DED5D
:10D26000274A9DED267ADDED213ADDED207A9DED10
:10D27000225ADDED255A9DED286A4FF00008BEF1D7
:10D28000000F31D0119E31444945504476EEA46AD6
:10D2900037EE047A77EEA37A08DB77EE857A76EEBE
:10D2A000A56A37EE067A0130A1EB09010EF1FF3EC7
:10D2B0004FF00108E3E7119E31444145504437EEF9
:10D2C000247A77EE847A76EEA36A08DB76EE856AB6
:10D2D00037EE257A77EE867A0130A1EB08010CF162
:10D2E000FF3C4FF001099BE79C44FF1AB8F1000F87
:10D2F00009D0CDE91EC71990CDED236A8DED267AB0
:10D30000CDED207A1D91D21A8BE60E9B3F9A002B11
:10D3100000F0D18019AD39AC649BBBF80600B3F9BD
:10D3200002300C930C9963690B44BBF9021008445A
:10D3300000B283420D9080F2C1808B4208DA002A4D
:10D3400006DDCB1A9A42C0F2BB80002B00F3B980F5
:10D3500067690C9B3B441F460D9BDF1B9742A8BF90
:10D3600017460DF15008002F40F33C81649B29685B
:10D37000B3F90020BBF900302068114499421ADD4E
:10D38000BBF804100B4402441BB29A4213DC099B05
:10D39000109A1B6806920B9A05920A9A0095CDE99D
:10D3A00003B2649A0998CDE9018212A9D3F8489092
:10D3B00049AA2346C847D4E900231A44636994ED77
:10D3C0000A7AD4ED0B7AD4ED0E6AA16894ED086A5E
:10D3D000226001336361A36937EE277A013BD4ED04
:10D3E0000D7AA361236984ED0A7A77EEA67AD4EDEB
:10D3F000076AC4ED0D7A0B44E168236176EE866A14
:10D400008B42C4ED076A15DB94ED096A76EE266A55
:10D410000132C4ED076AD4ED0C6A226036EE877AD9
:10D420005B1A84ED0A7A94ED0F7A236177EE277AFE
:10D43000C4ED0D7AD5E900231A446B6995ED0A7A9B
:10D44000D5ED0B7AD5ED0E6AA96895ED086A2A60CC
:10D4500001336B61AB6937EE277A013BD5ED0D7A6D
:10D46000AB612B6985ED0A7A77EEA67AD5ED076A6E
:10D47000C5ED0D7A0B44E9682B6176EE866A8B4226
:10D48000C5ED076A15DB95ED096A76EE266A01326D
:10D49000C5ED076AD5ED0C6A2A6036EE877A5B1A0D
:10D4A00085ED0A7A95ED0F7A2B6177EE277AC5ED37
:10D4B0000D7A013F57E739AD19AC2DE7134644E724
:10D4C0001346DDE9390A3B9EDDF8F8C09DED437A4D
:10D4D000DDED444ADDED467A9DED474ADDED406ADB
:10D4E000DDED413A3D99DDF8F0809DED425ADDEDEC
:10D4F000455A9DED486A0E969E461F464FF000091C
:10D50000002F46D19C44D71AB9F1000F09D0CDE9BC
:10D510003EC739903D91CDED406A8DED437ACDED1A
:10D52000467A1B990E91DDE9190ADDE91EC7DDE98E
:10D530001C91DDED244ADDED236A9DED274A9DED2A
:10D54000267ADDED213ADDED207A9DED225ADDEDE2
:10D55000255A9DED286A4FF00008BEF1000F30D02B
:10D560000E9E31444945504476EEA46A37EE047A63
:10D5700077EEA37A08DB77EE857A76EEA56A37EE4A
:10D58000067A0130A1EB09010EF1FF3E4FF00108D0
:10D59000E3E70E9E31444145504437EE247A77EE5E
:10D5A000847A76EEA36A08DB76EE856A37EE257A12
:10D5B00077EE867A0130A1EB0801013F4FF00109B7
:10D5C0009EE79C44FF1AB8F1000F09D0CDE91EC7B1
:10D5D0001990CDED236A8DED267ACDED207A1D913F
:10D5E000D21AB5E60F9B1B6823B9044B1868036871
:10D5F0001B6B98475BB0BDE8F08F00BF84340120FF
:10D6000070B504469DF81C600598616000259DF882
:10D6100010106382BDF91830258021726672E060B7
:10D620002282A382E58225836583A583E583258401
:10D6300084F822502EB303685B699847064600B30E
:10D64000E06803683146DB6898470546C8B1437B0C
:10D65000827A5B0003F4807313432384637A062B7E
:10D660000FD1E06803682A465B6C314698476B7BB4
:10D670005B0003F48072AB7A13431844238C184484
:10D680002084204670BD2DE9F04F002485B08146EE
:10D69000884692469B4627462546264654452ADA22
:10D6A000002303934FF6FF639D4204D042F20B0325
:10D6B0009D4218BF2F4603AB42465946484603F0E9
:10D6C000EDFC0546B8B10A2815D0039A8AB1507B03
:10D6D000937A9588400000F4807003430193D8F852
:10D6E000003039465B6C40469847019B184406441D
:10D6F000B6B20134D2E7304605B0BDE8F08F022A59
:10D7000030B511D0032A1CD0012A0CD18B88018896
:10D71000B0F90420448804805B1A9B1AB0F9061003
:10D7200043808180C28030BDCB8842889B1AC288EA
:10D730009B1A8A8801884380521A8188521A028073
:10D74000F1E7CB884188B0F90620B0F90050B0F974
:10D75000044045805B1A9B1A03808280C480E2E704
:10D760002DE9F04F9FB00F921293299A299B2A9D81
:10D7700012889B880E901344286817911BB211934E
:10D7800003689DF8ACB05B6D9DF8B84098472B6876
:10D7900013901A7BDB7A15921693BDF9A060002CCA
:10D7A00067D02B7C2D9A062B14BF01230223134430
:10D7B0004FF000091093CDF834904C46CDF83090DE
:10D7C0000D9B109A934280F28B800023CDE91C338D
:10D7D0008DF86F304FF6FF639C4206D00C9B42F2EF
:10D7E0000B02944218BF23460C930D9B2D992A6877
:10D7F0008B4240DB136810465B69984704462868F3
:10D8000003681DAA9F6821460DF16F03B8471C905D
:10D810004FF6FF639C4200F0EA8042F20B039C4209
:10D8200000F0E580002C00F00C810A2C5ED01C9AE0
:10D830006AB39488BBF1000F3AD092F80D904FEA8A
:10D84000490909F4807392F80A90BBF1010F49EA83
:10D85000030933D10C9BA6EB0906002B4DD1159A79
:10D8600009EB06031344299AB2F9002093424EDAD9
:10D8700036E02D9B9CE70DF16F0301931DAB0093E8
:10D8800059461CAB2C9803F052FC0446C0E72868AC
:10D8900003681B6998474FF6FF63984200F0A78022
:10D8A00042F20B03984200F0A280BBF1000F00D1BE
:10D8B0004E441C9A002AC0D1914698E00C9B002B44
:10D8C00000F0C180BBF1000F17D128680C990368E4
:10D8D0005B6C98470644169B119AF31A934216DD27
:10D8E000002C00F0AE800A2C40F09C800A24B4FA90
:10D8F00084F040091FB0BDE8F08F28680C990368D8
:10D900005B6C9847BBF1010FA6EB0006A7D01C98F3
:10D91000299B90F90910B3F90080437B5B0103F464
:10D9200080728379314413430B4443455FDB119B81
:10D9300099425CDA28680368B045C8BFA8EB0608BE
:10D940001B6BCCBF1FFA88F84FF0000898471C9A51
:10D95000537BD90001F48077117A39435F06129F17
:10D9600044BFA1F5007109B2C7197F1A2999BFB246
:10D97000B1F902100FFA87FA51453CDD1B01D0794D
:10D9800003F4807303439A44514530DCCF1B3FB20C
:10D990008A461992139A1D9B2868002A2DD1189344
:10D9A0000E9B1968CB6C01681493096C8847A979A0
:10D9B0000B91A97B0A919DF86F100991A968189B9A
:10D9C0000693BFB2CDE90287299B0493B044CDE909
:10D9D00007010FFA88F30093199A0F9B0592CDF86F
:10D9E00004A01A6817995B680E98149FB8470D9B9E
:10D9F00001330D93E4E60027CBE70E9AD2F808C076
:10DA0000129ADCF80010CDE90462AA790392AA7B8D
:10DA10000292AA68CDE90002299A8F680F996046A0
:10DA2000B847E4E70D9D2D9B01359D42BFF65FAFE2
:10DA300059462C98F5F7B6FC044610B10A28F2D1E5
:10DA400054E7002453E7BBF1000F3FF444AF5EE717
:10DA500030B5C48A458B43832C44E41AC482838B3B
:10DA6000048B22440C44591AC2830483818330BD41
:10DA70002DE9F04F0446478AC068036885B09B6B68
:10DA80009847B4F91460637A06EB4006B74203F195
:10DA9000FF33ACBF4FF000094FF00109052B04D84C
:10DAA000DFE803F054080E474C4C0025A9462E46EB
:10DAB0002F460DE0B742B4BF002601260025F7E748
:10DAC000B7424D464FF00009B4BF002601264F462D
:10DAD0004FF00008A4F81680A4F81880CDF8048050
:10DAE000002303932388202B34D042F20B015A1ACF
:10DAF000D2F1000A4AEB020A4FF6FF62934209D0C4
:10DB00008B42019A18BF1A4601920CBF4FF0010ACE
:10DB10004FF0000A03ABE268217A606803F0BEFAB6
:10DB20002080D8B9A28B002311462046FFF790FF32
:10DB30006EE00025A9462E460127C9E7B7424FF0FF
:10DB40000005B4BF002701272E46C1E70025A946DE
:10DB50000126ADE701934FF0010ADBE7638B0A284A
:10DB600003F101036383DDD0039A62BB4FF6FF63C9
:10DB7000984203D042F20B039842B1D12388A18B83
:10DB8000202B03D042F20B00834231D1BAF1000FB7
:10DB90000ABF8846504601200A44238BB4F810C0BF
:10DBA00092B2A2831344B9F1000F02D1002D42D0EA
:10DBB00000B3218C19448C4537DAE18A002934D02E
:10DBC00063458DDD1DE09388238092F80DB00199A7
:10DBD0004FEA4B0B0BF4807092F80AB04BEA000B43
:10DBE000E06803685B6C98470BEB000292B2C5E7F4
:10DBF0000020D1E763457FF773AFE38A002B3FF442
:10DC00006FAF012384F82230228CE38B1344E3832B
:10DC1000E06803689B6B9847B4F914301844638A32
:10DC2000181A608205B0BDE8F08F00231146204627
:10DC3000FFF70EFF54E7634514DD17B101230A46D1
:10DC400072E7002E3FF44CAF00287FF449AFBAF1E1
:10DC5000000F02D00123424667E7E38A002B3FF41E
:10DC60003FAFD5E700287FF43BAFBAF1000F3FF498
:10DC700037AF01234246DAE72DE9F04FE3B01C4607
:10DC80006C9B83468846002B00F012812368002B92
:10DC900000F00E81A37B002B00F00A811068516810
:10DCA000B8F90420ADF834200AAD2B4603C3002197
:10DCB000B8F906300C91A279ADF836300CA9284697
:10DCC000FFF71DFD0CA90846A279FFF718FD17A85C
:10DCD00002F076FE20680368DB6C984706462068F1
:10DCE00003681B6D984733466D9A6C99009017A88E
:10DCF00002F0B9FE206894F804A003689B6B984773
:10DD0000B4F90C6023680746064430A893F80990DC
:10DD100002F056FE237C7BB120680368DB6C9847D9
:10DD2000099020680268126D9047099B00906D9AD7
:10DD30006C9930A802F097FEBDF83410E27BBDF874
:10DD400036308A1A217C0391B4F90C1002912168B3
:10DD500001916179009192B230A90EA8FFF750FCB1
:10DD6000002E5BDC17AF4FF00009237C002B00F086
:10DD7000B1800EA8FFF77CFEBAF1000F00F0A5807D
:10DD8000237C09936422394649A815F010F9099BB0
:10DD9000002B00F0A780BDF956302279012A40F00F
:10DDA0008A80BDF93400C01A022390FBF3F000B260
:10DDB000237C002B00F08B80BDF84E209DF85A107C
:10DDC000BDF93230CDE90521BDF83020104400B254
:10DDD0000090CDE90397CDE9015442460021584611
:10DDE000FFF7BEFC002863D1BDF83230BDF8361015
:10DDF000B2B213448A1AADF836209DF85A201BB2ED
:10DE0000ADF83230002A53D122686988127A9B1A01
:10DE1000EA880A4412B29342A7DD49E0237C4F44CA
:10DE2000C3B14FF6FF79BDF93230B5F902203B445A
:10DE3000934297DA0EA8FFF71BFEBDF84E30013B68
:10DE40009BB24B45099321D0617917A8F5F7AAFA3F
:10DE5000099BF4E71FFA86F9BDF93230B5F90220C3
:10DE60003B449342BFF67EAF17A803F0E5F9F8B143
:10DE70000A28F1D1BDF832304B44ADF83230BDF84C
:10DE80003630A3EB0903ADF83630E5E7BDF83220B4
:10DE9000B3B21A44ADF83220BDF83620D31AADF82B
:10DEA0003630BDF838301BB19DF85A30002BBAD04F
:10DEB00063B0BDE8F08F022A05D1E27BBDF83400E3
:10DEC000801AC01A73E7002072E7E07B70E747F61C
:10DED000FF7273E7BAF1000FF7D06422394649A800
:10DEE00015F065F8002347F6FF72216849A8FFF78F
:10DEF000CAFB03B251E7032B18D8DFE803F0020690
:10DF00000D13B0F90020501870470388808818441A
:10DF100000B2801A0138704703888088184400B224
:10DF2000401AF7E7B0F9000010447047002070472E
:10DF3000032B17D8DFE803F002060910B0F902102E
:10DF400050187047B0F90220FAE74388C088184497
:10DF500000B2801A013870474388C088184400B264
:10DF6000401AF7E700207047014B00221A60704703
:10DF7000943401200346C8B1020C1204A2B9030470
:10DF8000102013F07F4F04BF1B02083013F0704FB6
:10DF900004BF1B01043013F0404F04BF9B0002304C
:10DFA000002B04DB013070470020EAE72020704797
:10DFB0002DE9F04F87B00D4616469846DDE910472B
:10DFC000014620B11AB11F2D01D81F2B04D9002002
:10DFD000386007B0BDE8F08F7DB943B10246CDE9A6
:10DFE00000472B4641463046FFF7E2FFF1E74FF08E
:10DFF000FF333B606FF00040EBE732FA05FA06D1E1
:10E000004643B6FBF4F004FB10663E60E1E70122F4
:10E01000AA40013A164000FA05FB3046BBFBF4F972
:10E020000AFB09F30393FFF7A5FF2B460A46CDE948
:10E03000004701463046FFF7BBFF04FB19B906460F
:10E04000484605EB0801FFF795FF05ABCDE9004316
:10E050004A4603465046FFF7ABFF3968059A039BD3
:10E060001144B1FBF4F2D3181E4404FB12143044E3
:10E070003C60AEE72DE9F04385B0B0F100090C9C9F
:10E080001D46BFBF23685B42C9F100092360B4BFCE
:10E090004FF0FF360126002A174604DA23685B4258
:10E0A000574276422360002D3846BABF6D424FF08A
:10E0B000FF384FF00108FFF75DFF03ABCDE90053D8
:10E0C0003A4603464846FFF773FF2368039A4645DE
:10E0D0001A4492FBF5F3184418BF404205FB132382
:10E0E000721C236005D1002BC3F100020BDB226000
:10E0F00006E0012E04D1002B02DA2B440138236004
:10E1000005B0BDE8F0830138521BF0E72DE9FF416F
:10E110001C4C0768A36905462BB94068C5E9007027
:10E1200004B0BDE8F081A268206804AE4FF0020898
:10E1300093FBF8F10A4446F8042DE16900963A464B
:10E14000FFF798FFA3696A68216A0096074660682E
:10E15000FFF790FF6269A36993FBF8F842440392CA
:10E16000616A2A6800960744E068FFF783FF00961B
:10E170008046A3696A68A16A2069FFF77BFF404473
:10E18000CCE700BF98340120074B1B78012B09D145
:10E19000B1F90030B0F900200380044B1B88013B2B
:10E1A0009B1A0B80704700BF7C340120783401201B
:10E1B00010B5074B1B78012B08D1064B0C881B8828
:10E1C000B0F90020013B1B1B03800A8010BD00BF7B
:10E1D0007C3401207834012010B50A4B1B78012BC8
:10E1E0000ED1B0F906104388B0F900404480CA1837
:10E1F000054B1B889B1A0380B0F90430C3808180D3
:10E2000010BD00BF7C34012078340120084B1B78FE
:10E21000012B0CD10388B0F90410428802805A18EF
:10E22000044B1B889B1A4380C3888380C18070473E
:10E230007C3401207834012010B5074B1B78012B6A
:10E2400008D1B1F90030B0F9004003809388013B58
:10E250001B1B0B8010BD00BF7C34012010B50A4B86
:10E260001B78012B0A460DD1818803880B44014697
:10E27000013B21F8023BFFF7DFFFB0F90430C28811
:10E280008280C38010BD00BF7C340120064BB3F9EF
:10E290000020064BA0F83421B3F90030A0F8363145
:10E2A0000021C0F830117047783401207A34012001
:10E2B000034B186810B103689B691847704700BF8B
:10E2C000C83401207047000007B5094BB3F900209E
:10E2D000084BADF80420B3F90030ADF80630036800
:10E2E000002100919B6C6946984703B05DF804FBE0
:10E2F000783401207A340120094BB3F90020094B0E
:10E3000082B0B3F90030ADF804200021ADF806303A
:10E310000091036802AA12E906001B6C02B01847BC
:10E32000783401207A340120034B186810B1036857
:10E33000DB691847704700BFC8340120034B1868D9
:10E3400010B103681B6A1847704700BFC83401202A
:10E350000023A0F8EC307047034B186810B1036835
:10E360009B6A1847704700BFC8340120704710B53A
:10E370004FF49E71044612F0E1FB204610BD10B52B
:10E38000B1F900408A88B0F90030224412B29342B9
:10E3900015DA828813441BB29C4210DAB1F90230BC
:10E3A000C988B0F90220194409B28A4207DAC08844
:10E3B000104400B28342ACBF0020012010BD0020F9
:10E3C000FCE7B0F90030002B10B504DA8488234450
:10E3D000838000230380B0F90040B0F90430091BAA
:10E3E0008B42B0F90230C8BF8180002B04DAC188AB
:10E3F0000B44C38000234380B0F90210B0F906300B
:10E40000521A9342C8BFC28010BD000010B5104B15
:10E41000B3F900200F4B0C462046B3F90010FFF76C
:10E42000D0FF0D4B186890B1036821469B68984750
:10E430000A4B186818B1036821469B689847084B37
:10E44000186803682146DB69BDE81040184710BD15
:10E450007A34012078340120C8340120C4340120EA
:10E4600084340120F8B5064608460F46FAF771F9DC
:10E47000E8B9B7F90050B6F90040A54217DBB7F983
:10E480000220B6F902309A4211DBB9880D44B188F6
:10E490000C442DB224B2A54209DCF8881044F2885D
:10E4A000134400B21BB29842CCBF00200120F8BD3B
:10E4B000F8B5044608460D46FAF74BF978B92046F8
:10E4C000FAF747F9B5F9006050B12680B5F9023086
:10E4D0006380B5F90430A380B5F90630E380F8BD58
:10E4E000B4F90010B5F90220B4F90230B5F804C04F
:10E4F000ED88B1420F46A8BF37469342184666449E
:10E50000A8BF1046B4F804C027802A44E58860807C
:10E5100061442B4436B209B212B21BB28E42ACBF78
:10E52000C7EB0601C7EB01019A42ACBFC0EB020288
:10E53000C0EB0302A180E280D1E70000014B186824
:10E54000704700BFD834012010B50023A0F8A430D4
:10E55000B0F88030A0F8A6300446B4F8A430B4F87F
:10E56000A6209A420ED9E21892F8842022B154F8DB
:10E57000230003681B6D9847B4F8A4300133A4F856
:10E58000A430EAE710BD0023A0F8803000F1840237
:10E59000A43002F8013B8242FBD1704770B50B4CAE
:10E5A000054620680E4610B103685B699847281D30
:10E5B000FFF7E9FF266033683046DB6898472B6831
:10E5C00028465B6CBDE87040184700BFC834012086
:10E5D0000023B0F880C0B0F8A410F0B51A461C466D
:10E5E0001D469C451ADDC61896F884606EB19A42A5
:10E5F00008D01FFA82FE50F8237040F82E7087185A
:10E6000087F8846001320133EBE7B0F8A6609942E5
:10E61000A8BF01359E42C8BF0134F4E7B0F8A63068
:10E62000491B1B1BA0F8A410A0F8A630B0F880303E
:10E63000934203DD013BA0F88030F7E7F0BD000016
:10E6400070B5164D0446286840B1037A33B984F892
:10E65000383103689B68BDE87040184794F838313A
:10E660000F4E73B968B1037A5BB1306810B10368BB
:10E670001B69984728680368DB689847012384F87A
:10E68000383104342046FFF75FFF2046FFF7A0FF34
:10E69000306810B103685B6ADDE770BDCC340120DF
:10E6A000C8340120034600F1400100221A805A803C
:10E6B0009A80DA8008338B42F8D1A0F84020704766
:10E6C000F8B506461C4B46F8043B04460025A82234
:10E6D0000021304614F09BFBA4F8845004F1AC00F8
:10E6E000FFF7E0FF04F1EE00FFF7DCFFA4F8305184
:10E6F000A4F83251A4F83451A4F8365184F83851B2
:10E700000E490F480F4F11F085FB0F4B58B11D807C
:10E710000E4A002313600E4A3B6030461360FFF739
:10E7200032FF2046F8BD4FF4806202201A80386024
:10E7300001F0CCFFECE700BF884F0208CDB5E8B58B
:10E74000C2A507F4C834012084000020D834012079
:10E75000CC340120B0F84030013B9BB28B4210B565
:10E76000A0F8403008D900EBC30300EBC1041A68DD
:10E7700040F831205A68626010BD00002DE9F04F6A
:10E78000924B8FB00AAC84E80600B3F90020904B9E
:10E790008346B3F900102046FFF713FE2046F9F731
:10E7A000D8FF002870D18B4B1B6893F84830022BA0
:10E7B0006AD00394BBF8EC400BF1AC030BEBC4053F
:10E7C000A43501935CB129460398FFF74BFE013C49
:10E7D00018B1A1B20198FFF7BDFF083DF2E7BBF801
:10E7E000ECA0CDF810A00AF1FF3302934FEACA0360
:10E7F00003F1A40406935C4400252646CDF814A03A
:10E800002F46059B002B73D003993046FFF7B7FDC9
:10E8100050B3BDF928E0B6F900C0BDF92A80B6F9B9
:10E820000290E64533DBBDF82C20B3887244634484
:10E8300012B21BB29A422ADCF388BDF82E101FFADE
:10E8400089F213449BB2C8451FFA88FC0FFA83FE75
:10E850000FDBA3EB0C03C91A09B20029ADF82E1087
:10E8600012DDADF82AE00546059B013B0593083E05
:10E87000C7E7614409B2714538DCA2EB0C0212B261
:10E88000ADF82E20002AEEDC0FB0BDE8F08FC845B1
:10E890002CDBF3889944BDF82E3098440FFA89F99F
:10E8A0000FFA88F8C14521DBB388BDF82C101FFA98
:10E8B0008CF213449BB2E6451FFA8EF80FFA83F9E7
:10E8C0000ADBA3EB0803C91A09B20029ADF82C1022
:10E8D000DADDADF82890C6E7414409B2494505DCC8
:10E8E000A2EB080212B2ADF82C20CBE70746BBE73B
:10E8F000002D81D1002F00F0DF81BDF92860BDF926
:10E900002A70BDF82EA0B3B20593059ABDF82C303D
:10E910001344BAB292449BB21FFA8AFA0FFA83F8F0
:10E920000FFA8AF9CDE90723049B002B54D00399F1
:10E930002046FFF724FDDDE90723C0B1B4F900E06C
:10E94000B4F90210764522DCB4F804C0F4440FFA9E
:10E950008CFCE0451BDB8F421FFA81FCE1880DDC5B
:10E96000AAEB0C0CA1EB0C01A4F80290E180284664
:10E97000049901390491083C0546D3E7614409B282
:10E980004945F5DCA2EB0C0CA4F806C0EFE78F427A
:10E99000EEDCB4F806C0614409B28945E8DB76458F
:10E9A0001FFA8EFCA18807DCA3EB0C0CA1EB0C0179
:10E9B000A4F80080A180DAE7614409B28845D7DB7A
:10E9C0000599A1EB0C0CA4F804C0D0E77A3401201F
:10E9D0007834012084340120002D00F06D81069BE5
:10E9E0005B441C46029B013300F0668104F1A405E0
:10E9F00029460398FFF736FD20B1BDF808100198AD
:10EA0000FFF7A8FE03992846FFF7B9FC002800F09D
:10EA10009C80B4F9A490B4F9A830BDF928000993FA
:10EA20001FFA89F101EB030C1FFA8CFABDF82CC018
:10EA3000BDF92AE0B4F9A62083B203EB0C05ADB210
:10EA40000595BDF9145004954845BBF8EC5040F3CA
:10EA500099805B1A9BB296450FFA8AF01EB22EDDA2
:10EA6000029FBDF82E400BEBC708049F3F1AB8F871
:10EA7000B2001FFA8EFE92B2AEEB0201A64402442F
:10EA800089B20FFA8EFE12B20DB2AEEB02026F43E4
:10EA90007243974209DBB8F8AC20A8F8B250ADF841
:10EAA00028209C44ADF82CC084E62144B8F8AE3050
:10EAB000A8F8B060ADF82E10ADF82A307AE6049FC1
:10EAC000B84227DA0299BDF82E500BEBC10405EBD2
:10EAD0000E011FFA81F8B4F8B2101144A1EB08013D
:10EAE00089B20FFA88F9A2EB0E020FFA81F83F1AE9
:10EAF000724308FB07F7BA4206DCA4F8AE90A4F80C
:10EB0000B280B4F8AC20CAE7A4F8B0602944ADF8EC
:10EB10002E104FE60598AAEB000080B2062D0FFAE2
:10EB200080FE17D8049BA4F8A4306B1CB4F9AA107B
:10EB3000A4F8A8E0ABF8EC30019B019803EBC50307
:10EB400020F835905A809E80D980029B013B029329
:10EB5000083C47E7029AB6454FEAC2020DDB9C44E7
:10EB60001FFA8CFC5A44ADF82CC08C44ADF82890A8
:10EB7000A2F8ACC0A2F8B0E01CE65A448444A2F863
:10EB8000B0608FE7BDF82E601FFA8EF101EB06082A
:10EB900093B21FFA88F806930FFA88F30793069F3B
:10EBA000B4F8AA303B449BB29645089324DA059901
:10EBB000A3EB0803AAEB0104A4B29BB225B219B2DD
:10EBC000A2EB0E02A9EB00006A4348438242029A7C
:10EBD0004FEAC2025A4406DC079BA2F8B210A2F820
:10EBE000AE30A4445EE70499A2F8B050A2F8AC108D
:10EBF0003344ADF82E30DDE5069F049BC91B0FFAA8
:10EC00008AF789B29F420FFA81FE23DD059ABDF98A
:10EC10002030079DAAEB020292B2A5EB030A14B2C0
:10EC2000A9EB0000029B0EFB00F004FB0AFADB00DC
:10EC300050455B4403DBA3F8B2E0944432E7049A06
:10EC4000A3F8AC20A3F8B040B3F8AE30ADF82A304A
:10EC500031445CE7089BA3EB08039BB2062D18B276
:10EC600013D8079BA4F8A6306B1CA4F8AA00ABF835
:10EC7000EC30019B019903EBC50321F835905A80D4
:10EC8000099A9A80A3F806E05FE7029C70454FEA74
:10EC9000C4040DDB3144069BADF82A2089B25C44E4
:10ECA000ADF82E101944A4F8AE10A4F8B20081E516
:10ECB0005C44A4F8B2E09BE7BBF8EC40651EADB243
:10ECC0000BEBC4044FF6FF76B54244D0BDF92A20C1
:10ECD000B4F9A600BDF92810B4F9A47082421FD17E
:10ECE000BDF92EC0B4F9AA309C4519D1B4F8A830AA
:10ECF000BDF82C20D81900B2884209D1ADF828708F
:10ED00001344ADF82C3029460198FFF723FD03E0AA
:10ED1000114409B2B942F3D0013DADB2083CD3E78A
:10ED2000B942F9D1BDF92C10B4F9A8309942F3D108
:10ED3000B4F8AA30BDF82E101F183FB2BA4205D160
:10ED4000ADF82A000B44ADF82E30DCE70A4412B2CD
:10ED50009042E1D1F6E7BBF8EC60072E4FEAC6041B
:10ED600012D8751CABF8EC50019DBDF92800BDF917
:10ED70002A10BDF92C20BDF92E3025F836002C4480
:10ED80006180A280E3807FE50BF1AC03013E5C442F
:10ED90006FF0004A4FF0FF3700250593B4F9A83013
:10EDA0000293721EB4F9AA300493914604F1A403AD
:10EDB000B9F1FF3F14BF0599DDF80CE01868079220
:10EDC00018BF01EBC90E0DF1300CBEF80610BEF8ED
:10EDD0000480069318FB01F85968ACE803007146FB
:10EDE0000CA8FFF765FBBDF83610BDF83400049B96
:10EDF000029A10FB01F002FB0388A0EB08014FF020
:10EE0000080C90FBFCF0884220DC5145DDE906321D
:10EE100003DAD9B18A464F46354609F1FF3919F16F
:10EE2000020FC5D116460132A4F10804B6D1019BE8
:10EE3000ACB2ED0058197B1C0BD101460398FFF7CB
:10EE400037FB21460198FFF785FCB3E44F46354672
:10EE5000EDE7019BFF00D919FFF72AFB039B03CBCA
:10EE60005F445D44C7F8AC00C7F8B01055F8AC0F6C
:10EE7000039B696803C3E4E72DE9F04F00F598763A
:10EE8000A1B004463046F9F764FC054648B923684A
:10EE900096E806001B6C20469847C4F83051C4F829
:10EEA0003451B4F8EC30002B49D1B14B1B6893F8C6
:10EEB0004870BB1E5F425F41AE4B1B68002B40D0C9
:10EEC000AD4D2846F9F745FC0646002839D12846BD
:10EED000FFF782F9236829681B6C6A682046984707
:10EEE0002E806E80AE80EE800FAFA44E3846FFF7C6
:10EEF000D9FB3588B4F8ECC02B4604F1AC0063456F
:10EF000024D2BDF87C10072916D800EBC30230F9D3
:10EF10003390B2F902A0B2F90480B2F906E04A1CBB
:10EF2000ADF87C2007EBC10227F83190A2F802A0CF
:10EF3000A2F80480A2F806E001339BB2DFE70127C4
:10EF4000BAE7002FD0D121B0BDE8F08FB4F82E3150
:10EF5000AB420CD904EBC5032268D3F8EE10176C52
:10EF6000D3F8F22020460135B847ADB2EEE7804D28
:10EF7000286890F84830012B40F03B81804A338864
:10EF80001278B4F8EC00012A14D004EBC302AE32BC
:10EF90004FF00009834202F1080280F2828032F8C9
:10EFA000041C32F8087C394409B28945B8BF894647
:10EFB0000133EFE7734F3A889346834208DA04EB54
:10EFC000C3010133B1F9AC108B45A8BF8B46F4E700
:10EFD00000230F2ADFF8B091ADF82C208CBF4FEA48
:10EFE000D2084FF00108ADF82E30ADF83030ADF852
:10EFF0003230BDF92C3028685B4540F3C780036888
:10F00000B7F800A0D3F8A8309847BDF92CC02B68FA
:10F01000AAEB000080B2ACEB080E704593F87C10B0
:10F0200093F86A2005DD584503DD01B992B35846CF
:10F0300006E00029FBD1002AF9D15845B8BF58464F
:10F04000B9F90030ADF82C000022ACEB0000B6F8A6
:10F0500000A0ADF82E20ADF83000ADF83230B4F895
:10F06000EC305345C5DD04EBCA020DAB52F8AC0FD2
:10F07000516803C30DA80BA9F9F728FB0DA8F9F7F0
:10F0800068FB20B923680DA99B6C204698470AF1BC
:10F09000010AE4E71A680121D2F8A4201846904733
:10F0A000A7E7394BDFF8DC801F880023CDE90B335D
:10F0B0000F2F8CBFFF080127BDF83230BDF82E207E
:10F0C000286813441BB24B4560DA0368D3F8A830B4
:10F0D0009847BDF82EE0BDF832302A6873441BB261
:10F0E00003EB070E704592F87CC092F86A100DDAB7
:10F0F00048450BDABCF1000F38D1002936D113682E
:10F100000121D3F8A43010469847D5E7BCF1000F91
:10F110002CD159BB4845A8BF4846B8F90020B6F8DD
:10F1200000A0ADF82E300021C01AADF82C10ADF8BB
:10F130003020ADF83200B4F8EC305345BCDD04EBC0
:10F14000CA020DAB52F8AC0F516803C30DA80BA94E
:10F15000F9F7BCFA0DA8F9F7FCFA20B923680DA954
:10F160009B6C204698470AF1010AE4E74846D4E739
:10F1700084340120C4340120D034012084000020D4
:10F180007C340120783401207A3401202868036817
:10F190005B6A9847A54B1B78002B3FF4D4AE002345
:10F1A000A4F82E31A24BBDF87C601B880FA804F197
:10F1B000EE05B342BFF4C7AEB4F82E11072915D837
:10F1C00000EBC30230F93380B2F902E0B2F904C0B7
:10F1D000B2F906704A1CA4F82E2105EBC10225F8ED
:10F1E0003180A2F802E0A2F804C0D78001339BB2BC
:10F1F000DFE7022B40F0D180B0F880300893B0F800
:10F200007E300793036890F87DB0D3F8A830984714
:10F21000884B1B880293884B1E88884B1B780BF108
:10F22000FF37012B1CBF029B0296BFB20FFA87F873
:10F2300082464FF0000018BF1E46F1F7EBFE96FB2A
:10F24000FBFB0BFB08F8C2450CDA286803680A21AF
:10F25000D3F89C30984728680368D3F8A8309847BB
:10F260008246F0E70020F1F7FFFE1FFA8BF317FB51
:10F2700003F70493BBB205934FF000087309704F76
:10F2800006934546B54285D038680368D3F8A83060
:10F2900098478245814607D9B8F1000F07D03868F2
:10F2A0000368D3F8B83074E7B8F1000F03D04D45C8
:10F2B000F5D34FF00108049A95FBFBF30393013358
:10F2C00013FB02F399B2B8F1000F4ED009EB0B0318
:10F2D000B342A8BF334607989BB28B4294BFC5EB9D
:10F2E0000302C5EB01028242A8BF024608981FFA3A
:10F2F00082FA824505D215FA82F0864201D09942FF
:10F3000040D201200992F1F785FE3868BDF90C1052
:10F310000368D3F898309847484B099A1B78BDF991
:10F320000810012B12B24FF0000022D1731BA3EB87
:10F330000A03ADF83430ADF83600ADF83820ADF83A
:10F340003A1023680DA99B6C204698473868039BA8
:10F350005942036809B2D3F89830984755440120C0
:10F36000ADB2F1F781FECA468CE7059BA9EB03031A
:10F37000B1E7ADF83400ADF83650ADF83810ADF85F
:10F380003A20DEE7386803689B6A98473868069930
:10F390000368D3F89C309847E5E7032B40F03081B1
:10F3A000264BB0F982901B78012B04F1AC0A00F0D7
:10F3B00093803288B4F8EC10013292B200293FF405
:10F3C000E9AEB4F8B250B4F8AE301D442DB2944654
:10F3D0004FF000081FFA8CF399424FEAC80740F239
:10F3E000BA80274404EBCC0EB7F9AE30BEF9AE00BC
:10F3F000834240F39C80BEF8B25005442DB29D423A
:10F40000A8BF1D46E0460CF1010CE3E70AD1B7F9AD
:10F41000B200BEF9B2106245B8BF62468842B8BFBA
:10F42000984682E08A42B8BF0A467EE082340120D4
:10F43000840000207A340120783401207C340120BB
:10F4400084340120E1190DAB51F8AC0F496803C3B6
:10F45000BDF93830BDF834104B45B8BFBDF9342084
:10F46000ADF834200B449B1A0DA8ADF83830FEF7E8
:10F47000CDFE0DA8F9F76DF970BBBDF93AC028684B
:10F48000BDF83830D0F800E0BDF83620BDF83410B3
:10F49000CC45D4BF1FFA8CFC1FFA89FCCDF800C004
:10F4A000DEF894B0D8478346ADF83A000DA8FEF7D1
:10F4B00093FE2368274420469B6C0DA99847B7F814
:10F4C000B000A0EB0B0000B2A7F8B00020B91FFA03
:10F4D00088F15046FFF73EF9B4F8ECB0BBF1000FED
:10F4E0003FF458AE3388B4F9AC2001339BB24FF0EF
:10F4F000000899B28B454FEAC807A3D9274404EB0B
:10F50000C30EB7F8B010B7F8AC00BEF9ACC00844F1
:10F51000BEF8B010614400B209B28842BFF676AFBF
:10F52000844562469846B8BF02460133E1E70ED1F2
:10F53000BEF9B000BEF8B2E0B7F9B07073441BB2C8
:10F540009D42A8BF1D468742B8BFE0465BE78542A3
:10F55000A8BF054657E70AEB07002744CDE902217B
:10F56000B7F9B2B0CB45BEBFB7F8AE505D442DB2CF
:10F57000F9F7EFF8DDE9022100287FF41FAFB7F9B2
:10F58000AE20ADF83A002B48B7F9AC10B7F9B0305F
:10F590000068ADF83410AD1A4D45ADF83620ADF821
:10F5A0003830A8BF4D46D0F800C0ADB21FFA8BFB73
:10F5B0005D4594BF0095CDF800B092B2DCF8945050
:10F5C0009BB289B2A8472368ADF83A009B6C0DA99D
:10F5D00020469847BDF83A10B7F8B230B7F8AE20D9
:10F5E0005B1A0A441BB2A7F8AE20A7F8B230002B72
:10F5F0007FF4DFAE1FFA88F15046FFF7ABF8D8E68C
:10F600003588B4F8EC30AB427FF6C4AD04EBC502EC
:10F610000DAB52F8AC0F516803C30DA8F9F799F878
:10F6200020B923680DA99B6C204698470135ADB2DF
:10F63000E7E700BF84340120034B00221A805A8080
:10F640009A80DA80704700BFD03401202DE9F04F56
:10F6500006469DB003A814468A461D4601F0B0F93F
:10F6600033683046DB6C9847336807461B6D30467D
:10F6700098472A46009021463B4603A801F0F3F93B
:10F6800000252C46A946A84642F20B0B0023029304
:10F690004FF6FF639C4202D05C4518BF254602AB83
:10F6A0003246514603A801F0F9FC044608B10A2885
:10F6B0000AD1C14538BFC1464FF00008002CE5D142
:10F6C00048461DB0BDE8F08F029A002ADED0577B75
:10F6D000336894885B6C7F0007F48070977A2946C2
:10F6E000074330469847384480441FFA88F8E5E7D6
:10F6F00008B50368DB68984728B1437B807A5B00D4
:10F7000003F48073184308BD0EB4F0B59EB023AB6C
:10F71000054653F8044B039305A801F051F92B68F3
:10F720002846DB6C98472B6806461B6D2846984791
:10F7300033461EAE21460090039A002405A801F02E
:10F7400092F946F8684D2A463346214605A801F04D
:10F75000A5FCF0B10A2818D0049FB7B1787B3B7A9A
:10F76000EA88C10001F480711943430644BFA1F542
:10F77000007319B20001FB7900F480700343134455
:10F780005B1A1BB29C42B8BF1C4633462A46002176
:10F79000DCE7A0B21EB0BDE8F04003B07047437A8A
:10F7A0008088184480B2704703681B6B18470EB4FA
:10F7B00070B59DB021AB044653F8045B029303A8D7
:10F7C00001F0FEF823682046DB6C98472368064664
:10F7D0001B6D2046984733460090029A294603A89D
:10F7E00001F041F903A801F027FD0124A3B240B1C3
:10F7F0000A2808BF013303A808BF1CB201F01CFD92
:10F80000F4E718461DB0BDE8704003B070470EB471
:10F81000F0B59EB023AB044653F8045B039305A8F0
:10F8200001F0CEF823682046DB6C98472368064633
:10F830001B6D20469847334629460090039A05A839
:10F840001EAD01F010F9002145F8681D22462B4637
:10F8500005A801F023FC47F6FF76D8B10A2812D09C
:10F86000049880B1477BE288FB0003F48071037A3F
:10F870000B43790644BFA3F500731BB2D31A1BB226
:10F880009E42A8BF1E462B462246002105A801F035
:10F8900005FCE2E730461EB0BDE8F04003B070471B
:10F8A00013B50368B0F90810B0F90A20ADF80410D8
:10F8B00000240094ADF806201B696946984702B001
:10F8C00010BD38B50B680C46DB68054698472368C1
:10F8D0002046DB6A29469847284638BD10B40A8876
:10F8E000848822440A80C4884A8822444A80406925
:10F8F00020B103685DF8044BDB6A18475DF8044BE0
:10F90000704770B582880B8813440B80C2884B887F
:10F910000C4613444B800546011D2046F8F7D6FEE1
:10F92000B4F90430002B0BDDB4F90630002B07DDF1
:10F93000686928B1036821469B6ABDE87040184792
:10F9400070BD000070B582880B8813440B80C2889C
:10F950004B880C4613444B800546011D2046F8F7A2
:10F96000B5FEB4F90430002B19DDB4F90630002BD4
:10F9700015DD686928B1036821461B69BDE8704040
:10F980001847074B1B6804339D4208D1FEF7D6FD8C
:10F990000368216862681B6CBDE87040184770BD41
:10F9A000C834012070B5044616460D4601B992B11F
:10F9B000236820469B699847E288A18832442944FD
:10F9C000204612B209B2F3F70DFB236820469B696B
:10F9D000BDE87040184770BD10B5044608460023C6
:10F9E000238063800368B0F90A20B1F90810A18070
:10F9F000E280DB6A21469847204610BD704710B56B
:10FA00001C21044611F09AF8204610BD044A0260F9
:10FA10000022C0E90122C0E90322C0E905227047A3
:10FA2000DC4F02082DE9F04F044687B0458BB2F851
:10FA300000C00591E1680392681C01EB85011CF090
:10FA40000105B3F90020029580B27DD007EE902A1F
:10FA5000F8EEE76A6083C1ED006AB3F90220618BBA
:10FA600007EE102AE268B8EEC77A4FF0000E481C85
:10FA700002EB810206EE10EA608382ED007A218BB0
:10FA8000A2680125481C208355540022043307EE48
:10FA9000902A0093AA46134611462E460192F6EE8E
:10FAA000005AB4F818800598D4F808B008F1010796
:10FAB000A842BFB20BEB080940F3DB804CFA06F911
:10FAC00009F001095FFA89F30493009BB3F9001070
:10FAD000B3F90230B9F1000F7DD005EE101AF8EE3F
:10FAE000C54A05EE103A2783B8EEC55ABAF1000FA1
:10FAF00050D04FF002000BF80800B4F81A80E76805
:10FB000008F1010907EB8807A4F81A90C7ED004A2D
:10FB1000B4F81A80E76808F1010907EB8807A4F830
:10FB20001A9087ED005A0136102E06D1019E0398D7
:10FB30000136019630F816C000260098DDF810A0B6
:10FB4000043001350090ACE706EE102AB3F904202A
:10FB5000B3F902E016EE105A2A4406EE902AB3F9E1
:10FB600006206083F8EEE66AF6EE007A724407EE4D
:10FB7000102A66EEA76AB8EEC77AC1ED006A618BFB
:10FB8000E26827EE277A481C02EB8102608382ED4F
:10FB9000007A74E74FF005000BF80800B4F81A80FB
:10FBA000E768B8EEE74A08F1010907EB8807A4F80F
:10FBB0001A9087ED004A04EE102AB4F81A80E7681C
:10FBC000B8EEC44A08F1010907EB8807A4F81A90B7
:10FBD00087ED004A91E7BAF1000F46D14FF00500DA
:10FBE00027830BF80800B4F81A80E768B8EEE75AE4
:10FBF00008F1010907EB880717EE900AA4F81A909C
:10FC000087ED005A05EE102AB4F81A80E768084418
:10FC1000B8EEC55A07EE900A08F1010907EB88070C
:10FC2000A4F81A90F8EEE77A87ED005AB4F81A8033
:10FC3000E76867EEA57A08F1010907EB88071A441F
:10FC4000A4F81A90C7ED007A07EE902AF8EEE77A4A
:10FC5000B4F81A80E76867EEA57A08F1010907EBA6
:10FC60008807A4F81A90C7ED007A1A4607EE901A92
:10FC700059E7BAF1000F45D005EE901AF8EEE55AB3
:10FC8000F4EE665AF1EE10FA08D105EE903AF8EE6D
:10FC9000E55AF4EE475AF1EE10FA33D0029B27836F
:10FCA000B3B1022389F80030628BE368511C03EB87
:10FCB00082036183C3ED006A628BE368511C03EB2E
:10FCC0008203618383ED007A009807B0BDE8F08F6E
:10FCD000052389F80030628BE368B8EEC66A511CD0
:10FCE00003EB8203618307EE90EA83ED006A628B87
:10FCF000E368F8EEE77A511C03EB82036183C3EDFE
:10FD0000007AD1E705EE902A029927830523B8EE01
:10FD1000E75AF8EEE55A89F8003081B1628BE36862
:10FD2000511C03EB8203618383ED005A628BE3680D
:10FD3000511C03EB82036183C3ED005AB4E7658B6A
:10FD4000E1686E1C01EB8501668381ED005A658BCD
:10FD5000E1686E1C01EB85016683C1ED005A658B7D
:10FD6000E1686E1C01EB850117EE900A16EE105A41
:10FD7000284407EE900AF8EEE77AF6EE005A67EEAE
:10FD8000A57A72446683C1ED007A07EE902AF8EEF8
:10FD9000E77A618BE56867EEA57A4E1C05EB810179
:10FDA0006683C1ED007A228BA168551C25838B5494
:10FDB00091E700002DE9F0478EB0044688461546CD
:10FDC0009946169E9DF864A01A9FF1F7AFFF6060F8
:10FDD000B9F1000F00F0E880002800F0E58005A8E8
:10FDE00000F0F9F8336830469B6D984705A8F0EEAF
:10FDF000400A00F0F4F86068BAF1030F3BD8DFE87E
:10FE00000AF00210719F03682A469B684146984792
:10FE1000DDED1B7AF8EEE70A07EE907AB8EEE70A16
:10FE200026E0B5F90620B8F804306988ADF810204E
:10FE30009B1A5B1AADF80C302B88ADF80E30AB88EE
:10FE4000ADF81230036803AA9B68414698479FEDBE
:10FE5000580A05A800F0E8F8B8F904301B9A07EE34
:10FE6000907A9B1A00EE103AF8EEE70AB8EEC00A54
:10FE700005A800F027F96068036805A95B6B98473F
:10FE800060681799036841F07F419B6A98476068F2
:10FE90009DF860100368DB6A984760680368012179
:10FEA000DB6800259847B9F80070A56104F11003DC
:10FEB00004F1080204F1140104F10C0009F1020636
:10FEC000F3F724FBAF4260DD318801F10F03B21C70
:10FED000C3F3071302EB43032046FFF7A3FD0135ED
:10FEE0000646EFE7B5F90420B8F804302988ADF8E4
:10FEF00010209B1A5B1AADF80C30B5F90610B8F853
:10FF000006306D88ADF812105B1A5B1BADF80E3031
:10FF1000036803AA9B68414698479FED260A05A8F7
:10FF200000F082F8B8F906301B9A9B1A00EE903A5E
:10FF3000B8F90430DB1B00EE103AF8EEE00A95E762
:10FF40006B88ADF80C30B5F90420B8F80630298874
:10FF5000ADF812209B1A5B1AADF80E30EB88ADF8A5
:10FF60001030036803AA9B68414698479FED120A28
:10FF700005A800F059F8B8F90630DDED1B7ADB1B57
:10FF800000EE903AF8EEE00A48E76068228B0368DA
:10FF900000210191618B00911D6AD4E90213A847E9
:10FFA00060680368DB6998470EB0BDE8F08700BF62
:10FFB0000000B442000034430000874300234FF0A8
:10FFC0007E52026043608360C3600261436183616B
:10FFD000C3610262704708B5FFF7F0FF08BDD0EDBE
:10FFE000007A67EE807AC0ED007AD0ED017A67EE94
:10FFF000807AC0ED017AD0ED027A27EE800AD0ED4A
:020000040801F1
:10000000037A80ED020A67EEA07AC0ED037AD0EDA4
:10001000047A67EEA07AC0ED047AD0ED057A67EE37
:10002000A00AC0ED050A704710B5DFED247A20EE76
:10003000270ADFED237A2DED028BC0EE278A0446D6
:10004000B0EE680A10F018FEB0EE408AB0EE680A12
:1000500010F056FED4ED036AD4ED004A94ED047A14
:1000600094ED015AD4ED025A60EE667A66EE886A23
:10007000E8EE247AE0EE246AC4ED007A60EE477A76
:1000800027EE087AE8EE057AA0EE057AC4ED017A4B
:10009000D4ED057AC4ED036A20EE676A67EE887ACC
:1000A000A8EE256ABDEC028BE0EE257A84ED026AAB
:1000B00084ED047AC4ED057A10BD00BFDB0F494022
:1000C0000000344390ED066AD0ED007AD0ED076A67
:1000D00090ED087AE6EE007AC0ED007AD0ED017A74
:1000E000E6EE807AC0ED017AD0ED027AE7EE007A92
:1000F000C0ED027AD0ED037AE6EE207AC0ED037A05
:10010000D0ED047AE6EEA07AC0ED047AD0ED057A5F
:10011000E7EE207AC0ED057A7047D0ED016AD0EDA8
:10012000047A90ED037A60EEA77A60EEA60AD0ED2D
:10013000006AE7EE007A84B0E6EE800A90ED057A78
:1001400090ED020A30EE800A77EE870A04B070471D
:1001500030B58380BDF80C30C3809DF81030037239
:100160009DF814309DF818504372837A416165F30D
:1001700006039DF81C50028365F3C71383729DF834
:100180002030C3729DF824300373BDF82830C3813A
:10019000BDF82C300382014B036030BDF04F0208E4
:1001A000F0B54469BCB3A388028BCB1A02F1FF32CD
:1001B00031D493420CDD0E2303FB02439B885B1A70
:1001C000D31A9A4227DB002BBCBF022392FBF3F326
:1001D00000250E2695421EDC06FB03408788B942A7
:1001E0001AD00DD25A1E954215DC30F80A3C5B1A23
:1001F000D31A9A420FDB9D42ECDD53195B10E9E7FD
:100200005D1CAA4207DB438ACB1A2B449D4202DCC9
:100210009A42DFDAF1E70020F0BDF8B50446174650
:100220001E4611B900252846F8BD0A29FAD04FF616
:10023000FF629142F6D042F20B029142F2D0FFF7F8
:10024000AFFF054650B9236820461B699847014611
:100250002046FFF7A5FF05460028E3D0236829467E
:10026000DB6D20469847386023682046DB6B984753
:100270003070D8E70346C8B1020C1204A2B90304D7
:10028000102013F07F4F04BF1B02083013F0704F93
:1002900004BF1B01043013F0404F04BF9B00023029
:1002A000002B04DB013070470020EAE72020704774
:1002B0002DE9F3470F4615461E46014600B127B902
:1002C0000020306002B0BDE8F087FFF7D3FF80B9AF
:1002D0003846FFF7CFFF002805DD33462A4638466B
:1002E000FFF7E6FFEEE74FF0FF3333606FF00040BB
:1002F000E8E737FA00F807FB01F305D1B3FBF5F0A7
:1003000005FB10353560DDE7012301FA00FA03FA39
:1003100000F001382A4633463840FFF7C9FFBAFBE0
:10032000F5F92A46074601AB05FB19A14046FFF740
:10033000BFFF019B326808FB09F41A44B2FBF5F3D6
:100340001C443C44204405FB1325DBE773B500281F
:10035000BABF40424FF0FF3401240029BCBF4942DC
:100360006442002AB6BF65422546524288421E4674
:10037000C2BF03460846194601ABFFF799FF019B30
:1003800068435C43346002B070BD002070470120B8
:10039000704702207047704770477047704710B52C
:1003A0000C21044610F0CAFB204610BD10B51021E8
:1003B000044610F0C3FB204610BD10B50C210446C6
:1003C00010F0BCFB204610BD10B53C21044610F0D7
:1003D000B5FB204610BD000030B50D46016B87B05F
:1003E000044601B301A8FFF7F7FA2A89BDF80430E3
:1003F0002879B5F906108DF81000D21AA38E206B5B
:10040000ADF812101A446B89BDF80650ADF81420EF
:100410005B1BE58E2B44054D0395ADF81630036844
:1004200003A99B6C984707B030BD00BF80500208FD
:100430002DE9F041036B8AB004460D4613B10B79E8
:10044000002B44D004F10408414603A8FFF7C4FA86
:100450002B79BDF90C70BDF90E6083B92A89E98842
:1004600004F13603921BC91B019304F1340300937A
:1004700012B204F1300309B24046F8F743F8216B99
:1004800029B305A8FFF7A8FABDF814202B79206B33
:100490008DF82030BF1AEA881744A28E1744BDF8A1
:1004A0001620ADF82270B61A2A891644E28E164438
:1004B000ADF82460074A07920026ADF8266003686D
:1004C00007A95B6C98472B790BB1C4E90C660AB09D
:1004D000BDE8F081585002082DE9F0410C46016B4F
:1004E00088B0054600296DD06846FFF775FAA98ED9
:1004F000E388BDF90080BDF902700B441BB243458F
:1005000031DBBDF804C0C4440FFA8CFC63452ADA21
:10051000EA8E2689164436B2BE4224DBBDF80600B8
:10052000384400B286421EDA6389194409B2414553
:1005300008DB614506DAA3891A4412B2BA4201DB2C
:10054000824210DB214B049302238DF81430286B78
:100550000023ADF81630ADF81830ADF81A30036846
:1005600004A95B6C9847291D02A8FFF735FABDF86E
:100570000830E0882179B5F834C02289EE8E8DF8F4
:100580001410A3EB0808BDF80A30DF1BBBB21FFA3A
:1005900088F86789A489404460441A44B8442344D5
:1005A000ADF8160033443244E044094C286B0494FF
:1005B000ADF81820ADF81A80ADF81C30036804A916
:1005C000DB6C984708B0BDE8F08100BF58500208C6
:1005D0006C50020837B5044634F90C2F013212D1A1
:1005E0000368B0F90810B0F90A20ADF8041000252E
:1005F00000956D462946ADF806209B6A984795E818
:10060000030084E80300204603B030BD13B5B0F901
:1006100020300133044609D101466846FFF7DCF972
:10062000BDF800302384BDF802306384B4F92000A3
:1006300002B010BD13B5B0F922300133044609D120
:1006400001466846FFF7C8F9BDF800302384BDF8BD
:1006500002306384B4F9220002B010BD70B50546C3
:10066000164B45F8043B0023038143818381C381FA
:10067000038243828382C382C0E906330362838498
:10068000C38480F828300E4A4363C0E90B330D4B16
:100690004260B3F90060936B0B4A0446012180F875
:1006A000291080F83810B2F900102846984763687E
:1006B0002846DB6B31469847204670BD94500208AF
:1006C0007C4B02087A3401207834012007B5094BAD
:1006D000B3F90020084BADF80420B3F90030ADF8B1
:1006E00006300368002100919B686946984703B073
:1006F0005DF804FB783401207A3401202DE9F04FB5
:10070000B1F90430002B89B080460C4615460EDD49
:10071000B1F90630002B0ADD2846FFF75BFF2146C2
:10072000FDF72DFEEB6928B91D46002BF4D109B069
:10073000BDE8F08F04AE002B00F0B5802B68294691
:10074000DB6802A898472846FFF760FFBDF80870ED
:1007500007442846FFF76EFFBDF80A30BDF90C20AC
:10076000ADF8142018442146BDF90E30ADF8120042
:100770003FB23046ADF81630ADF81070F7F7A6FF6F
:100780002846FFF727FF024696E8030006AB83E8FA
:10079000030011461846F7F799FFBDF91830B4F970
:1007A0000010BDF91AA0BDF91CB0BDF91E90994208
:1007B0000BD1B4F90220524507D1B4F904205A45AF
:1007C00003D1B4F906204A456DD0BBF1000F65DDB9
:1007D000B9F1000F62DDB4F902201FFA8AF0524528
:1007E000009012DA0193009BB4F90400ADF81220D6
:1007F0009A1AADF81010ADF81400ADF81620EA6999
:1008000031464046FFF77AFF019BB4F900209A4237
:100810009FB20DDAADF81020BA1AADF812A0ADF8FB
:100820001420ADF81690EA6931464046FFF766FF9E
:100830002288A3885F4413449BB2BFB23AB219B274
:1008400091420DDDDB1BADF81020ADF812A0ADF824
:100850001430ADF81690EA6931464046FFF74EFF76
:10086000E28863881344009A4A449BB21FFA82F9D3
:100870000FFA89F219B28A4215DAB4F90410B4F900
:100880000000ADF81410A3EB0903ADF81000ADF8AB
:100890001220ADF81630EA69314601E0EA692146D6
:1008A0004046FFF72BFF2846FFF794FE616802469B
:1008B0002068334603C311463046F7F707FFBDF9FA
:1008C0001430002B7FF733AFBDF91630002B7FF7C4
:1008D0002EAF2846FFF79AFEBDF81030181AADF873
:1008E00010002846FFF7A6FEBDF81230181AADF822
:1008F00012002B6831469B682846984717E770B569
:100900000C4686B0061D00233146054602A8019319
:10091000FFF762F8BDF808302288BDF80A10B4F974
:100920000400ADF81400D21A6388ADF810205B1AE9
:10093000B4F90610ADF8161001AA04A93046ADF8B6
:100940001230F7F79BFF019A1AB121462846FFF7AC
:10095000D5FE06B070BD30B50246044652F8080F09
:1009600085B00D4651686B4603C329466846F7F7C4
:10097000ADFE94F838302BB169462046FFF7BFFF33
:1009800005B030BD0434214602A8FFF725F8BDF8B4
:100990000030BDF808209B1AADF80030BDF80A20E1
:1009A000BDF8023069469B1A2046ADF80230F7F7D1
:1009B0002CFFE5E70A680B469269011D18461047AF
:1009C00038B5002502230446C0E90055037445618B
:1009D0000576C5830584C5860587C587A0F8405080
:1009E000C0E911550E2229464C3012F010FA0123AD
:1009F0002046A4F85A50A4F85C50A4F85E5084F83D
:100A0000603084F86150F2F70FFD204638BD30B5F4
:100A100000250124436813B9036813B34360037EC0
:100A200043B143692BB11A881AB19A1C42611888E4
:100A300030BD05764368198899B19A1C0229426035
:100A4000F5D1037C012BE5D85A1C0233027450F80F
:100A500023304361002BDDD01B88002BDAD00476D5
:100A6000D8E70020E4E730B4016000214160156858
:100A7000856052684364029BC260017441610176E3
:100A800001870184A0F84010836430BCF2F7CCBC2D
:100A9000F0B505460846E9B105F14C040B4601F1F5
:100AA0000807224618685968264603C60833BB4221
:100AB0003446F7D1186830609B88B38095F8593078
:100AC0005B0103F4807195F852300B435B4285F86B
:100AD00055301046F0BD38B50C4611681046CD684B
:100AE0001946A847002808BF204638BD2DE9F04127
:100AF0008C460546144642B9A5F85A20A5F85C2054
:100B0000A5F85E202046BDE8F081507B9388060161
:100B100006F48072E6796FF4636116435A1891B255
:100B20001D29B7B27ED801228A408A490A424FEA7B
:100B3000E6062DD112F4607F74D005F14C022346F5
:100B400004F1080E1446186859689446ACE803008E
:100B5000083373456246F6D11868CCF800009B88CC
:100B6000ACF80430B5F85C1095F85900B3B2CA1A65
:100B700092B285F85420D21020F0600002F060029A
:100B80000243CF1B85F85920FB1AA5F85C30B9E762
:100B900005F14C02234604F1080814461868596808
:100BA0009646AEE80300083343457246F6D118680E
:100BB000CEF800009B88AEF80430EB8E05EB4303C3
:100BC000598C40F63363994211D1DCF8003060460D
:100BD000DB689847417BCB0003F48072037A1343B0
:100BE0004A0644BFA3F500731BB2A5F85A30B5F806
:100BF0005A3095F859203B4433449BB2A5F85A30FB
:100C000085F85430DB1022F0600203F060031343D8
:100C100085F8593095F85E2095F855309B1A85F87F
:100C200055306FE723F0040240F61B618A4203D07F
:100C300040F61D62934237D105F14C06224604F17D
:100C40000808344610685168B646AEE8030008321A
:100C500042457646F6D11068CEF800009288AEF88C
:100C60000420013B9BB2624621462846FFF733FF32
:100C7000417BCB0003F48072037A480643EA020307
:100C800044BFA3F500731BB2A5F85A3095F859304C
:100C900095F856205B0003F4807313435A1102EB5E
:100CA0009303A5F85E3046E0C20002F48071227A18
:100CB0000A43410644BFA2F5007212B2A5F85A20B9
:100CC00040F6096123F010028A4203D040F6136215
:100CD00093423DD105F14C0204F108089646206884
:100CE0006168164603C6083444453246F7D1206889
:100CF0003060A188B18095F85960760006F4807262
:100D000095F85660164340F6136293421ABF03F1FA
:100D1000FF339BB240F60C63624671462846744628
:100D2000FFF7D9FE437B827A5B0003F480731343A1
:100D3000F61AA5F85E60617BCB0003F48072237A1B
:100D400013434A0644BFA3F500731BB2DB1B1CE729
:100D50000023A6E77900C03F2DE9F043044642B9DD
:100D60004FF40043A0F85A30A0F85C30A4F85E308D
:100D700047E0517B93880D0105F48070D5790543D8
:100D8000042DCCBF4FEA950E4FF0010EB3F5DD6F89
:100D900000F2AB8040F2E760834216D240F25B6023
:100DA000834259D840F2576083420ED2B3F5CA6FDE
:100DB0004AD240F24E60834207D240F21A60834228
:100DC0002AD021D8B3F5C26F5BD3B4F95A3013F5EA
:100DD000004F40F0D080B4F95C0010F5004F40F0B7
:100DE000CA80CB0003F48070137A490643EA0003FB
:100DF00044BFA3F500731BB2A4F85A305D1BA4F8DE
:100E00005C501046BDE8F08340F24B60834238D31B
:100E100040F24C608342D8D9B4F95A00B4F95C303E
:100E200010F5004F40F0F28013F5004F40F0EE80D7
:100E3000CB0003F48070137A4E0643EA000344BFEC
:100E4000A3F500731BB2D9E740F254608342E3D8A4
:100E5000B3F5CA6FE0D9B8E740F274608342B4D00A
:100E60002DD840F25E60834204D840F25D60834238
:100E7000D2D3AAE740F25F608342CDD0B3F5CE6F04
:100E8000A3D0CB0003F48070137A490643EA000331
:100E900044BFA3F500731BB25D1BA4F85A30A4F83D
:100EA0005C50537B5B0103F4807193790B435B00CF
:100EB000052193FBF1F392F909100B4456E740F238
:100EC000E260834209D840F2DF608342BFF47DAF25
:100ED000A3F2D663052BD4D877E740F2E3608342D0
:100EE0009AD040F2E4608342CAE7B3F50F6F2BD289
:100EF00040F6ED0083428FD240F6E500834216D8DB
:100F000040F6E4008342BFF460AF40F2EC608342FD
:100F10000AD840F2EB608342BFF457AF40F2EA6078
:100F200083423FF479AFACE740F2ED60F8E740F67A
:100F3000E800834202D840F6E70098E740F6E9006F
:100F400083427FF442AF67E740F6F60083423FF406
:100F500063AF02D840F6F200F2E740F6FA008342AF
:100F600005D840F6F9008342FFF42FAF54E740F66E
:100F7000FE008342AFE704F14C0C174602F108086B
:100F8000664638687968E646AEE8030008374745A4
:100F9000F446F6D13868CEF80000B988AEF80410EF
:100FA000B4F95E0010F5004F09D0517B92794901E8
:100FB00001F480711143A0EB510084F8550013F542
:100FC000004FADB20DD02B449BB294F8592084F859
:100FD0005430DB1022F0600203F06003134384F806
:100FE000593094F85910CB0003F4807294F85430BF
:100FF0004F0643EA020344BFA3F500731BB2A4F8F3
:101000005A305B1BA4F85C303246FAE604F14C0C13
:10101000174602F10809664638687968E046A8E88C
:10102000030008374F45C446F6D13868C8F80000B9
:10103000B988A8F80410B4F95E0010F5004F09D083
:10104000517B9279490101F480711143A0EB510069
:1010500084F8550013F5004F0ED0A3EB0E0394F85F
:1010600059209BB284F85430DB1003F0600322F067
:101070006002134384F8593094F85910CB0003F4FC
:10108000807294F85430480643EA020344BFA3F543
:1010900000731BB25D1BA4F85C50B5E72DE9F0416D
:1010A0001E46C38E00EB430304461746B3F8228066
:1010B000F2F778F9054618B930602846BDE8F081A6
:1010C0003B680146DB6838469847A8F5C063B3F52E
:1010D000407F0246306013D2434639462046FFF730
:1010E0003BFE3060336843B15A7B9B7A520002F476
:1010F000807213430CBF0123002384F86130DCE7C6
:10110000A5F560639BB27F2B04D839462046FFF7D4
:10111000EDFCE6E794F86130002BE3D040F60213D3
:101120009D42DFD101462046FFF7B2FCD9E72DE909
:10113000F8431E46C38E00EB430304461746B3F83C
:101140002280F2F72FF9054618B930602846BDE82D
:10115000F8833B680146D3F808903846DDE9082358
:10116000C847A8F5C063B3F5407F0246306013D28C
:10117000434639462046FFF7EFFD3060336843B100
:101180005A7B9B7A520002F4807213430CBF0123F6
:10119000002384F86130D9E7A5F560639BB27F2B0B
:1011A00004D839462046FFF7A1FCE6E794F8613001
:1011B000002BE3D040F602139D42DFD101462046CA
:1011C000FFF766FCD9E710B50446B4F84010238F4A
:1011D000F1B10A2B2FD0E28F04EB42000139408F8E
:1011E000A4F84010511C89B2012984BF02F1FF32DA
:1011F000E28703F101022287E28E98BFE187134460
:101200009BB2092B88BF0A3B04EB43035884DCE7FD
:10121000238F0A2B0FD02046FFF7F9FB238F5A1C90
:101220002287E28E13449BB2092B88BF0A3B04EB52
:1012300043035884ECE710BD38B5C38E00EB43027E
:101240000446558C028F013A02875A1C92B2092A31
:1012500086BF093BC386C286FFF7B5FF238C012BEF
:101260009CBF01332384E38B0BB90223E383E38B1D
:10127000013B9BB2E38304EB43042846658338BDFE
:101280008A422DE9F047C78E31D9058FB0F84080EA
:10129000B0F83EC0EE19541A013E1FFA84FEB4B2F3
:1012A000A4EB0E091FFA89F9092C264688BFA4F180
:1012B0000A06BCF1000F08BF4FF0020C00EB460617
:1012C0000CF1FF3C1FFA8CFC013CB6F822A0A4B242
:1012D00000EB4C064C45A6F83AA0E5D1A5EB0E056F
:1012E0000EEB08040587A0F84040A0F83EC0048F2C
:1012F000641A394489B2092988BF0A390487C1862A
:101300000A258AB1018F013A92B2013133F81240B5
:101310000187C18E01B9C586C18E013989B2C186E6
:1013200000EB41014C84ECE7BDE8F047FFF74BBF11
:1013300070B50025954211D0C48B31F8026B14446E
:10134000013C641BA4B2012C88BF023C00EB4404A6
:10135000648BB44217D10135ADB2EBE7BDF8102074
:1013600000241344A2B29A420FDAC68E31F8145008
:10137000324492B2092A88BF0A3A00EB4202013491
:10138000528CAA42EED0002070BD0120FCE72DE96E
:10139000F74F054616468C1C09884FEA113A34F877
:1013A0001A30B34224D1C1F30329C1F3031801F069
:1013B0000F07CDF800804B46524621462846FFF7DE
:1013C000B7FF834668B10AEB0901414404EB4103CE
:1013D0003A4649462846FFF753FF584603B0BDE852
:1013E000F08F07EB0A014944414404EB4101D2E785
:1013F0004FF0000BF1E770B51088984217D8481EDF
:1014000032F82000984212D300248C420FD2601888
:101410004010850032F82060B34202D9013084B216
:10142000F3E701D281B2F0E72A44508870BD002072
:10143000FCE72DE9F041456C6F8804467F080B26D8
:10144000013E13D0E38E04EB43032A46B3F8228017
:10145000394643462046FFF7CEFF38B105EB400141
:1014600042462046FFF793FF0028E9D1BDE8F0810E
:1014700070B54A698D6A4B68CE6A541B00F00681CC
:101480009B1B03D06343102293FBF2F30C688A6921
:10149000651B00F0FD80921B03D06A43102492FB71
:1014A000F4F29B1A07EE903A9FED884AF8EEE77A3D
:1014B000B7EE007A67EE847A0A4687EE273A03464B
:1014C00000F10C04B1EE436AD2ED027AC7EE276A4E
:1014D0001432E3EC016A52ED027A67EEA67A9C427E
:1014E000C3ED027A52ED017A67EEA67AC3ED057A72
:1014F000EAD1CA6A8B69D0ED024AD0ED003AD0ED4C
:10150000016A90ED055A90ED032AD0ED045A90ED52
:10151000071AD0ED062A9B1A07EE903A4B689B1AE1
:1015200007EE103AF8EEE77A76EEE46A67EE847A30
:1015300073EEE44AB8EEC77A64EEE77A27EE047AEF
:1015400075EEC55AE6EE877A32EE455A67EE837A33
:10155000C0ED097A8C6A4A69131B07EE103AB8EE9F
:10156000C77A0B6827EE047A1B1B64EEC74A07EEA6
:10157000103AB8EEC77A27EE047AE6EE874A64EEB0
:10158000864AC0ED0A4ACA6A8B699B1A06EE903AEF
:101590004B689B1A07EE103AF8EEE66AB8EEC77A87
:1015A00066EE846A27EE047A65EE666AE5EE876A7F
:1015B00066EE836AC0ED0B6A8C6A4A69131B07EEFC
:1015C000103AB8EEC77A0B6827EE047A1B1B25EE9B
:1015D000475A07EE103AB8EEC77A27EE047AA5EE1E
:1015E000875AD0ED085A25EE065A31EE651A80ED7D
:1015F0000C5ACA6A8B699B1A07EE103A4B689B1A01
:1016000001EE903AB8EEC77A72EEE55A27EE047A08
:10161000F8EEE11A25EEC77A61EE841AA1EE217A7E
:1016200027EE037A80ED0D7A8C6A4A69131B03EE6C
:10163000103AB8EEC33A0B6823EE043A1B1B65EE72
:10164000C35A03EE103AB8EEC33A23EE044AE1EE71
:10165000045A25EE866A62EE675A80ED0E6AE3EE62
:10166000A65AF5EEC05AF1EE10FA13DD4FF400431E
:1016700062EEE77AC363E3EE877AF5EEC07AF1EEC5
:1016800010FA15DD4FF40043036470BD2346FDE6F8
:101690002A4606E702D547F6FF73E9E722EE642AF9
:1016A000A3EE852AB5EEC02AF1EE10FADEDAF2E7F3
:1016B00002D547F6FF73E7E762EEE44AE3EE864AB7
:1016C000F5EEC04AF1EE10FADCDAF2E70000803DF8
:1016D0002DE9F04714275F4302EB070CDCF80450B8
:1016E00015F10F0E00F1A2804FEA2E1E089CC0F8E3
:1016F00014E01426664302EB0608D8F8045015F1EE
:101700000F0400F19F802411A4EB0E048461002CCF
:1017100000F08A80DCF80490D8F804409559A4EBD6
:101720000908D459A5EB040A4FEA0A150EFB05FE79
:101730000AFB19EE08FB04E44FEA0816013CA41961
:1017400000F18C8094FBF6FEC0F800E006FB1E441E
:101750000461002DC0F2958095FBF6F4446006FB11
:1017600014558560C660DCF804404569D259DFED48
:101770004D6A91ED0A6AC4EB051407EE104A04683D
:10178000C2EB041207EE902AB8EEC77AF8EEE77AB9
:1017900001EB830327EE267A67EEA67AD3ED006A83
:1017A000E6EE076A91ED096AE6EE276AC0ED076A80
:1017B000D0ED016AD1ED095A91ED0A6AF8EEE66AB8
:1017C000A6EEA56A80ED086A4A6A4262D1ED0C5A1B
:1017D00093ED036AA5EE876AD1ED0B5AA5EEA76AD1
:1017E00080ED0A6AD1ED0B5A91ED0C6AA6EEA56A5E
:1017F00080ED0B6ACA6A026393ED066AD1ED0E5A58
:10180000A5EE876AB0EE467A91ED0D6AA6EE277ACC
:1018100080ED0D7A91ED0D7AD1ED0E7AE6EE877AB4
:10182000C0ED0E7A4B6BC363BDE8F087C5F10105CF
:1018300015F00F0518BF012510249EFBF4FEAEEB3A
:10184000050E53E7C5F1010515F00F0518BF012579
:101850004FF0100994FBF9F4641B55E7644294FBC4
:10186000F6FECEF1000806FB1E44C0F800800461BD
:10187000002C3FF46EAF6FEA0E0EC0F800E0341B90
:1018800066E76D4295FBF6F4C4F1000E06FB1455B5
:10189000C0F804E08560002D3FF464AFE443446089
:1018A000751B5EE70000803D014B1860704700BF6C
:1018B000EC340120064B1A88824207D8054B1B885E
:1018C00013449842ACBF00200120704700207047AD
:1018D0000C3501201035012008B50146FFF7EAFF5D
:1018E00018B1024B1B6853F8210008BDF0340120E9
:1018F000F0B5244C2368002B42D0234A234D118895
:10190000B5F800C0224861444A1C22F001028F0051
:101910001204DE19120C07EB420706601D4EDA199D
:1019200032600E2202FB0CF2033222F003023A4430
:10193000194F13443B60194F00233B80184F3F68F9
:10194000BA1A184F3A60184A9C4613804FF6FF7730
:101950008B420DD12D88306800230E249D420FD973
:1019600004FB03020133117B6FF345111173F5E79B
:10197000226842F823C0026822F813700133E7E7B7
:10198000F0BD00BFF03401200C35012010350120DE
:1019900004350120F4340120FC3401200E350120EF
:1019A000F83401200835012000350120064B1B6862
:1019B00043B939B1054B1A80054B1960054B1860C6
:1019C000FFF796BF704700BFFC340120103501209F
:1019D000F8340120F034012070B4074C2668054625
:1019E0001046039A36B92560044C218070BC194614
:1019F000FFF7DCBF70BC7047143501200C350120A7
:101A0000124A03881288934207D2114A126814219D
:101A100001FB0323B3F9080070470E4909881144FC
:101A20008B4204DA9B1A0C4A0E211268F0E74FF63B
:101A3000FE72934208D1094B1B781BB9084BB3F9CE
:101A400000007047074BFAE7002070470C35012073
:101A50001435012010350120F43401207C3401209C
:101A60007E34012080340120124A03881288934278
:101A700007D2114A1268142101FB0323B3F90A00AB
:101A800070470E49098811448B4204DA9B1A0C4AAC
:101A90000E211268F0E74FF6FE72934208D1094B0F
:101AA0001B781BB9084BB3F900007047074BFAE7E6
:101AB000002070470C35012014350120103501201D
:101AC000F43401207C340120803401207E34012054
:101AD00030B5224A0B881288934213D2204A1268EA
:101AE000142101FB03231A8AB3F90C40B3F90E1039
:101AF0005B8A0480C2F30C02C3F30C034180828032
:101B0000C38024E01749098811448B4210DA9B1ADC
:101B10000E225343144A1168CA18CD5EB2F902402E
:101B2000B2F90410B2F90630058044808180E7E7FD
:101B30004FF6FE7293420BD10C4BB3F900100C4BD5
:101B40008180B3F90020C28000230380438030BD30
:101B50000023038043808380D2E700BF0C3501203F
:101B60001435012010350120F4340120783401208F
:101B70007A340120174A03881288934213D2164AF6
:101B80001268142101FB03231A8A1989C2F30C027B
:101B90008A421DDB588AC0F30C005B899842ACBFB7
:101BA0000020012070470D49098811448B420DDA4D
:101BB0009B1A0B4A12680E2101FB0323B3F9041090
:101BC0001A89914204DBB3F90600E6E7002070476A
:101BD000012070470C3501201435012010350120FB
:101BE000F4340120124A038811888B420BD2114A27
:101BF000126812B152F82300C0B90F4A11681422BA
:101C00005343C85870470D4A12880A44934204DA75
:101C1000084A126852F8230070474FF6FE7293424A
:101C200003D1074B1B68586C70470020704700BFFA
:101C30000C350120F034012014350120103501202D
:101C400084340120244B02881888824221D2234BFD
:101C50001968142303FB0213586800283AD020495E
:101C60000968002936D051F82210002932D01A898B
:101C7000588950435A7CDB7C5209C3F3421343EA30
:101C8000C2030B2B18BF4000033020F003000844B0
:101C90007047144B1B8803449A421ADA124B1B6894
:101CA000101A0E2101FB0030037B03F01F030B2BE6
:101CB0000BD1038940895843094B1968033020F040
:101CC000030351F82200184470470D2B01D10D3049
:101CD00070470020704700BF0C35012014350120EB
:101CE000F034012010350120F434012010B51F4BD1
:101CF00002881B889A421AD21D4B1B68142101FBD3
:101D000002314B7C5809CB7C1A49C3F34213096852
:101D100043EAC003D8B249B151F8222032B10E2BA8
:101D200021D00F281DD0102808BF022010BD124955
:101D3000098819448A4209DAD31A104A12680E2116
:101D400001FB0323187B00F01F00EFE74FF6FE7343
:101D50009A4208D1F1F740F80368BDE81040DB6A09
:101D600018470120E2E70020E0E700BF0C35012022
:101D700014350120F034012010350120F434012005
:101D80001020704700207047024B1888400080B236
:101D9000704700BF7E340120FF2B5ED00B2A58D045
:101DA0000ED8032A4DD004D8012A4CD04DD9C36B8C
:101DB00031E0092A4DD04AD8082A48D000232AE029
:101DC0002F2A2CD011D82D2A18D031D82C2AF5D171
:101DD0004A6813785278002AF0D1012B1DD0002BCD
:101DE0002DD0022BEAD1C36815E0312A04D032D3BA
:101DF000322A30D0332AE1D1436F0CE04A6813789D
:101E00005278002ADAD1012B04D00FD3022BD5D17E
:101E1000436900E0436A18467047C369FBE74B68B3
:101E20001A785B78002BC9D1002AF4D1436BF2E712
:101E30004B681A785B78002BC0D1002AEBD1C36ABB
:101E4000E9E7C36CE7E7436DE5E7436CE3E7C36DA0
:101E5000E1E7436EDFE7C36EDDE70B2A59D00ED80A
:101E6000032A50D004D8012A4FD050D9036CD2E7AE
:101E7000092A4ED001D8082AA0D1036ECBE72F2A19
:101E80002DD011D82D2A18D033D82C2A96D14A68B3
:101E900013785278002A91D1012B1ED0002B30D01C
:101EA000022B8BD10369B6E7312A04D033D3322A0F
:101EB00031D0332A82D1836FADE74A6813785278E4
:101EC000002A7FF47BAF012B05D010D3022B7FF4C7
:101ED00075AF83699FE7836A9DE7036A9BE74B6859
:101EE0001A785B78002B7FF469AF002A93D1836B5B
:101EF00091E74B681A785B78002B7FF45FAF002A7C
:101F000089D1036B87E7036D85E7836D83E7836C76
:101F100081E7836E7FE7036F7DE72DE9F04F87B0A0
:101F2000159805929DF864200292DDE9162401912E
:101F30004168DDF860E001FB0424026802EB440420
:101F4000DEF800200392DEF8042004320492029AA4
:101F5000D643F6B2019A002A03DC059A002A40F320
:101F60002981119ABEF908C0BEF90C7002F5004132
:101F7000129A02F50042002B0EDD081405D46045CC
:101F800003DA101401D4B84207DB13980144149803
:101F9000013B02440234EEE771D0139D581E05FB4D
:101FA00000152D145FD465455DDA149D05FB0020F6
:101FB000001458D4B84256DABDF808B09946A24683
:101FC000B9F1000F57DDBEF9087003984FEA224CB3
:101FD0000D1407FB0C0009F1FF39405D049D35F835
:101FE0001000BAF800502F124FEA202C07F0F80723
:101FF00017FB06F74FEAE5080CF0F80CED000CFBB8
:102000000B7C08F0FC08C710EDB2C00018FB06F806
:1020100015FB06F507F0FC07C0B21FFA8CFC07FBA6
:102020000B8700FB0B5080B2BFB20CF1010505EB32
:102030001C2C07F10108451C05EB102508EB17289F
:1020400013980CF4784CC5F3C4254FEA581845EAA8
:102050000C0C08F4FC68014414984CEA080C2AF8AB
:1020600002CB0244ACE7BDF808A04FF0000803EB38
:102070000800002841DC23EAE37304EB4304019BDE
:10208000002B40F3978030EE040AB7EE007AC7EEDB
:10209000007A109B70EEA40A31EE051A20EEA77AA2
:1020A000F0EE626A61EE277AFEEEC86A77EE622A87
:1020B000CDED116AFEEEC82AF0EE436A37EEC33A60
:1020C00012EE902ABEEEC83A92FBF3F313EE102AFA
:1020D0001393109B92FBF3F31493019B059AFEEE6E
:1020E000C86A013B0193CDED126A109BB0EE673ACE
:1020F00008BF1346F0EE472A2CE70F1453D4DEF83E
:102100000850BD424FDD5FEA224C4CD4DEF80C0093
:10211000604548DD03982DB20CFB0505E85D049D84
:1021200035F810006FF0010505FB08FB4FEA202C85
:1021300034F80B502F1207F0F80717FB06F74FEA99
:10214000E5090CF0F80CED000CFB0A7C09F0FC0929
:10215000C710EDB2C00019FB06F915FB06F507F034
:10216000FC07C0B21FFA8CFC07FB0A9700FB0A5061
:10217000BFB280B20CF1010505EB1C2C07F101097F
:10218000451C05EB102509EB17290CF4784CC5F319
:10219000C4254FEA591945EA0C0C09F4FC694CEACC
:1021A000090C24F80BC013980144149808F1FF3867
:1021B00002445CE707B0BDE8F08F2DE9F04F85B031
:1021C0009346139E169D70680091DDE9142400FB70
:1021D0000424326802EB44042A6801926A68DDE94B
:1021E00011EC04320292F7EE006A009A002A03DC36
:1021F000BBF1000F40F3A0800F9AB5F90890B5F934
:102200000C8002F50040109A02F50042002B0CDD14
:10221000061405D44E4503DA161401D4464505DBF1
:1022200070446244013B0234F0E70FD05E1E0EFBA7
:1022300006073F1441D504EB430698460396B8F1D0
:10224000000F59DC23EAE37304EB4304009B002BEB
:1022500072DD30EE040A70EEA40AC6EE807A0E9BA0
:1022600031EE051A20EEA77AB0EE626A61EE277AA7
:10227000BEEEC86A77EE622A8DED0F6AFEEEC82ABE
:10228000B0EE436A37EEC33A12EE902ABEEEC83A79
:1022900092FBF3FE13EE102A92FBF3FC009BBEEEC2
:1022A000C86A013B00938DED106A0E9BB0EE673A51
:1022B00008BF5B46F0EE472A97E74F45BBDA0CFBB9
:1022C00006263614B7D44645B5DA1E46A046002E7B
:1022D000B8DDB5F908A0019917144FEA20490AFBA7
:1022E0000717029917F8097031F8177028F8027B60
:1022F00070446244013EEAE75FEA204917D4AE68C1
:102300004E4514DD5FEA224A11D4EF6857450EDDD1
:10231000019F36B20AFB0676029F16F809606FF03D
:10232000010137F8167001FB08F603998F537044CA
:10233000624408F1FF3882E705B0BDE8F08F2DE96F
:10234000F04F87B0159C05929DF864200392DDE95B
:10235000162002916168DDF860C001FB0020226850
:1023600002EB40020092DCF800200492DCF804202A
:1023700004320192039AD543EDB2029A002A03DC9B
:10238000059A002A40F32C81119ABCF908E0BCF9A7
:102390000C7002F50041129A02F50042002B10DD8C
:1023A0000C1405D4744503DA141401D4BC4209DBBF
:1023B000139C00982144149C02302244013B00905D
:1023C000ECE771D0139E5C1E06FB041636145DD438
:1023D00076455BDA149E06FB0424241456D4BC42D2
:1023E00054DADDF80090BDF80CA09846B8F1000F63
:1023F00054DDBCF908700498141407FB04040E148F
:10240000019814F806E0B9F800400EEB4E0E00EB10
:102410000E0B27129BF802609BF801B010F80EE03B
:10242000139816FB0AF607F0F80707FB0567E61096
:10243000E400E4B21BFB0AFB14FB05F406F0FC0607
:10244000BFB206FB05B60EFB0A4EB6B21FFA8EFEF1
:102450007C1C04EB172706F1010B0EF1010404EBC1
:102460001E240BEB162B07F47847C4F3C4244FEA61
:102470005B1B27430BF4FC6B0144149847EA0B07E2
:1024800029F8027B024408F1FF38AFE7BDF80C9051
:102490004FF0000E03EB0E04002C43DC009A23EAFD
:1024A000E37302EB43030093029B002B40F39880FD
:1024B00030EE040AB7EE007AC7EE007A109B70EE99
:1024C000A40A31EE051A20EEA77AF0EE626A61EEF8
:1024D000277AFEEEC86A77EE622ACDED116AFEEE2B
:1024E000C82AF0EE436A37EEC33A12EE902ABEEEE7
:1024F000C83A92FBF3F313EE102A1393109B92FB4E
:10250000F3F31493029B059AFEEEC86A013B029313
:10251000CDED126A109BB0EE673A08BF1346F0EE9D
:10252000472A2AE70F1454D4DCF80860BE4250DD75
:102530005FEA22484DD4DCF80C40444549DD049C58
:1025400036B208FB06466FF0010016F80780019CC2
:1025500000FB0EFA08EB4808009804EB080B30F873
:102560000A409BF8026001989BF801B010F80880BF
:102570000098271216FB09F607F0F80707FB056716
:10258000E610E400E4B21BFB09FB14FB05F406F0C3
:10259000FC06BFB206FB05B608FB0948B6B21FFA37
:1025A00088F87C1C04EB172706F1010B08F10104E5
:1025B00004EB18240BEB162B07F47847C4F3C42460
:1025C0004FEA5B1B27430BF4FC6B47EA0B0720F831
:1025D0000A701398014414980EF1FF3E024459E723
:1025E00007B0BDE8F08F00002DE9F04F85B0F7EEA1
:1025F000006A139E0392DDE914247068169DDDF8CD
:1026000044C06F68019100FB0424326802EB44046B
:102610002A6802920437019A002A03DC039A002AEE
:1026200040F3CC800F9AB5F90890B5F90C8002F50B
:102630000040109A02F50042002B0DDD061405D46F
:102640004E4503DA161401D4464506DB129E60445B
:102650003244013B0234EFE70FD05E1E0CFB060E46
:102660005FEA2E4E43D5984604EB430AB8F1000FBB
:1026700071DC23EAE37304EB4304019B002B40F37A
:102680009D8030EE040A70EEA40AC6EE807A0E9B9E
:1026900031EE051A20EEA77AB0EE626A61EE277A73
:1026A000BEEEC86A77EE622A8DED0F6AFEEEC82A8A
:1026B000B0EE436A37EEC33A12EE902ABEEEC83A45
:1026C00092FBF3FC13EE102A92FBF3F31293019B9F
:1026D000039ABEEEC86A013B01938DED106A0E9B12
:1026E000B0EE673A08BF1346F0EE472A93E7CE45AF
:1026F000B9DA129901FB06263614B4D44645B2DA8B
:102700009846A246B8F1000FB3DDB5F908900299DA
:10271000161409FB06164FEA204E2A4916F80EE059
:102720000EEB4E0E07EB0E0B60449BF801609BF81E
:102730000290F60001EA092906F4FC6649EA060659
:1027400017F80E90129946EAD9062AF8026B0A4445
:1027500008F1FF38D6E75FEA204929D4AE684E4534
:1027600026DD5FEA224B23D4E968594520DD029932
:102770000FFA86FE0BFB0E1E6FF001011EF809E03A
:102780000EEB4E0E07EB0E0601FB08F996F802B0B1
:102790007678A1F2FE71F60001EA0B2B06F4FC66D6
:1027A0004BEA060617F80EB046EADB062AF809607F
:1027B000129960440A4408F1FF3857E705B0BDE8B4
:1027C000F08F00BF00F8FFFF2DE9F04F87B08B4678
:1027D000159804929DF864200592DDE9162441685D
:1027E000DDF860C001FB0424026802EB4404DCF85D
:1027F00000200192DCF8042004320292F7EE006A15
:10280000BBF1000F03DC049A002A40F33881119ACF
:10281000BCF90870BCF90C6002F50040129A02F590
:102820000041002B0EDD021405D4BA4203DA0A146B
:1028300001D4B24207DB139A1044149A013B1144AD
:102840000234EEE719D0139D5A1E05FB02052D1424
:1028500009D4BD4207DA149D05FB0212121402D4FA
:10286000B242C0F2AC804FF0000E03EB0E02002A21
:102870003EDC23EAE37304EB4304BBF1000F40F3B7
:10288000FE8030EE040A70EEA40AC6EE807A109B39
:10289000BBF1010B31EE051A20EEA77AB0EE626AA9
:1028A00061EE277ABEEEC86A77EE622A8DED116A74
:1028B000FEEEC82AB0EE436A37EEC33A12EE902A13
:1028C000BEEEC83A92FBF3F313EE102ABEEEC86ACE
:1028D0001393109B92FBF3F3049A14938DED126AF9
:1028E000109BB0EE673A08BF1346F0EE472A87E721
:1028F00006145DD4DCF80850B54259DD0F1457D4E6
:10290000DCF80C20BA4253DD019A2DB207FB0525F5
:10291000AA5D029D55F822502E0E49D06FF001029B
:1029200002FB0EF2039234F80280059A5643721CA1
:1029300002EB262212121FFA82F94FEA2827C5F36A
:102940000746D243D2B216FB09F607F0F80707FB99
:102950000267C5F3072A4FEAE806EDB24FEAC80856
:102960005FFA88F815FB09F508FB0255BFB21AFBA0
:1029700009FAADB206F0FC0606FB02A67A1C05F1C8
:10298000010A02EB17270AEB152AB6B2CAF3C42ACA
:1029900007F478474AEA070706F1010A0AEB162A04
:1029A0004FEA5A1A0AF4FC6A039A47EA0A07A7523E
:1029B000139A1044149A0EF1FF3E114455E74FF05C
:1029C0000008A3EB0802002A7FF753AFBCF90860A8
:1029D000019F0A14051406FB0272525D029D55F810
:1029E00022502E0E44D0059A34F818E05643721C3B
:1029F00002EB262212121FFA82F94FEA2E27C5F3A4
:102A00000746D243D2B216FB09F607F0F80707FBD8
:102A10000267C5F3072A4FEAEE06EDB24FEACE0E83
:102A20005FFA8EFE15FB09F50EFB0255BFB21AFBCD
:102A300009FAADB206F0FC0606FB02A67A1C05F107
:102A4000010A02EB17270AEB152AB6B2CAF3C42A09
:102A500007F478474AEA070706F1010A0AEB162A43
:102A60004FEA5A1A0AF4FC6A47EA0A0724F818706F
:102A7000139A1044149A08F101081144A1E707B011
:102A8000BDE8F08F2DE9F04F85B08B461398039287
:102A9000DDE914244168DDF858E001FB04240268F4
:102AA00002EB4404DEF800200092DEF80420043239
:102AB0000192F7EE006ABBF1000F03DC039A002AD3
:102AC00040F353810F9ABEF90870BEF90C6002F50D
:102AD0000041109A02F50042002B0EDD081405D4C7
:102AE000B84203DA101401D4B04207DB1198014454
:102AF0001298013B02440234EEE717D0119D581E94
:102B000005FB00152D1409D4BD4207DA129D05FB03
:102B10000020001402D4B042C0F2BC8000269819F4
:102B200000283EDC23EAE37304EB4304BBF1000F0F
:102B300040F31B8130EE040A70EEA40AC6EE807AE0
:102B40000E9BBBF1010B31EE051A20EEA77AB0EE19
:102B5000626A61EE277ABEEEC86A77EE622A8DED70
:102B60000F6AFEEEC82AB0EE436A37EEC33A12EEA1
:102B7000902ABEEEC83A92FBF3F313EE102ABEEE93
:102B8000C86A11930E9B92FBF3F3039A12938DED97
:102B9000106A0E9BB0EE673A08BF1346F0EE472A64
:102BA00089E70F1426D4DEF80850BD4222DD5FEA23
:102BB000224C1FD4DEF80C0060451BDD00982DB2BE
:102BC0000CFB0505E85D019D55F82000070EFF2F61
:102BD00016D16FF0010505FB06F7A5F2FE7505EAB3
:102BE000102C450905F4FC654CEA0505C0F3C4004A
:102BF0000543E553119801441298013E02448EE7C3
:102C0000FDB2002FF6D06FF0010777431FFA85F968
:102C100034F8078002974FEA282CC0F30747ED43AA
:102C2000EDB217FB09F70CF0F80C0CFB057CC0F3B8
:102C3000072A4FEAE807C0B24FEAC8085FFA88F8E7
:102C400010FB09F008FB050080B21FFA8CFC1AFB90
:102C500009FA07F0FC0707FB05A700F1010A0CF1D0
:102C600001050AEB102A05EB1C2CBFB2CAF3C42ADB
:102C70000CF4784C4AEA0C0C07F1010A0AEB172A0B
:102C80004FEA5A1A0AF4FC6A02984CEA0A0C24F831
:102C900000C0AFE74FF00008A3EB080000287FF763
:102CA00041AFBEF90860009F10140D1406FB0070C0
:102CB000405D019D55F820502E0EFF2E12D12C485C
:102CC00000EA1526680900F4FC603043C5F3C4052A
:102CD000284324F8180011980144129808F10108BB
:102CE0000244D9E7F0B2002EF5D034F818C01FFA2C
:102CF00080F94FEA2C27C5F30746C043C0B216FB44
:102D000009F607F0F80707FB0067C5F3072A4FEA43
:102D1000EC06EDB24FEACC0C5FFA8CFC15FB09F522
:102D20000CFB0055BFB21AFB09FAADB206F0FC0667
:102D300006FB00A6781C05F1010A00EB17270AEB39
:102D4000152AB6B2CAF3C42A07F478474AEA070735
:102D500006F1010A0AEB162A4FEA5A1A0AF4FC6A2B
:102D600047EA0A0724F81870B5E705B0BDE8F08F08
:102D700000F8FFFF2DE9F04F87B08B46159C0492B9
:102D80009DF864200592DDE916206168DDF860E0B9
:102D900001FB0020226802EB4000DEF800200192D7
:102DA000DEF804200292F7EE006ABBF1000F03DCAC
:102DB000049A002A40F34281119ABEF90870BEF9C4
:102DC0000C6002F50041129A02F50042002B0EDD64
:102DD0000C1405D4BC4203DA141401D4B44207DB4A
:102DE000139C2144149C013B22440230EEE719D08D
:102DF000139D5C1E05FB04152D1409D4BD4207DA92
:102E0000149D05FB0424241402D4B442C0F2B18002
:102E10004FF0000803EB0804002C3EDC23EAE373C8
:102E200000EB4300BBF1000F40F3088130EE040AD1
:102E300070EEA40AC6EE807A109BBBF1010B31EE56
:102E4000051A20EEA77AB0EE626A61EE277ABEEE2E
:102E5000C86A77EE622A8DED116AFEEEC82AB0EEDE
:102E6000436A37EEC33A12EE902ABEEEC83A92FB9E
:102E7000F3F313EE102ABEEEC86A1393109B92FB75
:102E8000F3F3049A14938DED126A109BB0EE673A37
:102E900008BF1346F0EE472A87E70E1462D4DEF827
:102EA0000850B5425EDD17145CD4DEF80C40BC421D
:102EB00058DD2DB207FB0565029C665D002E51D0E2
:102EC000019C34F815906FF0010404FB08F403949E
:102ED000055B059C6643741C04EB16242412A7B200
:102EE0002E12E443E4B24FEA292C06F0F80616FB52
:102EF00004F64FEAE50A0CF0F80CED000CFB076C49
:102F0000EDB24FEAE9064FEAC90915FB04F55FFA8D
:102F100089F90AF0FC0A09FB07551AFB04FA1FFAA3
:102F20008CFCADB206F0FC0606FB07A60CF1010412
:102F300005F1010A04EB1C2C0AEB152AB6B2CAF300
:102F4000C42A0CF4784C4AEA0C0C06F1010A0AEB8C
:102F5000162A4FEA5A1A0AF4FC6A039C4CEA0A0C35
:102F600020F804C0139C2144149C08F1FF3822442B
:102F700050E74FF00009A3EB0904002C7FF74EAF98
:102F8000BEF908600D14141406FB0454029D2E5D56
:102F9000002E4CD0019D35F81480059C30F8195056
:102FA0006643741C04EB16242412A7B22E12E443C9
:102FB000E4B24FEA282C06F0F80616FB04F64FEAB6
:102FC000E50A0CF0F80CED000CFB076CEDB24FEAD3
:102FD000E8064FEAC80815FB04F55FFA88F80AF01E
:102FE000FC0A08FB07551AFB04FA1FFA8CFCADB269
:102FF00006F0FC0606FB07A60CF1010405F1010A28
:1030000004EB1C2C0AEB152AB6B2CAF3C42A0CF442
:10301000784C4AEA0C0C06F1010A0AEB162A4FEA30
:103020005A1A0AF4FC6A4CEA0A0C20F819C0139CDC
:103030002144149C09F1010922449CE707B0BDE832
:10304000F08F2DE9F04F85B08B46139C0392DDE99C
:1030500014206168DDF8588001FB0020226802EB33
:103060004000D8F800200092D8F804200192F7EE32
:10307000006ABBF1000F03DC039A002A40F346818B
:103080000F9AB8F90870B8F90C6002F50041109A6F
:1030900002F50042002B0EDD0C1405D4BC4203DA0D
:1030A000141401D4B44207DB119C2144129C013B4F
:1030B00022440230EEE717D0119D5C1E05FB04157B
:1030C0002D1409D4BD4207DA129D05FB04242414F3
:1030D00002D4B442C0F2B38000269C19002C3EDC1E
:1030E00023EAE37300EB4300BBF1000F40F30E81D2
:1030F00030EE040A70EEA40AC6EE807A0E9BBBF195
:10310000010B31EE051A20EEA77AB0EE626A61EE8D
:10311000277ABEEEC86A77EE622A8DED0F6AFEEE60
:10312000C82AB0EE436A37EEC33A12EE902ABEEEDA
:10313000C83A92FBF3F313EE102ABEEEC86A11935D
:103140000E9B92FBF3F3039A12938DED106A0E9B84
:10315000B0EE673A08BF1346F0EE472A89E70F142E
:1031600018D4D8F80850BD4214DD5FEA224C11D4BF
:10317000D8F80C4064450DDD2DB20CFB0575019CA3
:10318000645DFF2C0CD1009C34F815506FF00104E5
:1031900074430553119C2144129C013E22449CE738
:1031A000002CF7D0009F37F815906FF0010575439C
:1031B0000295455B1FFA84FC2F12E443E4B24FEA08
:1031C000292E07F0F80717FB04F74FEAE50A0EF07F
:1031D000F80EED000EFB0C7EEDB24FEAE9074FEA68
:1031E000C90915FB04F55FFA89F90AF0FC0A09FB25
:1031F0000C551AFB04FA1FFA8EFEADB207F0FC075D
:1032000007FB0CA70EF1010405F1010A04EB1E2EC9
:103210000AEB152ABFB2CAF3C42A0EF4784E4AEA62
:103220000E0E07F1010A0AEB172A4FEA5A1A0AF49E
:10323000FC6A029C4EEA0A0E20F804E0AAE74FF06E
:103240000009A3EB0904002C7FF74AAFB8F9086026
:1032500014140D1406FB0455019C645DFF2C0BD166
:10326000009C34F8154020F81940119C2144129C10
:1032700009F101092244E4E7002CF6D0009E36F85B
:1032800015E030F81950A7B22E12E443E4B24FEA29
:103290002E2C06F0F80616FB04F64FEAE50A0CF0B1
:1032A000F80CED000CFB076CEDB24FEAEE064FEAAE
:1032B000CE0E15FB04F55FFA8EFE0AF0FC0A0EFB3B
:1032C00007551AFB04FA1FFA8CFCADB206F0FC0697
:1032D00006FB07A60CF1010405F1010A04EB1C2C06
:1032E0000AEB152AB6B2CAF3C42A0CF4784C4AEA9F
:1032F0000C0C06F1010A0AEB162A4FEA5A1A0AF4D4
:10330000FC6A4CEA0A0C20F819C0AEE705B0BDE82B
:10331000F08F2DE9F04F85B0139803929DF85C2053
:103320000192DDE9142400914168DDF858E001FBC9
:103330000424026802EB4404DEF800200292019AA1
:10334000D643F6B2009A002A03DC039A002A40F31F
:1033500024810F9ABEF908C0BEF90C7002F5004135
:10336000109A02F50042002B0EDD081405D46045CA
:1033700003DA101401D4B84207DB11980144129803
:10338000013B02440234EEE76ED0119D581E05FB4E
:1033900000152D145CD465455ADA129D05FB0020FA
:1033A000001455D4B84253DABDF804B09946A24689
:1033B000B9F1000F54DDBEF908700D14101407FBAD
:1033C0000050029D35F81000BAF800502F124FEA55
:1033D000202C07F0F80717FB06F74FEAE5080CF07A
:1033E000F80CED000CFB0B7C08F0FC08C710EDB2EC
:1033F000C00018FB06F815FB06F507F0FC07C0B285
:103400001FFA8CFC07FB0B8700FB0B5080B2BFB28E
:103410000CF1010505EB1C2C07F10108451C05EB1F
:10342000102508EB172811980CF4784CC5F3C42527
:103430004FEA581845EA0C0C08F4FC68014412984D
:103440004CEA080C2AF802CB024409F1FF39AFE735
:10345000BDF804A04FF0000803EB0800002841DC91
:1034600023EAE37304EB4304009B002B40F39580B5
:1034700030EE040AB7EE007AC7EE007A0E9B70EECB
:10348000A40A31EE051A20EEA77AF0EE626A61EE28
:10349000277AFEEEC86A77EE622ACDED0F6AFEEE5D
:1034A000C82AF0EE436A37EEC33A12EE902ABEEE17
:1034B000C83A92FBF3F313EE102A11930E9B92FB82
:1034C000F3F31293009B039AFEEEC86A013B00934C
:1034D000CDED106A0E9BB0EE673A08BF1346F0EED2
:1034E000472A2FE70F1451D4DEF80850BD424DDDB6
:1034F0005FEA224C4AD4DEF80C00604546DD2DB26E
:103500000CFB0575029830F815006FF0010505FBFE
:1035100008FB4FEA202C34F80B502F1207F0F80765
:1035200017FB06F74FEAE5090CF0F80CED000CFB71
:103530000A7C09F0FC09C710EDB2C00019FB06F9BE
:1035400015FB06F507F0FC07C0B21FFA8CFC07FB61
:103550000A9700FB0A50BFB280B20CF1010505EBDF
:103560001C2C07F10109451C05EB102509EB172957
:103570000CF4784CC5F3C4254FEA591945EA0C0CF4
:1035800009F4FC694CEA090C24F80BC011980144B9
:10359000129808F1FF3802445EE705B0BDE8F08FED
:1035A0002DE9F04F85B09346139E169D70680191EA
:1035B000DDE9142400FB04243268DDE911EC02EBA0
:1035C00044042A680292F7EE006A019A002A03DC9A
:1035D000BBF1000F40F39A800F9AB5F90890B5F946
:1035E0000C8002F50040109A02F50042002B0CDD21
:1035F000061405D44E4503DA161401D4464505DBFE
:1036000070446244013B0234F0E70FD05E1E0EFBB3
:1036100006073F1441D504EB430698460396B8F1DC
:10362000000F56DC23EAE37304EB4304019B002BF9
:103630006CDD30EE040A70EEA40AC6EE807A0E9BB2
:1036400031EE051A20EEA77AB0EE626A61EE277AB3
:10365000BEEEC86A77EE622A8DED0F6AFEEEC82ACA
:10366000B0EE436A37EEC33A12EE902ABEEEC83A85
:1036700092FBF3FE13EE102A92FBF3FC019BBEEECD
:10368000C86A013B01938DED106A0E9BB0EE673A5C
:1036900008BF5B46F0EE472A97E74F45BBDA0CFBC5
:1036A00006263614B7D44645B5DA1E46A046002E87
:1036B000B8DDB5F908A0029917144FEA20490AFBB2
:1036C0000797704431F8177028F8027B6244013E76
:1036D000EDE75FEA204914D4AE684E4511DD5FEA9C
:1036E000224A0ED4EF6857450BDD36B20AFB069628
:1036F000029F6FF0010137F8167001FB08F603997D
:103700008F537044624408F1FF3888E705B0BDE884
:10371000F08F2DE9F04F87B08B46159803929DF8F6
:1037200064200492DDE916254168DDF8609001FB14
:103730000525026802EB4505D9F800200192F7EE55
:10374000006ABBF1000F03DC039A002A40F35981A1
:10375000119AB9F90870B9F90C6002F50040129A93
:1037600002F50041002B0EDD021405D4BA4203DA43
:103770000A1401D4B24207DB139A1044149A013B95
:1037800011440235EEE717D0139C5A1E04FB0204C5
:10379000241409D4BC4207DA149C04FB021212144C
:1037A00002D4B242C0F2BF800027DA19002A3EDC00
:1037B00023EAE37305EB4305BBF1000F40F32181DE
:1037C00030EE040A70EEA40AC6EE807A109BBBF1BC
:1037D000010B31EE051A20EEA77AB0EE626A61EEB7
:1037E000277ABEEEC86A77EE622A8DED116AFEEE88
:1037F000C82AB0EE436A37EEC33A12EE902ABEEE04
:10380000C83A92FBF3F313EE102ABEEEC86A139384
:10381000109B92FBF3F3039A14938DED126A109BA5
:10382000B0EE673A08BF1346F0EE472A89E7061460
:103830002DD4D9F80840B44229DD5FEA214C26D4C2
:10384000D9F80C20624522DD24B2019A0CFB0464F5
:1038500052F82440220E1AD0049E7243561C06EBE6
:1038600022221212260AFF2A059616D16FF00102B3
:1038700002FB07FC26F4FF66620902F4FC6226F0F4
:1038800007061643C4F3C404264325F80C60139AB4
:103890001044149A013F114487E76FF001067E43FC
:1038A0001FFA82FA35F8068002964FEA282EC4F3F2
:1038B000074CD243D2B21CFB0AFC0EF0F80E0EFBF2
:1038C00002CEE4B24FEAE80C4FEAC8089DF8146053
:1038D0005FFA88F814FB0AF408FB02441FFA8EFE14
:1038E00016FB0AF6A4B20CF0FC0C0CFB026C0EF1F9
:1038F0000102661C02EB1E2E06EB14261FFA8CFC3E
:10390000C6F3C4260EF4784E46EA0E0E0CF10106FC
:1039100006EB1C26760906F4FC66029A4EEA060EB1
:1039200025F802E0B3E74FF00008A3EB0802002AF5
:103930007FF73EAFB9F9086004140A1406FB02428F
:10394000019C54F82240220E16D0049E7243561C4D
:1039500006EB22221212FF2A4FEA142613D1620923
:1039600026F4FF6602F4FC6226F007061643C4F351
:10397000C404264325F81860139A1044149A08F1D9
:1039800001081144D1E735F818E01FFA82FA4FEA2E
:103990002E2CC4F30747D243D2B217FB0AF70CF020
:1039A000F80C0CFB027CE4B24FEAEE074FEACE0EB5
:1039B0005FFA8EFE14FB0AF40EFB0244F6B21FFA05
:1039C0008CFC16FB0AF6A4B207F0FC0707FB0267A3
:1039D0000CF10102661C02EB1C2C06EB1426BFB294
:1039E000C6F3C4260CF4784C46EA0C0C7E1C06EB9D
:1039F0001726760906F4FC664CEA060C25F818C072
:103A0000BAE707B0BDE8F08F2DE9F04F85B08B46DF
:103A100013980392DDE914244168DDF8588001FB16
:103A20000424026802EB4404D8F800200192F7EE67
:103A3000006ABBF1000F03DC039A002A40F34F81B8
:103A40000F9AB8F90870B8F90C6002F50041109AA5
:103A500002F50042002B0EDD081405D4B84203DA4B
:103A6000101401D4B04207DB119801441298013BB5
:103A700002440234EEE717D0119D581E05FB0015D5
:103A80002D1409D4BD4207DA129D05FB0020001455
:103A900002D4B042C0F2BA800026981900283EDC59
:103AA00023EAE37304EB4304BBF1000F40F31781F7
:103AB00030EE040A70EEA40AC6EE807A0E9BBBF1CB
:103AC000010B31EE051A20EEA77AB0EE626A61EEC4
:103AD000277ABEEEC86A77EE622A8DED0F6AFEEE97
:103AE000C82AB0EE436A37EEC33A12EE902ABEEE11
:103AF000C83A92FBF3F313EE102ABEEEC86A119394
:103B00000E9B92FBF3F3039A12938DED106A0E9BBA
:103B1000B0EE673A08BF1346F0EE472A89E70F1464
:103B200024D4D8F80850BD4220DD5FEA224C1DD4D1
:103B3000D8F80C00604519DD2DB20CFB0575019815
:103B400050F82500070EFF2F16D16FF0010505FB79
:103B500006F7A5F2FE7505EA102C450905F4FC658B
:103B60004CEA0505C0F3C4000543E5531198014430
:103B70001298013E024490E7FDB2002FF6D06FF09C
:103B8000010777431FFA85F934F807E002974FEAF7
:103B90002E2CC0F30747ED43EDB217FB09F70CF0ED
:103BA000F80C0CFB057CC0F3072A4FEAEE07C0B205
:103BB0004FEACE0E5FFA8EFE10FB09F00EFB0500F9
:103BC00080B21FFA8CFC1AFB09FA07F0FC0707FB0E
:103BD00005A700F1010A0CF101050AEB102A05EB1B
:103BE0001C2CBFB2CAF3C42A0CF4784C4AEA0C0C61
:103BF00007F1010A0AEB172A4FEA5A1A0AF4FC6A7B
:103C000002984CEA0A0C24F800C0AFE74FF0000E0F
:103C1000A3EB0E0000287FF743AFB8F908600D143E
:103C2000101406FB0050019D55F820502E0EFF2E5B
:103C300012D12C4800EA1526680900F4FC603043D4
:103C4000C5F3C405284324F81E00119801441298B6
:103C50000EF1010E0244DBE7F0B2002EF5D034F88D
:103C60001EC01FFA80F94FEA2C27C5F30746C04350
:103C7000C0B216FB09F607F0F80707FB0067C5F3AB
:103C8000072A4FEAEC06EDB24FEACC0C5FFA8CFC47
:103C900015FB09F50CFB0055BFB21AFB09FAADB2D2
:103CA00006F0FC0606FB00A6781C05F1010A00EBF5
:103CB00017270AEB152AB6B2CAF3C42A07F47847C5
:103CC0004AEA070706F1010A0AEB162A4FEA5A1ACE
:103CD0000AF4FC6A47EA0A0724F81E70B5E705B043
:103CE000BDE8F08F00F8FFFF2DE9F04F87B08B465D
:103CF000159803929DF864200492DDE9162441682A
:103D0000DDF8609001FB0424026802EB4404D9F85A
:103D10000820013222F001020092D9F8002001921D
:103D2000F7EE006ABBF1000F03DC039A002A40F3B0
:103D30006981119AB9F90870B9F90C6002F500406F
:103D4000129A02F50041002B0EDD021405D4BA428E
:103D500003DA0A1401D4B24207DB139A1044149A0E
:103D6000013B11440234EEE717D0139D5A1E05FBA8
:103D700002052D1409D4BD4207DA149D05FB021279
:103D8000121402D4B242C0F2C7800027DA19002A06
:103D90003EDC23EAE37304EB4304BBF1000F40F382
:103DA000318130EE040A70EEA40AC6EE807A109BD0
:103DB000BBF1010B31EE051A20EEA77AB0EE626A74
:103DC00061EE277ABEEEC86A77EE622A8DED116A3F
:103DD000FEEEC82AB0EE436A37EEC33A12EE902ADE
:103DE000BEEEC83A92FBF3F313EE102ABEEEC86A99
:103DF0001393109B92FBF3F3039A14938DED126AC5
:103E0000109BB0EE673A08BF1346F0EE472A89E7E9
:103E1000051435D4D9F80820AA4231DD0E142FD468
:103E2000D9F80C20B2422BDD009A06FB02556A0835
:103E3000019EB25CEE0754BF02F00F02121102EBBA
:103E40000212D2B2E2B1049D6A43551C05EB222254
:103E50006E4D2D6812122E0AFF2A059616D16FF0AC
:103E6000010202FB07FC26F4FF666A0902F4FC6209
:103E700026F007061643C5F3C4052E4324F80C604C
:103E8000139A1044149A013F11447FE76FF0010622
:103E90007E431FFA82FA34F8068002964FEA282EF3
:103EA000C5F3074CD243D2B21CFB0AFC0EF0F80E4D
:103EB0000EFB02CEEDB24FEAE80C4FEAC8089DF8BF
:103EC00014605FFA88F815FB0AF508FB02551FFA23
:103ED0008EFE16FB0AF6ADB20CF0FC0C0CFB026C6D
:103EE0000EF101026E1C02EB1E2E06EB15261FFAC8
:103EF0008CFCC6F3C4260EF4784E46EA0E0E0CF186
:103F0000010606EB1C26760906F4FC66029A4EEAC8
:103F1000060E24F802E0B3E74FF00008A3EB080216
:103F2000002A7FF736AF009E02140D1406FB05250C
:103F30006A08019EB25CED0754BF02F00F02121135
:103F400002EB0212D2B2C2B1049D6A43551C05EBCA
:103F500022222E4D12122E68FF2A4FEA162513D167
:103F6000720925F4FF6502F4FC6225F0070515438C
:103F7000C6F3C406354324F81850139A1044149A13
:103F800008F101081144C9E734F818E01FFA82FA71
:103F90004FEA2E2CC6F30747D243D2B217FB0AF7DB
:103FA0000CF0F80C0CFB027CF6B24FEAEE074FEA7D
:103FB000CE0E5FFA8EFE16FB0AF60EFB0266EDB21F
:103FC0001FFA8CFC15FB0AF5B6B207F0FC0707FBDD
:103FD00002570CF10102751C02EB1C2C05EB162597
:103FE000BFB2C5F3C4250CF4784C45EA0C0C7D1C1B
:103FF00005EB17256D0905F4FC654CEA050C24F862
:1040000018C0BAE707B0BDE8F08F00BF94340120B4
:104010002DE9F04F87B0DFF80C8315980592DDE9A4
:10402000162401914168DDF860B001FB04240268A8
:1040300002EB4404DBF80820013222F00102029274
:10404000DBF800200392F7EE006A019A002A03DCF5
:10405000059A002A40F36281119ABBF90870BBF9F6
:104060000C6002F50040129A02F50041002B0EDDB3
:10407000021405D4BA4203DA0A1401D4B24207DBAF
:10408000139A1044149A013B11440234EEE717D0FE
:10409000139D5A1E05FB02052D1409D4BD4207DAF3
:1040A000149D05FB0212121402D4B242C0F2C38066
:1040B00000255A19002A3FDC23EAE37304EB43048A
:1040C000019B002B40F32A8130EE040A70EEA40A13
:1040D000C6EE807A109B31EE051A20EEA77AB0EE7C
:1040E000626A61EE277ABEEEC86A77EE622A8DEDCB
:1040F000116AFEEEC82AB0EE436A37EEC33A12EEFA
:10410000902ABEEEC83A92FBF3F313EE102A1393F3
:10411000109B92FBF3F31493019B059ABEEEC86AC1
:10412000013B01938DED126A109BB0EE673A08BF18
:104130001346F0EE472A88E706142CD4DBF8082053
:10414000B24228DD0F1426D4DBF80C20BA4222DD5F
:10415000029A07FB02667208039FBA5CF60754BF17
:1041600002F00F02121102EB0212D2B2FF2A18D192
:10417000D8F800206FF0010606FB05F7A6F2FE76E0
:1041800006EA122C560906F4FC664CEA0606C2F34F
:10419000C4021643E653139A1044149A013D114485
:1041A00087E7002AF7D06FF001066E43D8F800C009
:1041B00034F806E004961FFA82F94FEA2E27CCF372
:1041C0000746D243D2B216FB09F607F0F80707FB01
:1041D0000267CCF3072A4FEAEE065FFA8CFC4FEA3F
:1041E000CE0E5FFA8EFE1CFB09FC0EFB02CCBFB2AA
:1041F0001AFB09FA1FFA8CFC06F0FC0606FB02A665
:104200007A1C0CF1010A02EB17270AEB1C2AB6B242
:10421000CAF3C42A07F478474AEA070706F1010AF5
:104220000AEB162A4FEA5A1A0AF4FC6A049A47EA79
:104230000A07A752AFE74FF0000EA3EB0E02002AC9
:104240007FF73AAF029E02140D1406FB05256A089B
:10425000039EB25CED0754BF02F00F02121102EB95
:104260000212D2B2FF2A15D1D8F80050A2F6FF02EE
:1042700002EA15266A0902F4FC623243C5F3C4055A
:104280002A4324F81E20139A1044149A0EF1010EAA
:104290001144D2E7002AF6D0D8F8007034F81EC0D6
:1042A0001FFA82F94FEA2C26C7F30745D243D2B250
:1042B00015FB09F506F0F80606FB0256C7F3072AB8
:1042C0004FEAEC05FFB24FEACC0C5FFA8CFC17FB0F
:1042D00009F70CFB0277B6B21AFB09FABFB205F078
:1042E000FC0505FB02A5721C07F1010A02EB16266C
:1042F0000AEB172AADB2CAF3C42A06F478464AEA92
:10430000060605F1010A0AEB152A4FEA5A1A0AF4C1
:10431000FC6A46EA0A0624F81E60B4E707B0BDE866
:10432000F08F00BF9434012070477047704770478A
:1043300070477047704770477047704770477047C5
:1043400070477047704770477047704770477047B5
:1043500070477047704770477047704770477047A5
:10436000704770477047704770472DE9F04788B035
:1043700008AC064624F80C3D204688469146FDF7D9
:1043800031FC3368054620469F69FDF739FB8246BC
:104390002046FDF769FB0095CDE901A04B4606A834
:1043A00042463146B847284608B0BDE8F0870000CD
:1043B0002DE9FF47002300933D4B1B78002B37D19D
:1043C0003C4AB2F90020ADF80420002B32D13A4B20
:1043D000B3F9003008684968ADF8063002AC02ABAA
:1043E00003C369462046F9F739FF6846F9F70EFF1F
:1043F000BDF80830BDF80020304D1344ADF808304A
:10440000BDF80220BDF80A3028681344ADF80A3020
:104410000368DB6B984710F0010F2F460CD028681B
:10442000036894E806001B6E984704B0BDE8F08767
:10443000214AC6E71F4BCBE73868BDF90C800368FB
:10444000BDF90E505B6B9847BDF90830BDF80A20E6
:10445000BDF8046016FB023600EB460638680368B8
:10446000DB6A9847134ABDF90A401388BDF9081062
:1044700003FB041400EB44045D4304EB45054FEAE1
:10448000480891463868AC4203680ED2D3F838A089
:10449000324643462146D047B9F8003004EB430486
:1044A000BDF9043006EB4306ECE71B6B9847BCE70D
:1044B0007C3401207E3401208034012084340120AA
:1044C0002DE9F04F8BB00F469DF850B09DF8544049
:1044D0001646BBF1000F4AD01068516806AD03C5FF
:1044E0001868596808AD03C506A8F9F78FFE31466C
:1044F00008A8F9F7B3FEBDF92020BDF92230BDF8B8
:104500001C60BDF92480BDF9265016FB032107EB82
:104510004106BDF818105F4F0A44ADF82020BDF8E1
:104520001A2038681344ADF822300368DB6B9847D3
:10453000BBF1FF0FB9461DD1FCB910F0010F1CD023
:10454000D9F80000BDF822300168CDF80CB0002782
:10455000CDE90447BDF81C400294ADB21FFA88F4BF
:10456000019500948C6CBDF820203146A0470BB01B
:10457000BDE8F08F10F0040FE1E7D9F80000036800
:10458000DB6A9847444BBDF922401A88BDF92010D8
:10459000BBF1FF0F02FB041400EB44049A4605FB39
:1045A00002F54FEA480759D0CBF1FF0904EB450566
:1045B0001FFA8BF21FFA89F99E46AC4264D204EBD3
:1045C000070A54453DD2218836F8023B08124FEACB
:1045D000232C00F0F80010FB09F04FEAE10B0CF07F
:1045E000F80CC9000CFB020C0BF0FC0BD810C9B284
:1045F000DB001FFA8CFC1BFB09FB00F0FC00DBB2AC
:1046000011FB09F100FB02B003FB02130CF1010BDB
:104610009BB20BEB1C2C80B20CF4784B03F1010C19
:104620000CEB132C431C03EB1020CCF3C42C4009DF
:104630004CEA0B0C00F4FC604CEA000C24F802CBB2
:10464000BFE7BEF80030A3EB080304EB4304BDF959
:104650001C30A3EB080306EB4306AEE704EB45056D
:10466000D9F80000AC4203680ED2D3F83880324645
:104670003B462146C047BAF8003004EB4304BDF97D
:104680001C3006EB4306EBE7024B186803681B6B14
:1046900098476CE7843401207E34012010B58C21CA
:1046A00004460CF04BFA204610BD10B50421044618
:1046B0000CF044FA204610BD10B5042104460CF05D
:1046C0003DFA204610BD10B540F6440104460CF0FA
:1046D00035FA204610BD10B54FF4827104460CF037
:1046E0002DFA204610BD10B5042104460CF026FA20
:1046F000204610BD10B5042104460CF01FFA2046D8
:1047000010BD10B5042104460CF018FA204610BD67
:1047100010B5042104460CF011FA204610BD10B566
:10472000042104460CF00AFA204610BD10B50421FD
:1047300004460CF003FA204610BD10B504210446CF
:104740000CF0FCF9204610BD10B5042104460CF015
:10475000F5F9204610BD10B5042104460CF0EEF921
:10476000204610BD10B5042104460CF0E7F92046A0
:1047700010BD10B5042104460CF0E0F9204610BD30
:1047800010B5042104460CF0D9F9204610BD10B52F
:10479000042104460CF0D2F9204610BD10B50421C6
:1047A00004460CF0CBF9204610BD10B50421044698
:1047B0000CF0C4F9204610BD10B5042104460CF0DD
:1047C000BDF9204610BD10B5042104460CF0B6F921
:1047D000204610BD10B5042104460CF0AFF9204668
:1047E00010BD10B5042104460CF0A8F9204610BDF8
:1047F00010B5042104460CF0A1F9204610BD10B5F7
:10480000042104460CF09AF9204610BD10B504218D
:1048100004460CF093F9204610BD10B5042104465F
:104820000CF08CF9204610BD10B5042104460CF0A4
:1048300085F9204610BD10B5042104460CF07EF920
:10484000204610BD10B5042104460CF077F920462F
:1048500010BD10B5042104460CF070F9204610BDBF
:1048600010B5042104460CF069F9204610BD000083
:104870002DE9F04F8FB016469DF8602005928246D4
:104880000D46002A00F0B782306871680AAC03C494
:10489000186859680CAC03C40AA8F9F7B7FC31468C
:1048A0000CA8F9F7DBFCBDF92C20B2F5806FD7BF5F
:1048B00093B201234FF4806191FBF3F3009305F170
:1048C000080300990693BDF92E300B44013B93FB7E
:1048D000F1F30699013B9BB201EB83030793009927
:1048E000BDF9323093FBF1F084B20294029D009C3A
:1048F000BDF8301005FB143414FB02F40C44A4B2D0
:10490000002D6CD06A1E069850F82260079A36BABD
:104910001644BDF82820BDF93650DFF83493114411
:10492000BDF82A20ADF830101344ADF83230BDF98F
:1049300034300193C44B18680368DB6A9847C34B53
:10494000BDF930201B88BDF9328003FB082800EB3D
:1049500048086B4308EB430309930025BDF92C304D
:1049600094FBF3F304930AF104034FF48072294695
:10497000184608930EF04BFA099B434540F23682E5
:10498000032207210B20002C00F031813378DBB2A9
:10499000FE2B26D196F801E096F802C096F803B0F7
:1049A0005FFA8EFE5FFA8CFC6EF307056CF30F2541
:1049B0005FFA8BFB0CEB8C0C6BF3174512FB0BCCEB
:1049C0002B0E11FB0ECC10FB03C303F03F030AEBCD
:1049D0008303013C371DA4B25D603E46D3E7079ECA
:1049E00097E7FF2B27D196F801C0B37896F803E03C
:1049F00096F804B05FFA8CFCDBB26CF3070563F346
:104A00000F255FFA8EFE03EB830312FB0E335FFA72
:104A10008BFB6EF3174511FB0C336BF31F6510FB1B
:104A20000B3B0BF03F0B0AEB8B0B013C771DA4B249
:104A3000CBF80450D1E75FEAA31C06F1010707D1C8
:104A400003F03F030AEB83035D68013CA4B2C4E7B3
:104A5000BCF1010F2CD103F0030EAEF1020E05EBF9
:104A6000CE0E5FFA8EFE03F00C0C6EF30705ACF170
:104A7000080C0CEB152C0CF0FF0C6CF30F25C3F39A
:104A80000113C5F30746023B06EBC303DBB20CEB95
:104A90008C0C63F3174512FB03CC2E0E11FB0ECCCE
:104AA00010FB06C606F03F060AEB86067560CCE7EB
:104AB000BCF1020F03F03F032AD1B71C7678F6B29F
:104AC00006F00F0C203BACF1080C9C4405EBCC0C21
:104AD0005FFA8CFC6CF30705C5F3072E0EEB830E13
:104AE0005FFA8EFE36116EF30F25083E3344C5F390
:104AF000074606EBC303DBB20EEB8E0E63F31745DE
:104B000012FB03EE2E0E11FB0CEE10FB06E6C9E7BE
:104B10005E1CA6424EDD361B002E4EDCDDF804B0D6
:104B20000024BBF1000F40F322817B1C03933B78F0
:104B3000DBB2FE2B60D17978BA78F878C9B261F32C
:104B40000705D2B23B1D62F30F25C0B2039302EBFF
:104B50008202032313FB002260F31745072313FB94
:104B600001212E0E0B2313FB061303F03F030AEB68
:104B700083035D60012637462B0EABEB070BA6EBDC
:104B8000070640F0D3808CB14846A100ECF7BEFD8B
:104B9000059B224649464046ECF706FE2C4B2D4A23
:104BA000994508BF134608EB4408994608EB4708A7
:104BB0000024DAE0A61BB4B20FE7019B019AB342CE
:104BC000A8BF33462C0EA2EB030BA6EB03060BD0BB
:104BD000A9F104011A46002A02DC23EAE374A0E7E3
:104BE00041F8045F013AF6E708EB430899E73746D6
:104BF000DDF804B0264694E7FF2B1DD17878BA780B
:104C0000FE787B1DC0B203933B7960F30705D2B2F7
:104C1000D9B262F30F25F6B2032302EB820213FB33
:104C20000622072313FB002066F317450B2361F3CD
:104C30001F6513FB010398E79E110DD103F03F039D
:104C40000AEB83035D6895E7843401207E340120FC
:104C50008001002080020020012E4FEA15612BD137
:104C600003F00300023805EBC000C0B203F00C02F1
:104C700060F30705083A02EB152202F0FF0262F327
:104C80000F25C3F301139F1EC5F3074303EBC703AF
:104C9000DBB2032702EB820217FB0322072763F331
:104CA000174517FB00200B2313FB010101F03F0107
:104CB0000AEB81014D605EE7022E03F03F032FD126
:104CC0007878BA1CC0B2039200F00F02203B083A79
:104CD0001A4405EBC202D2B262F30705C5F30726F8
:104CE00006EB8306F6B2001166F30F25083803447D
:104CF000C5F3074000EBC303DBB2032006EB8606D7
:104D000010FB0366072063F3174510FB02620B23B9
:104D100013FB012101F03F010AEB81014D6029E7FE
:104D20005E1CB3455F46A8BF374625E73B19402BBD
:104D300013DD4846A100ECF7E9FC4946059B2246F5
:104D40004046ECF731FD2D4B99450CBFDFF8B8908C
:104D5000DFF8A89008EB4408002409EB84023B46E6
:104D6000013B42F8045BFBD13C44039FD9E65CB1B4
:104D7000A1004846ECF7CAFC4046059B224649463E
:104D8000ECF712FD08EB44081D4B019A1B889B1A97
:104D900008EB4308049B01330493049A009B93425D
:104DA0001DD1029B029ABDF83040BDF828600898DA
:104DB00003F1010B069B53F82270079B00253FBAB5
:104DC000A41B4FF4807229461F44A4B20EF01FF8B2
:104DD000CDF808B00495ECF78FFC3E46CCE5BDF865
:104DE0002C40019BE41AA41BA4B2F4E7054B1868FD
:104DF00003681B6B98470FB0BDE8F08F800100205F
:104E00007E34012084340120800200202DE9F04FFF
:104E10008FB01C4605929DF864200091189B01926A
:104E2000002A00F01581206861680AAA03C2186888
:104E300059680CAA03C20AA8F9F7E8F921460CA898
:104E4000F9F70CFABDF92C60BDF92E50BDF8300011
:104E5000B6F5806FDEBFB3B24FF4806292FBF3F31E
:104E6000BDF93220C8BF012392FBF3F11FFA81FC88
:104E70000CFB132414FB06F41D4404446146013D5D
:104E8000A4B295FBF3F531B1059B009953F82C3092
:104E90001BBA19440091BDF82830BDF93480BDF922
:104EA00036601844BDF82A30ADF830001A446A4B19
:104EB000ADF8322018680368DB6A98476749BDF986
:104EC00032200B88BDF930C0099103FB02C200EB10
:104ED00042007343ADB200EB4303AD0006932B1DBC
:104EE0000793019BBDF804100391C3F1FF02002C4E
:104EF0000CBFC6464FF0000E002392B21FFA8EFE82
:104F000002930492069A824240F29D8063B9009B0C
:104F10001A78930902F03F0202925A1E022A15D80B
:104F2000009A013200929BB2B4B19C4295BF1C1B07
:104F3000E41A1FFA84FAA4B287BF71464FF0000A40
:104F40001FFA88F1002453468E46DBE7009A009B47
:104F500002325B780092E7E7022215460799029A2F
:104F600015FB02120599734531F802C0019A2BBF57
:104F7000A3EB0E0AAEEB0301F146994627BF1FFAD9
:104F80008AFA214689B2A246FF2A4FEA490905D189
:104F90008144814545D020F802CBFAE7039D4FEAD2
:104FA0002C224FEAEC0B02F0F8024FEACC0C6A43D9
:104FB0000BF0FC0B5FFA8CFC08920BFB05FB0CFB67
:104FC00005FC814481452CD00288049D049F161263
:104FD00006F0F80616FB05F6089D2E44D510D20003
:104FE000D2B212FB07F2B6B205F0FC05624415FB23
:104FF00007F592B2771C07EB1626571C5D4407EBAA
:105000001222ADB2C2F3C42206F4784616436A1CDB
:1050100002EB15256D0905F4FC652E4320F8026BA3
:10502000D0E773458FD3BDF82C40099B1FFA88F158
:10503000641A1B88A4B2002CA3EB080318BF00213C
:1050400000EB43007FE7044B186803681B6B98472D
:105050000FB0BDE8F08F00BF843401207E34012002
:105060002DE9F04F9FB0CDE913129DF8A4200992CD
:105070001D460446289B002A00F0EB8128686968D9
:105080001AAA03C2186859681CAA03C21AA8F9F719
:10509000BDF829461CA8F9F7E1F8BDF96C30BDF957
:1050A0006E80BDF97660B3F5806FD7BF9AB20122EA
:1050B0004FF4806191FBF2F202920298BDF97220E6
:1050C00092FBF0F080B2109002990298109D8844F3
:1050D00005FB102515FB03F508F1FF38BDF8683016
:1050E00098FBF1F8BDF870100D441944BDF86A3012
:1050F000ADF870101A44BDF974300493954BADF8B7
:10510000722018680368DB6A9847934BBDF97210E8
:105110001A88BDF97070189302FB017100EB410011
:10512000564300EB460208F101080A92149ABDF8B2
:1051300024300F931FFA88F802EB880808F1040264
:105140001192099A854BC2F1FF02ADB21592002D62
:10515000049A4FF0000118BF00221B1B92B20D9160
:10516000199310990D9B11FA83F3149901EB8303A2
:10517000043306930A9B834240F266810299BDF88C
:105180006C30B5FBF3F3CB1A9BB21693069B069ECD
:1051900059789B78367812961B0243EA01430699A8
:1051A000C9780B4313990136194405964E1C039692
:1051B0004978139E0902F35C01F4FF7119438BB225
:1051C0000C9300234FF0010A07939C46BDF854301E
:1051D00084F80418D34657460E93002D7ED0AF4274
:1051E0006ED20A9B0192ED1B8342ADB202D873E0EE
:1051F000002B5FD1039B5B78CBF1070293405B00F0
:1052000003F4FF72039B1B7843FA0BF3DBB21343E7
:105210000BF101025FFA82FB039ABBF1080F15BF85
:105220000132023203920392129A9FB208BF4FF0EA
:10523000000BBA4209D384F804380123059AB2F569
:10524000007F0ED39A46002635E0059B9F4218D377
:1052500004EB0A0394F8042883F804280AF10103F4
:105260009BB2059A94F804680C9904EB82021671BB
:105270000AF10106D1805671059A013292B2059267
:10528000E0E704EB87033A465B7903F6040626441D
:10529000199901EB060CBCF1000F07DD04EB82024B
:1052A00092F804C006F801CDD288F1E784F804280A
:1052B0009BB2C3E70C9F0C97019AB4461F468CE73C
:1052C0007B1BBDF8102001920CEB05069BB2B6B219
:1052D00000250A9A82428BD8019A4BE7974232D333
:1052E000BB1A9BB2089201950999FF2908990CEB0A
:1052F000010635D1A0F1020EB6B2B44540F08C8063
:105300000899974200EB4100E2D3189A0499128859
:10531000521A00EB4200079A169901328A4207920C
:1053200040F08780BDF87050BDF86870049BED1B9D
:10533000ADB2002D08BF1A460D9B18BF00220133E5
:105340000D9392B20DE7D11B8BB2019308972B46B8
:10535000CAE700BF843401207E340120FBF7FFFF41
:10536000B6B20B90B445CBD00CF10101A444179117
:105370009CF80458119931F815500B99B1F800C0F8
:105380000E994FEA2C2E0EF0F80E1EFB01FE4FEA8E
:1053900025280F9908F0F80808FB01E84FEAEC0906
:1053A0000E9909F0FC0919FB01F94FEAE50E0F9976
:1053B0000EF0FC0E0EFB019E4FEACC0C0E995FFA2C
:1053C0008CFC1CFB01FCED000F99EDB205FB01C547
:1053D0001FFA88F81FFA8EFEADB208F1010C0CEB33
:1053E00018280EF1010905F1010C0CEB152C09EB45
:1053F0001E29CCF3C42C08F478484FEA59194CEA1A
:1054000008080B99BDF85CC009F4FC6948EA090872
:1054100021F8028B0B91A5E70CF10108A444119926
:105420009CF8045831F815502EF8025F1FFA88FCDA
:1054300063E7BDF81020BDF86C50AD1AADB2002D79
:1054400018BF0022019244E7034B186803681B6BE6
:1054500098471FB0BDE8F08F843401202DE9F04F4C
:1054600093B016469DF8702003900D460192002AD5
:1054700000F00483306871680EAC03C41868596882
:1054800010AC03C40EA8F8F7C1FE314610A8F8F717
:10549000E5FEBDF93C20B2F5806FD7BF93B2012382
:1054A0004FF4806191FBF3F3049305F10803049931
:1054B0000893BDF93E300B44013B93FBF1F308998F
:1054C000013B9BB201EB830309930499BDF9423080
:1054D00093FBF1F084B20594DDE90445BDF840107A
:1054E00005FB143919FB02F989441FFA89F9002DCB
:1054F0005DD06A1E089850F822A0099A9AFA8AFA92
:105500009244BDF83820BDF946501144BDF83A2008
:10551000ADF840101344ADF84230BDF94430029369
:10552000CB4B18680368DB6A9847CA4BBDF940202B
:105530001B88BDF9424003FB042400EB44046B4389
:1055400004EB43030D93BDF93C3099FBF3F3069351
:10555000019BDB43DBB20A93039B04331846802292
:1055600000210B930DF053FCBB4B009300234FF035
:10557000000607930D9BA34240F27B824FF0070E7B
:10558000B9F1000F00F059819AF80050EDB2AA115C
:105590000AF101070ED1039B05F03F0503EB45051A
:1055A000AE8809F1FF391FFA89F9BA46E8E7DDF854
:1055B00024A0A6E7012A29D1C6F3040305F00302BB
:1055C000023B134403F01F03C5F3810263F3040697
:1055D000023A02EB561202F03F02C5F3011562F3E4
:1055E0004A16023D05EBD62505F01F0502EB8202A7
:1055F000032111FB05221EFB0323039A03F03F0343
:1056000002EB430365F3CF269E80CAE705F03F0512
:10561000022AABB236D1012112FB051292443A465E
:1056200052451CD094464FF0030B1CF8021B5278D5
:1056300041EA0221C1F345104FEAD12800EB800076
:1056400001F01F021BFB08001EFB0200039A00F082
:105650003F0002EB40000E4681806246E0E799453C
:105660000BD2A5EB0905002D07EB490700F30982D2
:10567000DDF80880012307930CE007EB4507A9EB51
:10568000030990E79945FAD2A5EB0905002D1DDC29
:10569000DDF808804FF0000BB8F1000F40F3A18156
:1056A0003B78DBB29A1107F1010A40F0D780039AE8
:1056B00003F03F0302EB43039E88019BFF2B40F066
:1056C000E981268008F1FF380234BEE0029B029A8D
:1056D000AB42A8BF2B46A2EB0308079AED1A002A9B
:1056E0005AD0019AFF2A04EB430349D0BDF804E0E5
:1056F000BDF82890A34240F2A580BC4620881CF843
:10570000022B797842EA012212B291B24FEA202AA2
:105710000F120AF0F80A1AFB09FA07F0F80707FB5C
:105720000EA74FEAE00AC000C9100AF0FC0AD20036
:10573000C0B21AFB09FA10FB09F001F0FC01D2B269
:10574000BFB201FB0EA102FB0E0289B292B2781C1D
:1057500000EB172701F1010A501C00EB12200AEBA5
:10576000112A07F47847C0F3C4204FEA5A1A0743B6
:105770000AF4FC6A47EA0A0724F8027B6746B9E79D
:10578000A3425FD93A4612F8021B787841EA002119
:1057900024F8021B1746F3E70199FF2904EB4303A2
:1057A000B2B244D0BDF80410BDF828A04FEA2229B7
:1057B0004FEAE20E09F0F8090EF0FC0E084609FB6C
:1057C00001F90EFB01FED100C9B241439C42BFF476
:1057D00061AF228810124FEAE20C00F0F800D2000C
:1057E00000FB0A90D2B280B20CF0FC0C02FB0A1251
:1057F00092B200F1010B0CFB0AEC1FFA8CFC0BEBD4
:10580000102B501C00EB12200CF1010202EB1C2C9F
:105810000BF4784BC0F3C4204FEA5C1C40EA0B0B3E
:105820000CF4FC6C4BEA0C0B24F802BBCEE79C4258
:10583000BFF430AF24F8022BF9E7DDF808805746B3
:105840004D4627E7002316E7BB44574624E700BF31
:10585000843401207E34012080010020012A2AD1D5
:10586000C6F3040103F003020239114401F01F01E1
:10587000C3F3810061F30406023800EB561000F018
:105880003F00C3F3011360F34A16023B03EBD62239
:1058900002F01F0300EB8000032263F3CF2612FB0C
:1058A0000303072212FB0133039A03F03F0302EBC9
:1058B00043039E8001E703F03F05A8454746A8BF84
:1058C0002F46022A54D1019BFF2B1AD00BEB070362
:1058D000402B16DD4FEA4B0949460098EBF716FFBF
:1058E0005A46019B00992046EBF73AFF009B1A4667
:1058F0006C4B9A420CBF6C4B6A4B00934C444FF07C
:10590000000B52460021A9422CDA94464FF00309BD
:105910001CF8023B527843EA0223C3F345104FEAD6
:10592000D32E00EB800003F01F0219FB0E004FF096
:10593000070E1EFB0200039A00F03F0002EB40003E
:10594000B9421E4683800ADA019AFF2A15BF009ADF
:10595000238022F81B30023418BF0BF1010B0131F8
:105960006246D0E70AEB450AA8EB0708ED1B6CE797
:10597000019BFF2BA8EB0708A5EB07051FFA86F98B
:1059800027D00BEB0703402B18DD4FEA4B031946DA
:1059900000980C93EBF7BAFE5A46019B00992046FB
:1059A000EBF7DEFE0C9B1C44009B1A463D4B9A42D3
:1059B0000CBF3D4B3B4B00934FF0000B009B03EBA8
:1059C0004B023B46002B3FF43FAF22F8029B013BCA
:1059D000F8E704EB4707A7427FF637AF24F8029BAE
:1059E000F9E7BBF1000F0CD04FEA4B084146009895
:1059F000EBF78CFE2046019B00995A46EBF7B0FE70
:105A000044442A4B029A1B889B1A04EB4304069BCE
:105A100001330693069A049B934220D1059B059A75
:105A2000BDF84090BDF838500B9803F10108089B71
:105A300053F82270099B3FBA802200211F44A9EB32
:105A400005090DF0E4F900231FFA89F94FF000066B
:105A5000CDF814800693EBF74FFEBA468AE5BDF801
:105A60003C90029BA9EB0309A9EB05051FFA85F9F8
:105A7000F1E70F4B186803681B6B984713B0BDE83C
:105A8000F08F029B029AAB42A8BF2B46A2EB030801
:105A9000ED1A26E608F1FF381FFA86F900250127DE
:105AA0006FE700BF80010020800200207E340120CB
:105AB000843401202DE9F04F8FB01C4603929DF8ED
:105AC0006420189B02920F46002A00F0288120686B
:105AD00061680AAA03C2186859680CAA03C20AA816
:105AE000F8F794FB21460CA8F8F7B8FBBDF92C6039
:105AF000BDF92E50BDF83000B6F5806FDEBFB3B2F1
:105B00004FF4806292FBF3F3BDF93220C8BF01234A
:105B100092FBF3F11FFA81FC0CFB132414FB06F437
:105B20001D4404446146013DA4B295FBF3F521B147
:105B3000039B53F82C301BBA1F44BDF82830BDF925
:105B40003490BDF936601844BDF82A30ADF8300005
:105B50001A44744BADF8322018680368DB6A984722
:105B6000714ABDF932101388BDF930C0099203FBA8
:105B700001C100EB41007343ADB200EB4303AD0044
:105B8000002C049305F1040305930CBFC8464FF0A5
:105B9000000800231FFA88F80193049A824240F219
:105BA000B9805BB93A78930902F03F0201925A1E1C
:105BB000022A8DBF7B7801379BB2023784B19C42A9
:105BC00095BF1C1BE41A1FFA84FAA4B287BFC4460F
:105BD0004FF0000A1FFA89FC00245346E046DCE738
:105BE000042215460599019A15FB021203998A5859
:105BF000434527BFA3EB080AC646A8EB030C9E4605
:105C00004FEA126127BF1FFA8AFAA4461FFA8CFCDA
:105C1000A2464FEA4E0E002966D0FF294FEA12260F
:105C200014D1029DFF2D11D1510926F4FF6601F414
:105C3000FC6126F007060E43C2F3C4021643B6B257
:105C40008644864551D020F8026BFAE7029D6943ED
:105C50004D1C05EB21252D126FEA050BC2F3074100
:105C6000ADB2F6B2D2B211FB05F116FB05F612FB8E
:105C700005F289B2B6B292B20691079608928644AE
:105C80005FFA8BFB864530D002880699161206F023
:105C9000F806D51046EA561606FB0B1605F0FC056D
:105CA0000799D20045EA951505FB0B15D2B2089964
:105CB00042EA5212B6B202FB0B1292B2711C01EB15
:105CC0001626511C01EB1222ADB2C2F3C42206F417
:105CD000784616436A1C02EB15256D0905F4FC6530
:105CE0002E4320F8026BCDE770444345FFF475AFB7
:105CF000BDF82C40099B1FFA89FCA4EB0C041B88FF
:105D0000A4B2002CA3EB090318BF4FF0000C00EB6A
:105D1000430062E7034B186803681B6B98470FB09A
:105D2000BDE8F08F843401207E3401202DE9F04F4E
:105D300093B01C4605929DF8742001911C9B029221
:105D4000002A00F02C81206861680EAA03C218683E
:105D5000596810AA03C20EA8F8F758FA214610A8ED
:105D6000F8F77CFABDF93C60BDF93E50BDF8400043
:105D7000B6F5806FDEBFB3B24FF4806292FBF3F3EF
:105D8000BDF94220C8BF012392FBF3F11FFA81FC49
:105D90000CFB132414FB06F41D4404446146013D2E
:105DA000A4B295FBF3F531B1059B019953F82C3062
:105DB0001BBA19440191BDF83830BDF944B0BDF9A2
:105DC00046601844BDF83A30ADF840001A44754BAF
:105DD000ADF8422018680368DB6A98477249BDF93C
:105DE00040C00B88BDF942200D9103FB02C200EBBD
:105DF00042007343ADB200EB4303AD0008932B1D8B
:105E00000993029BBDF808100691DA43002C0CBFE1
:105E1000DC464FF0000C0023D2B21FFA8CFC039337
:105E20000792089A824240F2B58063B9019B1A78C2
:105E3000930902F03F0203925A1E022A15D8019AD2
:105E4000013201929BB2B4B19C4295BF1C1BE41A73
:105E50001FFA84F8A4B287BF66464FF000081FFA05
:105E60008BF600244346B446DBE7019A019B0232DD
:105E70005B780192E7E7032215460999039A15FB1F
:105E800002120599634501EB0205029929BFA3EBB4
:105E90000C08ACEB03061FFA88F8E1462FBF264634
:105EA000B6B29946A046FF294AD0069FA978049029
:105EB00079430A91697879430B9105998A5C7A4311
:105EC0000C92CA46BAF1000F3DD0049A079F12887F
:105ED0001512BE4605F0F8050A9FD11045EA551582
:105EE00005FB0E7501F0FC010B9FD20041EA9111F8
:105EF00001FB0E71D2B20C9F42EA5212ADB202FB0C
:105F00000E7292B205F1010E0EEB152502F1010E93
:105F10000EEB122289B2C2F3C42205F47845154370
:105F20004A1C02EB11214909049A01F4FC610D435A
:105F300022F8025B0AF1FF3A04921FFA8AFAC1E7DB
:105F40004946864699B9634500EB49008AD3BDF8B6
:105F50003C400D9B1FFA8BF6A41B1B88A4B2002C9F
:105F6000A3EB0B0318BF002600EB43007AE7AA78E7
:105F70000E4F07EA022A6A78D20002F4FC624AEA6B
:105F8000020295F800A0013942EADA022EF8022B4B
:105F900089B2D7E7034B186803681B6B984713B0A7
:105FA000BDE8F08F843401207E34012000F8FFFF2B
:105FB0002DE9F04F9DB0CDE911129DF89C200E9275
:105FC0001C468346269B002A00F0E0812068616819
:105FD00018AA03C2186859681AAA03C218A8F8F7C1
:105FE00015F921461AA8F8F739F9BDF96430BDF959
:105FF0006640BDF96E60B3F5806FD7BF9AB20122DB
:106000004FF4806191FBF2F202920298BDF96A208E
:1060100092FBF0F080B20F90029902980F9D0C4411
:1060200005FB102515FB03F5013CBDF8603094FB22
:10603000F1F4BDF868100D441944BDF86230ADF8B4
:1060400068101A44BDF96C300693B34BADF86A2062
:1060500018680368DB6A9847B04BBDF96A101A8864
:10606000BDF96870169302FB0171013400EB410821
:10607000A4B2564308EB4602A4000A92221DADB218
:106080001392A74B069A002D0CBF11460021002247
:10609000A3EB0B0389B20D9217930F9A0D9B12FA83
:1060A00083F3129A02EB8303043308930A9B43455C
:1060B00040F26781029ABDF86430B5FBF3F3D31A5E
:1060C0009BB21493089B08985A789B78007810909C
:1060D0001B0243EA0243089AD2781343119A013013
:1060E0001A440790501C0590527811981202C35C14
:1060F00002F4FF721A4393B20B9300230993012316
:106100000193049300238BF8042803934FF0010EAE
:10611000002D7CD0AE456BD20A9BA5EB0E05434506
:10612000ADB20C4602D870E0002B5CD1059B049AFE
:106130005B780499C2F1070293405B0003F4FF729D
:10614000059B1B780B410131C9B2082904910599BF
:106150000ABF023101310591DBB20ABF002105916E
:106160000491134310999AB291420AD38BF80438E0
:1061700001230799B1F5007F0FD30021019303910B
:1061800032E0079B9A4218D3019B9BF804185B44AA
:1061900083F80418019B01339BB207999BF804080C
:1061A0000BEB810108710B98C88001980130487190
:1061B0000799013189B20791DFE70BEB82031146A2
:1061C0005B7903F604005844179E0644002E06DD52
:1061D0000BEB81010E7900F8016DC988F4E78BF8AB
:1061E00004189BB2C5E70B9A0B9221469E468FE797
:1061F000039ABDF818402A44AEEB050392B29BB255
:10620000039200250A9A42458ED821464EE78E45D4
:1062100029BFAEEB0103A1EB0E049BB20C912FBF83
:106220002C46A4B2CDF830E02B464FF00009039A7B
:106230000C984A44484592B274D05A44042005460A
:1062400092F80428139815FB0202129880585FEA0E
:10625000106A14D0BAF1FF0F4FEA102512D10E9A2E
:10626000FF2A0FD1420925F4FF6502F4FC6225F0F4
:1062700007051543C0F3C400054328F8195009F178
:106280000109D4E738F819C04FEAEC0606F0FC0221
:1062900015920E9A02FB0AFA0AF1010202EB2A2277
:1062A0004FEA2C2712121FFA82FAC0F3074607F0B2
:1062B000F8074FEACC0CD243D2B216FB0AF65FFACB
:1062C0008CFC47EA5717C0B207FB02674CEA5C1C1C
:1062D000159E10FB0AF00CFB0200EDB2BFB215FBDD
:1062E0000AF580B246EA961606FB02567A1C451C51
:1062F00002EB172705EB1025B6B2C5F3C42507F44A
:1063000078472F43751C05EB16256D0905F4FC65D0
:106310002F4328F81970B2E7843401207E3401201D
:10632000FBF7FFFF03920C9A8E4508EB4208FFF43F
:1063300068AF169A06991288521A08EB4208099A11
:10634000149901328A42099211D1BDF86850BDF802
:106350006090069BA5EB0905ADB2002D08BF19465C
:106360000D9B18BF002101330D9389B295E6BDF84E
:106370001840BDF864502D1BADB2002D18BF00248D
:1063800040E7044B186803681B6B98471DB0BDE8D5
:10639000F08F00BF843401202DE9F04F9FB0CDE98C
:1063A00013129DF8A4200A921D460446289B002A39
:1063B00000F0FA81286869681AAA03C21868596847
:1063C0001CAA03C21AA8F7F721FF29461CA8F7F751
:1063D00045FFBDF96C30BDF96E60BDF97670B3F55F
:1063E000806FD7BF9AB201224FF4806191FBF2F225
:1063F00001920198BDF9722092FBF0F080B21090EA
:1064000001990198109D0E4405FB102515FB03F51D
:10641000013EBDF8683096FBF1F6BDF870100D44F2
:106420001944BDF86A30ADF870101A44BDF97430E3
:106430000493964BADF8722018680368DB6A98479E
:10644000934BBDF972101A88BDF970C0189302FB06
:1064500001C100EB410B57430BEB470201360B9296
:10646000149A8C4BB6B202EB8606321D06920A9A3B
:10647000D243D2B2ADB21592049A002D0CBF114690
:10648000002100221B1B89B20D921993109A0D9BBB
:1064900012FA83F3149A02EB8303043307930B9BE2
:1064A0005B4540F27C81019ABDF86C30B5FBF3F39B
:1064B000D31A9BB21693079B07985A789B7800785B
:1064C00011901B0243EA0243079AD2781343139AAE
:1064D00001301A440590501C039052781398120210
:1064E000C35C02F4FF721A4393B20C93002384F846
:1064F000042808931A46BDF828300E934FF001087F
:10650000BDF85430CDF80880C4460F93002D7CD0E0
:10651000AC456CD20B9BA5EB0C055B45ADB20846B8
:1065200002D870E0002B5CD1039B029A5B78029941
:10653000C2F1070293405B0003F4FF72039B1B78D8
:106540000B410131C9B20829029103990ABF0231F6
:1065500001310391DBB20ABF002103910291134381
:1065600011999AB291420AD384F80438012305990B
:10657000B1F5007F0FD300219846009132E0059BD2
:106580009A4218D304EB080394F8041883F804180B
:1065900008F101039BB2059994F8046804EB8101AA
:1065A0000E710C9ECE8008F101064E7105990131E5
:1065B00089B20591DFE704EB820311465B7903F6AC
:1065C00004062644199F3744002F06DD04EB8101A1
:1065D0000F7906F8017DC988F4E784F804189BB2A6
:1065E000C5E70C9A0C920146009A9C468EE7571913
:1065F000ACEB0503BAB2BDF8100000929BB20025C7
:106600000B9A5A458ED8014649E78C452CBF28463F
:106610002B460A9D27BF0991ACEB0103A1EB0C00AF
:10662000CDF824C02CBF9BB280B2FF2D099D02EB98
:106630000507BDB200952FD15E46009DAA4240F0ED
:106640008480099A8C450BEB420BD8D3189A049995
:106650001288521A0BEB420B089A169901328A42A1
:10666000089240F09280BDF87050BDF868C0049B5D
:10667000A5EB0C05ADB2002D08BF19460D9B18BF48
:10668000002101330D9389B200E700BF843401205B
:106690007E340120FBF7FFFFD946009DAA42D0D0EF
:1066A000551C2244179592F804E8069A0EEB4E0EFC
:1066B00072441292129FB9F8002097F802A00E9F20
:1066C00016121AFB07FA06F0F8060F9F46EA56164E
:1066D00006FB07A6129F97F801A00E9FD5101AFB84
:1066E00007FA05F0FC050F9F45EA951505FB07A580
:1066F000069F17F80EE00E9FD2001EFB07FED2B2D7
:106700000F9F42EA5212B6B202FB07E292B2ADB25A
:1067100006F1010A0AEB162602F1010E05F1010A43
:106720000EEB122E0AEB152A06F47846CEF3C42E91
:106730004FEA5A1A4EEA06060AF4FC6A46EA0A06C4
:1067400029F8026BBDF85C20A7E702F1010E224494
:10675000069F92F80458069A05EB450502EB050AD8
:10676000134A9AF8029002EA09299AF80120D20005
:1067700002F4FC6249EA020217F8059042EAD902E3
:1067800026F8022B1FFA8EF257E7BDF81000BDF86D
:106790006C502D1AADB2002D18BF002030E7054B0C
:1067A000186803681B6B98471FB0BDE8F08F00BFE7
:1067B00000F8FFFF843401202DE9F04F91B09B4693
:1067C0000DF128081646BDF96C90B3F90020BDF90B
:1067D0007070B3F90230ADF8282004460D464046EB
:1067E0005946ADF82A30ADF82C90ADF82E70F1F77F
:1067F0006DFF31464046F1F769FF744B1888744BC2
:106800001988BDF92830002B02B20EB207DABDF8A4
:106810002CC06344ADF82C300023ADF82830BDF90E
:106820002830BDF92CC0D21A9445C4BFC21AADF8A5
:106830002C20BDF92A20002A07DABDF82EC06244B8
:10684000ADF82E200022ADF82A20BDF92AA0BDF90E
:106850002E20A6EB0A06B242C4BFA1EB0A02ADF895
:106860002E205C4A1278A2B9BDF92C6086424046BF
:10687000039314BF00260126F1F76BFF039B60B161
:10688000002323806380A3802046E38011B0BDE80D
:10689000F08FBDF92E608E42E9E7BDF92C200592FC
:1068A000BDF92E200692BBF800200E909B1A1BB259
:1068B0000393BBF80230ADF83C90AAEB030A0FFA41
:1068C0008AF30493039BADF83030049BADF832306B
:1068D000059BADF834300EA9069BADF836300CA8F8
:1068E000ADF83E70F7F7BAFC4046F7F78FFC0EA8FC
:1068F000F7F78CFC384BBDF93CA01B8807932B683D
:10690000DFF8D8B01B6B28469847BDF83250BDF968
:10691000303081461AFB0533DBF800001A9D05EB89
:10692000430503685B6B98470746DBF80000BDF939
:1069300028100368BDF92A2009910892DB6B98475B
:1069400010F0010FDDE9082112D0DBF80000BDF9DD
:106950003420036800921E6F98E806002B46B0476B
:10696000039B2380049B6380059BA380069B8BE78E
:1069700009FB02F202EB41010F44BDF9363066B16A
:10698000079A924509D1DBF80000026809FB03F37E
:10699000966B29463A46B047E2E70AFB03F3DFF875
:1069A0003CB005EB43084FEA4A064545D8D2DBF830
:1069B0000000BDF9343002682946D2F838A05B00E7
:1069C0003A46D0474F443544EFE700BF78340120C2
:1069D0007A3401207C3401207E340120843401206B
:1069E000F0B5064687B00C4617461D4633B3084639
:1069F000F1F7AFFE10BB206861681C4C04AB03C309
:106A000004A8F7F703FC20680368DB6B9847FF2DA9
:106A100016D010F0080F206815D000240168BDF8CA
:106A20001230BDF81020CDE90254BDF81640019493
:106A3000BDF8144000944C6E3946A04707B0F0BD35
:106A400010F0020FE7E70368DB6A9847084B1A88E3
:106A50003368CDE9007501465D6A304604ABA8474E
:106A6000206803681B6B9847E8E700BF8434012067
:106A70007E3401202DE9F0479DF82470089E884659
:106A800014461D46002F00F0A9801846F1F761FE5C
:106A9000002840F0A380B5F90010B5F90230B5F92F
:106AA0000400B5F9065004FB031308EB43016543EA
:106AB000FF2FA4EB000201EB45054FEA16284AD050
:106AC000BCB2C7F1FF0CC6F3074E5FFA88F7F3B20A
:106AD00040000EFB04FE674363434FEA42081FFA7F
:106AE0008CFCA9427AD201EB0009494531D20A88CF
:106AF0001412D61004F0F804D200D2B244EA5414AE
:106B000014FB0CF442EA5212744412FB0CF2A4B2CD
:106B100006F0FC061A4492B204F1010A46EA9616FF
:106B20000AEB142416FB0CF602F1010A3E440AEBB0
:106B30001222B6B204F47844C2F3C4222243741C75
:106B400004EB1626760906F4FC66324321F8022B84
:106B5000CBE74144C5E7224F730908EA070703F46E
:106B6000FC633B43C6F3C4063343E7079BB20BD534
:106B700040005200A94231D20C18A14202D221F8A1
:106B8000023BFAE71144F5E78E0708D066000A4693
:106B9000AA4202D213803244FAE702310138C20716
:106BA0000BD500F10042013A01EB42026600AA4215
:106BB00002D213803244FAE7013878B1401043EA38
:106BC000034380006400A94208D20E180A46B2426C
:106BD00002D242F8043BFAE72144F4E7BDE8F0872B
:106BE00000F8FF00002212490160C0E90122C0E95B
:106BF0000322C0E90522C0E90722C0E90922C0E951
:106C00000B22C0E90D22C0E90F22C0E91122C0E920
:106C10001322C0E91522C0E91722C0E91922C0E9F0
:106C20001B22C0E91D22C0E91F22C0E921227047B2
:106C3000645302082DE9F04F0D468DB004460868F4
:106C40004968994608AB03C3106851680AAB03C38F
:106C500008A8F7F7DBFA29460AA8F7F7FFFABDF903
:106C60002820BDF92A30BDF82410634DBDF92C80D1
:106C70002868BDF92E6011FB032104EB8104BDF8E7
:106C800020100A44ADF82820BDF822201344ADF8A6
:106C90002A300368DB6B9847B9F1FF0F19D110F068
:106CA000200F286818D000250168BDF82A30BDF8EB
:106CB0002820CDE90395BDF824500295B6B21FFAFD
:106CC00088F5019600954D6D2146A8470DB0BDE8A9
:106CD000F08F10F0400FE4E70368DB6A98474749FC
:106CE000BDF92A200B88BDF9285003FB025200EBA6
:106CF0004200734300EB430307934FEA48030693B4
:106D00008A46079B984270D2069B214600EB030BF4
:106D100058455DD251F8044B230E14D0FF2B4FEA97
:106D2000142C12D1B9F1FF0F0FD163092CF4FF6CB1
:106D300003F4FC632CF0070C43EA0C0CC4F3C4040A
:106D40004CEA040404800230E2E709FB03F30788FD
:106D50005A1C02EB232212123E1293B2C4F3074EC6
:106D600006F0F806D243D2B2FD101EFB03FEFF0070
:106D700046EA561606FB02E605F0FC05FFB25FFA8E
:106D80008CFCE4B2B6B21CFB03FC45EA951547EA5D
:106D9000571714FB03F405FB02C506F1010E07FBB0
:106DA0000247ADB2BFB20EEB162606F4784E05F1DF
:106DB000010C7E1C06EB17260CEB1525C6F3C4262A
:106DC0006D0946EA0E0605F4FC652E430680BAE717
:106DD000BAF80030BDF92440A3EB0803A4EB080483
:106DE00000EB430001EB84048BE7034B1868036856
:106DF0001B6B98476AE700BF843401207E34012072
:106E00002DE9F0430C4685B0106851686D4603C506
:106E100018685968164603C56846F7F7F7F931460A
:106E200002A8F7F71BFABDF90820BDF90A30BDF832
:106E30000410284D284E2868BDF90C70BDF90E804D
:106E400011FB032104EB8104BDF800100A44ADF8E6
:106E50000820BDF802201344ADF80A300368DB6A4D
:106E600098473388BDF90A20BDF90810DFF86CE0B7
:106E700003FB021200EB420008FB03F300EB4303A9
:106E80004FEA470C98421DD200EB0C0840450FD248
:106E900054F8041B4FEA51190EEA112209F4FC6957
:106EA00042EA0902C1F3C4010A4320F8022BEDE7CC
:106EB0003288D21B00EB4200BDF90420D21B04EB48
:106EC0008204DFE7286803681B6B984705B0BDE8BC
:106ED000F08300BF843401207E34012000F8FFFFDE
:106EE0002DE9F0470E468EB0044608684968DFF881
:106EF000D881DFF8D8911D460AAB03C310685168EA
:106F00000CAB03C30AA8F7F781F931460CA8F7F7D1
:106F1000A5F9BDF93020BDF93230BDF82C10D8F8F4
:106F20000000BDF93470BDF9366011FB032101EB9F
:106F300041010C44BDF828100A44ADF83020BDF8DA
:106F40002A201344ADF832300368DB6B9847FF2DDD
:106F500024D110F0010FD8F8000022D00021D0F881
:106F600000C0BDF83230BDF83020CDE907114FF038
:106F7000010ECDF818E0B9F800E00395CDE9041E44
:106F8000B6B2BDF82C100291BFB201960097DCF8A2
:106F900044502146A8470EB0BDE8F08710F0040F1A
:106FA000D9E70368DB6A9847B9F80030BDF93220A9
:106FB000BDF93010BDF92CC003FB0212ACEB070C7D
:106FC00000EB42005E434FEA470EFF2DA3EB07079D
:106FD00000EB46060CEB4C0C4FEA470749D0EB435D
:106FE0001FFA85F9DBB2B04266D200EB0E0A5045BB
:106FF000214604F103045BD2028814F8011C4FEA15
:10700000222808F0F80811FB09F148EA5818D510B1
:1070100008FB031814F8021C05F0FC0511FB09F12C
:1070200045EA951505FB0315D20014F8031CD2B2EE
:1070300011FB09F142EA52121FFA88F802FB03120F
:1070400092B208F10101ADB201EB1828511C01EB1D
:107050001222691C01EB152508F47848C2F3C422FA
:107060006D0942EA080205F4FC652A4320F8022B68
:10707000BDE7144AB0421FD200EB0E05A8422146DC
:1070800004F1030410D214F8023C14F8011CDB00D4
:1070900002EA012103F4FC630B4314F8031C43EAE6
:1070A000D10320F8023BE9E7384401EB0C04E1E7A7
:1070B000384401EB0C0496E7034B186803681B6B1C
:1070C000984768E700F8FFFF843401207E340120F0
:1070D000F0B41646012E1C460D46049A9DF8143055
:1070E0009DF8187012D003D3022E0AD0F0BC70475E
:1070F0000568CDE90437ED681346AC462246F0BC7E
:10710000604721462846F0BCFFF794BD214628463B
:10711000F0BCFFF7E5BE00002DE9F04F814693B0CB
:1071200010689DF870A06D4F884651680EAC03C47E
:107130001868596810AC164603C40EA8F7F766F82D
:10714000314610A8F7F78AF8BDF94020BDF9423062
:10715000BDF83C10624EBDF944403068BDF9465060
:1071600011FB03218944BDF838100A44ADF84020D2
:10717000BDF83A201344ADF842300368DB6B984702
:1071800010F0800F30681DD000220168BDF840303B
:10719000CDE908220B2207923A8806920122CDE916
:1071A00004A2BDF83C200392A4B2BDF84220009294
:1071B000ADB2029501940C6C42464946A04713B00B
:1071C000BDE8F08F0368DB6A98473B88BDF9422031
:1071D000BDF9401003FB02125D4300EB420000EBDF
:1071E00045020C92BDF93C20121B0D9262001C1B43
:1071F00063000A920B934FF0040E0C9B984266D2E8
:107200000A9B00EB030B58455CD219F8013B1EFBAF
:1072100003E358F80320110E12D0FF294FEA12277A
:1072200010D1BAF1FF0F0DD1530927F4FF6703F412
:10723000FC6327F007071F43C2F3C4023A430280EE
:107240000230E0E70AFB01F106884B1C03EB212327
:107250003512F4101B12F60099B2C2F3074C05F078
:10726000F805F6B2DB43D2B2DBB21CFB01FC45EA07
:10727000551546EA561612FB01F205FB03C504F04C
:10728000FC04FFB206FB0322ADB217FB01F792B27A
:1072900044EA941404FB037405F1010C571C0CEB35
:1072A000152507EB1227A4B2C7F3C42705F47845C8
:1072B0003D43671C07EB1424640904F4FC64254374
:1072C0000580BDE70B9B18440D9B994495E7044B43
:1072D000186803681B6B984771E700BF7E34012074
:1072E000843401202DE9F04F87B080469DF840603E
:1072F0000D461446002E00F0B9801068516802AFA8
:1073000003C71868596804AF03C702A8F6F77EFFE1
:10731000214604A8F6F7A2FFBDF91020BDF91230EE
:10732000BDF80C40BDF9167014FB032108EB0104F5
:10733000BDF80810BDF914800A44ADF81020BDF85E
:107340000A201344ADF812304A4B18680368DB6A10
:107350009847494BBDF912101A88BDF910C0FF2E8D
:1073600002FB01C100EB410002FB07F205F1040141
:107370004FEA480A1D465AD0C6F1FF0E00EB420202
:10738000B6B21FFA8EFE019382426AD900EB0A0B55
:10739000834540D914F8013B058831F813302F128A
:1073A0004FEA232C07F0F80717FB0EF74FEAE50921
:1073B0000CF0F80CED000CFB067C09F0FC09DF106A
:1073C000EDB2DB001FFA8CFC19FB0EF907F0FC078D
:1073D000DBB215FB0EF507FB069703FB06530CF11A
:1073E00001099BB209EB1C2C0CF4784903F1010C48
:1073F0000CEB132CBFB2CCF3C42C4CEA090C07F1F4
:10740000010909EB17277F0907F4FC674CEA070C11
:1074100020F802CBBCE7019B1B88A3EB080300EB21
:107420004300BDF90C30A3EB08031C44ACE700EBB0
:107430004202824215D900EB0A06864206D914F8A8
:10744000013B31F8133020F8023BF6E72B88A3EB21
:10745000080300EB4300BDF90C30A3EB08031C4408
:10746000E7E7044B186803681B6B984707B0BDE853
:10747000F08F00BF843401207E3401202DE9F04FCD
:1074800091B080469DF868500F461446002D51D0AB
:1074900010685168DFF800920CAE03C6186859688E
:1074A0000EAE03C60CA8F6F7B1FE21460EA8F6F7FD
:1074B000D5FEBDF93820BDF93A30BDF83410D9F801
:1074C0000000BDF93C60BDF93EA011FB032108EBB3
:1074D0000104BDF83010DFF8C4810A44ADF838204B
:1074E000BDF832201344ADF83A300368DB6B98479F
:1074F00010F0800FD9F800001FD000220168BDF8FD
:107500003830CDE908220B220792B8F80020069205
:107510000122CDE90452BDF8342003921FFA8AF209
:107520000292B6B2BDF83A20009201960D6C3A462E
:107530002146A84711B0BDE8F08F0368DB6A984781
:10754000B8F80020BDF93A30BDF93810FF2D02FB24
:10755000031300EB43004FEA46090AFB02FA62D02C
:107560006FEA050C00EB4A030A93ADB25FFA8CFC9C
:10757000CDF82C800A9B984280F0858000EB090BA7
:10758000584546D214F801EB0323042213FB0E2EB8
:1075900007EB0E0A03889AF8028017F80EE019121A
:1075A00001F0F80118FB05F841EA5111DA1001FB6E
:1075B0000C81DB009AF8018002F0FC02DBB218FBC0
:1075C00005F81EFB05FE42EA921243EA531389B204
:1075D00002FB0C8203FB0CE392B29BB201F10108A7
:1075E00008EB112103F1010E02F101080EEB132E3D
:1075F00008EB122801F47841CEF3C42E4FEA581854
:107600004EEA010108F4FC6841EA080120F8021B77
:10761000B6E70B9B1B889B1B00EB4300BDF9343086
:107620009B1B1C44A6E71B4900EB4A0A03220425C6
:10763000504528D200EB090C6045234619D293F837
:1076400000E012FB0E5E07EB0E0B17F80EE09BF846
:1076500002309BF801B04FEACB0B01EA03230BF495
:10766000FC6B43EA0B0343EADE03013420F8023BE0
:10767000E2E7B8F800309B1B00EB4300BDF9343063
:107680009B1B1C44D4E7044B186803681B6B98478A
:1076900050E700BF00F8FFFF843401207E34012052
:1076A000F0B40C4611469DF814500F784E78012F17
:1076B0001A46049B38D01FD3022F4DD1032E4BD82E
:1076C000DFE806F00207141704952046F0BCFFF728
:1076D00009BEC06F00283FD00668CDE90435B56803
:1076E0001346AC460A462146F0BC6047D0F88000FD
:1076F000F0E7D0F88400EDE7032E2DD8DFE806F0A0
:1077000002070E1104952046F0BCFFF705BDC06FBF
:1077100010B30668CDE90435F568E1E7D0F88000DC
:10772000F6E7D0F88400F3E7032E15D8DFE806F07B
:1077300002070E1104952046F0BCFFF79FBEC06FF4
:1077400050B10668CDE904353569C9E7D0F8800045
:10775000F6E7D0F88400F3E7F0BC70472DE9F04F6E
:10776000044687B010689DF840A0DFF838920E46B6
:10777000516802AD03C51868596804AD174603C5C2
:1077800002A8F6F743FD394604A8F6F767FDBDF9F0
:107790001020BDF91230BDF80C10BDF91480BDF9F0
:1077A000165011FB032104EB41040E44BDF80810F0
:1077B0000A44ADF81020BDF80A201344ADF8123089
:1077C000774B18680368DB6A9847B9F800B0BDF9D1
:1077D0001230BDF910200BFB032300EB4300BAF17C
:1077E000FF0F4FEA480305FB0BF5009369D000EB50
:1077F000450B584580F0CC80009BC318019331465F
:10780000019B98424FD211F8012B002A48D00AFB65
:1078100002F2531C03EB12231B1241D00288B4F86E
:1078200000C09EB21512DB43DBB24FEA2C2705F0F5
:10783000F80515FB03F54FEAE20E07F0F807D20052
:1078400007FB06570EF0FC0E4FEAEC05D2B24FEAEA
:10785000CC0CBFB21EFB03FE05F0FC055FFA8CFCEE
:1078600012FB03F205FB06E50CFB062C07F1010EEB
:107870001FFA8CFC0EEB172707F4784E0CF101076A
:1078800007EB1C27ADB2C7F3C42747EA0E0705F183
:10789000010E0EEB15256D0905F4FC652F430780DD
:1078A00002300234ACE7B9F80030BDF90C60A3EB4C
:1078B0000803A6EB080604EB460400EB43000E4465
:1078C00097E700EB4505A84262D2009B314600EBEA
:1078D000030B58454ED211F8013B2BB1FF2BB4F8E6
:1078E00000E004D1A0F800E002300234F1E70288A1
:1078F0009FB21612DB43DBB24FEA2E2C06F0F806DD
:1079000016FB03F64FEAE20A0CF0F80CD2000CFB6F
:10791000076CD2B24FEAEE060AF0FC0A4FEACE0E2E
:107920001AFB03FA1FFA8CFC12FB03F306F0FC06A9
:107930005FFA8EFE06FB07A60CF101020EFB073371
:10794000B6B29BB202EB1C2C0CF4784206F1010A91
:1079500003F1010C0CEB132C0AEB1626CCF3C42C10
:1079600076094CEA020C06F4FC664CEA060CA0F818
:1079700000C0B9E7B9F80030BDF90C60A3EB08030B
:10798000A6EB080604EB460400EB43000E449AE71E
:10799000034B186803681B6B984707B0BDE8F08F6E
:1079A000843401207E3401202DE9F04F89B0074650
:1079B0009DF84C60129C884692469946002E48D00D
:1079C0000846FAF71DF805464046FAF74DF8ADF8B7
:1079D0000E004046ADF808A0ADF80C50ADF80A9086
:1079E000FAF700F905464046FAF72CF98246404678
:1079F000FAF77CF910282CD8DFE810F0CA00BA009A
:107A000011002B002B002B002B002B002B002B0038
:107A10002B00C1002B002B0080012B007301BC4BFD
:107A200018680368DB6B9847FF2E01D1830606D5E3
:107A30003346224602A92846FFF7FCF809E04046F3
:107A4000FAF798F840B9234602AA29463846FFF7C4
:107A5000D7F909B0BDE8F08F0DF118094146484645
:107A6000FAF736F899E803000DF1100888E80300EA
:107A700040462146F0F72AFE4046F0F76AFE00280D
:107A8000D6D1BDF91230B4F90220934212DD9B1A0F
:107A9000B4F90000B4F90410ADF81800ADF81A20DC
:107AA000ADF81C10ADF81E304A46334602A92846F0
:107AB000FFF7C0F8BDF91030B4F90020934212DD91
:107AC0009B1ABDF91200BDF91610ADF81820ADF8DB
:107AD0001A00ADF81C30ADF81E10FF234A4602A96B
:107AE0002846FFF7A7F8434602AA29463846FFF77B
:107AF00087F9A2882388BDF814101344BDF810201C
:107B00000A449BB292B211B218B2884212DD9B1A9B
:107B1000BDF91600BDF91260ADF81810ADF81C30B3
:107B2000ADF81E00FF234A4602A92846ADF81A60A8
:107B3000FFF780F8E2886388BDF816101344BDF89B
:107B400012200A449BB292B211B218B2884280DD70
:107B50009B1AB4F90060B4F90400ADF81E30ADF81A
:107B60001860ADF81A10ADF81C00FF234A4661E713
:107B70003346224602A92846FFF7B2F969E7CDE964
:107B8000004602AB524629463846FFF789FD60E7BA
:107B90004046F9F7EFFF48B93B68CDE9006002AA1B
:107BA000DE68294623463846B04752E70DF11809EA
:107BB00041464846F9F78CFF99E803000DF110089B
:107BC00088E8030040462146F0F780FD4046F0F784
:107BD000C0FD38B10096234602AA51462846FFF759
:107BE000BDFD36E73B68CDE9006002AAD3F80CB0D2
:107BF000294643463846D847BDF91230B4F9022029
:107C0000934213DDB4F90000B4F90410ADF8180084
:107C10009B1AADF81A20ADF81C10ADF81E30009676
:107C20004B4602AA51462846FFF798FDBDF9103091
:107C3000B4F90020934213DD9B1ABDF91200BDF97F
:107C40001610ADF81820ADF81A00ADF81C30ADF8DC
:107C50001E1000964B4602AA51462846FFF77EFDAD
:107C6000A2882388BDF814101344BDF810200A44DC
:107C70009BB292B211B218B2884213DD9B1ABDF9C1
:107C80001600BDF91270ADF81810ADF81C30ADF843
:107C90001E0000964B4602AA51462846ADF81A70BF
:107CA000FFF75CFDE2886388BDF816101344BDF849
:107CB00012200A449BB292B211B218B288427FF7E6
:107CC000C8AEB4F90070B4F90400ADF818709B1A8E
:107CD000ADF81E30ADF81A10ADF81C0000964B46FA
:107CE0007AE7D7F8880000283FF4B3AE036800961F
:107CF000DE68234602AA2946B047AAE6D7F88800DC
:107D000000283FF4A6AE036800969E68F1E700BF26
:107D10008434012080B103291CD8DFE801F0021D62
:107D2000081F104B1888C0F30E00404270470D4BDF
:107D30001888C0F30E00704703290BD801A353F82D
:107D400021F000BF597D01082F7D01085D7D0108EC
:107D5000237D010800207047012070474FF0FF305D
:107D6000704700BF7E34012080B103291CD8DFE8B2
:107D700001F01D021F07104B1888C0F30E0070475A
:107D80000D4B1888C0F30E004042704703290BD8F2
:107D900001A353F821F000BF777D0108B17D0108F0
:107DA000817D0108AD7D01080020704701207047EA
:107DB0004FF0FF30704700BF7E3401202DE9F04FB7
:107DC00099B00D9114A981E80C00BDF98C300B938A
:107DD000DDE926219DF8A43010939DF8AC3008937E
:107DE0009DF8B03009934B7BBDF98840BDF89050A9
:107DF000BDF89460289FDDF8A8909DF8B4A04FEAE4
:107E0000431808F4807091F8068058EA000800F0E2
:107E1000CE811B01C87903F4807303430C9300F0F7
:107E2000C68191F909309BB2002D00F02C81ED1A2A
:107E3000ADB2290402D5641B24B20025B2F90000BA
:107E40009188844283B2B8BFED180B441BB20A93E9
:107E5000D388528813441BB20F930C9B0E93B8BF68
:107E60002C1BB54B0B9A93F800B0BCBFA5B20446CF
:107E70005346214614A8F6F73EF82146ADF85C00BB
:107E800053460B9A14A8F6F753F818A921F8020DD7
:107E900017A8F6F779F9BAF1000F40F0F780BBF1B7
:107EA000010F40F0FB80109B002B40F0A8811FFACF
:107EB00088F205B95EB1089806FB02534343314688
:107EC00007EBD30703F007060C9B5B1A0E930BF12D
:107ED000FF314B424B41184651460C93FFF71AFFB6
:107EE0000C9B83461846FFF73FFF0F9903460B98FC
:107EF000A1EB000A0E998A45A8BF8A46BAF1000F85
:107F000040F355810A99641B0C1B4445D4BFC5EB53
:107F10000405C5EB0805002D40F349810899521B63
:107F20004A430E920D9A002A40F07581834A0A93C3
:107F300010680268D26A90470A9B089901228A4019
:107F4000013A7F49D2B20C880C92BDF95C10BDF9A0
:107F50005E2004FB021200EB42024FEA19240A924F
:107F6000C9F307421292E2B211925FFA89F21092BB
:107F7000744A4FEA591101F4FC6122400A43C9F3E3
:107F8000C40942EA09024FEA4B0192B205FB1B3BCE
:107F90000F920B463A780B916B43324103EB4B0344
:107FA000D2B213931AF1FF3AC0F04981DDF828806C
:107FB000A94619F1FF39C0F032810C9B134054D00F
:107FC000FF200C9990FBF1F14B43FE2B03DD099947
:107FD000814200F022810999B8F80040129811FB03
:107FE00003F39BB2591C01EB1323C3F307231FFABE
:107FF00083FE211210FB0EFB01F0F8011198DB4308
:10800000DBB241EA511101FB03B14FEAE40C10FB72
:108010000EFBE4001098E4B244EA541410FB0EFE88
:1080200004FB03E40CF0FC0C89B2A4B24CEA9C1CE7
:108030000CFB03BC4B1C04F1010B03EB11210BEBFC
:10804000142B1FFA8CFCCBF3C42B01F478414BEAC0
:1080500001010CF1010B0BEB1C2B4FEA5B1B0BF42A
:10806000FC6B41EA0B01A8F80010089B1E44B6B255
:10807000072E98BF1A410B9B89BF7A78D2B201377D
:108080000026984495E71C4424B2D7E6BAF1010FC4
:108090007FF409AFBBF1010F7FF405AF0F9B0B9A83
:1080A000991A0C9B9B1B9942A8BF19460029129153
:1080B0007DDD224A119210680368DB6B984710F44B
:1080C0008073129906D0089B042B33D1109B003388
:1080D00018BF012382051FFA88FC40F1B980089877
:1080E000082840F0B580002B64D00CF1010C2CF076
:1080F00001039BB245BB0A9A08EB0400904223DCC3
:10810000119ABDF85EE01068BDF85C200468069521
:108110004FF480750595099D029389B2CDE9003130
:10812000CDE903954FEA5C0CA46D734606FB0C7118
:10813000A0473CE00023CDE77C34012084340120BB
:108140007E34012000F8FF000A9AA4EB050EA2EB92
:108150000E0EC645D4BFC5EB0E0EC5EB080EBEF124
:10816000000F24D0E8073FF59EAE1EF001007FF41B
:108170009AAE119ABDF85E801468BDF85C206D0857
:108180004FEA5C0C06FB0C56256806904FF4807095
:10819000059009980293CDE9039089B21FFA8EF3F6
:1081A00001910093AD6D4346B9192046A84719B017
:1081B000BDE8F08F284ABDF85EE01068BDF85C208D
:1081C000D0F800A006934FF400730593099BCDF8F7
:1081D00008C0CDE903930A9B641B1C1B06FB0856D1
:1081E0004445D4BFC5EB0405C5EB080589B2ADB263
:1081F00001910095DAF858407346B91998E70822BA
:10820000089B92FBF3F35A1E424492FBF3F212FBDB
:1082100003F292B24DE60D988FE60F9923E70E9B7D
:1082200043B11E44B6B207EBD60706F007063A780C
:108230003241D2B20A99139B19440A91B2E60D9BBE
:10824000002BB4D1044B186803681B6B9847AEE74A
:10825000002B7FF44AAF26E68434012038B5154C54
:108260002378BFF35B8FDA0705460BD4204608F06E
:1082700067FC38B1204608F06FFC0F4A0F491048E0
:1082800008F057FC0F4C2378BFF35B8FDB070BD450
:10829000204608F055FC38B1204608F05DFC064A3F
:1082A00009490A4808F045FC054B6B61074BAB6177
:1082B00038BD00BF6835012000000020654301087B
:1082C000D00000206C35012063430108D400002059
:1082D00038B5154C2378BFF35B8FDA0705460BD40E
:1082E000204608F02DFC38B1204608F035FC0F4A36
:1082F0000F49104808F01DFC0F4C2378BFF35B8F2B
:10830000DB070BD4204608F01BFC38B1204608F0F0
:1083100023FC064A09490A4808F00BFC054BEB60B0
:10832000074B2B6138BD00BF403501200000002005
:1083300069430108A8000020443501206743010873
:10834000AC00002010B50446FFF788FF2046BDE8CA
:108350001040FFF7BDBF000038B5154C2378BFF3C0
:108360005B8FDA0705460BD4204608F0E9FB38B1ED
:10837000204608F0F1FB0F4A0F49104808F0D9FBDE
:108380000F4C2378BFF35B8FDB070BD4204608F03C
:10839000D7FB38B1204608F0DFFB064A09490A48F6
:1083A00008F0C7FB054B6B62074BAB6238BD00BFE3
:1083B00070350120000000205D430108D800002036
:1083C000743501205B430108DC00002038B5154CF2
:1083D0002378BFF35B8FDA0705460BD4204608F0FD
:1083E000AFFB38B1204608F0B7FB0F4A0F491048E1
:1083F00008F09FFB0F4C2378BFF35B8FDB070BD498
:10840000204608F09DFB38B1204608F0A5FB064A3F
:1084100009490A4808F08DFB054BEB61074B2B62BD
:1084200038BD00BF4835012000000020614301082D
:10843000B00000204C3501205F430108B40000204B
:1084400010B50446FFF788FF2046BDE81040FFF74F
:10845000BDBF000038B5154C2378BFF35B8FDA073A
:1084600005460BD4204608F06BFB38B1204608F0D7
:1084700073FB0F4A0F49104808F05BFB0F4C237841
:10848000BFF35B8FDB070BD4204608F059FB38B1F4
:10849000204608F061FB064A09490A4808F049FBF2
:1084A000054B6B63074BAB6338BD00BF80350120C4
:1084B0000000002055430108E80000208435012019
:1084C00053430108EC00002038B5154C2378BFF366
:1084D0005B8FDA0705460BD4204608F031FB38B134
:1084E000204608F039FB0F4A0F49104808F021FBDD
:1084F0000F4C2378BFF35B8FDB070BD4204608F0CB
:108500001FFB38B1204608F027FB064A09490A48F4
:1085100008F00FFB054BEB62074B2B6338BD00BF28
:10852000503501200000002059430108B800002008
:108530005435012057430108BC00002010B5044603
:10854000FFF788FF2046BDE81040FFF7BDBF0000E1
:1085500038B5154C2378BFF35B8FDA0705460BD48B
:10856000204608F0EDFA38B1204608F0F5FA0F4A37
:108570000F49104808F0DDFA0F4C2378BFF35B8FEA
:10858000DB070BD4204608F0DBFA38B1204608F0B0
:10859000E3FA064A09490A4808F0CBFA054B6B652D
:1085A000074BAB6538BD00BF8835012000000020B7
:1085B00045430108F00000208C35012043430108A9
:1085C000F400002038B5154C2378BFF35B8FDA0731
:1085D00005460BD4204608F0B3FA38B1204608F01F
:1085E000BBFA0F4A0F49104808F0A3FA0F4C237842
:1085F000BFF35B8FDB070BD4204608F0A1FA38B13C
:10860000204608F0A9FA064A09490A4808F091FAF2
:10861000054BEB64074B2B6538BD00BF903501203F
:108620000000002049430108F80000209435012093
:1086300047430108FC00002038B5154C2378BFF3F0
:108640005B8FDA0705460BD4204608F079FA38B17B
:10865000204608F081FA0F4A0F49104808F069FADD
:108660000F4C2378BFF35B8FDB070BD4204608F059
:1086700067FA38B1204608F06FFA064A09490A48F5
:1086800008F057FA054B6B64074BAB6438BD00BF6D
:1086900058350120000000204D430108C000002093
:1086A0005C3501204B430108C400002038B5154C4F
:1086B0002378BFF35B8FDA0705460BD4204608F01A
:1086C0003FFA38B1204608F047FA0F4A0F491048E0
:1086D00008F02FFA0F4C2378BFF35B8FDB070BD426
:1086E000204608F02DFA38B1204608F035FA064A3F
:1086F00009490A4808F01DFA054BEB63074B2B6448
:1087000038BD00BF7835012000000020514301082A
:10871000E00000207C3501204F430108E4000020E8
:1087200010B50446FFF714FF2046FFF785FF2046EB
:10873000FFF748FF2046BDE81040FFF7B7BF000035
:1087400038B5154C2378BFF35B8FDA0705460BD499
:10875000204608F0F5F938B1204608F0FDF90F4A37
:108760000F49104808F0E5F90F4C2378BFF35B8FF1
:10877000DB070BD4204608F0E3F938B1204608F0B7
:10878000EBF9064A09490A4808F0D3F9054B6B662C
:10879000074BAB6638BD00BF6035012000000020EC
:1087A0003D430108C8000020643501203B43010817
:1087B000CC00002038B5154C2378BFF35B8FDA0767
:1087C00005460BD4204608F0BBF938B1204608F026
:1087D000C3F90F4A0F49104808F0ABF90F4C237842
:1087E000BFF35B8FDB070BD4204608F0A9F938B143
:1087F000204608F0B1F9064A09490A4808F099F9F3
:10880000054BEB65074B2B6638BD00BF38350120A3
:108810000000002041430108A00000203C35012059
:108820003F430108A400002010B50446FFF788FF6D
:108830002046BDE81040FFF7BDBF000038B5154C1D
:108840002378BFF35B8FDA0705460BD4204608F088
:1088500077F938B1204608F07FF90F4A0F491048E0
:1088600008F067F90F4C2378BFF35B8FDB070BD45D
:10887000204608F065F938B1204608F06DF9064A3F
:1088800009490A4808F055F9054B6B67074BAB6778
:1088900038BD00BF303501200000002035430108FD
:1088A0009800002034350120334301089C0000204B
:1088B00038B5154C2378BFF35B8FDA0705460BD428
:1088C000204608F03DF938B1204608F045F90F4A36
:1088D0000F49104808F02DF90F4C2378BFF35B8F38
:1088E000DB070BD4204608F02BF938B1204608F0FE
:1088F00033F9064A09490A4808F01BF9054BEB66AB
:10890000074B2B6738BD00BF283501200000002031
:1089100039430108900000202C350120374301081D
:108920009400002010B50446FFF788FF2046BDE8FC
:108930001040FFF7BDBF10B50446FFF7F3FF204618
:10894000FFF772FF2046FFF7F9FD2046FFF7FAFC1C
:108950002046FFF775FD2046BDE81040FFF7E0BE5A
:1089600038B50B4C2378BFF35B8FDB0705460BD480
:10897000204608F0E5F838B1204608F0EDF8054A41
:108980000549064808F0D5F8044BEB6738BD00BF31
:108990001C35012000000020314301088800002020
:1089A00038B50B4C2378BFF35B8FDB0705460BD440
:1089B000204608F0C5F838B1204608F0CDF8054A41
:1089C0000549064808F0B5F8044BC5F8803038BDB5
:1089D00020350120000000202F4301088C000020DA
:1089E00070B50D4D0D4C2B78BFF35B8F13F0010F5D
:1089F00006460DD1284608F0A3F848B1084B23607D
:108A0000284608F0A9F8074A0749204608F091F8D7
:108A1000C6F8844070BD00BF243501209C3601207B
:108A200000510208000000202D43010810B5044643
:108A3000FFF796FF2046FFF7B3FF2046BDE8104042
:108A4000FFF7CEBF70B50D4D0D4C2B78BFF35B8F8C
:108A500013F0010F06460DD1284608F071F848B111
:108A6000084B2360284608F077F8074A0749204654
:108A700008F05FF8C6F8884070BD00BF18350120C7
:108A8000983501201C510208000000202B430108EA
:108A90002DE9F04FDDE90B45BDF924E0BDF928B023
:108AA0009DF834909DF838709DF83C60088805FB6F
:108AB0000E4C002D02EB0C0AC0F2B080AB4540F327
:108AC000AD80002CC0F2A880A64540F3A58012F826
:108AD0000C2033F81280621C00F1A380964540F30D
:108AE000A080B9F1000F00F09C809AF8012033F8C3
:108AF00012C0013500F19980AB4540F39680002FFC
:108B000000F09380002CC0F28E80A64540F38B804D
:108B10001AF80E2033F81250013400F18980A6456E
:108B200040F38680B9F1000F00F08280D6449EF8B1
:108B3000012033F812304FEA084404F0FC6428F4B2
:108B4000FC6819FB07FE44EA08084FEA0C44CEF320
:108B5000C70EC7F1100204F0FC642CF4FC6C44EA6C
:108B60000C0CA2EB0902CEEB49040EEB420204FB13
:108B70000CF402FB08481A0402F0FC6223F4FC63C4
:108B800013432A0402F0FC6225F4FC650EFB038308
:108B90002A43CEEB470707FB0232530D520903F479
:108BA000FC6322F4FC621A4393B2B4B20212F6439D
:108BB000F6B21D1202F0F80212FB06F2C71005F021
:108BC000F805C00005FB0425C0B2DA10DB00DBB2FB
:108BD00007F0FC0710FB06F0ADB203FB040002F047
:108BE000FC0217FB06F780B26B1C02FB047292B208
:108BF00003EB1525431C03EB1023501C00EB122242
:108C000005F47845C3F3C42352092B4302F4FC62F4
:108C100013430B80BDE8F08F80465CE784468046B6
:108C200067E7844665E7054676E70346054682E73B
:108C3000034680E72DE9F04F99B0DDE923A51592B1
:108C40000993279A9DF8AC300D930C91DDE9281318
:108C500016905068126800FB031302EB43082A9B2E
:108C60001B680B932A9B5E680D9BDB43DBB20436CB
:108C70000A930C9B002B03DC159B002B40F32582F1
:108C80002A9BB3F90810B3F90C20481E571E099B04
:108C9000002B40F3E3805FEA2A4C4FEA254306D4D9
:108CA000844504DA002B02DBBB42C0F2D8801CF101
:108CB000010C00F1C9806145C0F2C680013300F1AA
:108CC000C3809A42C0F2C080DDF824B04746BBF1B1
:108CD000000F40F3E3802A9A2A9BD2F80CE09B68AD
:108CE0005FEA2A424FEA254CCAF30330C5F3033149
:108CF00000F1218103F1FF394A4580F21C81BCF16A
:108D0000000FC0F218810EF1FF39CC4580F21381BB
:108D10001BB20CFB03220B9C04EB0209A25C36F88D
:108D200012E0002800F0FE8099F8012036F81220A9
:108D3000119251B109EB030219F8033036F81330E0
:108D40000F93537836F813301293119B129C4FEA0D
:108D5000034C0CF0FC6C23F4FC634CEA030C129BF8
:108D60001B0410FB01F224F4FC6403F0FC63D2103A
:108D70002343C2EB4009534309FB0C334FEA0E4C2B
:108D80000CF0FC6C2EF4FC6E4CEA0E0EC1F1100CD3
:108D9000ACEB000C02EB4C0C0CFB0E3C0F9B0A9C4A
:108DA000180400F0FC6023F4FC631843C2EB41029A
:108DB00002FB00C2530D5209388803F4FC6322F40D
:108DC000FC621A4392B20112BDF834304FEA222CF1
:108DD00001F0F80111FB04F14FEAE00E0CF0F80C81
:108DE000C0000CFB031C0EF0FC0ED110C0B2D20070
:108DF000D2B201F0FC011EFB04FE10FB04F01FFACE
:108E00008CFC01FB03E102FB03039AB20CF10103AA
:108E100089B203EB1C2C531C03EB12234A1C02EBFC
:108E200011210CF4784CC3F3C423490943EA0C0321
:108E300001F4FC610B433B80259B9A44269B02373F
:108E40001D440BF1FF3B42E7259B9A44269B1D44A2
:108E5000099B013B099308F1020818E723D0099BFD
:108E60002598013B00FB03A000143FF52DAF01390D
:108E70008842BFF629AF269901FB03531B143FF527
:108E800023AF013A9342BFF61FAFDDF824E0BDF8EF
:108E90003490CDF83880BEF1000F6CDC099B23EADA
:108EA000E37408EB44080C9B002B40F30E8130EE7A
:108EB000040AB7EE007AC7EE007A229B70EEA40A8D
:108EC00031EE051A20EEA77AF0EE626A61EE277A9B
:108ED000FEEEC86A77EE622A16EE90AAFEEEC82A67
:108EE000F0EE436A37EEC33A12EE902ABEEEC83A6D
:108EF00092FBF3F313EE102A2593229B92FBF3F3DC
:108F000026930C9B159A013BFEEEC86A0C93229B9C
:108F100008BF134616EE905A0993B0EE673AF0EE8A
:108F2000472AA6E600293FF410AF19F8033036F8B7
:108F300013300F9309E712F101093FF57DAF4B455F
:108F4000FFF67AAF1CF101093FF576AFCE45FFF68B
:108F500073AF0D9C02921BB20FFA8EF2CDE905148D
:108F6000CDE903C0019200930B9A16983346394617
:108F7000FFF78EFD60E72A9B0B9CB3F908304FEAA0
:108F80002A42291403FB01210B9A0A44615CCAF3AB
:108F9000033CC5F3033036F81110BCF1000F00F0AC
:108FA0008C80577836F81740139440B1D718D35CAB
:108FB00036F8133010937B7836F813301493139BE4
:108FC000149C1CFB00F21F04D21023F4FC6307F076
:108FD000FC671F43C2EB4C031793149B1B0424F440
:108FE000FC6B03F0FC6343EA0B03179C53434FEA0B
:108FF000014B04FB073721F4FC610BF0FC6343EAEF
:10900000010BC0F11001109B0A9CA1EB0C0C02EBB0
:109010004C0C0CFB0B774FEA034C23F4FC6B0CF06D
:10902000FC6CC2EB40024CEA0B0C02FB0C770E9A74
:10903000790D7F09128801F4FC6127F4FC670F4366
:10904000BBB21112181201F0F80111FB04F1D71094
:1090500000F0F800D20000FB091007F0FC07D9105F
:10906000D2B2DB0017FB04F712FB04F201F0FC01A3
:10907000DBB280B201FB097103FB09239BB289B209
:10908000421C02EB10204F1C5A1C02EB132207EB70
:10909000112100F47840C2F3C42249090E9B104309
:1090A00001F4FC61084323F8020B0E93259B9A44BC
:1090B000269B0EF1FF3E1D44EDE600283FF47FAFF6
:1090C000D35C36F81330109379E719B0BDE8F08F10
:1090D0002DE9F047DDE90A48BDF920E0BDF924A0FB
:1090E0009DF830509DF83460088808FB0E47B8F1B1
:1090F000000F02EB070967DBC24565DD002C61DB71
:10910000A6455FDDD25D33F812C0621C5FD4964580
:109110005DDD002D5BD099F8012033F8127018F155
:10912000010858D4C24556DD002E54D0002C50DB27
:10913000A6454EDD19F80E2033F81220013407D46D
:10914000A64505DD25B1CE449EF8010033F8100098
:109150004FEA0C4315FB06F403F0FC634FEA074E9D
:109160002CF4FC6CC4F3C70443EA0C0C0EF0FC6E48
:10917000C6F1100327F4FC675B1B4EEA0707C4EB3C
:10918000450504EB43037D4303FB0C5C030403F040
:10919000FC6320F4FC601843130403F0FC6322F426
:1091A000FC62134304FB00C0C4EB460606FB03004D
:1091B000430D400903F4FC6320F4FC60184308806D
:1091C000BDE8F0878446A0E707468446A7E7074640
:1091D000A5E70246B2E70246BAE72DE9F04F93B0A1
:1091E000DDE91D460F92219A08910693DDE92213CD
:1091F00010905068126800FB031302EB4309249B94
:109200001B680793249B5F68F7EE006A0437089B8E
:10921000002B03DC0F9B002B40F3B281249BB3F99E
:109220000810B3F90C20481E02F1FF3C069B002BEE
:1092300040F3A9805FEA244E4FEA264306D48645D0
:1092400004DA002B02DB6345C0F29E801EF1010EA2
:1092500000F18F807145C0F28C80013300F189806C
:109260009A42C0F28680DDF818B0C846BBF1000F04
:1092700040F3A680249A249BD2F80CE09B68221429
:109280004FEA264CC4F30330C6F3033100F1E38008
:1092900003F1FF3A524580F2DE80BCF1000FC0F2CC
:1092A000DA800EF1FF3AD44580F2D5801BB20CFB78
:1092B0000322079D05EB020AAA5C37F812E000289A
:1092C00000F0C0809AF8012037F812200B9251B1BB
:1092D0000AEB03021AF8033037F813300993537876
:1092E00037F813300C930B9B0C9D4FEA034C0CF09A
:1092F000FC6C23F4FC634CEA030C0C9B1B0410FB7A
:1093000001F203F0FC6325F4FC65D2102B43C2EBA1
:10931000400A53430AFB0C334FEA0E4C0CF0FC6C32
:109320002EF4FC6E4CEA0E0EC1F1100CACEB000CEE
:1093300002EB4C0C0CFB0E3C099B180400F0FC608B
:1093400023F4FC631843C2EB410202FB00C2530D3D
:10935000520903F4FC6322F4FC621A43A8F80020CB
:109360001F9B1C44209B08F102081E440BF1FF3B8D
:109370007CE71F9B1C44209B1E44069B013B0693DD
:1093800009F1020952E720D0069B1F98013B00FB20
:10939000034000143FF567AF01398842BFF663AF61
:1093A000209901FB03631B143FF55DAF013A934223
:1093B000BFF659AFDDF81880CA46B8F1000F67DC78
:1093C000069B23EAE37509EB4509089B002B40F354
:1093D000D78030EE040A70EEA40AC6EE807A1C9B99
:1093E00031EE051A20EEA77AB0EE626A61EE277AB6
:1093F000BEEEC86A77EE622A16EE104AFEEEC82A62
:10940000B0EE436A37EEC33A12EE902ABEEEC83A87
:1094100092FBF3F313EE102A1F931C9B92FBF3F3C2
:109420002093089B0F9A013BBEEEC86A08931C9BD1
:1094300008BF134616EE106A0693B0EE673AF0EED8
:10944000472AE4E600293FF44EAF1AF8033037F814
:109450001330099347E712F1010A81D45345FFF60F
:109460007FAF1CF1010A3FF57BAFD645FFF678AF21
:10947000CDE9022C1BB20FFA8EF2CDE90401019264
:109480000093079A10983B464146FFF721FE67E795
:10949000249B079DB3F908302214311403FB0121EA
:1094A000079A0A44695CC4F3033EC6F3033037F8F5
:1094B0001110BEF1000F5CD092F801C037F81C50BB
:1094C0000D9550B102EB030CD35C37F813300A93BF
:1094D0009CF8013037F813300E930D9B0E9D1EFB48
:1094E00000F24FEA034CD21023F4FC630CF0FC6C46
:1094F0004CEA030CC2EB4E0311930E9B1B0425F4A4
:10950000FC6B03F0FC6343EA0B03119D53434FEAEA
:10951000014B05FB0C3C21F4FC610BF0FC6343EABE
:10952000010BC0F110010A9BA1EB0E0E02EB4E0ED7
:109530000EFB0BCC4FEA034B23F4FC6E0BF0FC6BE1
:109540004BEA0E0EC2EB400202FB0ECC4FEA5C531C
:109550004FEA5C1C03F4FC632CF4FC6C43EA0C0C37
:109560001F9B2AF802CB1C44209B08F1FF381E44A5
:1095700023E70028B1D0D35C37F813300A93ACE767
:1095800013B0BDE8F08F2DE9F04F0D8887B0EF10D4
:109590004FEA252A07F0FC07ED000197EDB202958E
:1095A000019D0391DDE91206BDF940900299BDF9D4
:1095B00044B09DF850409DF854E09DF858800AF062
:1095C000F80A2D0245EA0A4506FB09070D43002E5D
:1095D00002EB070C0595C0F2B680B34540F3B380AB
:1095E0000028C0F2AE80814540F3AB80D75D07EB29
:1095F00047071F44421C00F1A980914540F3A68013
:10960000002C00F0A3809CF8015005EB45051D449B
:10961000013600F19F80B34540F39C80BEF1000FFE
:1096200000F098800028C0F29380814540F390803C
:109630001CF8096006EB46061E44013000F18D80DF
:10964000814540F38A80002C00F08780E14499F83E
:10965000012002EB42021344A4B21FFA8EFE04FB67
:109660000EFB2401CBEB0E1EC4F58079A4EB0B049A
:109670001FFA8EF0A2B2AC7897F802C00199A9EB5C
:1096800000091FFA89F9544309FB0C4496F802C0FB
:1096900000FB0C4493F802C01FFA88FE6FEA08082A
:1096A0005FFA88F80BFB0C4C1AFB08FACCF3072C7A
:1096B0000CFB0EAC95F801A07C782D783F7802FB6E
:1096C0000AFA09FB04AA74786A43357800FB04AAF5
:1096D00009FB07225C781B7800FB05200BFB04A428
:1096E0000BFB030B029B11FB08FA1FFA8CFC13FB0C
:1096F00008F8CBF3072BC4F3072404FB0EA40CF1EA
:1097000001030BFB0E8E1FFA8EFEA4B203EB1C2C82
:109710000CF4784304F1010A0EF1010C0CEB1E2C41
:109720000AEB1424CCF3C42C64094CEA030C04F4B3
:10973000FC64039B4CEA040CA3F800C007B0BDE82E
:10974000F08F05AF56E705AD2F4661E705AD5FE742
:1097500005AE72E705AB1E467EE705AB7CE72DE95B
:10976000F04F95B012920993239A9DF89C300F9375
:109770000E91DDE9241313905068126800FB031367
:1097800002EB43030A93269B1B680D93269B5C68A0
:109790000F9BDB43DBB204340B930E9B002B03DCEB
:1097A000129B002B40F35582269BB3F90810B3F9A6
:1097B0000C20481E551E099B002B40F3F9801F9E6C
:1097C000209B36144FEA234306D4864204DA002B4A
:1097D00002DBAB42C0F2ED80013600F1DA80B1422B
:1097E000C0F2D780013300F1D4809A42C0F2D18018
:1097F000099B11930A9B0C93119B002B40F3FA8059
:109800002698209B209AC6681F981D14C2F3033126
:109810001F9B269A0014C3F30333926800F13E8124
:10982000571EB84280F23A81002DC0F23781771E70
:10983000BD4280F2338112B205FB02000D9D15F886
:1098400000A00AEB4A0A2E1804EB0A05002B00F0D0
:10985000178196F801C00CEB4C0CA444002900F0D1
:109860001781B018B25C407802EB420200EB400076
:10987000224420449BB289B203FB01F9C9EB0111D8
:109880001B0189B29CF8027095F802B00C9E14F886
:109890000AA0B6F800E0BDF83C60C3F58078A3EB01
:1098A00009039BB2A8EB01081FFA88F85F4308FB85
:1098B0000B7792F802B0109301FB0B7790F802B08F
:1098C0000B9B09FB0B774FEA2E2B0BF0F80B1BFBC6
:1098D00003FBC7F3072707FB06B7109B95F801B0FA
:1098E0009CF801509CF800C05D4308FB0B5592F8B2
:1098F00001B00B9B01FB0B5590F801B009FB0B5518
:109900004FEAEE0B0BF0FC0B1BFB03FB109B03FB66
:109910000CF392F800C008FB0A3301FB0C3390F8FB
:1099200000C04FEACE0E09FB0C3C0B9B5FFA8EFE8B
:10993000BFB21EFB03FEC5F30725CCF3072C05FBC6
:1099400006B57B1C0CFB06E6ADB2B6B203EB1727DF
:1099500007F4784305F1010B771C07EB16270BEB97
:109960001525C7F3C4276D091F4305F4FC650C9B3F
:109970003D431D800C9B219A02330C931F9B134483
:109980001F93229A209B13442093119B013B119318
:1099900032E71F9B219E33441F93229E209B33441A
:1099A0002093099B013B09930A9B02330A9302E728
:1099B00027D0099B21981F9D013B00FB03500014F9
:1099C0003FF516AF01398842BFF612AF22992098B1
:1099D00001FB03031B143FF50BAF013A9342BFF6A3
:1099E00007AF099B1193BDF83CA00A9B0C93119BF8
:1099F000002B70DC099B0A9A23EAE37302EB430312
:109A00000A930E9B002B40F3248130EE040AB7EE3C
:109A1000007AC7EE007A1E9B70EEA40A31EE051A9A
:109A200020EEA77AF0EE626A61EE277AFEEEC86A4F
:109A300077EE622ACDED1F6AFEEEC82AF0EE436A89
:109A400037EEC33A12EE902ABEEEC83A92FBF3F319
:109A500013EE102A21931E9B92FBF3F322930E9B8D
:109A6000129A013BFEEEC86A0E931E9BCDED206A52
:109A700008BF13460993B0EE673AF0EE472A8CE62A
:109A800049B1B25C02EB420222442846AC46F1E600
:109A900028462A46EEE628462A46F7E7471C3FF5C1
:109AA00069AFBA42FFF666AF6F1C3FF563AFBE42C7
:109AB000FFF660AF0F9F029036B212B2CDE90517E4
:109AC000CDE90353009201962346DDE90C12139869
:109AD000FFF759FD4EE7209A20981F9D1F9BC2F368
:109AE0000331269AB2F908202D14001402FB00500D
:109AF0000D9D15F80090C3F3033309EB49092E18A7
:109B000004EB0905002B00F09680777807EB4707F8
:109B10002744002900F09780B018B25C407802EB2F
:109B2000420200EB4000224420449BB289B203FB76
:109B300001F80C9E95F802B0B6F800C0BE7814F893
:109B400009901B01C8EB011189B2C3F5807EA3EB1C
:109B500008039BB2AEEB010E1FFA8EFE5E430EFBB6
:109B60000B6692F802B0109301FB0B6690F802B0FE
:109B70000B9B08FB0B664FEA2C2B0BF0F80B1BFB27
:109B800003FBC6F3072606FB0AB6109B95F801B047
:109B90007D783F785D430EFB0B5592F801B00B9B2F
:109BA00001FB0B5590F801B008FB0B554FEAEC0B8D
:109BB0000BF0FC0B1BFB03FB109B7B4317780EFB8E
:109BC000093301FB073307784FEACC0C08FB073752
:109BD0000B9B5FFA8CFC1CFB03FCC5F30725C7F34A
:109BE000072705FB0AB507FB0AC7B6B2ADB2BFB27D
:109BF000731C7A1C05F1010B03EB162602EB1722EE
:109C00000BEB1525C2F3C42206F478466D090C9BB4
:109C1000164305F4FC652E4323F8026B219A0C933E
:109C20001F9B13441F93229A209B13442093119B44
:109C3000013B1193DBE649B1B25C02EB42022244E4
:109C400028462F4671E728462A466EE728462A46C8
:109C5000F7E715B0BDE8F08F2DE9F74F0F88BDF994
:109C600030E0BDF934909DF840009DF844603C021E
:109C7000DDE90EC504F4780B7C0104F47C44FF009C
:109C80004BEA0404FFB205FB0ECA2743002D02EB8A
:109C90000A0801977EDBA9457CDDBCF1000F77DB6C
:109CA000E64575DD12F80A7007EB47071F441CF103
:109CB000010272D4964570DD00286ED098F80140FC
:109CC00004EB44041C4401356BD4A94569DD002E26
:109CD00067D0BCF1000F62DBE64560DD18F80E507E
:109CE00005EB45051D441CF101025DD496455BDD85
:109CF000002859D0C6449EF8012002EB42021344CA
:109D000080B2B2B200FB02F60001C6EB0212C0F54F
:109D10008078801B1FFA82FC82B2A07897F802E05C
:109D200097F800907F78A8EB0C081FFA88F850434A
:109D300008FB0E0EA8780CFB00E093F802E006FB8F
:109D40000E0E0EF4784094F800E002FB0EFE08FBC5
:109D500009E995F800E00CFB0E9993F800E05B78B8
:109D600006FB0E9ECEF3C42E4EEA000E60785043E2
:109D70006A7808FB07000CFB020206FB03235B0961
:109D800003F4FC634EEA03030B8003B0BDE8F08FDD
:109D900001AF8CE701AC274695E701AC93E701AD35
:109DA000A1E701AB1D46ABE701ABA9E72DE9F04FF9
:109DB0008FB0DDE919B50C921D9A0A910693DDE981
:109DC0001E130D905068126800FB031302EB43034F
:109DD0000793209B1B680893209B5C6804340A9BB4
:109DE000002B03DC0C9B002B40F3D681209BB3F9A6
:109DF0000810B3F90C20481E561E069B002B40F39A
:109E0000B7805FEA2B474FEA254306D4874204DA3E
:109E1000002B02DBB342C0F2AC80013700F19D8021
:109E2000B942C0F29A80013300F197809A42C0F2A1
:109E30009480069B0B93079B09930B9B002B40F38D
:109E4000B5802098209AC76892685FEA2B404FEA55
:109E50002546CBF30333C5F3033100F1FB8002F158
:109E6000FF3C604580F2F680002EC0F2F38007F1DF
:109E7000FF3C664580F2EE8012B206FB0200089EAF
:109E80003718305C00EB400804EB080C002B00F0A6
:109E9000D3807E7806EB46062644002900F0D48065
:109EA000B818BA5C407802EB420200EB4000224452
:109EB00020449BB289B203FB01F9C9EB01111B01DC
:109EC00089B2B7789CF802A09CF801C0C3F5807EE7
:109ED000A3EB09039BB2AEEB010E1FFA8EFE5F43AC
:109EE0000EFB0A7792F802A001FB0A7790F802A015
:109EF00009FB0A7A14F8087096F80080767803FB5C
:109F000008F80EFB0788177801FB0788077809FB1C
:109F100007870AF4784AC7F3C42747EA0A07734356
:109F200092F801A00EFB0C3301FB0A3190F801A05E
:109F3000099B09FB0A1A4FEA5A1A0AF4FC6A47EA13
:109F40000A071F80099B023309931B9B9B441C9BA0
:109F50001D440B9B013B0B936FE71B9B9B441C9B7E
:109F60001D44069B013B0693079B0233079344E77E
:109F700023D0069B1B98013B00FB03B000143FF568
:109F800058AF01398842BFF654AF1C9901FB035307
:109F90001B143FF54EAF013A9342BFF64AAF069B02
:109FA0000993079B0B93099B002B70DC069B079A78
:109FB00023EAE37302EB430307930A9B002B40F36E
:109FC000EB8030EE040AB7EE007AC7EE007A189BF9
:109FD00070EEA40A31EE051A20EEA77AF0EE626A5E
:109FE00061EE277AFEEEC86A77EE622A16EE90BA24
:109FF000FEEEC82AF0EE436A37EEC33A12EE902A1C
:10A00000BEEEC83A92FBF3F313EE102A1B93189B93
:10A0100092FBF3F31C930A9B0C9A013BFEEEC86A79
:10A020000A93189B08BF134616EE905A0693B0EE9B
:10A03000673AF0EE472AD2E649B1BA5C02EB420237
:10A0400022446046664634E76046624631E7604631
:10A050006246F7E710F1010C3FF574AF6245FFF679
:10A0600071AF16F1010C3FF56DAF6745FFF66AAFB2
:10A070003FB212B2CDE90431CDE902060092019758
:10A080002346DDE908210D98FFF7E6FD5AE7209AFF
:10A09000B2F908204FEA2B46281402FB0060089E04
:10A0A00016F80080CBF3033308EB4808C5F30331FF
:10A0B000371804EB080C002B60D07E7806EB4606C0
:10A0C0002644002962D0B818BA5C407802EB4202FC
:10A0D00000EB4000224420449BB289B203FB01F90B
:10A0E000C9EB01111B0189B2B7789CF802A09CF85A
:10A0F00001C0C3F5807EA3EB09039BB2AEEB010E5A
:10A100001FFA8EFE5F430EFB0A7792F802A001FB56
:10A110000A7790F802A009FB0A7A14F8087096F8FA
:10A120000080767803FB08F80EFB0788177801FBA0
:10A130000788077809FB07870AF4784A7343C7F34F
:10A14000C427567847EA0A070EFB0C3390F801A0A3
:10A1500001FB063309FB0A3A4FEA5A1A0B9B0AF431
:10A16000FC6A47EA0A0723F8027B0B931B9B9B447C
:10A170001C9B1D44099B013B099314E749B1BA5C40
:10A1800002EB4202224460466646A5E7604662460C
:10A19000A2E760466246F7E70FB0BDE8F08F2DE911
:10A1A000F04F85B0DDE91074BDF938C00291002C84
:10A1B00004FB0C71BDF93C809DF848609DF84C0093
:10A1C00002EB010EC0F22281A04540F31F81002F57
:10A1D000C0F21A81BC4540F31781525C53F82250FB
:10A1E0007A1C00F11681944540F31381002E00F093
:10A1F00012819EF8012053F82210013400F10F81E2
:10A20000A04540F30C81002800F00C81002FC0F223
:10A210000481BC4540F301811EF80C2053F8224014
:10A22000013700F10281BC4540F3FF80002E00F0B1
:10A23000FE80F4449CF8012053F82220B6B280B28C
:10A2400000FB06FECEEB00103601A6EB0E0780B237
:10A25000C6F580734FEA116ABFB21B1A4FEA156B3D
:10A260009BB20AFB07F64FEA14690BFB03664FEA41
:10A27000126800FB09660EFB0866C6F30726009607
:10A28000002E00F0BE8005F0FF1C0BFB0CFC05F45B
:10A290007F450BFB05F54FEA1C2B0BF0FF1B0CF168
:10A2A000011CDC444FEA1C2C01950CF0FF150395B2
:10A2B000019D029E05F5807C0CEB152501F0FF1C2D
:10A2C0000AFB0CFC4FEA152B4FEA1C2505F0FF1585
:10A2D0000CF1011C654404F0FF1C04F47F4409FBED
:10A2E0000CFC09FB04F909F5807404EB192902F050
:10A2F000FF1408FB04F401F47F4102F47F4208FBE1
:10A3000002F80AFB01FA220A0AF5807102F0FF1234
:10A3100004F1011401EB1A2A14444FEA1C2108F538
:10A3200080722D0A02EB182805F0FF15039A368873
:10A3300001F0FF110CF1011C7D436144240A02FB72
:10A340000355090A04F0FF1404FB0E5401F0FF1139
:10A3500001FB00414FEA1A2A090A0AF47F4A01F078
:10A36000FF1407FB0AF74FEA18280BF47F4103FBA1
:10A3700001714FEA192908F47F480EFB081E09F401
:10A380007F4100FB01E19DF85000009A87B27A43BB
:10A39000090A531C01F47F41214303EB12233512B8
:10A3A0000A0C6FEA1323DBB212FB07F205F0F80583
:10A3B00005FB0325C1F30724F210C8B2F60014FB15
:10A3C00007F402F0FC02F6B210FB07F002FB0342B6
:10A3D000ADB206FB030399B294B26B1C03EB1525D7
:10A3E000621C4B1C03EB112302EB142205F478458D
:10A3F000C3F3C423520902F4FC622B431343029AB1
:10A40000138005B0BDE8F08F0025E9E600210D4678
:10A41000F3E60021F1E63146EFE6002400E70022F2
:10A4200014460BE70246044608E7002206E73246D8
:10A4300004E72DE9F04F9FB01B9209932D9A9DF8E8
:10A44000C4301C931991DDE92E131D9050681268D9
:10A450002A9D00FB031302EB43030C93309B1B6804
:10A460001293309B5E68BDF870300D930436199BD3
:10A47000002B03DC1B9B002B40F38883309BB3F93C
:10A480000810B3F90C20481E571E099B002B40F3FF
:10A490009581299C5FEA244C4FEA254306D48445E4
:10A4A00004DA002B02DBBB42C0F289811CF1010CF3
:10A4B00000F177816145C0F27481013300F171814F
:10A4C0009A42C0F26E81099B0C9F1A931A9B002B33
:10A4D00040F39381299BC3F30332309BD3E9020EEF
:10A4E000299B1B144FEA254CC5F3033100F1D6819B
:10A4F00000F1FF38434580F2D181BCF1000FC0F27A
:10A50000CD810EF1FF38C44580F2C88100B20CFB4A
:10A510000033129C04EB0308E35C56F823304FEA47
:10A52000136E002A00F0AF8198F801C056F82C4055
:10A530000E94240E159479B108EB000C18F8000065
:10A5400056F820000A90000E13909CF8010056F86F
:10A5500020000F90000E169092B289B202FB01F912
:10A56000C9EB01111201A2EB090889B2C2F5807290
:10A570001598139C1FFA88F8521A92B208FB00F043
:10A5800002FB0E0001FB0400169C09FB0400C0F353
:10A590000720002800F0FA80BEF1FF0F1BD003F067
:10A5A000FF1A0EFB0AFA03F47F430EFB03FE4FEA89
:10A5B0001A2303F0FF130AF1011A0EF5807C5344AD
:10A5C0000CEB1E2C1B0A4FEA1C2C03F0FF130CF49F
:10A5D0007F4C43EA0C03159CFF2C21D00E9C04F009
:10A5E000FF1B159C04FB0BFB0E9C04F47F4A159C7F
:10A5F0004FEA1B2E04FB0AFA0EF0FF1E0BF1011BA3
:10A600000AF5807CDE440CEB1A2A4FEA1E2E4FEA34
:10A610001A2A0EF0FF1E0AF47F4A4EEA0A040E942C
:10A62000139CFF2C21D00A9C04F0FF1B139C04FBFD
:10A630000BFB0A9C04F47F4A139C4FEA1B2E04FB7D
:10A640000AFA0EF0FF1E0BF1011B0AF5807CDE44B6
:10A650000CEB1A2A4FEA1E2E4FEA1A2A0EF0FF1EA2
:10A660000AF47F4A4EEA0A040A94169CFF2C21D071
:10A670000F9C04F0FF1B169C04FB0BFB0F9C04F4C7
:10A680007F4A169C4FEA1B2E04FB0AFA0EF0FF1EAF
:10A690000BF1011B0AF5807CDE440CEB1A2A4FEA11
:10A6A0001E2E4FEA1A2A0EF0FF1E0AF47F4A4EEAC7
:10A6B0000A040F940E9C04F0FF1C0A9C03F0FF1E7A
:10A6C00008FB0CFC02FB0ECC04F0FF1E0F9C01FBF0
:10A6D0000ECC04F0FF1E0E9C09FB0ECC04F47F4E42
:10A6E00008FB0EF803F47F4302FB03830A9A0D9CD8
:10A6F00002F47F4A0F9A01FB0A3302F47F410D9A5C
:10A7000009FB013942434FEA1C2C4FEA19293B88C7
:10A71000501C0CF0FF1C09F47F494CEA090C00EBBB
:10A72000122019124FEA1C426FEA1020C0B212FB2D
:10A7300004F201F0F80101FB0021CCF3072EDA103E
:10A740005FFA8CFCDB001CFB04FCDBB289B203FB70
:10A7500000C31FFA83FC4B1C03EB112102F0FC0227
:10A760001EFB04FE0CF1010302FB00E203EB1C23C1
:10A7700092B201F47841C3F3C4230B43511C01EBA3
:10A780001222520902F4FC6213433B802B9B299A4C
:10A790001A442C9B29921D441A9B013B02371A93A1
:10A7A00094E62B9B299C1C442C9B29941D44099BBB
:10A7B000013B09930C9B02330C9366E624D0099B62
:10A7C0002B98299C013B00FB034000143FF57BAE16
:10A7D00001398842BFF677AE2C9901FB03531B1455
:10A7E0003FF571AE013A9342BFF66DAEDDF824B08D
:10A7F000DDF83090BBF1000F70DC099B23EAE374B5
:10A800000C9B03EB44030C93199B002B40F3BE817C
:10A8100030EE040AB7EE007AC7EE007A289B70EE9D
:10A82000A40A31EE051A20EEA77AF0EE626A61EE14
:10A83000277AFEEEC86A77EE622ACDED296AFEEE2F
:10A84000C82AF0EE436A37EEC33A12EE902ABEEE03
:10A85000C83A92FBF3F313EE102A2B93289B92FB3A
:10A86000F3F32C93199B1B9A013BFEEEC86A1993D4
:10A87000289B08BF134616EE905A0993B0EE673A2C
:10A88000F0EE472AF3E500293FF466AE18F8000021
:10A8900056F820000A90000E13905DE613F10108AF
:10A8A0003FF574AF4045FFF671AF1CF101083FF56D
:10A8B0006DAFC645FFF66AAF1C9C029300B20FFA5B
:10A8C0008EF3CDE90514CDE903C201930090334620
:10A8D000129A1D983946FFF762FC57E7299B299C7D
:10A8E000C3F30332309BB3F9081027142B1401FB78
:10A8F0000373129CE718E35C56F82330C5F303306A
:10A900004FEA136C002A00F0378197F801E056F8FF
:10A910002E401094240E179470B107EB010E795C51
:10A9200056F821100B91090E14919EF8011056F85B
:10A9300021101191090E189192B280B202FB00F819
:10A94000C8EB00101201A2EB080E80B2C2F58072B3
:10A950001799149C1FFA8EFE121A92B20EFB01F187
:10A9600002FB0C1100FB0411189C08FB0411C1F33D
:10A970000721002900F0F580BCF1FF0F19D003F08A
:10A98000FF1A0CFB0AFA03F47F430CFB03FC4FEAAB
:10A990001A2303F0FF130AF1011A0CF580775344D0
:10A9A00007EB1C271B0A3F0A03F0FF1307F47F473E
:10A9B0003B43179CFF2C20D0109C04F0FF17179CE2
:10A9C0006743109C04F47F4A179C4FEA172C04FB42
:10A9D0000AFA07F101170CF0FF1CBC440AF5807756
:10A9E00007EB1A2A4FEA1C2C4FEA1A2A0CF0FF1C1C
:10A9F0000AF47F4A4CEA0A041094149CFF2C20D0DD
:10AA00000B9C04F0FF17149C67430B9C04F47F4AD3
:10AA1000149C4FEA172C04FB0AFA07F101170CF0FB
:10AA2000FF1CBC440AF5807707EB1A2A4FEA1C2C5E
:10AA30004FEA1A2A0CF0FF1C0AF47F4A4CEA0A0477
:10AA40000B94189CFF2C20D0119C04F0FF17189C2D
:10AA50006743119C04F47F4A189C4FEA172C04FBAF
:10AA60000AFA07F101170CF0FF1CBC440AF58077C5
:10AA700007EB1A2A4FEA1C2C4FEA1A2A0CF0FF1C8B
:10AA80000AF47F4A4CEA0A041194109C04F0FF1760
:10AA90000B9C03F0FF1C0EFB07F702FB0C7704F086
:10AAA000FF1C119C00FB0C7704F0FF1C109C08FBA2
:10AAB0000C7704F47F4C0EFB0CFE03F47F4302FB87
:10AAC00003E30B9A0D9C02F47F4A119A00FB0A33B0
:10AAD00002F47F4C08FB0C3C0D9BB9F800004B4383
:10AAE0003F0A4FEA1C2C0CF47F4C591C07F0FF174F
:10AAF00047EA0C0701EB132102123B0C6FEA11210C
:10AB0000C9B213FB04F302F0F80202FB0132C7F3EF
:10AB1000072CC310FFB2C00092B21CFB04FC03F070
:10AB2000FC03C0B217FB04F703FB01C300FB017079
:10AB300002F1010C80B20CEB122202F4784C421CA0
:10AB400002EB10229BB2C2F3C42242EA0C0203F1D0
:10AB5000010C0CEB13235B0903F4FC631A43A9F803
:10AB600000202B9B299A1A442C9B299209F1020957
:10AB70001D440BF1FF3B3DE600283FF4DDAE795C60
:10AB800056F821100B91090E1491D5E61FB0BDE8BF
:10AB9000F08F2DE9F04F89B001910198BDF948C0BF
:10ABA0000088BDF94C809DF858509DF85C40061215
:10ABB000DDE9141706F0F8060296C610C000C0B210
:10ABC00006F0FC060490002F07FB0C10039602EB26
:10ABD000000EC0F20A81B84540F307810029C0F297
:10ABE00002818C4540F3FF80125C53F822004A1C1E
:10ABF00000F1FE80944540F3FB80002D00F0FA80C8
:10AC00009EF8012053F82260013700F1F780B84523
:10AC100040F3F480002C00F0F48000290EEB0C02CD
:10AC2000C0F2EA808C4540F3E7801EF80C7053F8C0
:10AC30002770013100F1E8808C4540F3E580002D5C
:10AC400000F0E480527853F822100B0E4FEA106A9D
:10AC50000093A4B2ABB200F0FF1503FB04F90AFBAA
:10AC600005F51B01A3EB090EC3F5807200F47F43C9
:10AC7000280A00F0FF1005F1011505442D0A0AFB12
:10AC800003F305F0FF10059003F5807000EB13232C
:10AC90001B0A4FEA166B069306F0FF130BFB03F338
:10ACA0001D0A06F47F464FEA17680BFB06F603F110
:10ACB000011307F0FF1C05F0FF1507F47F4708FBA1
:10ACC00007F71D4406F5807303EB162607F580731E
:10ACD00003EB172308FB0CFC1B0A07934FEA1C200D
:10ACE0000B0E01F0FF175F430CF1011C00F0FF1089
:10ACF000C9EB041460444FEA172CA4B207F1011702
:10AD00002D0A01F47F410CF0FF1C1FFA8EFE5943FF
:10AD1000121B059BBC4405F0FF1592B205FB0EF516
:10AD20004FEA1C2C03FB02550CF0FF1C069B01F59F
:10AD30008077360A000A0CFB095500F0FF1007EB7C
:10AD4000112106F47F4600FB04550EFB06F603F4C2
:10AD50007F40090A079B02FB006001F47F4109FB69
:10AD6000010003F47F430EFB0BFE04FB030002FB18
:10AD70000AE2009B04FB082409FB03496FEA292926
:10AD8000029B049A5FFA89F903FB09F1039B2D0AE0
:10AD9000000A03FB09F300F47F4005F0FF150543AB
:10ADA00002FB09F9581C4A1C00EB132002EB11218D
:10ADB0002B0A2A0C03EB102302EB1122DB001202F8
:10ADC00002F4784203F4FC63134309F1010202EB3D
:10ADD000192905EB1925C5F3C4051D43019B1D80E9
:10ADE00009B0BDE8F08F002001E7002630460BE7F0
:10ADF000002609E72E4607E700271AE700210F463D
:10AE000023E72146274620E700211EE729461CE7C5
:10AE10002DE9F04F9BB01892299A16910793DDE91E
:10AE20002A13199050681268269D00FB031302EB49
:10AE300043030A932C9B1B680F932C9B5E6804367C
:10AE4000169B002B03DC189B002B40F373832C9B79
:10AE5000B3F90810B3F90C20481E571E079B002BAE
:10AE600040F39081259C5FEA244C4FEA254306D4A9
:10AE7000844504DA002B02DBBB42C0F284811CF162
:10AE8000010C00F172816145C0F26F81013300F164
:10AE90006C819A42C0F26981079B0A9F1793179BA6
:10AEA000002B40F38E81259BC3F303322C9BD3E907
:10AEB000021E259B1B144FEA254CC5F3033000F1FD
:10AEC000D18101F1FF38434580F2CC81BCF1000F04
:10AED000C0F2C8810EF1FF38C44580F2C38109B2C7
:10AEE0000CFB01330F9C04EB0308E35C56F82330A2
:10AEF0004FEA136E002A00F0AA8198F801C056F8B4
:10AF00002C400B94240E129478B108EB010C18F825
:10AF1000011056F821100891090E10919CF80110AB
:10AF200056F821100C91090E139192B280B202FBD7
:10AF300000F9C9EB00101201A2EB090880B2C2F5BA
:10AF400080721299109C1FFA88F8121A92B208FBAC
:10AF500001F102FB0E1100FB0411139C09FB04110B
:10AF6000C1F30721002900F0F580BEF1FF0F1BD0CF
:10AF700003F0FF1A0EFB0AFA03F47F430EFB03FEF5
:10AF80004FEA1A2303F0FF130AF1011A0EF5807C31
:10AF900053440CEB1E2C1B0A4FEA1C2C03F0FF132E
:10AFA0000CF47F4C43EA0C03129CFF2C21D00B9C29
:10AFB00004F0FF1B129C04FB0BFB0B9C04F47F4A68
:10AFC000129C4FEA1B2E04FB0AFA0EF0FF1E0BF137
:10AFD000011B0AF5807CDE440CEB1A2A4FEA1E2E78
:10AFE0004FEA1A2A0EF0FF1E0AF47F4A4EEA0A04BC
:10AFF0000B94109CFF2C21D0089C04F0FF1B109C8C
:10B0000004FB0BFB089C04F47F4A109C4FEA1B2EA8
:10B0100004FB0AFA0EF0FF1E0BF1011B0AF5807CFF
:10B02000DE440CEB1A2A4FEA1E2E4FEA1A2A0EF0C3
:10B03000FF1E0AF47F4A4EEA0A040894139CFF2C70
:10B0400021D00C9C04F0FF1B139C04FB0BFB0C9CFD
:10B0500004F47F4A139C4FEA1B2E04FB0AFA0EF0FD
:10B06000FF1E0BF1011B0AF5807CDE440CEB1A2A53
:10B070004FEA1E2E4FEA1A2A0EF0FF1E0AF47F4AEC
:10B080004EEA0A040C940B9C04F0FF1C089C03F08D
:10B09000FF1E08FB0CFC02FB0ECC04F0FF1E0C9CF8
:10B0A00000FB0ECC04F0FF1E0B9C09FB0ECC04F43D
:10B0B0007F4E08FB0EF803F47F4302FB0383089ADC
:10B0C000B7F8008002F47F4A0C9A00FB0A3302F4BE
:10B0D0007F4009FB0039C9434FEA28225FFA81FE0D
:10B0E0004FEA1C2C4FEA192902F0F80202FB0EF27B
:10B0F0000CF0FF1C09F47F494CEA090C531C03EBCC
:10B1000012224FEAE8004FEA1C4303EB122300F03F
:10B11000FC00634A00FB0EF0DBB202EA0322431C90
:10B1200003EB10204FEA1C234FEAC80103EB102366
:10B13000C9B2DB0001FB0EF103F4FC6313434A1CAC
:10B1400002EB11210CEB112CCCF3C40C4CEA030CD8
:10B15000A7F800C0279B259A1A44289B25921D44D6
:10B16000179B013B0237179399E6279B259C1C44AC
:10B17000289B25941D44079B013B07930A9B0233A0
:10B180000A936BE624D0079B2798259C013B00FB84
:10B19000034000143FF580AE01398842BFF67CAE13
:10B1A000289901FB03531B143FF576AE013A9342F5
:10B1B000BFF672AEDDF81CB0DDF82890BBF1000FD1
:10B1C00070DC079B23EAE3740A9B03EB44030A93B6
:10B1D000169B002B40F3AE8130EE040AB7EE007AE6
:10B1E000C7EE007A249B70EEA40A31EE051A20EE19
:10B1F000A77AF0EE626A61EE277AFEEEC86A77EE11
:10B20000622ACDED256AFEEEC82AF0EE436A37EEDB
:10B21000C33A12EE902ABEEEC83A92FBF3F313EE55
:10B22000102A2793249B92FBF3F32893169B189ADA
:10B23000013BFEEEC86A1693249B08BF134616EE28
:10B24000905A0793B0EE673AF0EE472AF8E50028E7
:10B250003FF46BAE18F8011056F821100891090E52
:10B26000109162E613F101083FF574AF4145FFF616
:10B2700071AF1CF101083FF56DAFC645FFF66AAF2F
:10B28000CDE9023C09B20FFA8EF3CDE90420019317
:10B29000009133460F9A19983946FFF77AFC59E71F
:10B2A00000F8FFFF259B259CC3F303322C9BB3F9C9
:10B2B000081027142B1401FB03730F9CE718E35CA1
:10B2C00056F82330C5F303304FEA136C002A00F020
:10B2D000278197F801E056F82E400D94240E14941F
:10B2E00070B107EB010E795C56F821100991090E37
:10B2F00011919EF8011056F821100E91090E15912A
:10B3000092B280B202FB00F8C8EB00101201A2EB6F
:10B31000080E80B2C2F58071149A119C1FFA8EFE3D
:10B32000091A89B20EFB02F201FB0C2200FB042277
:10B33000159C08FB0422C2F30722002A00F0E580D6
:10B34000BCF1FF0F19D003F0FF1A0CFB0AFA03F44B
:10B350007F430CFB03FC4FEA1A2303F0FF130AF1AF
:10B36000011A0CF58077534407EB1C271B0A3F0A90
:10B3700003F0FF1307F47F473B43149CFF2C20D0BE
:10B380000D9C04F0FF17149C67430D9C04F47F4A46
:10B39000149C4FEA172C04FB0AFA07F101170CF072
:10B3A000FF1CBC440AF5807707EB1A2A4FEA1C2CD5
:10B3B0004FEA1A2A0CF0FF1C0AF47F4A4CEA0A04EE
:10B3C0000D94119CFF2C20D0099C04F0FF17119CB8
:10B3D0006743099C04F47F4A119C4FEA172C04FB35
:10B3E0000AFA07F101170CF0FF1CBC440AF580773C
:10B3F00007EB1A2A4FEA1C2C4FEA1A2A0CF0FF1C02
:10B400000AF47F4A4CEA0A040994159CFF2C20D0C8
:10B410000E9C04F0FF17159C67430E9C04F47F4AB2
:10B42000159C4FEA172C04FB0AFA07F101170CF0E0
:10B43000FF1CBC440AF5807707EB1A2A4FEA1C2C44
:10B440004FEA1A2A0CF0FF1C0AF47F4A4CEA0A045D
:10B450000E940D9C04F0FF17099C03F0FF1C0EFBDB
:10B4600007F701FB0C7704F0FF1C0E9C00FB0C7728
:10B4700004F0FF1C0D9C08FB0C7704F47F4C0EFBC2
:10B480000CFE03F47F4301FB03E3099901F47F4AB7
:10B490000E9900FB0A3301F47F4C08FB0C3CB9F811
:10B4A0000030D2431812D2B2D9103F0A4FEA1C2CF6
:10B4B00000F0F800DB00504307F0FF170CF47F4C5E
:10B4C00001F0FC01DBB247EA0C0751435343421C35
:10B4D00002EB10203A0C02EB1020184AC0B202EA2C
:10B4E00000204A1C02EB11213A0A02EB1121C9008B
:10B4F00001F4FC610143581C00EB132007EB1027FB
:10B50000C7F3C4000843A9F80000279B259A1A44F2
:10B51000289B259209F102091D440BF1FF3B4DE6E2
:10B5200000283FF4EDAE795C56F821100991090E20
:10B530001191E5E61BB0BDE8F08F00BF00F8FFFFFA
:10B540002DE9F04F85B0DDE91070BDF93860039149
:10B5500000FB067402EB44050028BDF93CB09DF8E1
:10B5600048109DF84CE0019503EB0409C0F25081AE
:10B57000834540F34D81002FC0F24681BE4240F327
:10B58000438113F804C032F814304FEAEC0223F47C
:10B59000FC65554303F4FC634FF61F040CFB03F2F8
:10B5A00004EA551305F601051D4402F1200303EBDF
:10B5B00012231B0A04EA551403F4FC631C437B1C8E
:10B5C00000F12B819E4240F32881002900F0288160
:10B5D000019A99F8013055884FEAE30825F4FC6296
:10B5E00008FB02F805F4FC654FF61F0202EA581A40
:10B5F0005D4308F60108D04405F1200A0AEB152541
:10B600002D0A02EA581205F4FC652A43013000F1C4
:10B610000D81834540F30A81BEF1000F00F00B81DC
:10B62000002FC0F20081BE4240F3FD80019819F85E
:10B63000065030F816804FEAE50A28F4FC600AFB51
:10B6400000FA4FF61F0B08F4FC680BEA5A1005FBD2
:10B6500008F80AF6010A824408F1200000EB1820DD
:10B66000000A0BEA5A1B00F4FC604BEA000B01379E
:10B6700000F1E680BE4240F3E380002900F0E38061
:10B680000136019819F8067030F816004FEAE709FC
:10B6900020F4FC6600F4FC6009FB06F907FB00F8E7
:10B6A0004FF61F0000EA591A09F60109D14400EAD1
:10B6B000591608F1200000EB1820000A00F4FC6085
:10B6C00030438EB21FFA8EF906FB09F84FEA044A9E
:10B6D000C8EB091936010AF0FC6A24F4FC640196EF
:10B6E0004AEA04041FFA89F64FEA024A11FB0EF9EE
:10B6F000C9F3C70902960AF0FC6A264622F4FC62E6
:10B70000CEF11004641A4AEA0202C9EB41014FEA81
:10B71000004A4A4309EB44040AF0FC6A20F4FC6046
:10B7200004FB06244AEA000009FB00424FEA0B44EE
:10B7300004F0FC642BF4FC6B44EA0B0B019C029EAE
:10B740000399C4F58074A41B019E08889DF85010CD
:10B75000A6EB0806B6B2A4B273430CFB0433029CFA
:10B7600004FB053508FB0757C9EB4E0E89B20EFBEB
:10B770000B2EC7F307274F434FEA5E524FEA5E1E78
:10B7800002F4FC627B1C2EF4FC6E42EA0E0E03EB0C
:10B7900017271FFA8EF203126FEA1727FFB215124E
:10B7A00003F0F80313FB07F305F0F80505FB01357B
:10B7B000C310D41003F0FC0313FB07F304F0FC04E4
:10B7C00004FB0134C300D200DBB213FB07F3D2B297
:10B7D00002FB0131ADB289B2A4B26B1C03EB15259B
:10B7E000621C4B1C03EB112302EB142405F4784577
:10B7F000C3F3C42364092B4304F4FC64039A234376
:10B80000138005B0BDE8F08F4FF0000C6446D6E61B
:10B8100000239C461A461C46F8E600231A46F5E625
:10B820000B460A46F2E60025AB4620E700273D46D8
:10B830003846BB4645E7774675467046F34640E7CF
:10B84000002738463DE70F4608463AE72DE9F04F16
:10B8500097B014920893259A9DF8A43012931191F1
:10B86000DDE9261315905068126800FB031302EB04
:10B8700043030993289B1B680B93289B5B680C93DD
:10B88000BDF848300A93119B002B03DC149B002B5E
:10B8900040F3CB83289BB3F90810B3F90C20481E62
:10B8A000551E089B002B40F3A381219E229B36143A
:10B8B0004FEA234306D4864204DA002B02DBAB4274
:10B8C000C0F29781013600F18481B142C0F28181DA
:10B8D000013300F17E819A42C0F27B81089B099F6F
:10B8E00013934FF61F06139B002B40F3A481229B5A
:10B8F000219D1814219BC3F30331229BC3F3033C06
:10B90000289B2D14D3E9022300F1F88102F1FF3EB8
:10B91000754580F2F3810028C0F2F08103F1FF3E0B
:10B92000704580F2EB810C9B12B200FB02501FFAB3
:10B9300081FE03EB000A4FEA0E1513F800909AF807
:10B940000180C5F580739BB2BCF1000F00F0B98196
:10B950001AF802400D940AEB020B1FFA8CFA0AFB4C
:10B960000EFECEEB0A1A1FFA8AFAA5EB0E059BF81B
:10B9700001400E94A3EB0A03ADB20D9C9BB208FBF1
:10B9800005F509FB03530AFB04330E9C0EFB04333D
:10B99000C3F30723002B00F00F810B9CB9F1FF0FBD
:10B9A00004EB400534F8100000F0908120F4FC6EA8
:10B9B0004FEAE90A00F4FC6009FB00F00AFB0EFE06
:10B9C00006EA5E1900F1200B0EF6010ECE440BEBD9
:10B9D00010294FEA192906EA5E1E09F4FC694EEAAD
:10B9E0000909B8F1FF0F688819D020F4FC6E4FEAFE
:10B9F000E80A00F4FC6008FB00F80AFB0EFE06EA09
:10BA00005E1008F1200B0EF6010E86440BEB182099
:10BA1000000A06EA5E1E00F4FC604EEA00004FEAEF
:10BA2000094E4FEA004A0EF0FC6E29F4FC690AF058
:10BA3000FC6A20F4FC604EEA09094AEA0000BCF105
:10BA4000000F00F0458102F10042013A52000D9CC6
:10BA50000232FF2C05EB020EAA5A18D022F4FC6524
:10BA600002F4FC6204FB02FA4FEAE40808FB05F862
:10BA70000AF1200506EA581205EB1A2508F6010816
:10BA800042442D0A06EA521205F4FC652A430E9C34
:10BA9000BEF80250FF2C1AD025F4FC6E05F4FC65AC
:10BAA00004FB05FA4FEAE40808FB0EF80AF1200E41
:10BAB00006EA58150EEB1A2E08F6010845444FEA1F
:10BAC0001E2E06EA55150EF4FC6E45EA0E051CFB0B
:10BAD00001FE4FEAEE0ECCF11008A8EB01084FEA88
:10BAE000024ACEEB41010EEB48084FEA054B4143B9
:10BAF0000AF0FC6A22F4FC624AEA0202CEEB4C0C29
:10BB000009FB08110BF0FC6B25F4FC650CFB021122
:10BB10004BEA05050EFB051E4FEA5E524FEA5E1E1C
:10BB200002F4FC622EF4FC6E42EA0E0E1FFA8EF254
:10BB3000FF2B03D11299FF2900F0DE800A99388883
:10BB40000A9C4B4303F1010C0CEB23236FEA2323E4
:10BB50005FFA83FC0312151203F0F80313FB0CF3D6
:10BB600005F0F80505FB0135C310D11003F0FC0307
:10BB700013FB0CF301F0FC0101FB0431C300D20004
:10BB8000DBB2D2B213FB0CF3ADB202FB04339AB2B8
:10BB90006B1C89B203EB1525531C03EB12234A1CC3
:10BBA00002EB112105F47845C3F3C42349092B4363
:10BBB00001F4FC610B433B80219B239A13442193A6
:10BBC000229A249B1A44139B2292013B023713931F
:10BBD00089E6219B239E229C33442193249B1C4471
:10BBE000089B2294013B0893099B0233099358E672
:10BBF00028D0089B2398219D013B00FB0350001493
:10BC00003FF56CAE01398842BFF668AE24992298A0
:10BC100001FB03031B143FF561AE013A9342BFF6EB
:10BC20005DAE089BDDF824E013934FF61F06139BCF
:10BC3000002B00F38280089B23EAE374099B03EB4B
:10BC400044030993119B002B40F3EF8130EE040A6B
:10BC5000B7EE007AC7EE007A209B70EEA40A31EEB0
:10BC6000051A20EEA77AF0EE626A61EE277AFEEE00
:10BC7000C86A77EE622ACDED216AFEEEC82AF0EEA0
:10BC8000436A37EEC33A12EE902ABEEEC83A92FBF0
:10BC9000F3F313EE102A2393209B92FBF3F32493E8
:10BCA000119B149A013BFEEEC86A1193209BCDEDC7
:10BCB000226A08BF13460893B0EE673AF0EE472AAF
:10BCC000E1E508FB05F509FB035361E6814688E6DB
:10BCD000C1F11002414309FB02194FEA49094FEA39
:10BCE00059524FEA591902F4FC6229F4FC6942EAFC
:10BCF00009091FFA89F21BE73A805DE715F1010E89
:10BD00003FF55AAF7245FFF657AF10F1010E3FF500
:10BD100053AF7345FFF650AF129C02951BB212B29F
:10BD2000CDE9030101930092CDE905C4DDE90B23C0
:10BD300039461598FFF704FC3EE7219BC3F3033215
:10BD4000229BC3F30335289BB3F90810229B1F14D1
:10BD5000219B1B1401FB07370C9B1FFA82FC03EB92
:10BD6000070A4FEA0C1013F807909AF80180C0F503
:10BD700080739BB2002D00F03D811AF801400F94B2
:10BD80000AEB010B1FFA85FA0AFB0CFCCCEB0A1A32
:10BD90001FFA8AFAA0EB0C00A3EB0A0380B208FB9F
:10BDA00000F09BB209FB03030F989BF8014010942D
:10BDB0000AFB00330CFB0433C3F30723002B00F012
:10BDC0000B810B980B9CB9F1FF0F00EB470034F887
:10BDD000177000F0148127F4FC6C4FEAE90A07F4AD
:10BDE000FC6709FB07F70AFB0CFC06EA5C1907F184
:10BDF000200B0CF6010CCC440BEB17294FEA192948
:10BE000006EA5C1C09F4FC694CEA0909B8F1FF0F69
:10BE1000478819D027F4FC6C4FEAE80A07F4FC675E
:10BE200008FB07F80AFB0CFC06EA5C1708F1200B7C
:10BE30000CF6010CBC440BEB18273F0A06EA5C1C0D
:10BE400007F4FC674CEA07074FEA094C4FEA074A38
:10BE50000CF0FC6C29F4FC690AF0FC6A27F4FC671E
:10BE60004CEA09094AEA0707002D00F0CA8001F1EF
:10BE7000004101394900023100EB010C415A0F9891
:10BE8000FF2819D00F9C21F4FC6001F4FC6104FB35
:10BE900001FA4FEAE40808FB00F80AF1200006EA7C
:10BEA000581100EB1A2008F601084144000A06EA7E
:10BEB000511100F4FC600143109CBCF80200FF2CFF
:10BEC0001AD020F4FC6C00F4FC6004FB00FA4FEA8A
:10BED000E40808FB0CF80AF1200C06EA58100CEBF9
:10BEE0001A2C08F6010840444FEA1C2C06EA5010B0
:10BEF0000CF4FC6C40EA0C0015FB02FC4FEAEC0C65
:10BF0000C5F11008A8EB02084FEA014ACCEB420247
:10BF10007A434FEA004B0CEB48080AF0FC6A21F424
:10BF2000FC6109FB08224AEA0101CCEB45050BF054
:10BF3000FC6B20F4FC6005FB01224BEA00000CFBCB
:10BF40000022570D520907F4FC6722F4FC623A43C1
:10BF5000FF2B92B202D11299FF2963D00A98BEF842
:10BF600000100A9C4343581C00EB23236FEA232351
:10BF70000812DBB2151200F0F80010FB03F0CF102E
:10BF800005F0F805C90005FB0405C9B2D010D200C0
:10BF900011FB03F1D2B207F0FC0702FB041217FBFE
:10BFA00003F7ADB292B200F0FC0000FB04706B1C12
:10BFB000571C03EB152507EB122780B2C7F3C427E4
:10BFC00005F478453D43471C07EB10277F0907F42C
:10BFD000FC673D43AEF80050219B239A1344219304
:10BFE000229A249B1A44139B2292013B0EF1020ECB
:10BFF00013931CE608FB00F009FB0303DCE6B946DB
:10C0000004E7C2F110017A4309FB01294FEA49090B
:10C010004FEA59504FEA591200F4FC6022F4FC62D6
:10C02000024395E7AEF80020D6E717B0BDE8F08FE1
:10C030002DE9F04F85B0DDE91070BDF9386003914E
:10C0400000FB067403EB44050028BDF93CB09DF8E5
:10C0500048109DF84CE0019502EB0409C0F24181C3
:10C06000834540F33E81002FC0F23781BE4240F34A
:10C07000348112F804C033F814304FEAEC0223F490
:10C08000FC65554303F4FC634FF61F040CFB03F2FD
:10C0900004EA551305F601051D4402F1200303EBE4
:10C0A00012231B0A04EA551403F4FC631C437B1C93
:10C0B00000F11C819E4240F31981002900F0198192
:10C0C000019A99F8013055884FEAE30825F4FC629B
:10C0D00008FB02F805F4FC654FF61F0202EA581A45
:10C0E0005D4308F60108D04405F1200A0AEB152546
:10C0F0002D0A02EA581205F4FC652A43013000F1CA
:10C10000FE80834540F3FB80BEF1000F00F0FC8011
:10C11000002FC0F2F180BE4240F3EE80019819F882
:10C12000065030F816804FEAE50A28F4FC600AFB56
:10C1300000FA4FF61F0B08F4FC680BEA5A1005FBD7
:10C1400008F80AF6010A824408F1200000EB1820E2
:10C15000000A0BEA5A1B00F4FC604BEA000B0137A3
:10C1600000F1D780BE4240F3D480002900F0D48093
:10C170000136019819F8067030F816004FEAE70901
:10C1800020F4FC6600F4FC6009FB06F907FB00F8EC
:10C190004FF61F0000EA591A09F60109D14400EAD6
:10C1A000591608F1200000EB1820000A00F4FC608A
:10C1B00030438EB21FFA8EF906FB09F84FEA044AA3
:10C1C000C8EB091936010AF0FC6A24F4FC640196F4
:10C1D0004AEA04041FFA89F64FEA024A11FB0EF9F3
:10C1E000C9F3C70902960AF0FC6A264622F4FC62EB
:10C1F000CEF11004641A4AEA0202C9EB41014FEA87
:10C20000004A4A4309EB44040AF0FC6A20F4FC604B
:10C2100004FB06244AEA000009FB00424FEA0B44F3
:10C2200004F0FC64019803992BF4FC6B44EA0B0BBB
:10C23000029C0988C0F58070001B019CA4EB0806D5
:10C24000B6B280B273430CFB00330298C9EB4E0EBA
:10C2500000FB05350EFB0B2E08FB07574FEA5E521D
:10C260000B124FEA5E1E6FEA2727FFB202F4FC6250
:10C27000C8102EF4FC6E03F0F803C9007B4342EAB9
:10C280000E0EC9B200F0FC001FFA8EF278434F4345
:10C29000591C01EB1321131223F0070303EB1123A5
:10C2A000411C01EB1020D11021F0030101EB102102
:10C2B0001B02C90001F4FC6103F478430B43791CB1
:10C2C00001EB1727D20002EB1722C2F3C4021A4374
:10C2D000039B1A8005B0BDE8F08F4FF0000C644658
:10C2E000E5E600239C461A461C4607E700231A464B
:10C2F00004E70B460A4601E70025AB462FE7002777
:10C300003D463846BB4654E7774675467046F34689
:10C310004FE7002738464CE70F46084649E700003C
:10C320002DE9F04F93B01092219A0E910693DDE91A
:10C33000221311905068126800FB031302EB4303B1
:10C340000793249B1B680893249B5B6809930E9BAF
:10C35000002B03DC109B002B40F3B483249BB3F928
:10C360000810B3F90C20481E551E069B002B40F305
:10C3700063811D9E1E9B36144FEA234306D48642DA
:10C3800004DA002B02DBAB42C0F25781013600F128
:10C390004481B142C0F24181013300F13E819A42B1
:10C3A000C0F23B81069B079F0F934FF61F060F9B22
:10C3B000002B40F364811E9B1D9D18141D9BC3F32D
:10C3C00003311E9BC3F3033C249B2D14D3E90223AA
:10C3D00000F1EE8102F1FF3E754580F2E98100280F
:10C3E000C0F2E68103F1FF3E704580F2E181099BD6
:10C3F00012B200FB02501FFA81FE03EB000A4FEA63
:10C400000E1513F800909AF80180C5F580739BB261
:10C41000BCF1000F00F079811AF802400A940AEB8F
:10C42000020B1FFA8CFA0AFB0EFECEEB0A1A1FFA59
:10C430008AFAA5EB0E059BF801400B94A3EB0A03C7
:10C44000ADB20A9C9BB208FB05F509FB03530AFB3E
:10C4500004330B9C0EFB0433C3F30723002B00F0C3
:10C46000CF80089CB9F1FF0F04EB400534F81000B1
:10C4700000F0508120F4FC6E4FEAE90A00F4FC6001
:10C4800009FB00F00AFB0EFE06EA5E1900F1200B24
:10C490000EF6010ECE440BEB10294FEA192906EADD
:10C4A0005E1E09F4FC694EEA0909B8F1FF0F6888BD
:10C4B00019D020F4FC6E4FEAE80A00F4FC6008FB97
:10C4C00000F80AFB0EFE06EA5E1008F1200B0EF6DD
:10C4D000010E86440BEB1820000A06EA5E1E00F4EB
:10C4E000FC604EEA00004FEA094E4FEA004A0EF0A7
:10C4F000FC6E29F4FC690AF0FC6A20F4FC604EEA48
:10C5000009094AEA0000BCF1000F00F0058102F1C0
:10C510000042013A52000A9C0232FF2C05EB020E47
:10C52000AA5A18D022F4FC6502F4FC6204FB02FA59
:10C530004FEAE40808FB05F80AF1200506EA58125C
:10C5400005EB1A2508F6010842442D0A06EA5212A4
:10C5500005F4FC652A430B9CBEF80250FF2C1AD050
:10C5600025F4FC6E05F4FC6504FB05FA4FEAE408CB
:10C5700008FB0EF80AF1200E06EA58150EEB1A2EEB
:10C5800008F6010845444FEA1E2E06EA55150EF43A
:10C59000FC6E45EA0E051CFB01FE4FEAEE0ECCF1E7
:10C5A0001008A8EB01084FEA024ACEEB41010EEB5E
:10C5B00048084FEA054B41430AF0FC6A22F4FC624A
:10C5C0004AEA0202CEEB4C0C09FB08110BF0FC6BA3
:10C5D00025F4FC650CFB02114BEA05050EFB051E5C
:10C5E0004FEA5E524FEA5E1E02F4FC622EF4FC6ECD
:10C5F00042EA0E0E1FFA8EF2FF2B40F0A1803A8025
:10C600001D9B1F9A13441D931E9A209B1A440F9B37
:10C610001E92013B02370F93C9E61D9B1F9E1E9C75
:10C6200033441D93209B1C44069B1E94013B0693A0
:10C63000079B0233079398E628D0069B1F981D9D01
:10C64000013B00FB035000143FF5ACAE01398842BA
:10C65000BFF6A8AE20991E9801FB03031B143FF5FB
:10C66000A1AE013A9342BFF69DAE069BDDF81CE0F9
:10C670000F934FF61F060F9B002B00F3B680069B0F
:10C6800023EAE374079B03EB440307930E9B002B01
:10C6900040F3188230EE040AB7EE007AC7EE007A53
:10C6A0001C9B70EEA40A31EE051A20EEA77AF0EE7C
:10C6B000626A61EE277AFEEEC86A77EE622ACDEDF5
:10C6C0001D6AFEEEC82AF0EE436A37EEC33A12EE58
:10C6D000902ABEEEC83A92FBF3F313EE102A1F9392
:10C6E0001C9B92FBF3F320930E9B109A013BFEEEF2
:10C6F000C86A0E931C9BCDED1E6A08BF13460693B5
:10C70000B0EE673AF0EE472A21E608FB05F509FB93
:10C710000353A1E68146C8E6C1F11002414309FB7B
:10C7200002194FEA49094FEA59524FEA591902F4DE
:10C73000FC6229F4FC6942EA09091FFA89F25BE705
:10C74000B7F800C0DB434FEA2C205FFA83FE00F00D
:10C75000F80000FB0EF0411C01EB102011124FEA13
:10C76000EC0521F0070101EB102105F0FC05D7488D
:10C7700005FB0EF5C9B200EA0120691C01EB152585
:10C78000D11021F003014FEACC0301EB1521DBB2FC
:10C79000C90003FB0EF301F4FC610143581C00EBDC
:10C7A0001323D20002EB1322C2F3C4020A4326E78A
:10C7B00015F1010E3FF524AF7245FFF621AF10F1E0
:10C7C000010E3FF51DAF7345FFF61AAF1BB212B253
:10C7D000CDE9041CCDE90250019300923946DDE910
:10C7E00008321198FFF724FC0AE71D9BC3F30332BC
:10C7F0001E9BC3F30335249BB3F908101E9B1F1423
:10C800001D9B1B1401FB0737099B1FFA82FC03EBDE
:10C81000070A4FEA0C1013F807909AF80180C0F548
:10C8200080739BB2002D00F0FE801AF801400C943A
:10C830000AEB010B1FFA85FA0AFB0CFCCCEB0A1A77
:10C840001FFA8AFAA0EB0C00A3EB0A0380B208FBE4
:10C8500000F09BB209FB03030C989BF801400D9478
:10C860000AFB00330CFB0433C3F30723002B00F057
:10C87000CC800898089CB9F1FF0F00EB470034F812
:10C88000177000F0D58027F4FC6C4FEAE90A07F432
:10C89000FC6709FB07F70AFB0CFC06EA5C1907F1C9
:10C8A000200B0CF6010CCC440BEB17294FEA19298D
:10C8B00006EA5C1C09F4FC694CEA0909B8F1FF0FAF
:10C8C000478819D027F4FC6C4FEAE80A07F4FC67A4
:10C8D00008FB07F80AFB0CFC06EA5C1708F1200BC2
:10C8E0000CF6010CBC440BEB18273F0A06EA5C1C53
:10C8F00007F4FC674CEA07074FEA094C4FEA074A7E
:10C900000CF0FC6C29F4FC690AF0FC6A27F4FC6763
:10C910004CEA09094AEA0707002D00F08B8001F173
:10C92000004101394900023100EB010C415A0C98D9
:10C93000FF2819D00C9C21F4FC6001F4FC6104FB7D
:10C9400001FA4FEAE40808FB00F80AF1200006EAC1
:10C95000581100EB1A2008F601084144000A06EAC3
:10C96000511100F4FC6001430D9CBCF80200FF2C47
:10C970001AD020F4FC6C00F4FC6004FB00FA4FEACF
:10C98000E40808FB0CF80AF1200C06EA58100CEB3E
:10C990001A2C08F6010840444FEA1C2C06EA5010F5
:10C9A0000CF4FC6C40EA0C0015FB02FC4FEAEC0CAA
:10C9B000C5F11008A8EB02084FEA014ACCEB42028D
:10C9C0007A434FEA004B0CEB48080AF0FC6A21F46A
:10C9D000FC6109FB08224AEA0101CCEB45050BF09A
:10C9E000FC6B20F4FC6005FB01224BEA00000CFB11
:10C9F0000022570D520907F4FC6722F4FC623A4307
:10CA0000FF2B92B227D1AEF800201D9B1F9A134432
:10CA10001D931E9A209B1A440F9B1E92013B0EF100
:10CA2000020E0F9327E608FB00F009FB03031BE748
:10CA3000B94643E7C2F110017A4309FB01294FEAE5
:10CA400049094FEA59504FEA591200F4FC6022F4A8
:10CA5000FC620243D4E7BEF800701C4CDB43381282
:10CA60005FFA83FC00F0F800FD1000FB0CF005F00D
:10CA7000FC0505FB0CF1451C05EB1020151225F0FB
:10CA8000070505EB10204D1C05EB1125D11021F0F9
:10CA90000301FB0001EB1521DBB2C0B2C90003FBAF
:10CAA0000CF301F4FC6104EA00200843591C01EB7B
:10CAB0001323D20002EB1323C3F3C4031843AEF8CD
:10CAC0000000A2E713B0BDE8F08F00BF00F8FFFF41
:10CAD0002DE9F047DDE9094505FB034C002DBDF9C3
:10CAE00020A09DF82C909DF830709DF83460088847
:10CAF00002EB4C0EC0F2A780AA4540F3A480002CA4
:10CB0000C0F29F80A34240F39C8032F81C80621CDC
:10CB100000F19C80934240F39980B9F1000F00F03E
:10CB20009580BEF802C0013500F19480AA4540F31B
:10CB30009180002F00F08E80002CC0F28980A342EB
:10CB400040F386803EF81350013400F18680A34202
:10CB500040F38380B9F1000F7FD001333EF81330EA
:10CB60004FEA084404F0FC6428F4FC6819FB07FE53
:10CB700044EA08084FEA0C44CEF3C70EC7F110028E
:10CB800004F0FC642CF4FC6C44EA0C0CA2EB0902EB
:10CB9000CEEB49040EEB420204FB0CF402FB084806
:10CBA0001A0402F0FC6223F4FC6313432A0402F02B
:10CBB000FC6225F4FC650EFB03832A43CEEB47079A
:10CBC00007FB0232530D520903F4FC6322F4FC62AA
:10CBD0001A4393B2B4B20212F643F6B21D1202F037
:10CBE000F80212FB06F2C71005F0F805C00005FBBD
:10CBF0000425C0B2DA10DB00DBB207F0FC0710FB43
:10CC000006F0ADB203FB040002F0FC0217FB06F7CE
:10CC100080B26B1C02FB047292B203EB1525431C1D
:10CC200003EB1023501C00EB122205F47845C3F3EC
:10CC3000C42352092B4302F4FC6213430B80BDE86A
:10CC4000F087804663E7844680466CE784466AE75F
:10CC5000054679E70346054682E7034680E72DE966
:10CC6000F04F93B01D461092219B9DF894200B929B
:10CC7000DDE922270A9159681B68119001FB0727FB
:10CC800003EB47030793249B1B6809930B9BDDE988
:10CC90001D46DB43DBB208930A9B002B03DC109B91
:10CCA000002B40F30382249BB3F90810B3F90C2046
:10CCB000481E02F1FF3C002D40F3DA805FEA244E6B
:10CCC0004FEA264306D4864504DA002B02DB63458F
:10CCD000C0F2CF801EF1010E00F1C1807145C0F29B
:10CCE000BE80013300F1BB809A42C0F2B880DDF80B
:10CCF0001C80A946B9F1000F40F3D880249B211471
:10CD00004FEA2640C4F30332C6F3033CD3E902E3FF
:10CD100000F111810EF1FF3A514580F20C8100289B
:10CD2000C0F2098103F1FF3A504580F204810FFA05
:10CD30008EF300FB0311099800EB410A30F811E073
:10CD4000BAF80210BCF1000F07D05B000AEB030039
:10CD50003AF803300C9343880D934FEA0E4012FBD0
:10CD60000CF32EF4FC6E4FEA014A00F0FC60DB107D
:10CD700040EA0E000AF0FC6ACCF1100E21F4FC61CE
:10CD8000AEEB020E4AEA0101C3EB420251430D9A97
:10CD9000089F03EB4E0E0EFB001E100400F0FC601B
:10CDA00022F4FC6210430C9A0C99120403FB00E07D
:10CDB00002F0FC6221F4FC6E42EA0E02C3EB4C036B
:10CDC00003FB02035A0D5B09B8F8000002F4FC6291
:10CDD00023F4FC6313439BB20112BDF82C204FEAED
:10CDE000232C01F0F80111FB07F14FEAE00E0CF0E3
:10CDF000F80CC0000CFB021CC0B2D910DB000EF016
:10CE0000FC0EDBB210FB07F01FFA8CFC03FB0203E5
:10CE100001F0FC011EFB07FE01FB02E19AB20CF1DE
:10CE2000010389B203EB1C2C531C03EB12234A1C95
:10CE300002EB11210CF4784CC3F3C423490943EAF3
:10CE40000C0301F4FC610B43A8F800301F9B1C4449
:10CE5000209B08F102081E4409F1FF394AE71F9B95
:10CE60001C44209B1E44079B0233013D079322E78D
:10CE700022D01F986B1E00FB034000143FF537AF14
:10CE800001398842BFF633AF209901FB03631B14BD
:10CE90003FF52DAF013A9342BFF629AFDDF81C9064
:10CEA000BDF82CA0A846B8F1000F5EDC079B25EA70
:10CEB000E57503EB450307930A9B002B40F3F680CF
:10CEC00030EE040AB7EE007AC7EE007A1C9B70EED3
:10CED000A40A31EE051A20EEA77AF0EE626A61EE3E
:10CEE000277AFEEEC86A77EE622A16EE904AFEEEC8
:10CEF000C82AF0EE436A37EEC33A12EE902ABEEE2D
:10CF0000C83A92FBF3F313EE102A1F931C9B92FB7B
:10CF1000F3F320930A9B109A013BFEEEC86A0A9332
:10CF20001C9B16EE906A14BF1D461546B0EE673A7C
:10CF3000F0EE472AB0E611F1010A87D4D64585DB29
:10CF400010F1010A82D4534580DB0B9F01911BB283
:10CF5000CDE902020093CDE904C70FFA8EF3099AD6
:10CF600011984146FFF7B4FD70E7249B099FB3F980
:10CF700008103014231401FB0030099B37F810C04F
:10CF800003EB4003C6F3033EC4F303325888BEF1FB
:10CF9000000F0BD001F1004101394900023103EBD0
:10CFA000010B5B5A0E93BBF802300F934FEA0C4112
:10CFB00012FB0EF32CF4FC6C4FEA004B01F0FC6109
:10CFC000DB1041EA0C010BF0FC6BCEF1100C20F4ED
:10CFD000FC60ACEB020C4BEA0000C3EB4202504396
:10CFE0000F9A089F03EB4C0C0CFB010C4FEA024B11
:10CFF00022F4FC610E9A0E980BF0FC6B12044BEAC3
:10D00000010120F4FC6002F0FC6203FB01C1024359
:10D01000C3EB4E0303FB02124FEA525B520922F4A8
:10D02000FC630BF4FC6BB9F800204BEA03039BB2E2
:10D030001112181201F0F80111FB07F14FEAE20C8E
:10D0400000F0F800D20000FB0A100CF0FC0CD91024
:10D05000D2B2DB001CFB07FC12FB07F201F0FC0163
:10D06000DBB280B201FB0AC103FB0A239BB289B287
:10D07000421C02EB102001F1010C5A1C02EB13229E
:10D080000CEB112C1F9B00F47840C2F3C4224FEA32
:10D090005C1C10430CF4FC6C1C44209B40EA0C000C
:10D0A00029F8020B1E4408F1FF38FCE613B0BDE876
:10D0B000F08F2DE9F043DDE9084E0EFB0347BEF18A
:10D0C000000FBDF91C909DF828509DF82C60088831
:10D0D00002EB470860DBF1455EDD002C5ADBA34222
:10D0E00058DD32F817C0621C59D4934257DD002D29
:10D0F00055D0B8F802701EF1010E54D4F14552DD3E
:10D10000002E50D0002C4CDBA3424ADD38F813200F
:10D11000013405D4A34203DD15B1013338F81300FF
:10D120004FEA0C4315FB06F403F0FC634FEA074E8D
:10D130002CF4FC6CC4F3C70443EA0C0C0EF0FC6E38
:10D14000C6F1100327F4FC675B1B4EEA0707C4EB2C
:10D15000450504EB43037D4303FB0C5C030403F030
:10D16000FC6320F4FC601843130403F0FC6322F416
:10D17000FC62134304FB00C0C4EB460606FB03003D
:10D18000430D400903F4FC6320F4FC60184308805D
:10D19000BDE8F0838446A6E707468446ABE707462A
:10D1A000A9E70246B4E70246BAE72DE9F04F8FB08F
:10D1B0001D461D9B0C92DDE91E27079159681B68CF
:10D1C0000D9001FB072703EB4707209BDDE919467C
:10D1D000D3F80080079B002B03DC0C9B002B40F353
:10D1E0008181209BB3F90810B3F90C20481E02F18D
:10D1F000FF3C002D40F39B805FEA244E4FEA26431C
:10D2000006D4864504DA002B02DB6345C0F2908029
:10D210001EF1010E00F184807145C0F2818001335E
:10D220007ED49A427CDBAA46B946BAF1000F40F39D
:10D230009980209B21144FEA2640C4F30332C6F3A1
:10D24000033CD3E902E300F1D0800EF1FF3B5945E6
:10D2500080F2CB800028C0F2C88003F1FF3B584524
:10D2600080F2C3800FFA8EFE00FB0E1108EB410026
:10D2700038F811B04188BCF1000F0BD00EF100431B
:10D28000013B5B00023300EB030EC35A0893BEF868
:10D29000023009934FEA0B4000F0FC602BF4FC6B6A
:10D2A00040EA0B0012FB0CF34FEA014BDB10CCF110
:10D2B000100E0BF0FC6B21F4FC61AEEB020E4BEA9E
:10D2C0000101C3EB42025143099A03EB4E0E0EFBE0
:10D2D000001E100400F0FC6022F4FC621043089A67
:10D2E0000899120403FB00E002F0FC6221F4FC6EDA
:10D2F00042EA0E02C3EB4C0303FB02035A0D5B0927
:10D3000002F4FC6223F4FC631343A9F800301B9B76
:10D310001C441C9B09F102091E440AF1FF3A84E7F0
:10D320001B9B1C441C9B013D1E44023761E71DD022
:10D330001B986B1E00FB034000143FF574AF0139CE
:10D340008842BFF670AF1C9901FB03631B143FF5C5
:10D350006AAF013A9342BFF666AFA946BA46B9F141
:10D36000000F5ADC25EAE57507EB4507079B002B04
:10D3700040F3B88030EE040AB7EE007AC7EE007AC8
:10D38000189B70EEA40A31EE051A20EEA77AF0EE93
:10D39000626A61EE277AFEEEC86A77EE622A16EEBE
:10D3A000904AFEEEC82AF0EE436A37EEC33A12EE18
:10D3B000902ABEEEC83A92FBF3F313EE102A1B93A9
:10D3C000189B92FBF3F31C93079B0C9A013BFEEE18
:10D3D000C86A0793189B16EE906A14BF1D4615463F
:10D3E000B0EE673AF0EE472AF4E611F1010B8ED465
:10D3F000DE458CDB10F1010B89D45B4587DB1BB26A
:10D40000CDE90110CDE9032C009342460FFA8EF3CB
:10D4100049460D98FFF74DFE79E7209BB3F9083098
:10D420002014311403FB010108EB4100C6F3033E55
:10D4300038F811C04188C4F30332BEF1000F0BD09D
:10D4400003F10043013B5B00023300EB030BC35AC3
:10D450000A93BBF802300B934FEA0C4012FB0EF319
:10D460002CF4FC6C4FEA014B00F0FC60DB1040EA4E
:10D470000C000BF0FC6BCEF1100C21F4FC61ACEB5A
:10D48000020C4BEA0101C3EB420251430B9A03EB3E
:10D490004C0C0CFB001C4FEA024B22F4FC600A9A75
:10D4A0000A990BF0FC6B12044BEA000002F0FC62DC
:10D4B00021F4FC6B03FB00C042EA0B0BC3EB4E03F1
:10D4C00003FB0B00430D400903F4FC6320F4FC60F4
:10D4D00018431B9B2AF8020B1C441C9B09F1FF39C3
:10D4E0001E443CE70FB0BDE8F08F2DE9F04F85B04A
:10D4F000DDE90F740291002C04FB0371BDF938E0E3
:10D500009DF844609DF8480002EB810CC0F21B813D
:10D51000A64540F31881002FC0F21381BB4240F3AF
:10D52000108152F821507A1C00F11081934240F38F
:10D530000D81002E00F00C81DCF80410013400F1A4
:10D540000B81A64540F30881002800F00881002FD8
:10D55000C0F20081BB4240F3FD805CF823400137FC
:10D5600000F10081BB4240F3FD80002E00F0FC8002
:10D5700001335CF82320B6B280B200FB06FECEEB8E
:10D5800000103601A6EB0E0780B2C6F580734FEA95
:10D59000116ABFB21B1A4FEA156B9BB20AFB07F662
:10D5A0004FEA14690BFB03664FEA126800FB096639
:10D5B0000EFB0866C6F307260096002E00F0BE801C
:10D5C00005F0FF1C0BFB0CFC05F47F450BFB05F580
:10D5D0004FEA1C2B0BF0FF1B0CF1011CDC444FEA43
:10D5E0001C2C01950CF0FF150395019D029E05F57D
:10D5F000807C0CEB152501F0FF1C0AFB0CFC4FEAAC
:10D60000152B4FEA1C2505F0FF150CF1011C654494
:10D6100004F0FF1C04F47F4409FB0CFC09FB04F933
:10D6200009F5807404EB192902F0FF1408FB04F4D7
:10D6300001F47F4102F47F4208FB02F80AFB01FA81
:10D64000220A0AF5807102F0FF1204F1011401EBC5
:10D650001A2A14444FEA1C2108F580722D0A02EBA5
:10D66000182805F0FF15039A368801F0FF110CF118
:10D67000011C7D436144240A02FB0355090A04F09E
:10D68000FF1404FB0E5401F0FF1101FB00414FEAAF
:10D690001A2A090A0AF47F4A01F0FF1407FB0AF765
:10D6A0004FEA18280BF47F4103FB01714FEA192957
:10D6B00008F47F480EFB081E09F47F4100FB01E1DE
:10D6C0009DF84C00009A87B27A43090A531C01F472
:10D6D0007F41214303EB122335120A0C6FEA132317
:10D6E000DBB212FB07F205F0F80505FB0325C1F3D9
:10D6F0000724F210C8B2F60014FB07F402F0FC0293
:10D70000F6B210FB07F002FB0342ADB206FB0303C7
:10D7100099B294B26B1C03EB1525621C4B1C03EBF6
:10D72000112302EB142205F47845C3F3C4235209F4
:10D7300002F4FC622B431343029A138005B0BDE848
:10D74000F08F0025EFE600210D46F7E60021F5E613
:10D750003146F3E6002402E7002214460BE70246B6
:10D76000044608E7002206E7324604E72DE9F04FB9
:10D770009DB0DDE92746199207932B9A9DF8BC309E
:10D780001A931791DDE92C131B905068126800FB67
:10D79000031302EB43030A932E9B1B681093BDF8FF
:10D7A00068300B93179B002B03DC199B002B40F375
:10D7B00075832E9BB3F90810B3F90C20481E571E31
:10D7C000079B002B40F38E815FEA244C4FEA2643EF
:10D7D00006D4844504DA002B02DBBB42C0F283810D
:10D7E0001CF1010C00F173816145C0F270810133BD
:10D7F00000F16D819A42C0F26A81079B0A9F1893DB
:10D80000189B002B40F38C812E9A2E9BD2F80CE0B3
:10D810009B6822144FEA264CC4F30330C6F303314D
:10D8200000F1CD8103F1FF38424580F2C881BCF19F
:10D83000000FC0F2C4810EF1FF38C44580F2BF81F1
:10D840001BB20CFB0322109D05EB820855F8222029
:10D850004FEA126E002800F0A981D8F804500C9508
:10D860002D0E139581B103F18043013B9B000433DE
:10D8700008EB030C58F8033008931B0E1193DCF8E7
:10D8800004300D931B0E149380B289B200FB01F992
:10D89000C9EB01110001A0EB090889B2C0F5807342
:10D8A0001398119D1FFA88F85B1A9BB208FB00F0D1
:10D8B00003FB0E0001FB0500149D09FB0500C0F3EE
:10D8C0000720002800F0FA80BEF1FF0F1BD002F005
:10D8D000FF1A0EFB0AFA02F47F420EFB02FE4FEA29
:10D8E0001A2202F0FF120AF1011A0EF5807C52444E
:10D8F0000CEB1E2C120A4FEA1C2C02F0FF120CF447
:10D900007F4C42EA0C02139DFF2D21D00C9D05F0A7
:10D91000FF1B139D05FB0BFB0C9D05F47F4A139D1C
:10D920004FEA1B2E05FB0AFA0EF0FF1E0BF1011B3E
:10D930000AF5807CDE440CEB1A2A4FEA1E2E4FEAD1
:10D940001A2A0EF0FF1E0AF47F4A4EEA0A050C95C9
:10D95000119DFF2D21D0089D05F0FF1B119D05FB9A
:10D960000BFB089D05F47F4A119D4FEA1B2E05FB1A
:10D970000AFA0EF0FF1E0BF1011B0AF5807CDE4453
:10D980000CEB1A2A4FEA1E2E4FEA1A2A0EF0FF1E3F
:10D990000AF47F4A4EEA0A050895149DFF2D21D00E
:10D9A0000D9D05F0FF1B149D05FB0BFB0D9D05F464
:10D9B0007F4A149D4FEA1B2E05FB0AFA0EF0FF1E4C
:10D9C0000BF1011B0AF5807CDE440CEB1A2A4FEAAE
:10D9D0001E2E4FEA1A2A0EF0FF1E0AF47F4A4EEA64
:10D9E0000A050D950C9D05F0FF1C089D02F0FF1E19
:10D9F00008FB0CFC03FB0ECC05F0FF1E0D9D01FB8C
:10DA00000ECC05F0FF1E0C9D09FB0ECC05F47F4EDD
:10DA100008FB0EF802F47F4203FB0282089B0B9D79
:10DA200003F47F4A0D9B01FB0A2203F47F4109FBAB
:10DA300001290B9A3B8842434FEA1C2C4FEA1929D3
:10DA4000501C0CF0FF1C09F47F494CEA090C00EB58
:10DA5000122019124FEA1C426FEA1020C0B212FBCA
:10DA600005F201F0F80101FB0021CCF3072EDA10DA
:10DA70005FFA8CFCDB001CFB05FCDBB289B203FB0C
:10DA800000C31FFA83FC4B1C03EB112102F0FC02C4
:10DA90001EFB05FE0CF1010302FB00E203EB1C235D
:10DAA00092B201F47841C3F3C4230B43511C01EB40
:10DAB0001222520902F4FC6213433B80299B1C444E
:10DAC0002A9B1E44189B013B0237189398E6299B1A
:10DAD0001C442A9B1E44079B013B07930A9B02336D
:10DAE0000A936DE623D0079B2998013B00FB034076
:10DAF00000143FF582AE01398842BFF67EAE2A9906
:10DB000001FB03631B143FF578AE013A9342BFF665
:10DB100074AEDDF81CB0DDF82890BBF1000F6CDCB2
:10DB2000079B23EAE3750A9B03EB45030A93179BC4
:10DB3000002B40F3B38130EE040AB7EE007AC7EE53
:10DB4000007A269B70EEA40A31EE051A20EEA77A21
:10DB5000F0EE626A61EE277AFEEEC86A77EE622A1C
:10DB600016EE904AFEEEC82AF0EE436A37EEC33A4C
:10DB700012EE902ABEEEC83A92FBF3F313EE102A8F
:10DB80002993269B92FBF3F32A93179B199A013B47
:10DB9000FEEEC86A1793269B08BF134616EE906ADE
:10DBA0000793B0EE673AF0EE472AFBE500293FF411
:10DBB0006BAE58F8233008931B0E119364E612F1F4
:10DBC00001083FF57BAF4345FFF678AF1CF1010834
:10DBD0003FF574AFC645FFF671AF1A9D01920FFA7B
:10DBE0008EF2CDE90415CDE902C000921BB2109A65
:10DBF0001B983946FFF779FC60E72E9B109DB3F91F
:10DC000008102714331401FB037305EB830755F841
:10DC10002330C4F30332C6F303304FEA136C002AF7
:10DC200000F033817D680E952D0E159578B101F1C8
:10DC3000804101398900043107EB010E79580991BF
:10DC4000090E1291DEF804100F91090E169192B28E
:10DC500080B202FB00F8C8EB00101201A2EB080E24
:10DC600080B2C2F580721599129D1FFA8EFE121AAB
:10DC700092B20EFB01F102FB0C1100FB0511169D87
:10DC800008FB0511C1F30721002900F0F580BCF164
:10DC9000FF0F19D003F0FF1A0CFB0AFA03F47F43BD
:10DCA0000CFB03FC4FEA1A2303F0FF130AF1011ADD
:10DCB0000CF58077534407EB1C271B0A3F0A03F03F
:10DCC000FF1307F47F473B43159DFF2D20D00E9D8A
:10DCD00005F0FF17159D6F430E9D05F47F4A159DB6
:10DCE0004FEA172C05FB0AFA07F101170CF0FF1C8D
:10DCF000BC440AF5807707EB1A2A4FEA1C2C4FEA3E
:10DD00001A2A0CF0FF1C0AF47F4A4CEA0A050E9509
:10DD1000129DFF2D20D0099D05F0FF17129D6F4326
:10DD2000099D05F47F4A129D4FEA172C05FB0AFA5C
:10DD300007F101170CF0FF1CBC440AF5807707EBD4
:10DD40001A2A4FEA1C2C4FEA1A2A0CF0FF1C0AF47C
:10DD50007F4A4CEA0A050995169DFF2D20D00F9D9C
:10DD600005F0FF17169D6F430F9D05F47F4A169D22
:10DD70004FEA172C05FB0AFA07F101170CF0FF1CFC
:10DD8000BC440AF5807707EB1A2A4FEA1C2C4FEAAD
:10DD90001A2A0CF0FF1C0AF47F4A4CEA0A050F9578
:10DDA0000E9D05F0FF17099D03F0FF1C0EFB07F702
:10DDB00002FB0C7705F0FF1C0F9D00FB0C7705F0B4
:10DDC000FF1C0E9D08FB0C7705F47F4C0EFB0CFE30
:10DDD00003F47F4302FB03E3099A0B9D02F47F4A9D
:10DDE0000F9A00FB0A3302F47F4C08FB0C3C0B9BA0
:10DDF000B9F8000059433F0A4FEA1C2C0CF47F4C41
:10DE00004B1C07F0FF1747EA0C0703EB1121021226
:10DE10003B0C6FEA1121C9B213FB05F302F0F802C3
:10DE200002FB0132C7F3072CC310FFB2C000C0B21F
:10DE300017FB05F700FB017092B21CFB05FC80B2DA
:10DE400003F0FC0303FB01C3511C00F1010C01EBC7
:10DE500012220CEB102C9BB2CCF3C42C02F47842AF
:10DE60004CEA020203F1010C0CEB13235B0903F4EF
:10DE7000FC631A43A9F80020299B1C442A9B09F142
:10DE800002091E440BF1FF3B47E600283FF4DFAEDA
:10DE900057F821100991090E1291D8E61DB0BDE87E
:10DEA000F08F2DE9F04F85B0DDE90F740291002C61
:10DEB00004FB0371BDF938E09DF844609DF848000B
:10DEC00002EB810CC0F20C81A64540F30981002FC2
:10DED000C0F20481BB4240F3018152F821507A1C08
:10DEE00000F10181934240F3FE80002E00F0FD809E
:10DEF000DCF80410013400F1FC80A64540F3F98001
:10DF0000002800F0F980002F0CEB8302C0F2EF80B4
:10DF1000BB4240F3EC805CF82340013700F1EF8016
:10DF2000BB4240F3EC80002E00F0EB805268B6B2AA
:10DF300080B200FB06FECEEB00103601A6EB0E070A
:10DF400080B2C6F580734FEA116ABFB21B1A4FEA5E
:10DF5000156B9BB207FB0AF64FEA14690BFB0366CD
:10DF60004FEA126800FB09660EFB0866C6F3072637
:10DF70000096002E00F0AF8005F0FF1C0BFB0CFCA0
:10DF800005F47F450BFB05F54FEA1C2B0BF0FF1B3F
:10DF90000CF1011CDC444FEA1C2C01950CF0FF1520
:10DFA0000395019D029E05F5807C0CEB152501F083
:10DFB000FF1C0AFB0CFC4FEA152B4FEA1C2505F051
:10DFC000FF150CF1011C654404F0FF1C04F47F44B0
:10DFD00009FB0CFC09FB04F909F5807404EB192911
:10DFE00002F0FF1408FB04F401F47F4102F47F42C5
:10DFF00008FB02F80AFB01FA220A0AF5807102F016
:10E00000FF1204F1011401EB1A2A14444FEA1C21F7
:10E0100008F580722D0A02EB182805F0FF15039A07
:10E02000368801F0FF110CF1011C7D436144240A84
:10E0300002FB0355090A04F0FF1404FB0E5401F01F
:10E04000FF1101FB00414FEA1A2A090A0AF47F4A2C
:10E0500001F0FF144FEA18280BF47F4107FB0AF781
:10E0600003FB01714FEA1929009B08F47F480EFB5E
:10E07000081E09F47F4100FB01E1DA433312D2B2FA
:10E08000F010090A03F0F803F600534301F47F414E
:10E0900000F0FC00F6B22143504356435A1C02EBF9
:10E0A00013220B0C03EB1223421C02EB10200A0A72
:10E0B00002EB10221B02D20002F4FC6203F478434C
:10E0C0001343721C02EB162601EB1621C1F3C401A7
:10E0D0001943029B198005B0BDE8F08F0025FEE6CC
:10E0E00000210D4606E7002104E7314602E700243F
:10E0F00013E7002214461AE70246044617E70022F7
:10E1000015E7324613E700002DE9F04F9BB0DDE93B
:10E1100025461892299A16910793DDE92A1319903A
:10E120005068126800FB031302EB43030A932C9B15
:10E130001B680F93169B002B03DC189B002B40F3EE
:10E1400086832C9BB3F90810B3F90C20481E571E88
:10E15000079B002B40F366815FEA244C4FEA26437D
:10E1600006D4844504DA002B02DBBB42C0F25B819B
:10E170001CF1010C00F14B816145C0F24881013373
:10E1800000F145819A42C0F24281079B0A9F179392
:10E19000179B002B40F365812C9A2C9BD2F80CE046
:10E1A0009B6822144FEA264CC4F30331C6F30330B4
:10E1B00000F1D58103F1FF38424580F2D081BCF1F6
:10E1C000000FC0F2CC810EF1FF38C44580F2C78148
:10E1D0001BB20CFB03220F9D05EB820855F8222091
:10E1E0004FEA126E002900F08281D8F804500B9596
:10E1F0002D0E129580B103F18043013B9B00043347
:10E2000008EB030C58F8033008931B0E1093DCF84E
:10E2100004300C931B0E139389B280B201FB00F9FA
:10E22000C9EB00100901A1EB090880B2C1F58071AA
:10E23000129B109D1FFA88F8091A89B208FB03F394
:10E2400001FB0E3300FB0533139D09FB0533C3F3BC
:10E250000723002B00F0D280BEF1FF0F1BD002F08D
:10E26000FF1A0EFB0AFA02F47F420EFB02FE4FEA8F
:10E270001A2202F0FF120AF1011A0EF5807C5244B4
:10E280000CEB1E2C120A4FEA1C2C02F0FF120CF4AD
:10E290007F4C42EA0C02129DFF2D21D00B9D05F010
:10E2A000FF1B129D05FB0BFB0B9D05F47F4A129D86
:10E2B0004FEA1B2E05FB0AFA0EF0FF1E0BF1011BA5
:10E2C0000AF5807CDE440CEB1A2A4FEA1E2E4FEA38
:10E2D0001A2A0EF0FF1E0AF47F4A4EEA0A050B9531
:10E2E000109DFF2D21D0089D05F0FF1B109D05FB03
:10E2F0000BFB089D05F47F4E109D05FB0EFA4FEABF
:10E300001B2E0EF0FF1E0BF1011B0AF5807CDE4474
:10E310000CEB1A2A4FEA1E2E4FEA1A2A0EF0FF1EA5
:10E320000AF47F4A4EEA0A050895139DFF2D21D075
:10E330000C9D05F0FF1B139D05FB0BFB0C9D05F4CD
:10E340007F4A139D4FEA1B2E05FB0AFA0EF0FF1EB3
:10E350000BF1011B0AF5807CDE440CEB1A2A4FEA14
:10E360001E2E4FEA1A2A0EF0FF1E0AF47F4A4EEACA
:10E370000A050C950B9D05F0FF1C089D02F0FF1E81
:10E3800008FB0CFC01FB0ECC05F0FF1E0C9D00FBF6
:10E390000ECC05F0FF1E0B9D09FB0ECC05F47F4E45
:10E3A00002F47F4208FB0EF801FB0282089901F497
:10E3B0007F4A0C9900FB0A2201F47F4009FB0029E7
:10E3C0004FEA1C2C4FEA19290CF0FF1C09F47F4975
:10E3D0004CEA090CFF2B4FEA1C2240F091804FEAD7
:10E3E0005C1322F4FF6203F4FC6322F007021A4379
:10E3F000CCF3C40C4CEA020CA7F800C0279B1C44C9
:10E40000289B1E44179B013B02371793C0E6279BAE
:10E410001C44289B1E44079B013B07930A9B023325
:10E420000A9395E624D0079B2798013B00FB034005
:10E4300000143FF5AAAE01398842BFF6A6AE28996E
:10E4400001FB03631B143FF5A0AE013A9342BFF6F4
:10E450009CAEDDF81CB0DDF82880BBF1000F00F3A6
:10E460009A80079B23EAE3750A9B03EB45030A9313
:10E47000169B002B40F3EB8130EE040AB7EE007AD6
:10E48000C7EE007A249B70EEA40A31EE051A20EE46
:10E49000A77AF0EE626A61EE277AFEEEC86A77EE3E
:10E4A000622A16EE904AFEEEC82AF0EE436A37EE74
:10E4B000C33A12EE902ABEEEC83A92FBF3F313EE83
:10E4C000102A2793249B92FBF3F32893169B189A08
:10E4D000013BFEEEC86A1693249B08BF134616EE56
:10E4E000906A0793B0EE673AF0EE472A22E60028DA
:10E4F0003FF492AE58F8233008931B0E10938BE62E
:10E500003988D44DDB434FEA212E5FFA83F80EF0B1
:10E51000F80E0EFB08FEC810CB0000F0FC000EF158
:10E52000010101EB1E2E00FB08F04FEA1C4101EB3C
:10E530001E2100F1010E0EEB102002EB1022DBB2C7
:10E54000C9B2D20003FB08F305EA012102F4FC6220
:10E550000A43591C01EB13230CEB132C48E712F16F
:10E5600001083FF54BAF4345FFF648AF1CF10108EA
:10E570003FF544AFC645FFF641AFCDE9012C0FFA98
:10E580008EF2CDE9031000921BB20F9A199839460A
:10E59000FFF787FC32E72C9B0F9DB3F9087021141D
:10E5A000331407FB03130F9901EB830155F8233054
:10E5B000C4F30332C6F303304FEA136C002A00F0B1
:10E5C00007814D680D952D0E149578B107F18047A0
:10E5D000013FBF00043701EB070EC9590991090E2D
:10E5E0001191DEF804100E91090E159192B280B2CD
:10E5F00002FB00F9C9EB00101201A2EB090E80B278
:10E60000C2F58071149A119D1FFA8EFE091A89B203
:10E610000EFB02F201FB0C2200FB0522159D09FBFB
:10E620000522C2F30722002A00F0C980BCF1FF0FC7
:10E6300019D003F0FF1A0CFB0AFA03F47F430CFB1A
:10E6400003FC4FEA1A2303F0FF130AF1011A0CF539
:10E650008077534407EB1C271B0A3F0A03F0FF1384
:10E6600007F47F473B43149DFF2D20D00D9D05F0FF
:10E67000FF17149D6F430D9D05F47F4A149D4FEACB
:10E68000172C05FB0AFA07F101170CF0FF1CBC441C
:10E690000AF5807707EB1A2A4FEA1C2C4FEA1A2A50
:10E6A0000CF0FF1C0AF47F4A4CEA0A050D95119DF7
:10E6B000FF2D20D0099D05F0FF17119D6F43099D87
:10E6C00005F47F4C119D05FB0CFA4FEA172C0CF05A
:10E6D000FF1C07F10117BC440AF5807707EB1A2AE3
:10E6E0004FEA1C2C4FEA1A2A0CF0FF1C0AF47F4A4E
:10E6F0004CEA0A050995159DFF2D20D00E9D05F0C9
:10E70000FF17159D6F430E9D05F47F4A159D4FEA37
:10E71000172C05FB0AFA07F101170CF0FF1CBC448B
:10E720000AF5807707EB1A2A4FEA1C2C4FEA1A2ABF
:10E730000CF0FF1C0AF47F4A4CEA0A050E950D9D69
:10E7400005F0FF17099D03F0FF1C0EFB07F701FB07
:10E750000C7705F0FF1C0E9D00FB0C7705F0FF1CED
:10E760000D9D09FB0C7705F47F4C0EFB0CFE03F4AA
:10E770007F4301FB03E3099901F47F4A0E9900FBF3
:10E780000A3301F47F4C09FB0C3C3F0A4FEA1C2C76
:10E7900007F0FF170CF47F4C47EA0C07FF2A4FEAFB
:10E7A00017231ED17A0923F4FF6302F4FC6223F0DD
:10E7B00007031343C7F3C4071F43A8F80070279B40
:10E7C0001C44289B08F102081E440BF1FF3B44E661
:10E7D00000283FF40BAF51F827100991090E119151
:10E7E00004E7B8F80010D2434FEA212C5FFA82FE0A
:10E7F0000CF0F80C0CFB0EFCC810CA000CF1010167
:10E8000001EB1C2C390C01EB1C2C00F0FC00114915
:10E8100000FB0EF05FFA8CFC01EA0C2CD2B2411C1A
:10E8200002FB0EF201EB102003EB1020511CC00084
:10E8300001EB122200F4FC6007EB12274CEA000CFB
:10E84000C7F3C40747EA0C0CA8F800C0B7E71BB031
:10E85000BDE8F08F00F8FFFF2DE9F047DDE90A057C
:10E86000002DBDF92080BDF924909DF830709DF8F1
:10E8700034C005FB030EC0F28C80A94540F38980AB
:10E880000028C0F28480804540F381804FEA5E0416
:10E890001EF0010F165D0CBF06F00F06361106EBD9
:10E8A0000616F6B2441C77D4A04575DD002F75D04E
:10E8B0000EF1010A4FEA5A041AF0010F145D0CBF61
:10E8C00004F00F04241104EB0414E4B2013569D4FC
:10E8D000A94567DDBCF1000F67D0002860DB8045EB
:10E8E0005EDD03EB0E094FEA590519F0010F555D86
:10E8F0000CBF05F00F052D1105EB0515EDB201302C
:10E9000056D4804554DD002F54D001339E444FEA45
:10E910005E031EF0010FD05C0CBF00F00F00001171
:10E9200000EB0010C3B2BAB21FFA8CFC02FB0CF071
:10E93000C0EB0C1C12011FFA8CFCC2F58077121A76
:10E94000A7EB0C0792B2BFB2624306FB07220CFB97
:10E95000052500FB0353C3F30723B3B19DF838200B
:10E960005A43531C03EB12232D4A1B121268FF2B30
:10E970004FEA122620D12B4B500900F4FC603340A3
:10E980001843C2F3C40202430A80BDE8F0870026A0
:10E9900088E70024264699E7002497E73C4695E758
:10E9A0000025ACE700231D46BDE763466546BAE790
:10E9B0000023B8E73B46B6E70D889FB22C12C2F39E
:10E9C0000740DB43DBB210FB07F004F0F80404FB64
:10E9D0000304F6B2E810D2B2ED0000F0FC0012FB26
:10E9E00007F216FB07F6EDB2A4B200FB036605FBC7
:10E9F00003239AB2631CB0B203EB1424531C03EB41
:10EA00001223421C02EB102004F47844C3F3C42305
:10EA10004009234300F4FC6003430B80B5E700BFCB
:10EA20009434012000F8FF002DE9F04F97B0DDE9A4
:10EA3000214614920993259A9DF8A4300D910F93C5
:10EA4000DDE9261315905068126800FB031302EBF2
:10EA50004309289B9B68013323F001030A93289BF9
:10EA60001F680D9B002B03DC149B002B40F3878257
:10EA7000289BB3F90810B3F90C20481E02F1FF3CA3
:10EA8000099B002B40F3C4805FEA244E4FEA2643E3
:10EA900006D4864504DA002B02DB6345C0F2B98058
:10EAA0001EF1010E00F1AA807145C0F2A78001336A
:10EAB00000F1A4809A42C0F2A180099BBDF928A070
:10EAC0000E93C8460E9B002B40F3C380289BD3E9CE
:10EAD00002CE23144FEA2640C4F30332C6F30331B7
:10EAE00000F14D810CF1FF3B5B4580F2488100282D
:10EAF000C0F245810EF1FF3B584580F240810A9DEE
:10EB000000FB05335808DD0717F800C054BF0CF0B0
:10EB10000F0C4FEA2C1C0CEB0C1C5FFA8CFC002A2F
:10EB200000F0DB80581C4FEA500EC00717F80EE0CB
:10EB300054BF0EF00F0E4FEA2E1E0EEB0E1E5FFAA4
:10EB40008EF01090C9B153445808DD07385C54BFAB
:10EB500000F00F00001100EB00100133C0B20B9069
:10EB60005808DD0717F800E054BF0EF00F034FEA16
:10EB70002E1303EB0313DBB2119392B289B202FBA3
:10EB800001F3C3EB0111120189B2C2F58070109D2F
:10EB9000D21A401A92B26A4380B20CFB002C0B9A34
:10EBA00001FB02C1119A03FB0213C3F30723DBB17C
:10EBB0000F9A53435A1C02EB1323C64A1B121268C6
:10EBC000FF2B4FEA122C40F0998053092CF4FF6C74
:10EBD00003F4FC632CF0070C43EA0C0CC2F3C402F0
:10EBE0004CEA0202A8F80020239B1C44249B1E44EC
:10EBF0000E9B013B08F102080E9363E7239B1C4424
:10EC0000249B1E44099B013B099309F1020937E744
:10EC100024D0099B2398013B00FB034000143FF5DF
:10EC20004CAF01398842BFF648AF249901FB03631A
:10EC30001B143FF542AF013A9342BFF63EAFBDF918
:10EC40002830DDF824B00E93C846BBF1000F00F366
:10EC5000B780099B23EAE37509EB45090D9B002B5F
:10EC600040F38D8130EE040AB7EE007AC7EE007AE9
:10EC7000209B70EEA40A31EE051A20EEA77AF0EE82
:10EC8000626A61EE277AFEEEC86A77EE622A16EEB5
:10EC9000904AFEEEC82AF0EE436A37EEC33A12EE0F
:10ECA000902ABEEEC83A92FBF3F313EE102A239398
:10ECB000209B92FBF3F324930D9B149A013BFEEEF1
:10ECC000C86A0D93209B08BF134616EE906A0993FD
:10ECD000B0EE673AF0EE472AC3E600293FF44DAFA5
:10ECE0000AEB03004308C007FB5C54BF03F00F03AB
:10ECF0001B1103EB0313DBB20B933EE7B8F800E004
:10ED00001FFA83FB4FEA2E20C2F30741DB43DBB23D
:10ED100011FB0BF100F0F80000FB03105FFA8CFC14
:10ED20004FEAEE01D2B24FEACE0E80B201F0FC0102
:10ED30001CFB0BFC5FFA8EFE12FB0BFB01FB03CCF2
:10ED40000EFB03BB431C1FFA8CFC1FFA8BFB03EB6F
:10ED5000102000F478430CF101010BF1010000EBED
:10ED60001B2001EB1C2CC0F3C4204FEA5C1C184391
:10ED70000CF4FC6C40EA0C00A8F8000034E713F136
:10ED8000010B3FF531AFDC45FFF62EAF10F1010B63
:10ED90003FF52AAFDE45FFF627AF0F9D02930FFA2E
:10EDA0008EF301930FFA8CF3CDE90302CDE905153B
:10EDB00000933A46534641461598FFF74DFD13E739
:10EDC0000A9D2214331405FB03235A08DD07BA5C9D
:10EDD00054BF02F00F02121102EB0212C4F303310E
:10EDE000C6F30330D2B2002976D003F1010E4FEA08
:10EDF0005E0C1EF0010F17F80CC00CBF0CF00F0CCE
:10EE00004FEA2C1C0CEB0C1C5FFA8CF5129500B32E
:10EE10000E9D2B444FEA530CDD0717F80CC054BF6E
:10EE20000CF00F0C4FEA2C1C01330CEB0C1C5FFA9E
:10EE30008CF54FEA530C0C9517F80CC0DD0754BF46
:10EE40000CF00F0C4FEA2C1C0CEB0C1C5FFA8CF333
:10EE5000139389B280B201FB00F3C3EB00100901E8
:10EE600080B2C1F5807C129DC91AACEB000C89B24E
:10EE700069431FFA8CFC02FB0C120C9900FB012069
:10EE8000139A03FB0203C3F30723D3B10F9A53432F
:10EE90005A1C02EB13230F4A1B121268FF2B4FEA76
:10EEA000122C2DD153092CF4FF6C03F4FC632CF0CD
:10EEB000070C43EA0C0CC2F3C4024CEA0202A8F8A5
:10EEC0000020239B1C44249B08F102081E440BF1E4
:10EED000FF3BBAE6943401200028BAD00E9D2B44A3
:10EEE0004FEA530CDB0717F80CC054BF0CF00F0CA3
:10EEF0004FEA2C1C0CEB0C1C5FFA8CF30C93A8E76C
:10EF0000B8F800E01FFA83FA4FEA2E20C2F3074157
:10EF1000DB43DBB211FB0AF100F0F80000FB031049
:10EF2000D2B24FEAEE014FEACE0E5FFA8EFE12FB2E
:10EF30000AF20EFB03225FFA8CFC80B201F0FC01A6
:10EF400092B21CFB0AFC01FB03CC431C511C03EBDB
:10EF5000102001EB12211FFA8CFCC1F3C42100F434
:10EF6000784008430CF1010101EB1C2C4FEA5C1CBA
:10EF70000CF4FC6C40EA0C00A8F80000A1E717B004
:10EF8000BDE8F08F2DE9F047DDE90A05002DBDF958
:10EF90002080BDF924909DF830709DF834C005FBA9
:10EFA000030EC0F2B080A94540F3AD800028C0F246
:10EFB000A880804540F3A5804FEA5E041EF0010F53
:10EFC000165D0CBF06F00F06361106EB0616F6B2FC
:10EFD000441C00F19B80A04540F39880002F00F076
:10EFE00097800EF1010A4FEA5A041AF0010F145DDE
:10EFF0000CBF04F00F04241104EB0414E4B2013537
:10F0000000F18A80A94540F38780BCF1000F00F031
:10F01000868000287EDB80457CDD03EB0E094FEA0D
:10F02000590519F0010F555D0CBF05F00F052D11A5
:10F0300005EB0515EDB2013074D4804572DD002F6B
:10F0400072D001339E444FEA5E031EF0010FD05C84
:10F050000CBF00F00F00001100EB0010C3B2BAB2F9
:10F060001FFA8CFC02FB0CF0C0EB0C1C12011FFA07
:10F070008CFCC2F58077121AA7EB0C0792B2BFB2D4
:10F08000624306FB07220CFB052500FB0353C3F379
:10F090000723A3B3254A0E88156834129AB2C5F324
:10F0A0000740DB43DBB210FB02F004F0F80404FB82
:10F0B0000304C5F30727F010EDB2F60017FB02F7C3
:10F0C00000F0FC0015FB02F2F6B2A4B200FB0370E4
:10F0D00006FB03239AB2631C80B203EB1424531C77
:10F0E00003EB1223421C02EB102004F47844C3F318
:10F0F000C4234009234300F4FC6003430B80BDE8B4
:10F10000F087002664E70024264678E7002476E7A7
:10F110003C4674E700258EE700231D469FE76346C3
:10F1200065469CE700239AE73B4698E79434012024
:10F130002DE9F04F93B01D460C92219A0791DDE91D
:10F14000221311905068126800FB031302EB43096D
:10F15000249B9B68013323F001030693249BDDE984
:10F160001D461F68079B002B03DC0C9B002B40F304
:10F170006782249BB3F90810B3F90C20481E02F1F2
:10F18000FF3C002D40F3B8805FEA244E4FEA26434F
:10F1900006D4864504DA002B02DB6345C0F2AD805D
:10F1A0001EF1010E00F1A0807145C0F29D80013377
:10F1B00000F19A809A42C0F29780BDF918A0099593
:10F1C000C846099B002B40F3B680C4F30333089371
:10F1D000249BD3E902CE23144FEA2640C6F3033121
:10F1E00000F13E810CF1FF3B5B4580F23981002844
:10F1F000C0F236810EF1FF3B584580F23181069A0C
:10F2000000FB02335808DA0717F800C0089A54BF09
:10F210000CF00F0C4FEA2C1C0CEB0C1C5FFA8CFC56
:10F22000002A00F0CB80581C4FEA500EC00717F898
:10F230000EE054BF0EF00F0E4FEA2E1E0EEB0E1E08
:10F240005FFA8EFECDF834E0B9B153445808DA07BE
:10F25000385C54BF00F00F00001100EB0010C0B28A
:10F260000A90581C4308C207FB5C54BF03F00F030D
:10F270001B1103EB0313DBB20E93BDF8202089B200
:10F2800002FB01F3C3EB0111120189B2C2F58070D8
:10F29000401A1FFA80FED21A0D9892B242430CFB1C
:10F2A0000E2C0A9A01FB02C10E9A03FB0213C3F350
:10F2B0000723FF2B40F09380BE4B1A68BE4B5109C9
:10F2C00003EA122301F4FC610B43C2F3C4021343AB
:10F2D000A8F800301F9B1C44209B1E44099B013B47
:10F2E00008F1020809936CE71F9B1C44209B013D19
:10F2F0001E4409F1020944E721D01F986B1E00FB50
:10F30000034000143FF559AF01398842BFF655AFAD
:10F31000209901FB03631B143FF54FAF013A934261
:10F32000BFF64BAFBDF918300893A846CE46B8F1EA
:10F33000000F00F3B58025EAE57509EB4509079B49
:10F34000002B40F37D8130EE040AB7EE007AC7EE61
:10F35000007A1C9B70EEA40A31EE051A20EEA77A03
:10F36000F0EE626A61EE277AFEEEC86A77EE622AF4
:10F3700016EE904AFEEEC82AF0EE436A37EEC33A24
:10F3800012EE902ABEEEC83A92FBF3F313EE102A67
:10F390001F931C9B92FBF3F32093079B0C9A013B5A
:10F3A000FEEEC86A07931C9B16EE906A14BF1D46BA
:10F3B0001546B0EE673AF0EE472AD3E600293FF44F
:10F3C0005CAF0AEB03004308C007FB5C54BF03F0CB
:10F3D0000F031B1103EB0313DBB20A934DE7002B62
:10F3E0003FF478AF734AB8F800C010681FFA83FE84
:10F3F0004FEA2C21C0F30742DB43DBB212FB0EF2D3
:10F4000001F0F80101FB0321C0F3072B4FEAEC02E6
:10F41000C0B24FEACC0C1BFB0EFB89B210FB0EFEF8
:10F4200002F0FC025FFA8CFC02FB03B2481C0CFBEE
:10F4300003E392B29BB200EB112101F4784002F198
:10F44000010B591C01EB13210BEB1222C1F3C42158
:10F450005209014302F4FC621143A8F8001039E795
:10F4600013F1010B3FF536AFDC45FFF633AF10F17A
:10F47000010B3FF52FAFDE45FFF62CAF089A029344
:10F480000FFA8EF301930FFA8CF3CDE90302059185
:10F4900000933A46534641461198FFF773FD19E72A
:10F4A00006992214331401FB03235A08D907BA5CC6
:10F4B00054BF02F00F02121102EB0212C4F3033028
:10F4C000C6F3033CD2B2002862D003F1010A4FEA2E
:10F4D0005A011AF0010F795C0CBF01F00F010911FC
:10F4E00001EB0111C9B20F91BCF1000F19D00899BD
:10F4F0000B44590813F0010F795C0CBF01F00F01A8
:10F50000091101EB0111C9B201330B915908DB0755
:10F51000795C54BF01F00F01091101EB0111C9B26F
:10F52000109180B21FFA8CFC00FB0CF3C3EB0C1C97
:10F5300000011FFA8CFCC0F58071A1EB0C011FFAD1
:10F5400081FAC01A0F9980B248430B9902FB0A0254
:10F550000CFB012C109A03FB02C3C3F30723FF2B00
:10F560002CD1144B1A68144B510903EA122301F4ED
:10F57000FC610B43C2F3C4021343AEF800301F9B7F
:10F580001C44209B0EF1020E1E4408F1FF38CEE60B
:10F59000BCF1000FC5D008990B445908DB07795C12
:10F5A00054BF01F00F01091101EB0111C9B20B9118
:10F5B000B7E700BF9434012000F8FFFF002BDED036
:10F5C000214ABEF800C010681FFA83FA4FEA2C21C6
:10F5D000C0F30742DB43DBB212FB0AF201F0F80191
:10F5E00001FB0321C0F3072B4FEAEC02C0B24FEA44
:10F5F000CC0C5FFA8CFC10FB0AF00CFB030089B208
:10F600001BFB0AFB80B202F0FC0202FB03B24B1CA4
:10F6100000F1010B03EB11210BEB102B92B2CBF39A
:10F62000C42B01F478414BEA010102F1010B0BEB11
:10F630001222520902F4FC621143AEF800109EE758
:10F6400013B0BDE8F08F00BF9434012070B50812EC
:10F650009EB2BDF81050131200F0F80003F0F8034A
:10F6600013FB05F310FB06F01844CC10D31004F084
:10F67000FC0403F0FC0313FB05F314FB06F4C900C0
:10F68000D2001C44D2B2CBB212FB05F280B213FB03
:10F6900006F31344421C9BB202EB102000F47842A4
:10F6A000581C00EB1320A4B2C0F3C4201043621C0A
:10F6B00002EB1424640904F4FC64204370BD0000D0
:10F6C0002DE9F04F8FB01C469DF8647004900D46F4
:10F6D0001646189B002F00F0F680206861680AAA81
:10F6E00003C2186859680CAA03C20AA8EEF78EFD77
:10F6F00021460CA8EEF7B2FDBDF93020BDF936B0B9
:10F70000BDF9349002F001030693BDF92C3003F0EB
:10F71000010105910598BDF93210034401FB032353
:10F720004FF0020893FBF8F31D44BDF828301A444B
:10F73000BDF82A30ADF830201944644BADF83210D2
:10F7400018680368DB6A9847614ABDF9324013883C
:10F75000BDF930A0FF2F03FB04A400EB440406F125
:10F760000406114603FB0BFB6BD0C7F1FF030393A9
:10F7700004EB4B03CDE90732CDF82480079BA3426D
:10F7800040F29C80069B002B39D02B78228804986D
:10F7900003F00F0305F1010836F81310039B0093E3
:10F7A0003B46FFF753FF24F8020B09F1FF3BBBF187
:10F7B000010FA24604F1040424DD98F8003034F867
:10F7C000042C04981B09ABF1020B36F81310039BB1
:10F7D00000933B46FFF73AFF24F8040C18F8013B6E
:10F7E00034F8022C049803F00F0336F81310039B2F
:10F7F00000933B46FFF72AFF24F8020CD7E7A84600
:10F80000CB46D4E70ED198F80030BAF8002004981F
:10F810001B0936F81310039B00933B46FFF716FFB6
:10F820002AF8020B089B059A1C88BDF92C30A4EB22
:10F83000090413440AEB4404099A93FBF2F31D44B0
:10F840009CE704EB4B0BA34538D9069BF3B12B780F
:10F8500003F00F036A1C36F81330238009F1FF30E0
:10F8600002340128234604F1040412DD13781B0935
:10F87000023836F8133024F8043C12F8013B03F048
:10F880000F0336F8133024F8023CEAE72A464846CC
:10F89000E7E706D112781209023336F8122023F86E
:10F8A000022C0C88059AA4EB090403EB4404BDF96F
:10F8B0002C30134493FBF8F31D44C4E7034B186842
:10F8C00003681B6B98470FB0BDE8F08F84340120AC
:10F8D0007E340120F0B59DF81450FF2D4FEA11271A
:10F8E0000CD1FF2B0AD1254B480900F4FC603B40AA
:10F8F0001843C1F3C401084380B2F0BD15FB03F502
:10F90000ABB25D1C05EB13251412C5F307251FFAD6
:10F9100085FCD610D000ED4304F0F804C1F3074293
:10F92000EBB2C0B212FB0CF244EA541404FB032401
:10F9300040EA5012C8B206F0FC06FDB210FB0CF013
:10F94000A4B202FB030046EA961615FB0CF506FB73
:10F95000035583B2601CADB200EB1424581C00EBBD
:10F9600013206B1C03EB152504F47844C0F3C4206A
:10F970006D09204305F4FC652843BEE700F8FF004D
:10F980002DE9F04F1C468DB00D46169B61689DF821
:10F990005C9080462068164608AA03C21868596819
:10F9A0000AAA03C208A8EEF731FC21460AA8EEF71E
:10F9B00055FCBDF92820BDF92E70BDF92CB002F020
:10F9C00001030393BDF9243003F001010291029871
:10F9D000BDF92A10034401FB03234FF0020A93FBF5
:10F9E000FAF31D44BDF820301A44ADF82820BDF8C4
:10F9F00022303F4A059219441068ADF82A10036876
:10FA0000DB6A98473B4BBDF92A401988BDF928C0ED
:10FA100001FB04C400EB44044F43CDE9063A04EB78
:10FA2000470204360492049B9C4258D2039B002B4D
:10FA300034D02B7803F00F036F1C56F823100B0EF5
:10FA400006D02288009340464B46FFF743FF2080B4
:10FA500002340BF1FF3ABAF1010F22DD3B781B09AA
:10FA600056F823100B0E06D02288009340464B46D2
:10FA7000FFF730FF208017F8013B03F00F0356F823
:10FA800023100B0E06D06288009340464B46FFF7CA
:10FA900021FF60800434AAF1020ADCE72F46DA462F
:10FAA000D9E70DD13B781B0956F823100B0E06D071
:10FAB0002288009340464B46FFF70CFF208002341B
:10FAC000069B029A1B88A3EB0B0304EB4304BDF9CE
:10FAD00024301344079A93FBF2F31D44A3E7059BDC
:10FAE000186803681B6B98470DB0BDE8F08F00BF26
:10FAF000843401207E34012070B514128D789DF875
:10FB0000106004F0F80444EA541415FB03F504FBF8
:10FB10000655D0104C780978D20000F0FC00D2B223
:10FB200040EA901014FB03F442EA521211FB03F373
:10FB300000FB064402FB0633ADB29BB2A4B2681CC4
:10FB400000EB1525621C581C00EB132002EB14245B
:10FB500005F47845C0F3C4206409284304F4FC6428
:10FB6000204370BD2DE9F04F8FB01C469DF86470A6
:10FB7000189B82460E461546002F00F042812068F1
:10FB800061680AAA03C2186859680CAA03C20AA8C5
:10FB9000EEF73CFB21460CA8EEF760FBBDF93020E8
:10FBA000BDF936B002F001030693BDF92C3003F025
:10FBB000010105910598BDF93210034401FB0323AF
:10FBC0004FF0020893FBF8F31E44BDF828301A44A6
:10FBD000BDF82A30ADF830201944BDF93430039314
:10FBE000894BADF8321018680368DB6A9847874A7A
:10FBF000BDF932401388BDF93090FF2F03FB049408
:10FC000000EB440405F10405944603FB0BF371D0AB
:10FC100004EB4303F943CDE90732C9B20491CDF8AF
:10FC20002480079BA34240F2E780069B002B3DD037
:10FC30003178049B2288009301F00F0101EB410110
:10FC40003B4629445046FFF757FF039B24F8020B1D
:10FC500006F1010803F1FF3BBBF1010FA14604F1DE
:10FC6000040427DD98F80010049B34F8042C00935A
:10FC7000090901EB41013B4629445046FFF73CFF8F
:10FC800024F8040C18F8011B049B34F8022C009390
:10FC900001F00F0101EB41013B4629445046FFF7BB
:10FCA0002BFFABF1020B24F8020CD5E7B046DDF8D0
:10FCB0000CB0D1E70FD198F80010049BB9F80020E0
:10FCC0000093090901EB41013B4629445046FFF7E7
:10FCD00013FF29F8020B089B059A1C88039BE41A62
:10FCE000BDF92C3009EB44041344099A93FBF2F359
:10FCF0001E4496E7464F04EB4303A3427CD9069A81
:10FD0000002A54D0307800F00F0000EB400005EBE3
:10FD1000000E285C9EF802209EF801E04FEACE0E0D
:10FD20000EF4FC6E07EA022242EA0E0242EAD00218
:10FD300024F8022B039A711C02F1FF3EBEF1010F61
:10FD4000204604F1040436DD0878000900EB400089
:10FD500005EB000AAEF1020E9AF801209AF8029023
:10FD6000D20007EA092902F4FC6249EA020215F806
:10FD7000009042EAD90224F8042C11F8010B00F09B
:10FD80000F0000EB400005EB000A9AF801209AF8FA
:10FD90000290D20007EA092902F4FC6249EA020251
:10FDA00015F8009042EAD90224F8022CC6E7314641
:10FDB000DDF80CE0C2E711D10978090901EB410136
:10FDC0006C18695CA2786478E40007EA022204F403
:10FDD000FC64224342EAD10220F8022B039ABCF8C9
:10FDE00000400599A41ABDF92C2000EB44040A44F4
:10FDF00092FBF8F2164480E7034B186803681B6B0C
:10FE000098470FB0BDE8F08F843401207E34012084
:10FE100000F8FFFF30B52D4A136823F0010313608B
:10FE20002B4B1C684FF6F07214404CF24025AC424C
:10FE300005D01C684CF270251440AC4225D1254BEE
:10FE40001B68002B39D1244B1A68C2F30B02B2F5A0
:10FE50008A6F0DD01A6840F28344C2F30B02A242AB
:10FE600006D01B6840F28542C3F30B03934224D1B2
:10FE70001A4B01221A601A68002AFCD1184B18602C
:10FE80001868431A584258410EE01B6813404DF25F
:10FE90002022934211D1134B1B6840F28642C3F3D8
:10FEA0000B03934201D0002030BD0F4B01221A609A
:10FEB0001A68002AFCD10D4BE1E70D4B01221A60B4
:10FEC0001A68002AFCD10B4BD9E700BF002000E0E4
:10FED00000ED00E0002004E00010005C084C025837
:10FEE000004C0258F08F0046084C0246004C024677
:10FEF000083002400030024001617047837B4BB103
:10FF0000038901339BB2072B038181BF0023438107
:10FF100083818373704700002DE9FF4198468388F1
:10FF2000ADF80630A8EB03031BB20446002B1746BE
:10FF3000184A0092B8BF5B42A28ABDF82850ADF8BB
:10FF40000A801BB20E469342C188ADF808104FF0EC
:10FF500000008DF80400ADF80C5007DC691A09B2F6
:10FF60000029B8BF494209B28A4210DA2069036801
:10FF700069465B689847A8EB06060023EF1B012043
:10FF800023816681A781A4F80480E580A07304B072
:10FF9000BDE8F0816C500208F0B51E464B1E012BE7
:10FFA00085B004460D4617464BD8B0F90A20D31C3D
:10FFB0009BB2062B16D9DFF8A0C0CDF804C0B4F967
:10FFC0000410B4F906300069ADF80C104FF0000CC5
:10FFD0008DF808C0ADF80A20ADF80E30036801A90D
:10FFE0009B689847B4F90C20D31C9BB2062B16D9FA
:10FFF000DFF864C0CDF804C0B4F90410B4F90630D9
:020000040802F0
:100000002069ADF80C104FF0010C8DF808C0ADF868
:100010000A20ADF80E30036801A99B6898470D4B84
:10002000019320698DF808500023ADF80A70ADF8EF
:100030000C60ADF80E30036801A91B68984705B045
:10004000F0BD0029EBD1A280C680A160A181A1737F
:10005000E5E700BF5850020880500208C910002987
:10006000B8BF4942012808D1C1F30800B0F5807F2C
:10007000014602DDC0F500707047FF29A8BFFF21CF
:100080000846704710B4D0E901349C4203D85DF8AB
:10009000044BECF7DDBB5DF8044B70472DE9F04FE6
:1000A0008BB0CDE906239DF85030089306469DF8A5
:1000B000543009938A46ECF738FDB5680446002DA4
:1000C00044D07368AB423DD3B0F90230B6F9342066
:1000D00002EB030BDDE9061202FB031205926A1E16
:1000E00004924FF00008B4F90290B4F900704B4547
:1000F0003A4608D0B6F9343003EB090BDDE90613B4
:1001000003FB09130593B4F90430B4F906109844BD
:10011000049B013B0493049B013315D034F9083F41
:10012000BB4217D1B4F90200049B484503F1FF33E9
:100130007FD1B4F906000144B4F904008044E9E732
:100140001F4644E0002002E000296FD101200BB0DF
:10015000BDE8F08F002930D0002F29DBB6F936300A
:10016000BB4225DDC1EB881196F83000FFF776FF22
:10017000099B10FB03F080B2411C01EB1021091216
:1001800011F0FF0F14D00898738EC9B2BAB2029161
:1001900001211344019102440FFA8BF1DAF80000B7
:1001A000009141691BB20D4612B205995046A8470D
:1001B000049B013307F10102C8D0B4F90070BB1AE7
:1001C000002B31DD002ABBDA002F2DDD0022B6F92D
:1001D0003630D119994202DB9F1A002F24DD4FEAF5
:1001E000881196F83000FFF739FF099B10FB03F0E8
:1001F00080B2411C01EB1021091211F0FF0F13D046
:100200000898738E92B2C9B21344029102443FB26D
:10021000DAF8000001970FFA8BF100914769059910
:100220001BB212B25046B8474B465CE7002F95DA36
:100230008CE70029F8D08FE72DE9F3411E46364BB5
:10024000C0E90031B2F90430038100259DF8203067
:10025000837200F1140804468581C58105824582B8
:1002600040461746EBF72CFEC4E91355C4E9155573
:10027000C4E91855C4E91B5584F84450A4F8465005
:10028000A4F84850A4F84A5084F85C5084F85D50B3
:10029000A4F8685030687168728835886B4603C36B
:1002A0007B88B6F90400B6F9061013443A88E38156
:1002B0002A44A2812082618268463946EDF7CEFF4A
:1002C00004F10C00EDF7A2FFBDF90230BDF80020EB
:1002D000A4F84620A4F848304046EBF7D5FDBDF918
:1002E0000030B4F912205B01E364BDF902305B0118
:1002F0002365BDF904305B016365BDF906305B0120
:10030000A365B4F91030A4F84A302046C4E90F328E
:1003100002B0BDE8F08100BFBC53020838B590F8C8
:100320005C30044693B190F8683090F8692013422D
:100330000CD100F1140523B1D0E918122846FFF7BB
:10034000A1FED4E91B122846FFF79CFE002384F887
:100350005C30D4E90603984234BF0020012038BD48
:100360002DE9F341857A69434D1C05EB11252D12CA
:10037000044600F0998090F85D30002B00F09480E6
:10038000FFF7CCFF0746002845D06068474E03685A
:1003900037689B68984701463846E9F7C1F8074631
:1003A000E2F71AFD03681B6B98478046E2F714FDDD
:1003B0000368DB6A98470B285BD8DFE800F0515CE4
:1003C0006C065A30406565656565B4F90E30B4F960
:1003D0000C10082291FBF2F208FB03231F444B424E
:1003E00003F0070301F0070158BF5942C9B2EDB24B
:1003F0003A46CDE900150FFA88F3616804F114005C
:10040000FFF74CFE0746606803681B699847306831
:1004100003681B6B9847384602B0BDE8F081B4F919
:100420000E30B4F90C10042291FBF2F208FB032306
:100430001F444B4203F0030301F00301D4E7B4F976
:100440000C10B4F90E3000294FF0020291FBF2F2C9
:1004500001F0010108FB03231F44B8BF4942C5E76F
:10046000B4F90E30B4F90C2008FB03F303EB42039C
:100470001F440021BBE7B4F90E3008FB03F2A38947
:10048000032113FB0123F3E7B4F90E30B4F90C2078
:1004900008FB0323ECE7B4F90E30B4F90C2008FB99
:1004A00003F303EB8203E3E70127B4E7843401207D
:1004B00010B5064B1B78012B07D1B0F908000B686B
:1004C0001468C3EB401313600C6010BD7C34012032
:1004D00013B590F85C300446CDE90021A3B96A4613
:1004E00001A92046FFF7E4FFE36C0199009AC91ABD
:1004F000236D0191D21A002A00920BDA0123002900
:100500000EDA43F0040313E0FFF708FF0028E6D1FA
:1005100002B010BDA36D9A42ACBF02230023EEE7E8
:10052000606D8142ACBF082000201843C3B258B1AF
:10053000002284F85C200199009AE1662267C4E9F0
:10054000181284F86830E3E784F86900D4E90630CB
:10055000984203D804F11400ECF794F9012384F8CD
:100560005C3084F85D300023E5E773B502AB0446E8
:1005700043F8082D01911A4601A9FFF799FFE36C92
:100580000199009AC91A236D0191D21A002A00928A
:100590001CDBA36D9A42ACBF02200020002917DBB0
:1005A000636D9942ACBF08230023034394F86800AD
:1005B000DDB278B904F11400FFF764FD019B2366F6
:1005C000009B636684F8685002B070BD0120E5E7C7
:1005D0000423EAE713B110EA05031CD194F85C3058
:1005E00004F11406D4E918128BB984F86900D4E92F
:1005F0000630984202D83046ECF744F9012384F8DB
:100600005C3084F85D30DDE900213046D4E73046C7
:10061000FFF738FDF7E71D46D0E7000038B52DEDB0
:10062000108BF6EE00BA9FED5ABA0546B0EE40CAFE
:10063000F0EE60CAB0EE41DAF0EE61DAB0EE42EA16
:10064000F0EE62EA0C46F0EE6BAA082C6ED87EEE55
:100650004C6A7DEEEE7A3DEE4E6A3EEEEC7A66EE48
:10066000E77A3CEE0DFAE6EE077A7CEEADFA7DEE27
:100670000E9A3DEEAEAAF5EEC07AF1EE10FA2FEE2C
:100680002BFA6FEEABFA69EEAB9A2AEE2BAA48BFB3
:10069000F1EE677A7FEE298A3FEE8A9AF4EECB7A02
:1006A000F1EE10FA68EEAB8A29EE2B9AB5EE006AED
:1006B0003FDD27EE077A67EEA77AA6EEA67A27EE49
:1006C000067AF4EEC77AF1EE10FA47D87EEE4D0ABC
:1006D0003EEEED0A00F0B0FA7DEE4C0AB0EE408A34
:1006E0003DEEEC0A00F0A8FA38EE400ADFED297A78
:1006F000B5EEC00AF1EE10FA48BFB1EE400AB4EE12
:10070000E70AF1EE10FAA4BFDFED237A37EEC00A54
:10071000DFED227AB4EEE70AF1EE10FA1ED5F0EE24
:10072000490AB0EE680A2846EAF702F9BDEC108BD8
:1007300038BD7CEE0E7AB0EE687AA7EEEA7A7CEEEF
:10074000AE7AF0EE496AE7EEEA6A66EEA67AE7EE7E
:10075000077AF4EEC67AF1EE10FAE0D90134F0EE41
:100760006C0AB0EE4C0A2146F0EE492AB0EE682A37
:10077000F0EE6F1AB0EE4F1A2846FFF74FFFF0EE7B
:100780004ADAB0EE69DAF0EE49CAB0EE68CA5CE760
:10079000FFE6DB2EDB0F4940DB0FC940CDCCCC3D63
:1007A00030B52DED108B044685B0F0EE408AF0EEAA
:1007B000609AF0EE41FAB0EE61FAF0EE42BAB0EEB5
:1007C00062CAF0EE43AAB0EE63BA0D46082D00F2FD
:1007D00015813BEEAA6AF6EE007A7FEEAB6A26EE52
:1007E000276A38EEAFDA8DED016AA6EEA76A2DEE24
:1007F00027DA7CEE0BCAB0EE4DEAA6EEA7EA6CEE65
:10080000A7CA66EE276A3FEE0C7ACDED036A79EE51
:100810008FDAF0EE6C6AE7EE276A6DEEA7DA2EEE5D
:1008200027EAF0EE6DEAE7EE27EA26EEA77A6EEE0B
:10083000A7EA8DED027A9DED037A3EEE079A9DEDD3
:10084000027A3EEE87AA29EE279A2AEE27AAF0EE30
:10085000676A002D00F00D817AEEE85A3FEE4B7A80
:100860007BEE697A3FEEEA6A25EEC77A3BEEEA5AFA
:10087000A6EE277A3CEE4B6AB5EEC07A25EEC66A44
:10088000F1EE10FAA5EE276ADFED8B4AB5EEC06AED
:1008900048BFB1EE477AF1EE10FAB4EEE47A48BF01
:1008A000B1EE466AF1EE10FAB5EE005A40F3AA80B6
:1008B000B4EEE46AF1EE10FA5CDD65EEA55A37EEAF
:1008C000067AE7EEA75A27EE077A65EE857AB4EE48
:1008D000E77AF1EE10FA00F2CC807BEEEF0A3CEE04
:1008E0004F0A00F0A9F97FEEE80AB0EE408A3FEE29
:1008F000690A00F0A1F938EE40FA7AEEEB0AB5EE9B
:10090000C0FAF1EE10FA3BEE4C0A48BFB1EE4FFAD6
:1009100000F092F930EE480ADFED687AB5EEC00AD1
:10092000F1EE10FAB4EEE7FA48BFB1EE400ADFED9F
:10093000637AF1EE10FAA8BF9FED617AB4EEE70A90
:10094000A8BF37EE4FFAF1EE10FAA8BF9FED5C7A20
:10095000DFED5C7AA8BF37EE400A3FEE000AB4EE46
:10096000E70AF1EE10FA40F18480F0EE4A0AB0EEA8
:10097000490A40E067EEA77A27EE077AE5EEA57A06
:1009800067EE857AB4EEE77AF1EE10FA71D87BEE75
:10099000EF0A3CEE4F0A00F04FF97FEEE80AB0EEA6
:1009A000408A3FEE690A00F047F938EE400ADFED71
:1009B000437AB5EEC00AF1EE10FA48BFB1EE400A34
:1009C000B4EEE70AF1EE10FAA4BFDFED3D7A37EEA0
:1009D000C00ADFED3C7AB4EEE70AF1EE10FA48D532
:1009E000F0EE4F0AB0EE6F0A2046E9F7A1FFF0EEF5
:1009F0004C0AB0EE6B0A2046E9F79AFF05B0BDEC51
:100A0000108B30BD9FED2C7AB4EEC76AF1EE10FA70
:100A100019DD67EEA77A26EE067AE5EEA57A67EE8F
:100A2000857AB4EEE77AF1EE10FA22D87AEEEB0A84
:100A30003BEE4C0A00F000F97BEEEF0AB0EE408A84
:100A40003CEE4F0AAFE778EEAA7AB0EE497AA7EE0D
:100A5000E67A79EE8B7AB0EE4A6AA7EEE66A66EE3F
:100A6000067AE7EE077AF4EEC57AF1EE10FA7FF631
:100A70007CAF0135F0EE690AB0EE680A2946F0EE67
:100A80004A3AB0EE493AF0EE6E2AB0EE4E2AF0EE57
:100A90006D1AB0EE4D1A2046FFF782FEB0EE6CCA1A
:100AA000DDED01BA9DED02FADDED03FAF0EE4A9AB2
:100AB000F0EE498A8AE600BFFFE6DB2EDB0F4940F5
:100AC000DB0FC940CDCCCC3D10B5044B044640F8FB
:100AD000143BEBF7D1F9204610BD00BFBC53020810
:100AE00010B50446FFF7F0FF2046742100F026F809
:100AF000204610BD70B50B7990F82C50002B0CBF20
:100B00000123002304460E4680F82C3009D14DB154
:100B10003379012B0CD1236820461B6EBDE8704051
:100B200018472DB1236820465B699847002DEFD107
:100B300070BD0B460146184602F044B800F012B8EA
:100B40000268D207034605D4427802B1FFDE0120D5
:100B5000587070470020704701230360704708B544
:100B600000F00EF801F078BF08B5804701F040FFB3
:100B7000024B1868BFF35B8F704700BF0001002075
:100B800008B5FFF7F5FFFFF7EFFF000000000000DA
:100B90001FB553EC102B264823F00041814207D8A3
:100BA0009FED211B002005B05DF804EB00F038BA82
:100BB0002048814208D910461946DFF797FC41ECDE
:100BC000100B05B05DF804FB684600F0E5FA00F094
:100BD000030001280CD0022811D0E8B99DED021BBA
:100BE0009DED000B012000F01BFA51EC100BE6E725
:100BF0009DED021B9DED000B00F04AF9F5E79DED20
:100C0000021B9DED000B012000F00AFA53EC102BA3
:100C1000104603F10041D2E79DED021B9DED000B54
:100C200000F036F9F2E700BF00000000000000000D
:100C3000FB21E93FFFFFEF7F00F052BD08B52DED2E
:100C4000028BB0EE408A00F0A1F8B4EE488AF1EED3
:100C500010FA0CD6DFED078AB4EEE88AF1EE10FA4E
:100C600005D502F077F988EEA80A21230360BDECD0
:100C7000028B08BD0000000010EE103A07B51E4AB6
:100C800023F00043934206D8DFED1C0A03B05DF861
:100C900004EB00F085BCB3F1FF4F04D330EE400A03
:100CA00003B05DF804FB684600F0BAFD00F00300F5
:100CB000012809D0022810D0B0B9DDED010A9DED60
:100CC000000A00F06DFCEBE7DDED010A9DED000A86
:100CD00000F0BEFCB1EE400AE2E7DDED010A9DED59
:100CE000000A00F05DFCF5E7DDED010A9DED000A6C
:100CF000012000F0ADFCD3E7D80F493F0000000011
:100D000010EE103A07B51F4A23F00043934207D86C
:100D1000DFED1D0A002003B05DF804EB00F098BC85
:100D2000B3F1FF4F04D330EE400A03B05DF804FB8B
:100D3000684600F075FD00F0030001280AD0022883
:100D40000FD0C0B9DDED010A9DED000A012000F0D1
:100D50007FFCEAE7DDED010A9DED000A00F020FCD2
:100D6000E3E7DDED010A9DED000A012000F070FCD3
:100D7000B1EE400AD9E7DDED010A9DED000A00F071
:100D80000FFCF5E7D80F493F00000000B1EEC00AA4
:100D9000704700000000000051EC100BC1F30A5333
:100DA0002DE9F041A3F2FF36132E0C46054680468E
:100DB00034DC002E17DA32A3D3E90023DFF798FBE7
:100DC00000220023DFF7C8FD50B1002C55DA24F0D3
:100DD00000442C430025AC422B4C08BF4FF000448C
:100DE0002146284623E0294F374101EA0703034300
:100DF0001DD023A3D3E90023DFF77AFB00220023D1
:100E0000DFF7AAFD0028EBD0002CBEBF4FF4801303
:100E10003341E41824EA07040025E1E7332E0ADD14
:100E2000B6F5806F03D102460B46DFF761FB41EC5C
:100E3000100BBDE8F081A3F213434FF0FF37DF4002
:100E40000742F4D00EA3D3E90023DFF751FB0022C1
:100E50000023DFF781FD0028C2D0002C0ADA142E0F
:100E600001D1013406E0C6F134060123B3401D442C
:100E70004545F6D325EA0705B2E700252C46AFE73E
:100E80009C7500883CE4377E0000F0BFFFFF0F0038
:100E90002DE9F74F57EC106B27F00048B8F1795F58
:100EA0008DED001B06D230463946DFF75FFD002886
:100EB00000F0888032463B4630463946DFF7E8F995
:100EC000514B002204460D46DFF7E2F940A3D3E977
:100ED000002382468B4620462946DFF7D9F93EA3F8
:100EE000D3E90023DFF704FB22462B46DFF7D0F9D6
:100EF0003BA3D3E90023DFF7F9FA22462B46DFF7BD
:100F0000C7F939A3D3E90023DFF7F2FA22462B46CB
:100F1000DFF7BEF936A3D3E90023DFF7E7FA22466D
:100F20002B46DFF7B5F934A3D3E90023DFF7E0FA66
:100F300022462B46DFF7ACF922462B46DFF7A8F90D
:100F4000DDE9002304460D4630463946DFF7A0F9B7
:100F50000B46024629462046DFF7C8FA2B4B984538
:100F600006460F4610D802460B4650465946DFF754
:100F7000BDFA0B46264902460020DFF7B7FA41ECDE
:100F8000100B03B0BDE8F08F224B214998458CBF70
:100F9000214DA8F50015002422462B460020DFF73E
:100FA000A5FA2246804689462B4650465946DFF729
:100FB0009DFA32463B46DFF799FA02460B46404619
:100FC0004946DAE79FED0E0BDBE700BFAFF3008089
:100FD000D43888BEE9FAA8BDC4B1B4BD9EEE213EA6
:100FE000AD529C804F7E923E9015CB19A001FA3EE7
:100FF0007751C1166CC1563F4C5555555555A53FB7
:10100000000000000000F03F0000E03F3233D33F1B
:101010000000F03F0000E93F0000D23F0000000068
:101020002DE9F04F55EC104B25F0004385B0B3F19E
:10103000795F8DED021B804605D220462946DFF7F9
:1010400095FC002852D022462B4620462946DFF741
:101050001FF982468B4602460B4620462946DFF79B
:1010600017F942A3D3E90023CDE9000150465946C0
:10107000DFF70EF93FA3D3E90023DFF737FA524633
:101080005B46DFF705F93DA3D3E90023DFF730FA2C
:1010900052465B46DFF7FCF83AA3D3E90023DFF7BB
:1010A00025FA52465B46DFF7F3F838A3D3E900236D
:1010B000DFF71EFA06460F46B8F1000F1BD10246B5
:1010C0000B4650465946DFF7E3F825A3D3E9002342
:1010D000DFF70CFADDE90023DFF7DAF802460B460A
:1010E00020462946DFF704FA04460D4645EC104B2E
:1010F00005B0BDE8F08FDDE902011B4B0022DFF7F0
:10110000C7F83246804689463B46DDE90001DFF7F5
:10111000BFF802460B4640464946DFF7E7F952461C
:101120005B46DFF7B5F8DDE90223DFF7DFF90CA353
:10113000D3E9002306460F46DDE90001DFF7A8F8F2
:1011400002460B4630463946DFF7D2F902460B46D7
:1011500020462946DFF7CAF9C6E700BFAFF3008093
:10116000495555555555C53F0000E03F7CD5CF5AF0
:101170003AD9E53DEB9C2B8AE6E55A3E7DFEB15718
:10118000E31DC73ED561C119A0012A3FA6F8101181
:101190001111813F000000002DE9F04F57EC106B5A
:1011A000C54B8DB027F0004898450446049707D8F2
:1011B0000022002380ED000BC0E90223002528E077
:1011C000BE4B984578D8049BBD4D002B3046ACA350
:1011D000D3E90023394638DDDFF788F9A84506460C
:1011E0000F461AD0A8A3D3E90023DFF77FF9024600
:1011F0000B468046894630463946DFF777F9A2A389
:10120000D3E90023DFF772F9C4E90089C4E90201D8
:10121000012528460DB0BDE8F08F9DA3D3E900233A
:10122000DFF764F99CA3D3E9002306460F46DFF7F6
:101230005DF902460B468046894630463946DFF75F
:1012400055F995A3D3E90023DCE7DFF751F9A84569
:1012500006460F4618D08CA3D3E90023DFF748F9E0
:1012600002460B468046894630463946DFF73EF94E
:1012700085A3D3E90023DFF73BF94FF0FF35C4E93D
:101280000089C4E90201C4E781A3D3E90023DFF7A1
:101290002FF981A3D3E9002306460F46DFF728F98B
:1012A00002460B468046894630463946DFF71EF92E
:1012B00079A3D3E90023DEE7824B984500F2D18081
:1012C00000F066F957EC106B75A3D3E900233046A4
:1012D0003946DEF7DDFF7C4B0022DFF709F9DFF747
:1012E00045FB0546DFF750FA02460B46CDE90223DF
:1012F00063A3D3E90023DEF7CBFF02460B4630465B
:101300003946DFF7F3F860A3D3E9002382468B4622
:10131000DDE90201DEF7BCFF1F2D06460F460CDC9F
:101320006A4B6A1E53F82230434506D032463B468C
:1013300050465946DFF7DAF80EE03B463246504653
:101340005946DFF7D3F84FEA28530593C1F30A5300
:10135000C3EB1853102B02DCC4E9000139E04CA3A5
:10136000D3E90023DDE90201DEF792FF06460F46CE
:1013700002460B4650465946DFF7B8F802460B4680
:101380008046894650465946DFF7B0F832463B461C
:10139000DFF7ACF840A3D3E9002306460F46DDE9AA
:1013A0000201DEF775FF32463B46DFF79FF8024643
:1013B0000B4606460F4640464946DFF797F8059A22
:1013C000C1F30A53D31A312B20DCC4E90001C24611
:1013D000CB46D4E90089504642464B465946DFF792
:1013E00085F83B463246DFF781F8049B002BC4E9C1
:1013F0000201BFF60EAF09F10043636001F1004343
:10140000C4F80080A060E3606D4202E726A3D3E940
:101410000023DDE90201DEF73BFF06460F460246E8
:101420000B4640464946DFF761F802460B468246C6
:101430008B4640464946DFF759F832463B46DFF7D0
:1014400055F81BA3D3E9002306460F46DDE9020148
:10145000DEF71EFF32463B46DFF748F806460F46EA
:1014600064E71B4B984535D932463B4630463946F2
:10147000DFF73CF8C4E90201C4E900019EE600BFC1
:1014800000004054FB21F93F3163621A61B4D03D42
:101490000000601A61B4D03D7370032E8A19A33B1B
:1014A00083C8C96D305FE43F0000002E8A19A33B5A
:1014B000C14920259A837B39FB21E93F7BD9024032
:1014C000FB21F93FFB2139410000E03FC8530208EE
:1014D000FFFFEF7F4FEA2855A5F21645A8EB05510F
:1014E00030460F46DFF742FADFF74EF902460B4669
:1014F00030463946CDE90623DEF7F8FF224B0022BD
:10150000DEF7C6FE0F460646DFF730FADFF73CF996
:1015100002460B4630463946CDE90823DEF7E6FFA2
:10152000194B0022DEF7B4FECDE90A010DF13009B6
:101530004FF003080026002779E9020132463B46B6
:10154000C24608F1FF38DFF7DFF90028F4D10F4B6E
:101550000193022300932A465346214606A800F031
:101560006BFB049B002B0546BFF653AED4E900216C
:1015700001F10043C4E90023D4E9022101F1004351
:10158000C4E9022340E700BF00007041485402084C
:1015900051EC100B024621F0004343EC102B704736
:1015A00010EE103A23F00043B3F1485FF0EE406ACA
:1015B000B7EE000A04D2FDEEE67A17EE902A42B3A7
:1015C00026EEA67ADFED1A7A9FED1A6A1A4AA7EE7E
:1015D000276A9342DFED197AE6EE077A9FED186AE3
:1015E000A7EE876ADFED177AE6EE077A9FED166AB7
:1015F000A7EE876A60EEE60A26EE076AF6EE007A44
:10160000E7EE060A67EE277A04D877EEE07A30EE46
:10161000670A70470D4A93429ABF03F17F4307EE72
:10162000103AB5EE027A30EE470A77EEC77AECE769
:101630004ED747ADF6740F319999993E7CF293B429
:10164000010DD037610BB6BAABAA2A3D0000483F66
:1016500010EE103A23F00043B3F1485F04D2FDEEE0
:10166000C07A17EE903A5BB320EE007ADFED157A80
:101670009FED156AA7EE276ADFED147AE6EE077A8A
:101680009FED136AA7EE876ADFED127A60EE076AB4
:10169000E6EE077A30B99FED106AA7EE276AA6EE4C
:1016A000260A704767EEE67AB6EE006AE0EE867AC2
:1016B000D7EE870ADFED097AE6EEA70A30EE600A78
:1016C000704700BFD3C92E2F342FD7B21BEF383647
:1016D000010D50B98988083CABAA2ABEABAA2A3EA4
:1016E00010EE902A22F00041B1F1FF4F10B5F0EE5C
:1016F000407A06D810EE100A20F00043B3F1FF4FF5
:1017000004D977EEA07AB0EE670A10BDB2F17E5F21
:1017100003D1BDE8104000F0B3B9941704F00204FF
:1017200044EAD07443B9022C5ED09FED347A032C86
:1017300008BFF0EE477AE6E741B9DFED317A9FED79
:10174000317A0028A8BFF0EE477ADCE7B1F1FF4F0D
:1017500010D1B3F1FF4F04F1FF3407D1022C46D86A
:10176000294B03EB8403D3ED007ACCE7022C41D85C
:10177000264BF6E7B3F1FF4FDFD05B1AB3F1F45F0E
:101780004FEAE3511ADA002A01DA3C3119DB87EE1D
:10179000A00A00F049FA00F073F9F0EE407A012C4B
:1017A00012D0022C17D0002CADD09FED197A77EE15
:1017B000877A9FED187A77EEC77AA4E7DFED117A82
:1017C000EDE7DFED157AEAE717EE903A03F1004313
:1017D00007EE903A97E79FED0E7A77EE877A9FEDC6
:1017E0000D7A77EE677A8EE7DFED0A7A8BE7DFED29
:1017F0000B7A88E7DFED087A85E700BFDB0F49C089
:10180000DB0FC9BFDB0FC93F5C550208505502080A
:101810002EBDBB33DB0F494000000000DB0F493F0A
:10182000F0B510EE106A884B26F000459D4287B057
:10183000044605D8002380ED000A4360002022E022
:10184000824B9D423AD826F00043002E9FED807ACD
:10185000804A23F00F0318DD934270EE477A09BFE8
:101860009FED7D7ADFED7D6ADFED7D6A77EEC77AE9
:1018700037EEE67A77EEC77A80ED007A77EEE67A91
:10188000C0ED017A012007B0F0BD934270EE077AF7
:1018900009BF9FED717ADFED716ADFED716A77EE56
:1018A000877A37EEA67A77EEC77A80ED007A77EE00
:1018B000A67AC0ED017A4FF0FF30E4E7694B9D4214
:1018C00073D800F0B1F99FED687AF6EE007AE0EE99
:1018D000077AFDEEE77AB8EEE77A17EE900ADFEDC9
:1018E0005C7AA7EE670A1F28DFED5C7A67EE277A3D
:1018F000B1EE476A70EE676A16EE901A09DC5B4A31
:10190000471E26F0004352F8272023F0FF0393429E
:1019100007D1C1F3C752C2EBD552082A4FEAE553AB
:1019200014DC216094ED007A30EE470A002E30EE90
:10193000670A84ED010AA6DAB1EE477AB1EE400AF1
:1019400084ED007A84ED010A40429CE7DFED425AC3
:10195000F0EE406AE6EE256A70EE667AE6EE257AEB
:10196000DFED3F5AD7EE257A76EEE75A15EE902A4C
:10197000C2F3C7515B1A192B04DCC4ED005AB0EE58
:10198000660ACFE7DFED3A5AB0EE660AA6EE250A00
:1019900076EEC07ADFED376AE6EE257AD7EE267A64
:1019A00030EE677A84ED007ABCE7B5F1FF4F06D3DD
:1019B00070EE407AC0ED017AC0ED007A3EE7EA159C
:1019C000863AA5EBC25307EE903ABDEEE77ADFED1B
:1019D0002A6AB8EEC77A77EEC77A8DED037A67EE9A
:1019E000A67ABDEEE77AB8EEC77A77EEC77A8DEDC4
:1019F000047A67EEA67AF5EE407AF1EE10FACDEDB4
:101A0000057A1ED1B5EE407AF1EE10FA0CBF012333
:101A100002231A4901910221009103A8214600F0F6
:101A20005BFC002EBFF62FAFD4ED007AF1EE677AA3
:101A3000C4ED007AD4ED017AF1EE677AC4ED017A53
:101A400082E70323E5E700BFD80F493FE3CB164009
:101A5000800FC93FD00FC93F004435374344353765
:101A600008A3852E800F494384F9223F6855020858
:101A700000A3852E32318D2400008043E8550208F2
:101A800038B510EE105A25F00044B4F1A14FF0EE35
:101A9000407A10D3B4F1FF4F04D970EE007AB0EE63
:101AA000670A38BDDFED4D7A9FED4D7A002DC8BF36
:101AB000F0EE477AF3E74B4B9C4210D8B4F1445F09
:101AC0000AD29FED497A30EE077AF7EE006AB4EE5B
:101AD000E67AF1EE10FAE2DC4FF0FF3313E000F0AB
:101AE000A3F8424B9C424FD8A3F5D0039C4241D867
:101AF000F0EE007ABFEE007AA0EE277A002330EEF7
:101B0000270AC7EE007A5A1C27EEA76A9FED387A9B
:101B1000DFED385A9FED385A66EE066AE6EE875AD0
:101B20009FED367AA5EEA67ADFED355AE7EE265A16
:101B30009FED347AA5EEA67ADFED335AE7EE265A0A
:101B40009FED327AA6EE875A9FED317AA5EE267A7E
:101B50009FED305AA7EE265A9FED2F7AA5EE267AF2
:101B600027EE267AA5EE867A27EE877A21D177EEC0
:101B7000C77A94E7F7EE007A30EE677A30EE270AFC
:101B80000123C7EE007ABEE7244B9C420BD8F7EE48
:101B9000087AB7EE007AA0EE277A022370EE676A21
:101BA000C6EE877AAFE7BFEE007AC7EE007A03236E
:101BB000A9E71B4A1B4902EB830201EB8303D3ED28
:101BC000006A37EE667A002D37EE677AD2ED007A3A
:101BD00077EEC77AB8BFF1EE677A60E7DB0FC9BF6F
:101BE000DB0FC93FFFFFDF3ECAF24971FFFF973F9E
:101BF000D769853C59DA4B3D6BF16EBD356B883D3D
:101C00006E2EBA3D2549123EABAAAA3E21A215BDB1
:101C100095879DBD388EE3BDCDCC4CBEFFFF1B40EC
:101C2000105902080059020810EE103A23F0004340
:101C300000EE103A704700002DE9F04F2DED028BB9
:101C4000ADF5197D12F1140F06930491C24BA499BE
:101C5000089053F821300093069B03F1FF33A8BF8F
:101C6000D41E0593B2BF0024182394FBF3F46FF045
:101C7000170304FB033303EB020B009B059A9FED54
:101C8000B28B03EB0208A59BA71A20AE03EB8709D2
:101C90000025454512DD069B20AA02EBC3050DF584
:101CA000E07A0027009B9F422EDC9FEDA77BDDF8AA
:101CB00020908DED027BA84600261BE0EF4207D462
:101CC00059F82500DEF760FDE6E802010135E0E79E
:101CD00051EC180BF8E778E90223F9E80201DEF786
:101CE000D7FA02460B46DDE90201DEF701FCCDE939
:101CF00002010136059B9E42EDDD9DED027B013721
:101D0000AAEC027B0835CDE7009BDDF800800CAA29
:101D100002EB83030A93A59B03EB840309934FEA29
:101D2000C8030B9398AB03EBC80313ED287B8DED31
:101D3000027B0CAC70AB03EBC805A146C246BAF1FE
:101D4000000F77DC58469DED020B00F02DFD57EC9F
:101D5000106B00224FF07F5330463946DEF798FA79
:101D600041EC100BFFF718F87C4B51EC100B0022E4
:101D7000DEF78EFA02460B4630463946DEF7B6FBF2
:101D80000F460646DEF7F2FD0290DEF7FDFC024646
:101D90000B4630463946DEF7A9FBBBF1000F06467D
:101DA0000F466CDD08F1FF310CAB029D53F821307A
:101DB000CBF1180043FA00F2154482409B1A0CAA9A
:101DC000029542F82130CBF1170243FA02F9B9F13A
:101DD000000F64DD029B00220133029315466FF071
:101DE0007F41904500F3A180BBF1000F07DDBBF1FF
:101DF000010F00F0C180BBF1020F00F0C880B9F103
:101E0000020F4CD132463B4655490020DEF76EFBAF
:101E100006460F46002D42D058469FED4D0B00F070
:101E2000C3FC3046394653EC102BDEF75FFB064609
:101E30000F4634E04B4B0022DDE90201DEF728FAC1
:101E4000DEF794FDDEF7A0FC474B002206460F4666
:101E5000DEF71EFA02460B46DDE90201DEF746FB1D
:101E6000DEF784FD75E9022349F8040B3946304654
:101E7000DEF73EFB0AF1FF3ACDE902015FE707D149
:101E800008F1FF330CAA52F823304FEAE3599EE7DA
:101E9000364B0022DEF756FD002843D18146002252
:101EA000002330463946DEF72FFD002800F0C180C0
:101EB00008F1FF33002200998B4270DA002A00F00B
:101EC0008B8008F1FF380CABABF1180B53F82830BE
:101ED000002BF6D058469FED1E0B00F065FC08F174
:101EE0000103DA00059255EC104B70AADFF874B0CC
:101EF00002EBC30746464FF0000A002E80F2D18065
:101F00004446002CC0F2FF80194B1F4670AB03EB18
:101F1000C40306934FF0000A4FF0000B0026A8EB15
:101F20000405E4E04FF0020954E754F8043B0DBB0C
:101F300023B1C3F1807344F8043C012301321D46F0
:101F40004FE700BFAFF3008000000000000000007A
:101F5000000000000000F03F60590208000020402F
:101F60000000F03F0000703E000070410000E03FC4
:101F700020590208CB1ADEE708F1FF320CAB53F808
:101F80002230C3F316030CA941F8223037E708F1D9
:101F9000FF320CAB53F82230C3F31503F3E70CA95F
:101FA00051F82310013B0A4385E7013453F8042D0F
:101FB000002AFAD00B9B03F518730DEB0305069B63
:101FC00020AA434408F10107983D02EBC3064444AC
:101FD000BC4204DAA046A2E60A9B0124E6E7099B7C
:101FE00053F82700DEF7D0FB9FEDAF7BE6E8020158
:101FF0008DED027BDDF82090B2464FF00008059B86
:10200000984505DD9DED027B0137A5EC027BDFE7FE
:102010007AE90223F9E80201DEF73AF902460B46B3
:10202000DDE90201DEF764FA08F10108CDE90201F9
:10203000E5E7CBF1000047EC106B00F0B5FB55EC89
:10204000104B9B4B002220462946DEF77BFC00B359
:10205000984B002220462946DEF71AF9DEF786FC67
:102060000646DEF791FB924B0022DEF711F90B4694
:10207000024629462046DEF739FADEF777FC0CAB3C
:102080000BF1180B43F8280008F1010843F8286009
:1020900020E720462946DEF769FC0CAB43F8280010
:1020A00018E70CAB53F82600DEF76EFB22462B46F2
:1020B000DEF7EEF8524667E902015B462046294604
:1020C000DEF7E6F8013E04460D4616E70699F1E80C
:1020D00002230691F7E80201DEF7DAF802460B4622
:1020E00050465946DEF704FA013682468B46009B7D
:1020F0009E4201DCAE42E9DD48AB03EBC505C5E914
:1021000000AB013CFDE6A49B022B0BDC002B35DC75
:1021100059D0029B03F007000DF5197DBDEC028B31
:10212000BDE8F08FA49B032BF3D1059B03F5187337
:102130000DEB0304A4F5A4742546C246BAF1000FC2
:1021400069DC4546012D00F38780059C48AB1C44A3
:1021500000200021B8F1010F00F39C80DDE9485612
:10216000DDE94A78B9F1000F40F0A680049BC3E98D
:102170000056C3E90278C3E90401CAE7059D48ABEC
:102180001D44444600200021002C35DAB9F1000F2F
:1021900038D0024601F10043049CC4E90023024602
:1021A0000B46DDE94801DEF7A1F94AAD0124A0455F
:1021B0002BDAB9F1000F02D001F100431946049B5C
:1021C000C3E90201A5E7059C48AB1C44002000219F
:1021D000B8F1000F09DAB9F1000F02D001F10043A4
:1021E0001946049BC3E9000193E774E90223DEF773
:1021F0007FF908F1FF38EBE775E90223DEF778F99C
:10220000013CC1E702460B46C6E7F5E80223DEF7CC
:102210006FF90134CBE735ED027B8DED007B95ED59
:10222000027BDDE9000153EC172B8DED067BDEF719
:102230005FF902460B4606460F46DDE90001DEF770
:1022400055F9DDE90623DEF753F90AF1FF3AC5E94E
:102250000201C5E9006771E734ED027BD4E902AB06
:1022600051EC170B52465B468DED007BDEF740F9D3
:1022700002460B4606460F46DDE90001DEF736F959
:1022800052465B46DEF734F9013DC4E90201C4E978
:10229000006757E774E90223DEF72AF908F1FF38EF
:1022A00058E700BFAFF3008000000000000000000E
:1022B000000070410000703E049B049A1D6006F10E
:1022C00000445C609F6008F10043D36001F100436B
:1022D000106153611DE700BF2DE9F04F2DED048B18
:1022E000D9B090460190B64A669818F1040F52F89A
:1022F00020A00F4603F1FF3B26DBB8F1030248BFE5
:1023000008F10402D210551C67999FEDB17AE800DC
:10231000A2EB0B060290A8EBC5050AEB0B0C1CAC5C
:1023200001EB860E0020604510DD1CA901EB830047
:102330000DF588790026564524DCDDF804E0DFED54
:10234000A47A8446002416E00022DCE7C6425DBF82
:102350005EF8201007EE901AF8EEE77AF0EE477A72
:10236000E4EC017A0130DEE7FEEC016A3CED017A33
:10237000E6EE877A01345C45F6DDE9EC017A013658
:102380000430D8E708A901EB8A0104916799DFEDD1
:102390008F8A9FED8D9A01EB820203925446A20030
:1023A000059258AA02EB840212ED140A44A908AA65
:1023B00001EB840094462646002E4CDC2846CDE9ED
:1023C000062300F06BFAB0EE408AB4EE000A28EE65
:1023D000000A00F0C9FAF2EE007AA0EE678A002D3A
:1023E000DDE90623FDEEC87A17EE909AF8EEE77A5B
:1023F00038EE678A41DD04F1FF3C08A9C5F1080EFB
:1024000051F82C6046FA0EF0814400FA0EF0361AAC
:10241000C5F1070041F82C600641002E3CDD4FF06D
:10242000000E09F101097046744568DC002D03DDDA
:10243000012D74D0022D7DD0022E2DD1B7EE000AD1
:1024400030EE488A40B32846069300F027FA069BF0
:1024500038EE408A20E060EE287A013EFDEEE77A11
:10246000F8EEE77AA7EEC90ABDEEC00AACEC010AA5
:1024700030ED010A37EE800A9EE705D1601E08A9FB
:1024800051F82060F611C8E7F6EE007AB4EEE78A5C
:10249000F1EE10FA31DA0026B5EE408AF1EE10FACC
:1024A00040F09880601E002250454BDA002A65D02B
:1024B000013C08AB083D53F82430002BF8D02846E7
:1024C000B7EE000A00F0EAF9631C44AA9FED3F7AD8
:1024D000990002EB83022346002B80F2A980234659
:1024E000002BC0F2C78044AA02EB8305DFF8D4C0FA
:1024F000DFED377A0020E21AB1E002268FE752F8CA
:10250000041B48B921B1C1F5807142F8041C0121B6
:102510000EF1010E084687E7C1F1FF01F5E704F16E
:10252000FF3C08AA52F82C2002F07F0208A941F8CB
:102530002C2081E704F1FF3C08AA52F82C2002F07D
:102540003F02F3E708A951F8201001380A43ABE72E
:10255000013250F8046D002EFAD0059901F5B071E2
:102560000DEB0100E6181CA904F1010C4C3801EB3D
:1025700086062244624504DA144610E704980122D4
:10258000E7E70399DDF804E051F82C10059107EE18
:10259000901AF8EEE77A0024E6EC017ADFED0C7A87
:1025A000B1465C4504DDE0EC017A0CF1010CE1E799
:1025B000FEEC016A39ED017A0134E6EE877AF0E744
:1025C0009C59020870590208000080430000803BBB
:1025D00000000000029BB0EE480AA3EB080000F0E8
:1025E0005DF91FED077AB4EEC70AF1EE10FA19DBB8
:1025F0005FED0A7A60EE277A08AAFDEEE77A0835E1
:10260000F8EEE77AA7EEC70AFDEEE77ABDEEC00A5C
:1026100010EE103A42F8243017EE903A013442F8A6
:1026200024304CE7BDEEC00A08AA10EE103AF6E7D7
:1026300008A850F82300019007EE900AF8EEE77A18
:10264000013B67EE807A20EE070A62ED017A43E7EC
:10265000FCEC016AB5EC017AE6EE877A0130504570
:1026600001DC9042F4DD58A800EB820242ED287AAA
:10267000013B35E7669B022B09DC002B27DC40D0B1
:1026800009F0070059B0BDEC048BBDE8F08F669BE4
:10269000032BF5D130AA0B1F13441A4620460028FD
:1026A00050DC2246012A5DDC30AB5FED377A0B440B
:1026B000012C67DCDDED306A9DED317A002E67D1AB
:1026C000C7ED006A87ED017AC7ED027AD8E730AB33
:1026D0001FED417A0B442246002A24DA4EB3F1EE74
:1026E000477AC7ED007ADDED307A77EEC77A31AA06
:1026F00001239C4220DA0EB1F1EE677AC7ED017A30
:10270000BEE730AB5FED4E7A0B44002C05DA0EB11C
:10271000F1EE677AC7ED007AB2E733ED017A013C5A
:1027200077EE877AF1E773ED017A013A37EE277A8F
:10273000D2E7F0EE477AD4E7B2EC017A013377EED4
:10274000877AD6E772ED017AD2ED016A37EEA67A82
:10275000013877EEC77A82ED007A77EEA67AC2ED7D
:10276000017A9CE773ED017AD3ED016A37EEA67A20
:10277000013A77EEC77A83ED007A77EEA67AC3ED59
:10278000017A8FE733ED017A013C77EE877A8FE7A4
:10279000F1EE666AB1EE477AC7ED006A87ED017A1D
:1027A000F1EE677A90E700BF70B555EC104BC5F3BA
:1027B0000A5106462B4691B925F0004323433BD0EE
:1027C000334B204629460022DDF762FD314B9E4205
:1027D00004460D460FDA26A3D3E900231EE040F29B
:1027E000FF7291420BD1224620462946DDF780FE3A
:1027F00004460D4620E00B46C1F30A5136394CF22F
:10280000503296420DDD002D1BA1D1E9000102DA04
:102810001BA1D1E9000118A3D3E90023DDF738FD9E
:10282000E6E7721840F2FE718A42ECDC002A06DD0F
:102830006FF31E5343EA025545EC104B70BD12F185
:10284000350F08DA002D0AA1D1E90001C3DA0EA183
:10285000D1E90001BFE736326FF31E5343EA025558
:1028600020460D4B29460022D8E700BFAFF3008079
:1028700059F3F8C21F6EA5019C7500883CE4377EB1
:102880009C7500883CE437FE59F3F8C21F6EA581A1
:1028900000005043B03CFFFF0000903C10EE103AA7
:1028A00033F000422BD0B2F1FF4F02D330EE000ADA
:1028B000704713F0FF4F23D1244BDFED257A984268
:1028C00020EE270A17DB10EE103AC3F3C752193A6D
:1028D0004CF25031884215DDDFED1E7ADFED1E6AC5
:1028E00010EE103AB0EE677A002BB8BFF0EE667AC1
:1028F00027EE870A7047DFED197A27EE800A7047C6
:10290000D20DE5E71044FE28E6DC002806DD23F0C2
:10291000FF4343EAC05300EE103A704710F1160F20
:1029200009DADFED0E7ADFED0E6A10EE103AB0EE46
:10293000677A002BD9E7193023F0FF4343EAC053ED
:102940009FED080A07EE903AD7E700BFB03CFFFFC3
:102950000000004CCAF24971CAF249F16042A20D6E
:102960006042A28D0000003310EE103AC3F3C7524C
:102970007F3A162A23F000412BDC002A12DADFED21
:10298000197A30EE270AB5EEC00AF1EE10FA06DD2C
:10299000002B24DA0029144B08BF4FF0004300EE4F
:1029A000103A7047114911410B42FAD0DFED0D7A10
:1029B00030EE270AB5EEC00AF1EE10FAEFDD002B7B
:1029C000BEBF4FF4000040FA02F29B1823EA010355
:1029D000E5E7B1F1FF4FE4D330EE000A7047002382
:1029E000DDE700BFCAF24971000080BFFFFF7F0032
:1029F00008B5062000F03CFA0120E0F73FF800009F
:102A00001FB514461A46094B1B680546D8684CB1D9
:102A1000074B0091CDE9013406492B4600F084F9BB
:102A2000FFF7E6FF044B1C46F3E700BF1001002050
:102A3000304502083D4502086B4502080023014667
:102A40001A46184600F0C2BA024B0146186800F058
:102A50002DB800BF10010020024B0146186800F09D
:102A600011BB00BF1001002070B50F4E0C4631683D
:102A7000054611B900F04CFA30602146284600F0B6
:102A800047FA431C03D14FF0FF34204670BDC41CED
:102A900024F00304A042F8D0211A284600F038FAA6
:102AA0000130F2D1EFE700BFE03E01202DE9F8430D
:102AB000CD1C25F0030508350C2D38BF0C25002D45
:102AC000064601DBA94204D90C2333600020BDE88F
:102AD000F883DFF8D48000F069F8D8F800301C469D
:102AE00044BB29463046FFF7BFFF431C044658D17C
:102AF000D8F800402746002F43D1002C4BD0236844
:102B00003946304604EB030900F002FA814542D110
:102B100021686D1A29463046FFF7A6FF01303AD0EA
:102B200023682B442360D8F800305A6862BBC8F889
:102B300000700FE02268521B20D40B2A17D96119AC
:102B4000A342256018BF5960636808BFC8F8001029
:102B500062514B60304600F02FF804F10B00231D4A
:102B600020F00700C21A1CBF1B1AA350AFE762680F
:102B7000A3420CBFC8F800205A60EBE72346646804
:102B8000AEE73C467F68B6E71A465B68A342FBD1D6
:102B900000235360DEE70C233360304600F00CF86E
:102BA00094E70560D6E700BFE43E0120014800F04D
:102BB000FCB900BF28400120014800F0F7B900BF70
:102BC0002840012010B504460448134620B10A46A7
:102BD0000220214600F0FAF910BD00BFCD2F0208F7
:102BE000002310B50446C0E90033C0E90433836014
:102BF00081814366C2818361194608225C3000F0FE
:102C000006F90D4B63620D4BA3620D4BE3620D4B56
:102C100023630D4B24629C4206D003F16802944268
:102C200002D0D0339C4205D104F15800BDE81040D9
:102C300000F0BAB910BD00BF892D0208AB2D020803
:102C4000E32D0208072E0208E83E0120024A03494C
:102C5000034800F07BB800BF04010020BD37020824
:102C60001401002041680C4B994210B5044601D074
:102C700000F0A4FDA168094B994202D0204600F063
:102C80009DFDE168064B994204D02046BDE8104006
:102C900000F094BD10BD00BFE83E0120503F012070
:102CA000B83F012010B50B4B0B4C0C4A1A60204664
:102CB00000220421FFF794FF04F16800012209219A
:102CC000FFF78EFF04F1D0000222BDE81040122170
:102CD000FFF786BF20400120E83E01204D2C02086E
:102CE000014800F062B900BF2A400120014800F00D
:102CF0005DB900BF2A40012010B50446FFF7F0FF80
:102D0000236A1BB1BDE81040FFF7F0BF044B2362FC
:102D1000044B1B68002BF5D1FFF7C4FFF2E700BF9F
:102D2000652C0208204001200EB403B5014603AB18
:102D3000054853F8042B0068019300F017FA02B01D
:102D40005DF804EB03B07047100100202DE9F84353
:102D50000746884614460026D4E90195B9F10109D1
:102D600005D52468002CF7D13046BDE8F883AB893F
:102D7000012B07D9B5F90E30013303D02946384667
:102D8000C04706436835E9E710B50C46B1F90E10A7
:102D900000F098F80028ABBF636DA3891B1823F4DB
:102DA0008053ACBF6365A38110BD2DE9F0411F4680
:102DB0008B89DB0505460C46164605D5B1F90E1084
:102DC0000223002200F06CF8A389B4F90E1023F45A
:102DD0008053A38132463B462846BDE8F04100F0CF
:102DE000A7B810B50C46B1F90E1000F059F8431C05
:102DF000A38915BF606523F4805343F48053A381F6
:102E000018BFA38110BDB1F90E1000F039B802440B
:102E10000346934200D1704703F8011BF9E71F29CD
:102E200038B505460C4604D9162303604FF0FF3031
:102E300038BDC26B12B152F821304BB9284600F0B0
:102E400065F8224601462846BDE8384000F04CB8F7
:102E5000012B0AD0591C03D1162303600120E7E798
:102E6000002142F82410204698470020E0E70000A7
:102E7000024B01461868FFF7D2BF00BF10010020C7
:102E800038B5064D0023044608462B60DFF718FED0
:102E9000431C02D12B6803B1236038BD24400120BC
:102EA00038B5074D04460846114600222A601A46E6
:102EB000DFF710FE431C02D12B6803B1236038BD3D
:102EC0002440012038B5074D04460846114600222B
:102ED0002A601A46DFF7D8FD431C02D12B6803B1E4
:102EE000236038BD2440012038B5074D0023044637
:102EF000084611462B60DFF7B9FD431C02D12B6851
:102F000003B1236038BD00BF24400120DFF7ACBD12
:102F100038B5064D0023044608462B60DFF7DCFD7C
:102F2000431C02D12B6803B1236038BD244001202B
:102F300038B5074D04460846114600222A601A4655
:102F4000DFF7B0FD431C02D12B6803B1236038BD0D
:102F500024400120014B1868704700BF1001002079
:102F600070B50D4D0D4C641BA4100026A64209D16E
:102F70000B4D0C4C00F062FD641BA4100026A64211
:102F800005D170BD55F8043B98470136EEE755F87A
:102F9000043B98470136F2E760D5030860D5030883
:102FA00060D5030874D503087047704770470A441A
:102FB000914200F1FF3300D1704710B511F8014B79
:102FC00003F8014F9142F9D110BD00002DE9F843FB
:102FD000274D0746286891460E469846FFF7E5FFBD
:102FE000244A14683CB9244B1360244A12B1126875
:102FF000C3F88820204C63681F2B06DD2868FFF784
:10300000D5FF4FF0FF30BDE8F8832FB3D4F8880028
:1030100068B91B4B002BF1D04FF48470FFF714FDFF
:103020000028EBD00023C0E94033C4F8880063686F
:1030300040F8239001229A4000EB8301D0F8003140
:103040001343C0F80031022FC1F8808002BFD0F8CE
:1030500004311343C0F80431636828685A1C0233F2
:10306000626044F82360FFF7A1FF0020CBE700BFB8
:1030700060010020B84001202C400120A85902081E
:10308000492A020838B50546002941D051F8043CC8
:103090000C1F002BB8BFE418FFF788FD1D4A13680A
:1030A00033B9636014602846BDE83840FFF784BD3B
:1030B000A34208D9206821188B4201BF19685B68B8
:1030C00009182160EDE71A465B680BB1A342FAD9F3
:1030D00011685018A0420BD1206801445018834257
:1030E0001160E0D118685B68536008441060DAE74B
:1030F00002D90C232B60D6E7206821188B4204BF2D
:1031000019685B68636004BF091821605460CAE7EE
:1031100038BD00BFE43E01209368013B002B10B492
:10312000936008DA9469A34201DB0A2903D15DF8B0
:10313000044B00F06BBB1368581C106019700846F4
:103140005DF8044B7047F8B506460F461446D5188F
:10315000AC4201D1002007E014F8011B3A4630468A
:10316000FFF7DAFF431CF3D1F8BD00002DE9F04F63
:103170000D469DB014469846064618B1036A0BB931
:10318000FFF7BAFD6B6ED90705D4AB899A0502D457
:10319000A86DFFF70AFFAB891B0701D52B699BB907
:1031A0002946304600F070FB70B16B6EDC0704D529
:1031B0004FF0FF301DB0BDE8F08FAB899805F7D414
:1031C000A86DFFF7F3FEF3E70023099320238DF8A2
:1031D0002930CDF80C803023DFF8AC818DF82A300F
:1031E0004FF0010923469A4613F8012B0AB1252A0C
:1031F000F9D1BAEB040B0BD05B4622462946304688
:10320000FFF7A1FF013000F0A780099A5A44099204
:103210009AF80030002B00F09F8000234FF0FF321F
:10322000CDE905230AF1010A049307938DF8533081
:103230001A935446052214F8011B5348DCF7D8FFB3
:10324000049AD8B9D10644BF20238DF85330130710
:1032500044BF2B238DF853309AF800302A2B15D019
:10326000079A544600204FF00A0C214611F8013B02
:10327000303B092B4BD9B0B1079214E0A0EB080307
:1032800009FA03F313430493A246D2E7039B191DE3
:103290001B680391002BBBBF5B4242F00202079305
:1032A0000793B8BF049223782E2B0AD163782A2B78
:1032B00032D1039B1A1D1B68039243EAE373023465
:1032C0000593DFF8D4A0217803225046DCF790FF65
:1032D00038B1049BA0EB0A00402282401343013422
:1032E000049314F8011B29488DF828100622DCF7F6
:1032F0007FFF00283FD0264B1BBB039B073323F0E7
:10330000070308330393099B3B4409936AE70CFBCB
:1033100002320C460120A8E7002301340593194628
:103320004FF00A0C204610F8012B303A092A03D935
:10333000002BC6D00591C4E70CFB012104460123F4
:10334000F0E703AB00932A46124B04A93046AFF3D3
:1033500000800746781CD6D16B6ED90705D4AB899F
:103360009A0502D4A86DFFF721FEAB895B063FF5F5
:103370001FAF09981EE703AB00932A46054B04A92B
:10338000304600F079F8E4E76C450208764502081B
:103390000000000047310208724502082DE9F0479D
:1033A000164698468A680B69DDF820909342B8BFAC
:1033B0001346336091F8432007460C460AB10133A7
:1033C00033602368990642BF33680233336025684F
:1033D00015F0060506D104F1190AE36832689B1A54
:1033E000AB4226DC94F843302268003B18BF01232F
:1033F00092062BD404F1430241463846C8470130B7
:103400001ED02368226903F00603042B02BFE5687F
:103410003368ED1AA3680CBF25EAE57500259342D1
:10342000C4BF9B1AED1800261A34B5421AD10020E9
:1034300008E00123524641463846C847013003D1CF
:103440004FF0FF30BDE8F0870135C6E7E1185A1CA0
:10345000302081F84300224494F8451082F843104C
:103460000233C7E70123224641463846C8470130A8
:10347000E6D00136D9E700002DE9FF470F7E0C9E0C
:10348000782F914680460C469A4601F1430207D8B0
:10349000622F0AD8002F00F0D180582F00F0B8809A
:1034A00004F1420684F842703AE0A7F16303152B59
:1034B000F6D801A151F823F011350208253502088C
:1034C000A1340208A1340208A1340208A134020880
:1034D00025350208A1340208A1340208A1340208EB
:1034E000A1340208233602084F350208DD350208F0
:1034F000A1340208A134020845360208A1340208AA
:103500004F350208A1340208A1340208E53502084B
:1035100033681A1D1B68326004F1420684F8423099
:1035200001239CE033682068191D3160060601D52F
:103530001D6803E04506FBD5B3F90050002D03DA02
:103540002D236D4284F8433058480A2311E0216846
:103550003368080653F8045B02D4490648BFADB28D
:103560006F2F5248336014BF0A230823002184F8C8
:1035700043106668A660002E05DB21682E4321F00B
:10358000040121604BD01646B5FBF3F103FB115744
:10359000C75D06F8017D2F46BB420D46F4D9082BC6
:1035A0000BD12368DF0708D5236961689942DEBF24
:1035B000302306F8013C06F1FF36921B2261CDF85C
:1035C00000A04B4603AA21464046FFF7E7FE013024
:1035D0004AD14FF0FF3004B0BDE8F087236843F0D4
:1035E000200323603248782784F8457023683168C7
:1035F0001F0651F8045B02D45F0648BFADB23160CC
:10360000D90744BF43F0200323601DB11023ADE769
:103610002648E9E7236823F020032360F6E71646EF
:10362000BDE7336825686169181D30602E061B6888
:1036300001D5196002E06806FBD5198000232361DB
:103640001646BCE733681A1D32601E6862680021A6
:103650003046DCF7CDFD08B1801B606063682361F4
:10366000002384F84330AAE723693246494640469E
:10367000D0470130ADD023689B0713D4E068039B8B
:103680009842B8BF1846A6E701233246494640464D
:10369000D04701309DD00135E36803995B1AAB42F6
:1036A000F2DCEBE7002504F11906F5E77D45020899
:1036B0008E450208B1F90C202DE9F04116070546A8
:1036C0000C4654D44B68002B02DC0B6C002B48DDFD
:1036D000E66A002E45D0002312F480522F68216A3A
:1036E0002B6030D0626DA389590705D56368D21A63
:1036F000636B0BB1236CD21A0023E66A216A284659
:10370000B047431CA38906D129681D292BD82A4A12
:10371000CA40D60727D500226260D90422692260F8
:1037200004D5421C01D12B6803B96065616B2F6021
:10373000B9B104F14403994202D02846FFF7A2FC34
:10374000002363630DE001232846B0470246501C66
:10375000C9D12B68002BC6D01D2B01D0162B1ED132
:103760002F60002022E043F040031BB21BE00F69F2
:10377000002FF6D093070E6808BF4B690F6018BF83
:103780000023A6EB07088B60B8F1000FE9DD216A82
:10379000A66A43463A462846B047002808DCB4F9F2
:1037A0000C3043F04003A3814FF0FF30BDE8F081BF
:1037B0000744A8EB0008E7E70100402038B50B6993
:1037C00005460C4613B90025284638BD18B1036AD2
:1037D0000BB9FFF791FAB4F90C30002BF3D0626EFD
:1037E000D00704D4990502D4A06DFFF7DEFB28466C
:1037F0002146FFF75FFF636EDA070546E4D4A3892D
:103800009B05E1D4A06DFFF7D1FBDDE7F8B50E46CF
:103810001446054618B1036A0BB9FFF76DFAA369A0
:10382000A360A3891A0701D5236943B92146284615
:1038300000F02AF818B14FF0FF373846F8BD23687A
:103840002269981A6369F6B28342374605DC21463D
:103850002846FFF7B3FF0028EDD1A368013BA36022
:1038600023685A1C22601E706269431C9A4204D06D
:10387000A389DB07E1D50A2EDFD121462846FFF7D1
:103880009DFF0028D9D0D6E738B5294B05461868E2
:103890000C4618B1036A0BB9FFF72EFAB4F90C30D5
:1038A000190722D4DA0607D409222A6043F040031C
:1038B000A3814FF0FF3033E0580712D5616B41B15F
:1038C00004F14403994202D02846FFF7DBFB0023B2
:1038D0006363A38923F02403A38100236360236926
:1038E0002360A38943F00803A38123694BB9A3890B
:1038F00003F42073B3F5007F03D02146284600F07F
:103900003FF8B4F90C3013F001020AD00022A26093
:1039100062695242A261226942B913F08000C5D1A6
:1039200038BD990758BF6269A260F4E70020F7E745
:103930001001002070B50C46B1F90E10002996B0A8
:1039400015461E460DDAA38913F0800F4FF00001D3
:1039500014BF40234FF48063002031602B6016B009
:1039600070BD6A4600F048F80028ECDB019901F4CC
:103970007041A1F50053594259414FF48063EBE780
:103980008B89F7B59D0706460C4607D504F147031A
:10399000236023610123636103B0F0BD01AB6A467C
:1039A000FFF7C8FF009F054639463046FFF77EF80F
:1039B00048B9B4F90C309A05EED423F0030343F070
:1039C0000203A381E2E7A389206043F08003A3817F
:1039D000019BC4E904075BB1B4F90E10304600F056
:1039E0001DF828B1A38923F0030343F00103A38149
:1039F000A3891D43A581CFE738B5074D00230446B1
:103A0000084611462B60DFF75EF8431C02D12B6895
:103A100003B1236038BD00BF2440012038B5064DF6
:103A20000023044608462B60DFF752F8431C02D1FE
:103A30002B6803B1236038BD24400120F8B500BFD6
:103A4000F8BC08BC9E467047F8B500BFF8BC08BC7F
:043A50009E467047D7
:103A580000000000FFFFFFFFFFFFFFFF0000000066
:103A6800010000000000000000000000010000004C
:103A7800FFFFFFFFFFFFFFFF01000000FFFFFFFF49
:103A8800FFFFFFFF0100000001000000010000002F
:103A980000000000000000008F0E0008910E0008D2
:103AA800E50E0008F10F00086672616D65427566E3
:103AB80066657220213D203020262620224120667E
:103AC80072616D65627566666572206164647265AF
:103AD8007373206D7573742062652073657422009A
:103AE8007669727475616C20766F696420746F757D
:103AF80063686766783A3A48414C3A3A736574465F
:103B080072616D654275666665725374617274415F
:103B1800646472657373657328766F69642A2C20F0
:103B2800766F69642A2C20766F69642A29002E2E04
:103B38002F2E2E2F4D6964646C6577617265732F23
:103B480053542F746F7563686766782F6672616D5A
:103B580065776F726B2F696E636C7564652F746F10
:103B68007563686766782F68616C2F48414C2E68CA
:103B78007070007769647468203E3D204449535052
:103B88004C41595F574944544820262620686569A6
:103B9800676874203E3D20444953504C41595F4862
:103BA800454947485420262620224672616D6562A1
:103BB80075666665722063616E6E6F74206265203B
:103BC800736D616C6C6572207468616E20646973D2
:103BD800706C617922007669727475616C20766FF9
:103BE800696420746F7563686766783A3A48414C2F
:103BF8003A3A7365744672616D65427566666572B8
:103C080053697A652875696E7431365F742C20752E
:103C1800696E7431365F742900286672616D655F5C
:103C28006275666665725F73656D20213D204E552D
:103C38004C4C2920262620224372656174696F6ED8
:103C4800206F66206672616D6562756666657220B2
:103C580073656D6170686F7265206661696C656413
:103C6800220073746174696320766F696420746FCD
:103C78007563686766783A3A4F5357726170706532
:103C880072733A3A696E697469616C697A65282950
:103C980000433A2F546F75636847465850726F6AED
:103CA800656374732F48656C6C6F546F75636847F0
:103CB80046582F546F7563684746582F746172676A
:103CC80065742F67656E6572617465642F4F53570D
:103CD800726170706572732E6370700028767379E4
:103CE8006E635F717565756520213D204E554C4C9E
:103CF8002920262620224372656174696F6E206F21
:103D080066207673796E63206D65737361676520CD
:103D18007175657565206661696C6564220030207F
:103D280026262022556E737570706F727465642034
:103D3800466F726D617421220075696E7433325F4B
:103D4800742053544D3332444D413A3A67657443B5
:103D580068726F6D4152544F7574707574466F7206
:103D68006D617428746F7563686766783A3A42695A
:103D7800746D61703A3A4269746D6170466F726D24
:103D880061742900433A2F546F7563684746585049
:103D9800726F6A656374732F48656C6C6F546F75C6
:103DA80063684746582F546F7563684746582F74A1
:103DB80061726765742F67656E6572617465642FDB
:103DC80053544D3332444D412E6370700075696E03
:103DD8007433325F742053544D3332444D413A3A70
:103DE8006765744368726F6D415254496E7075749B
:103DF800466F726D617428746F7563686766783A88
:103E08003A4269746D61703A3A4269746D617046FC
:103E18006F726D61742900302026262022556E733A
:103E28007570706F7274656420666F726D6174224C
:103E3800007669727475616C20766F6964205354DA
:103E48004D3332444D413A3A736574757044617428
:103E580061436F707928636F6E737420746F756334
:103E6800686766783A3A426C69744F70262900632D
:103E78006F6D70617469626C654672616D656275BB
:103E880066666572284269746D61703A3A524742B3
:103E98003536352920262620225468652063686F28
:103EA80073656E207061696E746572206F6E6C79CF
:103EB80020776F726B732077697468205247423598
:103EC800363520646973706C6179732200746F757C
:103ED80063686766783A3A416273747261637450D2
:103EE80061696E7465725247423536353A3A4162B5
:103EF8007374726163745061696E7465725247427B
:103F08003536352829002E2E2F2E2E2F4D69646424
:103F18006C6577617265732F53542F746F7563687E
:103F28006766782F6672616D65776F726B2F696E41
:103F3800636C7564652F746F7563686766782F772F
:103F48006964676574732F63616E7661732F41626C
:103F58007374726163745061696E7465725247421A
:103F68003536352E687070006D7951756575653018
:103F780031004755495F5461736B0064656661752C
:103F88006C745461736B0073697A656F6628536348
:103F98007265656E5479706529203C3D20686561BD
:103FA800702E73637265656E53746F726167652EE8
:103FB800656C656D656E745F73697A65282920265E
:103FC8002620225669657720616C6C6F636174697D
:103FD8006F6E206572726F723A20436865636B205A
:103FE8007468617420616C6C2076696577732061F0
:103FF800726520616464656420746F2046726F6E18
:1040080074656E64486561703A3A566965775479A3
:10401800706573220050726573656E7465725479A9
:1040280070652A20746F7563686766783A3A6D61BF
:104038006B655472616E736974696F6E285363722D
:1040480065656E2A2A2C2050726573656E746572D8
:104058002A2A2C204D565048656170262C2054720F
:10406800616E736974696F6E2A2A2C204D6F6465BE
:104078006C547970652A29205B77697468205363CA
:104088007265656E54797065203D2053637265656D
:104098006E31566965773B2050726573656E74653D
:1040A8007254797065203D2053637265656E315096
:1040B800726573656E7465723B205472616E7354D9
:1040C800797065203D204E6F5472616E7369746912
:1040D8006F6E3B204D6F64656C54797065203D2090
:1040E8004D6F64656C5D002E2E2F2E2E2F4D69644A
:1040F800646C6577617265732F53542F746F7563A1
:10410800686766782F6672616D65776F726B2F6965
:104118006E636C7564652F6D76702F4D56504170C7
:10412800706C69636174696F6E2E68707000736972
:104138007A656F662850726573656E746572547916
:10414800706529203C3D20686561702E707265732A
:10415800656E74657253746F726167652E656C6500
:104168006D656E745F73697A65282920262620227A
:1041780050726573656E74657220616C6C6F6361F3
:1041880074696F6E206572726F723A204368656356
:104198006B207468617420616C6C20707265736543
:1041A8006E74657273206172652061646465642051
:1041B800746F2046726F6E74656E64486561703AFC
:1041C8003A50726573656E746572547970657322BE
:1041D8000073697A656F66285472616E73547970DA
:1041E8006529203C3D20686561702E7472616E738C
:1041F8006974696F6E53746F726167652E656C655B
:104208006D656E745F73697A6528292026262022D9
:104218005472616E736974696F6E20616C6C6F6340
:104228006174696F6E206572726F723A20436865B7
:10423800636B207468617420616C6C207472616EA9
:10424800736974696F6E7320617265206164646557
:104258006420746F2046726F6E74656E6448656181
:10426800703A3A5472616E736974696F6E547970FA
:1042780065732200747970656454657874732021BD
:104288003D203020262620225479706564546578B4
:104298007420646174616261736520686173206E63
:1042A8006F74206265656E20696E697469616C69F6
:1042B8007A65642E2200636F6E737420746F756361
:1042C800686766783A3A466F6E742A20746F756329
:1042D800686766783A3A5479706564546578743AD0
:1042E8003A676574466F6E74282920636F6E73741D
:1042F800002E2E2F2E2E2F4D6964646C6577617207
:1043080065732F53542F746F7563686766782F66CB
:1043180072616D65776F726B2F696E636C7564651A
:104328002F746F7563686766782F54797065645465
:104338006578742E6870700075736564203E20304F
:1043480000746F7563686766783A3A556E69636F8B
:1043580064653A3A556E69636F64654368617220B3
:10436800746F7563686766783A3A54657874507202
:104378006F76696465723A3A63697263756C6172E3
:104388004275666665723C73697A653E3A3A70654D
:10439800656B436861722829205B776974682075AA
:1043A8006E7369676E656420696E742073697A65D7
:1043B800203D2031303B20746F7563686766783A1A
:1043C8003A556E69636F64653A3A556E69636F640E
:1043D8006543686172203D2073686F727420756E42
:1043E8007369676E656420696E745D002E2E2F2ECA
:1043F8002E2F4D6964646C6577617265732F535411
:104408002F746F7563686766782F6672616D65775C
:104418006F726B2F696E636C7564652F746F75634B
:10442800686766782F5465787450726F766964652A
:10443800722E687070006F6666736574203C207514
:1044480073656400746F7563686766783A3A556E89
:1044580069636F64653A3A556E69636F646543686A
:10446800617220746F7563686766783A3A54657844
:104478007450726F76696465723A3A6369726375EB
:104488006C61724275666665723C73697A653E3A1C
:104498003A7065656B436861722875696E74313668
:1044A8005F7429205B7769746820756E7369676E1D
:1044B800656420696E742073697A65203D20313007
:1044C8003B20746F7563686766783A3A556E69631E
:1044D8006F64653A3A556E69636F646543686172E3
:1044E800203D2073686F727420756E7369676E65FE
:1044F8006420696E743B2075696E7431365F742070
:104508003D2073686F727420756E7369676E656499
:1045180020696E745D0049444C4500546D72510029
:10452800546D7220537663002C2066756E6374692F
:104538006F6E3A2000617373657274696F6E202222
:10454800257322206661696C65643A2066696C652A
:1045580020222573222C206C696E65202564257322
:1045680025730A00232D302B2000686C4C006566EB
:1045780067454647003031323334353637383941AC
:1045880042434445460030313233343536373839C2
:1045980061626364656600000000000000000000BE
:1045A8008F1100081712000841110008AD12000809
:1045B80091110008AD11000813120008FF1100083E
:1045C80005890008138900084D110008E9940008BE
:1045D8005D8B0008F7110008691C0008F11200083B
:1045E8002D9100081B890008618D0008599000086A
:1045F800C3900008BD8D0008BD920008F591000821
:1046080051940008218E00086D8B00084193000822
:10461800C5930008E11100080312000807120008FA
:104628000B1200080F1200084F1100086D12000845
:1046380055110008958C0008018D000869110008C3
:104648006B1100086F110008791100087F1100082C
:10465800D7880008758E000887110008C1890008EE
:104668005D1C0008611C0008FB110008758B000820
:10467800738C000825120008891100088B110008A6
:104688008D1100080000000000000000D71300088A
:1046980075960008C513000815140008DD96000873
:1046A800CF130008CB130008DD130008FD13000822
:1046B8008B95000801970008859500085D1500088E
:1046C800A514000817960008199600081796000800
:1046D800C1960008000000000000000091180008C2
:1046E800A51800087D8300089183000851830008FD
:1046F80055830008778300081F180008231800084E
:10470800271800082F18000800000000000000000B
:1047180065180008791800087D830008918300084F
:10472800518300085583000877830008FD170008A7
:1047380001180008071800081318000800000000F6
:10474800000000003D180008511800087D8300088B
:104758009183000851830008558300087783000877
:10476800E1170008E5170008E9170008F317000823
:104778000000000000000000B9180008F118000847
:1047880037180008000000000000000000000000CA
:10479800000000003F1B0008431B00084B1B0008DB
:1047A8005F0B02080000000000000000A11B0008C9
:1047B8000D1C000829B900086F1B000845F90008FE
:1047C80019BA00086D1C0008F51A0008C3F800089B
:1047D8007B1C000803F90008DDF80008F91A000836
:1047E800FD1A0008011B0008051B0008091B00082A
:1047F8000B1B00080D1B00080F1B0008111B0008ED
:10480800A5F90008131B00082B1B00084D1B000806
:10481800531B0008591B0008911B000800000000EA
:1048280000000000A31B00081B1C00089B9D00083B
:104838007B1B00087F1B0008851B00088B1B0008DA
:10484800419D000891AE0008579D00085D9D000835
:10485800819D0008D99D0008859D0008951B0008CA
:10486800991B00089D1B0008703F0208000000000B
:104878000000000000000000000000000000000030
:104888007A3F02080000000000000000000000005D
:104898000000000000800000180000000000000078
:1048A80000000000833F0208000000000000000034
:1048B80000000000000000000002000018000000D6
:1048C80000000000000000000000000000000000E0
:1048D8001D2B00080D2B00080F2B0008585E02083E
:1048E80000000000F000320005000000E600324041
:1048F800D819030800000000F0003200050000008D
:10490800E60032400000000000000000A12B000873
:10491800A32B00080000000000000000C92B0008BD
:10492800392C0008F52B0008152C000800000000A1
:1049380000000000B1E2000829E300083DE3000898
:1049480059E3000841E60008672C0008CB2B000853
:10495800472C0008CD2B00089DE50008B32B000864
:104968008DE20008B52B000851E3000879EE000835
:10497800F9E200087DE70008C9E200080DE4000834
:104988000000000000000000F32B00082B2C00089A
:10499800ED2B0008C12B0008C32B0008572C00087A
:1049A800C52B00080000000000000000812E000850
:1049B800D72E00081B020108512B0008712B000894
:1049C800752B00086D33000889330008F1F60008DC
:1049D8000FF8000809F70008A9F70008792B000864
:1049E8009FF700087D2B0008812B0008892B000801
:1049F8009D2E0008AFF70008792E00087D2E0008CC
:104A08008F2B0008952B0008832E0008000000005B
:104A180000000000532F0008912F00085D2F0008A8
:104A28007B2F00080000000000000000A12F0008F4
:104A3800B52F000857090108552F0008472F00080F
:104A4800492F000831040108D9040108D9030108D5
:104A5800572F00084D2F00084F2F0008512F00082E
:104A68000000000000000000B1E2000829E300088F
:104A78003DE3000859E300082D350008672C0008BD
:104A88001B3500081D350008CD2B00089DE50008E2
:104A9800B32B00088DE20008B52B000851E300088D
:104AA80079EE0008F9E200087DE70008C9E200088D
:104AB8000DE4000800000000000000006735000851
:104AC800673500086135000869350008FCFFFFFFFD
:104AD800000000006335000877350008000000007A
:104AE80000000000A5350008B9350008570901087D
:104AF800ED350008472F00089135000831040108FA
:104B0800D9040108D9030108572F00084D2F0008C0
:104B180095350008F1350008000000000102030483
:104B28000000000000000000010203040607080955
:104B3800040302020201010200000000000000005C
:104B480000000000000000007D8300089183000839
:104B58005183000855830008778300085F0B02081B
:104B68005F0B02085F0B02085F0B020800000000E1
:104B78000000000033840008358400080B88000812
:104B8800F383000845F90008A1F800086D1C000827
:104B9800A9830008C3F80008A584000803F90008E1
:104BA800DDF80008F91A0008FD1A0008011B0008C2
:104BB800051B0008091B00080B1B00080D1B00083B
:104BC8000F1B0008111B0008A5F90008131B00089B
:104BD8007D880008C183000843840008DB8300083F
:104BE800ED830008AD83000871840008058500087E
:104BF8001B8400086D870008FF8300081018200038
:104C08000000000808080808000000000000000074
:104C180055950008619500081D9600081B96000828
:104C2800CF960008619600087995000800000000FA
:104C380000000000AF9C0008B19C00083F1B000862
:104C4800431B0008AD9C0008F19700080000000015
:104C580000000000059D00082D9D0008E99C000843
:104C6800431B0008299D00080B9D0008C19C0008F3
:104C7800F8FFFFFF00000000079D00083B9D0008AB
:104C8800E19C0008000000000000000051A9000895
:104C980039AC000829A70008000000000000000047
:104CA80000000000000000009B9D00087B1B00081E
:104CB8007F1B0008851B00088B1B0008419D00080E
:104CC80091AE0008579D00085D9D0008819D000871
:104CD800D99D0008859D00085F0B02085F0B02083C
:104CE8005F0B020800003C027804B306EE08280BAC
:104CF800610D990FD01106143A166C189D1ACB1C29
:104D0800F71E212148236C258E27AC29C72BDF2DC0
:104D1800F32F0332103418361D381C3A183C0E3E57
:104D28000040ED41D443B74594476B493D4B084D8E
:104D3800CE4E8E504752FA53A6554C57EB58825ACE
:104D4800135C9D5D1F5F9A600E627A63DE643A664B
:104D58008E67DA681E6A5A6B8D6CB86DDA6EF46FFE
:104D680004710D720C730274EF74D375AE7680778C
:104D780048780779BC79687A0B7BA37B337CB87C4D
:104D8800347DA67D0E7E6D7EC17E0C7F4C7F837F39
:104D9800B07FD37FEC7FFB7F008000000000000025
:104DA8000000000081AF000883AF000829B900089F
:104DB8006F1B000845F9000819BA00086D1C0008A7
:104DC800F51A0008C3F800087B1C000803F900085E
:104DD800DDF80008F91A0008FD1A0008011B000890
:104DE800051B0008091B00080B1B00080D1B000809
:104DF8000F1B0008111B0008A5F90008131B000869
:104E08002B1B00084D1B0008531B000821B4000889
:104E180031B400080000000000000000000000009D
:104E28000000000029B900086F1B000845F90008B8
:104E380019BA00086D1C0008F51A0008C3F8000824
:104E48007B1C000803F90008DDF80008F91A0008BF
:104E5800FD1A0008011B0008051B0008091B0008B3
:104E68000B1B00080D1B00080F1B0008111B000876
:104E7800A5F90008131B00082B1B00084D1B000890
:104E8800531B0008591B00085F0B020800000000B4
:104E980000000000E1BA0008E3BA0008A5BA00085B
:104EA80089BA000845F90008A1F80008F1BA000815
:104EB800F51A0008C3F800087B1C000803F900086D
:104EC800DDF80008F91A0008FD1A0008011B00089F
:104ED800051B0008091B00080B1B00080D1B000818
:104EE8000F1B0008111B0008A5F90008131B000878
:104EF8002B1B0008000000000000000095BC000803
:104F080097BC0008A5BC000863BB000845F9000869
:104F1800A1F8000881BC0008F51A0008C3F80008C9
:104F28007B1C000803F90008DDF80008F91A0008DE
:104F3800FD1A0008011B0008051B0008091B0008D2
:104F4800F50A02080D1B00080F1B0008111B0008BA
:104F5800A5F90008131B00082B1B000843BB000819
:104F680005BB00080BBB00080000000000000000A3
:104F780079BE00087BBE00080000000000000000A9
:104F8800B1E2000829E300083DE3000859E30008FE
:104F980041E60008C5E200086DE300086FE3000879
:104FA800B12B00089DE50008B32B00088DE200082E
:104FB800B52B000851E3000879EE0008F9E2000873
:104FC8007DE70008C9E200080DE4000800000000C1
:104FD80000000000FDF90008FFF90008B5FD000811
:104FE80000000000000000000000000000000000B9
:104FF8001B020108512B0008712B0008752B0008B3
:105008006D33000889330008F1F600080FF800082E
:1050180009F70008A9F70008792B00089FF700088E
:105028007D2B0008812B0008892B00085F0B0208E4
:10503800AFF7000865330008693300088F2B0008B4
:10504800952B00085F0B020800000000000000001C
:105058009D0301089F0301088B030108000000005D
:10506800000000009B030108AD0301088F0301083D
:10507800000000000000000099030108BB030108BC
:1050880093030108000000000000000097030108D6
:10509800C903010857090108452F0008472F0008D0
:1050A800492F000831040108D9040108D90301086F
:1050B8004B2F00084D2F00080000000000000000E2
:1050C80031430108AB460108C1F6010881F901081E
:1050D80065FB010800000000000000002F430108E4
:1050E800B94601080D4E0108B55A01082D5D0108A1
:1050F80000000000000000002D430108C746010819
:1051080061500108B15F01089963010800000000BF
:10511800000000002B430108D74601085D54010830
:105128007148010800000000000000003943010830
:1051380061480108E93C0108000000000000000087
:1051480037430108534801081140010800000000D6
:1051580000000000354301084548010829EA010814
:105168000000000000000000334301083748010830
:1051780031F1010800000000000000004D43010863
:10518800D5470108133301080000000000000000A3
:105198004B430108C7470108A1350108000000007A
:1051A8000000000069430108114701081B1F01089E
:1051B80000000000000000006143010849470108A1
:1051C8003F230108000000000000000051430108CF
:1051D800F1470108752D01080000000000000000DB
:1051E800414301082948010813370108000000005D
:1051F800000000006743010803470108BB210108BC
:1052080000000000000000005F4301083B47010860
:10521800E925010800000000000000004F430108D4
:10522800E3470108433001080000000000000000C7
:10523800454301089D4701085FCC010800000000B4
:10524800000000003F4301081B480108093A010813
:1052580000000000000000005943010881470108D0
:10526800C9270108000000000000000043430108AE
:105278008F470108ABD101080000000000000000C2
:1052880065430108F5460108358C01080000000057
:10529800000000005D4301082D4701085F970108E1
:1052A800000000000000000049430108B947010858
:1052B8004DB8010800000000000000005743010835
:1052C80073470108852A010800000000000000005B
:1052D8003D4301080D4801086DD701080000000092
:1052E8000000000063430108E7460108DB9101085C
:1052F80000000000000000005B4301081F47010890
:10530800AD9D0108000000000000000047430108AF
:10531800AB47010821C3010800000000000000009D
:105328003B430108FF47010809E1010800000000AC
:1053380000000000554301086547010833A401082F
:10534800000000000000000053430108574701080F
:1053580011AE010800000000000000002943010808
:105368009D460108A9790108C1440108D1700108C6
:105378006B430108B9670108B1430108E1690108F5
:10538800756A0108811D0108851D0108891D01082C
:10539800D5CB0008E9CB000879CE0008F5CB00088A
:1053A800991D0108D9CC0008BD7D01080000000046
:1053B80000000000C90A0208E10A02086B05020899
:1053C800FB21F93FFB2109407CD91240FB21194000
:1053D8007A6A1F407CD92240BBFD2540FB21294029
:1053E8003A462C407A6A2F405C4731407CD932409B
:1053F8009C6B3440BBFD3540DB8F3740FB21394087
:105408001BB43A403A463C405AD83D407A6A3F403D
:105418004C7E40405C4741406C1042407CD9424041
:105428008CA243409C6B4440AC344540BBFD454096
:10543800CBC64640DB8F4740EB584840FB214940EC
:1054480083F9A200444E6E00FC291500D1572700AD
:10545800DD34F50062DBC0003C99950041904300C3
:105468006351FE00BBDEAB00B761C5003A6E240095
:10547800D24D42004906E00009EA2E001C92D100F4
:10548800EB1DFE0029B11C00E83EA700F53582009F
:1054980044BB2E009CE98400B4267000417E5F0066
:1054A800D6913900538339009CF439008B5F84000E
:1054B80028F9BD00F81F3B00DEFF97000F98050094
:1054C800112FEF000A5A8B006D1F6D00CF7E36003A
:1054D80009CB2700464FB7009E663F002DEA5F00C4
:1054E800BA277500E5EBC7003D7BF100F7390700E7
:1054F80092528A00FB6BEA001FB15F00085D8D00C5
:10550800300356007BFC4600F0AB6B0020BCCF009C
:1055180036F49A00E3A91D005E619100081BE600BD
:1055280085996500A0145F008D40680080D8FF0051
:1055380027734D0006063100CA561500C9A8730026
:105548007BE260006B8CC00000000080DB0F4940EC
:10555800DB0F49C0DB0F49BFE4CB1640E4CB16C0D4
:10556800000FC93F000F494000CB9640000FC940CB
:105578000053FB4000CB164100ED2F41000F49417D
:105588000031624100537B41003A8A4100CB964189
:10559800005CA34100EDAF41007EBC41000FC94152
:1055A80000A0D5410031E24100C2EE410053FB4169
:1055B80000F20342003A0A420083104200CB16422E
:1055C80000141D42005C234200A5294200ED2F4231
:1055D80000363642007E3C4200C74242000F494234
:1055E800A2000000F9000000830000006E00000027
:1055F8004E000000440000001500000029000000D3
:10560800FC0000002700000057000000D100000047
:10561800F500000034000000DD000000C0000000BC
:10562800DB00000062000000950000009900000007
:105638003C00000043000000900000004100000012
:10564800FE0000005100000063000000AB000000F5
:10565800DE000000BB000000C50000006100000083
:10566800B7000000240000006E0000003A000000AF
:10567800420000004D000000D2000000E0000000E1
:1056880006000000490000002E000000EA000000AB
:1056980009000000D1000000920000001C0000007A
:1056A800FE0000001D000000EB0000001C000000D0
:1056B800B100000029000000A70000003E00000023
:1056C800E80000008200000035000000F50000003E
:1056D8002E000000BB000000440000008400000011
:1056E800E90000009C000000700000002600000097
:1056F800B40000005F0000007E00000041000000D0
:105708003900000091000000D600000039000000B8
:10571800830000005300000039000000F40000007E
:105728009C000000840000005F0000008B00000067
:10573800BD000000F9000000280000003B00000048
:105748001F000000F800000097000000FF000000A4
:10575800DE00000005000000980000000F000000B7
:10576800EF0000002F000000110000008B00000077
:105778005A0000000A0000006D0000001F00000031
:105788006D000000360000007E000000CF00000021
:1057980027000000CB00000009000000B70000004F
:1057A8004F000000460000003F00000066000000B7
:1057B8009E0000005F000000EA0000002D000000CD
:1057C8007500000027000000BA000000C7000000B4
:1057D800EB000000E5000000F10000007B00000085
:1057E8003D0000000700000039000000F70000003D
:1057F8008A0000005200000092000000EA00000049
:105808006B000000FB0000005F000000B10000001A
:105818001F0000008D0000005D000000080000006F
:1058280056000000030000003000000046000000A1
:10583800FC0000007B0000006B000000AB000000D3
:10584800F0000000CF000000BC00000020000000B5
:105858009A000000F4000000360000001D0000005F
:10586800A9000000E30000009100000061000000B2
:105878005E000000E60000001B00000008000000B9
:105888006500000099000000850000005F0000002E
:1058980014000000A00000006800000040000000A4
:1058A8008D000000FF000000D8000000800000000C
:1058B8004D000000730000002700000031000000C8
:1058C8000600000006000000150000005600000059
:1058D800CA00000073000000A8000000C900000012
:1058E80060000000E20000007B000000C000000033
:1058F8008C0000006B0000006937AC31682122334E
:10590800B40F14336821A2333863ED3EDA0F493FF0
:105918005E987B3FDA0FC93F00000040FB21F93F4A
:10592800000000002D44743E000000809846F83CBA
:105938000000006051CC783B00000080831BF039E8
:105948000000004020257A38000000802282E336DB
:10595800000000001DF3693502000000030000008C
:1059680004000000060000000000C93F0000F039F4
:105978000000DA370000A2330000842E0000502B0C
:105988000000C2270000D0220000C41F0000C61B70
:105998000000441704000000070000000900000090
:0459A800BC400120DE
:1059AC00D2CE0321500C00300C00C105004D00007C
:1059BC000C00000200000F0093ECDE2900F7ADDABA
:1059CC00EF02330000F90A000000F30C000000F5B0
:1059DC000A000010FD030000D56F0000B0CF0300DB
:1059EC0000E00C000000E00C000000400300000090
:1059FC000000000000F00E000000F00E0000F1FFAF
:105A0C00EFCE380000F19EA9EBFF0900F10D00006C
:105A1C00D5AF00F10D000010FD06F10D000000F4F3
:105A2C000CF10D000000E01FF10D000000C03FF173
:105A3C000D000000C03FF10D000000E01FF10D0053
:105A4C000000F40BF10D000010FD05F10D0000D469
:105A5C009F00F19EA9EBFF0800F1FFFFCE3800007C
:105A6C00F1FFFFFFFF08F1AEAAAAAA05F10D000095
:105A7C000000F10D00000000F10D00000000F1AF7E
:105A8C00AAAAAA05F1FFFFFFFF08F10D0000000014
:105A9C00F10D00000000F10D00000000F10D000000
:105AAC000000F10D00000000F1AFAAAAAA05F1FF59
:105ABC00FFFFFF08F10D00000000F10D00000000D9
:105ACC00F10D00000000F10D00000000F10D0000D0
:105ADC000000F10D00000000F10D00000000F10DC0
:105AEC0000000000F10D00000000F10D00000000AE
:105AFC00F10D00000000F10D00000000F1AFAAAAAA
:105B0C00AA02F1FFFFFFFF0200B4FEAD0470EF9A92
:105B1C00FB0DF41D002008FA05000000FD0100003B
:105B2C0000FE00000000FD01000000FA050000006E
:105B3C00F51D00200890EF9AFB0D00B5FE9D03F3B8
:105B4C000AF30AF30AF30AF30AF30AF30AF30AF361
:105B5C000AF30AF30AF30AF30AF30AF30AF32AE93B
:105B6C00DF05F3FDBEFC4FF38F0160AFF30A0000BD
:105B7C00DFF30A0000EEF30A0000EEF30A0000EE79
:105B8C00F30A0000EEF30A0000EEF30A0000EEF355
:105B9C000A0000EE00C5EE6C000090EFAAFD0A00B2
:105BAC00F41C00B16F00FA040020CF00FD000000CF
:105BBC00FD00EE000000FC01FD010000FE00FA04F7
:105BCC000020CF00F41C00B16F0090EF9AFD0B0089
:105BDC0000C5FE7C0000F31AE98FF3EDCF9CF39F18
:105BEC000100F30A0000F30A0000F30A0000F30AB4
:105BFC000000F30A0000F30A0000F30A0000F30AA5
:105C0C00000020AF000020AF000020AF0000F6FF26
:105C1C00FF7F93DF884820AF000020AF000020AF4B
:105C2C00000020AF000020AF000020BF000010EFEC
:105C3C00010000FA9D6A0091FD5D00000010537791
:105C4C00570200000083FCFFFFFFDF170000FDFF81
:105C5C00FFFFFFFFDF0200FDFFFFEFFFFFFF2E0046
:105C6C00FD9E150041FAFFBF006B0000000060FFB5
:105C7C00FF02000000000000FBFF07000000000016
:105C8C0000F7FF08000000000000F6FF090000000C
:105C9C00000000F7FF07000000000000FBFF0400FD
:105CAC000000000030FFEF000000000000C1FF7F8B
:105CBC00000000000010FCFF0C0000000000D3FFEF
:105CCC00DF020000000081FFFF2C0000000060FEDE
:105CDC00FF9F0000000000D0FFDF04000000000068
:105CEC00D0FF0B000000000000D0FF0900000000F6
:105CFC000000D0FF09000000000000D0FF090000E8
:105D0C0000000000D0FF09000000000000000000AF
:105D1C000000000000000000000000000000000077
:105D2C0000000000000000004044030000000000E0
:105D3C0000F1FF0E000000000000F1FF0E0000005B
:105D4C00000000F1FF0E000000000000F1FF0E004B
:105D5C0000000000000000003F00050808000500DE
:105D6C000000000000000000200000000000070000
:105D7C000000000000003F00090E0E010B000000A7
:105D8C004600000044000E0E0E010F000000A8009B
:105D9C00000045000B0E0E010D000000FC00000081
:105DAC004C000B0E0E010B000000500100006300B4
:105DBC00090B0B010A000000870100006C00030FA7
:105DCC000F0105000000A50100006E000A0B0B017D
:105DDC000D000000DC0100006F000B0B0B010C0030
:105DEC0000001E0200007200080B0B0109000000ED
:105DFC004A0200007400080E0E00080000000000AB
:0E5E0C00000000003F00111F1F0316000000E1
:105E1C00000000000000000000000000AC59020867
:085E2C00C4590208485C020899
:105E3400000000004C0045004400200063006F0097
:105E44006E00740072006F006C000000545E020863
:025E540000014B
:105E58000000000000000000A080701090806082A8
:105E6800908060BE907C60FF907C58FF908060FFBF
:105E7800907C60FF907C58FF908060FF907C60FF72
:105E8800907C58FF908060FF907C60FF907C58FF6A
:105E9800908060FF907C60FF907C58FF908060FF4E
:105EA800907C60FF907C58FF908060FF907C60FF42
:105EB800907C58FF908060FF907C60FF907C58FF3A
:105EC800908060FF907C60FF907C58FF908060FF1E
:105ED800907C60FF907C58FF908060FF907C60FF12
:105EE800907C58FF908060FF907C60FF907C58FF0A
:105EF800908060FF907C60FF907C58FF908060FFEE
:105F0800907C60FF907C58FF908060FF907C60FFE1
:105F1800907C58FF908060FF907C58FF907C60FFD9
:105F2800908060FF907C58FF907C60FF908060FFBD
:105F3800907C58FF907C60FF908060FF907C58FFB9
:105F4800907C60FF908060FF907C58FF907C60FFA1
:105F5800908060FF907C58FF907C60FF908060FF8D
:105F6800907C58FF907C60FF908060FF907C58FF89
:105F7800907C60FF908060FF907C58FF907C60FF71
:105F8800908060FF907C58FF907C60FF908060FF5D
:105F9800907C58FF907C60FF908060FF907C58FF59
:105FA800907C58FF908060FF907C60FF907C58FF49
:105FB800908060FF907C60FF907C58FF908060FF2D
:105FC800907C60FF907C58FF908060FF907C60FF21
:105FD800907C58FF908060FF907C60FF907C58FF19
:105FE800908060FF907C60FF907C58FF908060FFFD
:105FF800907C60FF907C58FF908060FF907C60FFF1
:10600800907C58FF908060FF907C60FF907C58FFE8
:10601800908060FF907C60FF907C58FF908060FFCC
:10602800907C60FF907C58FF908060FF907C60FFC0
:10603800907C58FF908060FF907C60FF907C58FFB8
:10604800908060FF907C60FF907C58FF908060FF9C
:10605800907C58FF907C60FF908060FF907C58FF98
:10606800907C60FF908060FF907C58FF907C60FF80
:10607800908060FF907C58FF907C60FF908060FF6C
:10608800907C58FF907C60FF908060FF907C58FF68
:10609800907C60FF908060FF907C58FF907C60FF50
:1060A800908060FF907C58FF907C60FF908060FF3C
:1060B800907C58FF907C60FF908060FF907C58FF38
:1060C800907C60FF908060FF907C58FF907C60FF20
:1060D800908060FF907C58FF907C60FF908060FF0C
:1060E800907C58FF907C60FF908060FF907C58FF08
:1060F800907C60FF908060FF907C58FF907C60FFF0
:10610800908060FF907C58FF907C60FF908060FFDB
:10611800907C58FF907C60FF908060FF907C58FFD7
:10612800907C60FF908060FF907C58FF907C60FFBF
:10613800908060FF907C58FF907C60FF908060FFAB
:10614800907C58FF907C60FF908058FF907C60FFA7
:10615800907C60FF908058FF907C60FF907C58FF97
:10616800908060FF907C60FF907C58FF908060FF7B
:10617800907C60FF907C58FF908060FF907C60FF6F
:10618800907C58FF908060FF907C60FF907C58FF67
:10619800908060FF907C60FF907C58FF908060FF4B
:1061A800907C60FF907C58FF908060FF907C60FF3F
:1061B800907C58FF908060FF907C60FF907C58FF37
:1061C800908060FF907C60FF907C58FF908060FF1B
:1061D800907C60FF907C58FF908060FF907C60FF0F
:1061E800907C58FF908060FF907C60FF907C58FF07
:1061F800908060FF907C60FF908058FF908060CF17
:106208009084605D000000000000000000000000B5
:106218000000000090806020908060DF887450FF4C
:10622800807048FF806C48FF806C40FF806C48FF9E
:10623800806C40FF806C48FF806C48FF806C40FF9A
:10624800806C48FF806C40FF806C48FF806C48FF82
:10625800806C40FF806C40FF806C48FF806C40FF82
:10626800806C40FF806C48FF806C40FF806C40FF72
:10627800806C48FF806C48FF806C40FF806C40FF5A
:10628800806C48FF806C40FF806C40FF806C48FF4A
:10629800806C40FF806C48FF806C48FF806C40FF3A
:1062A800806C48FF806C40FF806C48FF806C40FF2A
:1062B800806C40FF806C48FF806C48FF806C40FF1A
:1062C800806C40FF806C48FF806C48FF806C40FF0A
:1062D800806C48FF806C48FF806C40FF806C48FFF2
:1062E800806C40FF806C40FF806C48FF806C40FFF2
:1062F800806C48FF806C48FF806C40FF806C48FFD2
:10630800806C48FF806C40FF806C40FF806C48FFC9
:10631800806C40FF806C48FF806C48FF806C40FFB9
:10632800806C40FF806C48FF806C48FF806C40FFA9
:10633800806C48FF806C48FF806C40FF806C48FF91
:10634800806C48FF806C40FF806C48FF806C48FF81
:10635800806C40FF806C40FF806C48FF806C48FF79
:10636800806C40FF806C48FF806C40FF806C40FF71
:10637800806C48FF806C40FF806C40FF806C48FF59
:10638800806C48FF806C40FF806C40FF806C48FF49
:10639800806C48FF806C40FF806C48FF806C40FF39
:1063A800806C40FF806C48FF806C48FF806C40FF29
:1063B800806C40FF806C48FF806C48FF806C40FF19
:1063C800806C48FF806C48FF806C40FF806C48FF01
:1063D800806C40FF806C40FF806C48FF806C48FFF9
:1063E800806C40FF806C40FF806C48FF806C40FFF1
:1063F800806C40FF806C48FF806C40FF806C48FFD9
:10640800806C40FF806C48FF806C48FF806C40FFC8
:10641800806C48FF806C40FF806C48FF806C40FFB8
:10642800806C48FF806C48FF806C40FF806C40FFA8
:10643800806C48FF806C48FF806C40FF806C40FF98
:10644800806C48FF806C40FF806C48FF806C48FF80
:10645800806C40FF806C40FF806C48FF806C48FF78
:10646800806C40FF806C48FF806C40FF806C48FF68
:10647800806C40FF806C40FF806C48FF806C48FF58
:10648800806C40FF806C40FF806C48FF806C48FF48
:10649800806C40FF806C48FF806C40FF806C48FF38
:1064A800806C40FF806C40FF806C48FF806C48FF28
:1064B800806C40FF806C48FF806C40FF806C40FF20
:1064C800806C48FF806C40FF806C40FF806C48FF08
:1064D800806C40FF806C48FF806C40FF806C48FFF8
:1064E800806C48FF806C40FF806C48FF806C48FFE0
:1064F800806C40FF806C48FF806C40FF806C48FFD8
:10650800806C40FF806C48FF806C40FF806C40FFCF
:10651800806C48FF806C40FF806C48FF806C48FFAF
:10652800806C40FF806C40FF806C48FF806C48FFA7
:10653800806C40FF806C40FF806C48FF806C48FF97
:10654800806C40FF806C48FF806C40FF806C40FF8F
:10655800806C48FF806C40FF806C48FF806C48FF6F
:10656800806C40FF806C40FF806C48FF806C48FF67
:10657800806C40FF806C48FF806C48FF806C40FF57
:10658800806C48FF806C48FF806C40FF806C40FF47
:10659800806C48FF806C40FF806C40FF806C48FF37
:1065A800806C48FF806C40FF806C48FF806C40FF27
:1065B800806C40FF806C48FF806C48FF807048FF0B
:1065C800887450FF908060DF988060200000000091
:1065D80000000000907C58DF807048FF786440FF1E
:1065E800786038FF786038FF786038FF706038FF6F
:1065F800706038FF786038FF706038FF706038FF6F
:10660800786038FF706038FF706038FF786038FF56
:10661800706038FF706038FF706038FF786038FF4E
:10662800706038FF706038FF786038FF706038FF3E
:10663800706038FF706038FF786038FF706038FF2E
:10664800706038FF786038FF706038FF706038FF1E
:10665800706038FF786038FF706038FF706038FF0E
:10666800786038FF706038FF706038FF706038FFFE
:10667800786038FF706038FF706038FF786038FFE6
:10668800706038FF706038FF706038FF786038FFDE
:10669800706038FF706038FF786038FF706038FFCE
:1066A800706038FF706038FF786038FF706038FFBE
:1066B800706038FF786038FF706030FF706038FFB6
:1066C800706038FF786038FF706038FF706038FF9E
:1066D800786038FF706038FF706038FF706038FF8E
:1066E800786038FF706038FF706038FF786038FF76
:1066F800706038FF706038FF706038FF786038FF6E
:10670800706038FF706038FF786030FF706038FF65
:10671800706038FF706038FF786038FF706038FF4D
:10672800706038FF786038FF706038FF706038FF3D
:10673800706038FF786038FF706038FF706038FF2D
:10674800786038FF706038FF706038FF706038FF1D
:10675800786038FF706038FF706038FF786038FF05
:10676800706038FF706038FF706038FF786038FFFD
:10677800706038FF706038FF786038FF706038FFED
:10678800706038FF706038FF786038FF706038FFDD
:10679800706038FF786038FF706038FF706038FFCD
:1067A800706038FF786038FF706038FF706038FFBD
:1067B800786038FF706038FF706038FF706038FFAD
:1067C800786038FF706038FF706038FF786038FF95
:1067D800706038FF706038FF706038FF786038FF8D
:1067E800706038FF706038FF786038FF706038FF7D
:1067F800706038FF706038FF786038FF706038FF6D
:10680800706038FF786038FF706038FF706038FF5C
:10681800706038FF786038FF706038FF706038FF4C
:10682800786038FF706038FF706038FF706038FF3C
:10683800786038FF706038FF706038FF786038FF24
:10684800706038FF706038FF706038FF786038FF1C
:10685800706038FF706038FF786038FF706038FF0C
:10686800706038FF706038FF786038FF706038FFFC
:10687800706038FF786038FF706038FF706038FFEC
:10688800706038FF786038FF706038FF706038FFDC
:10689800786038FF706038FF706038FF706038FFCC
:1068A800786038FF706038FF706038FF786038FFB4
:1068B800706038FF706038FF706038FF786038FFAC
:1068C800706038FF706038FF786038FF706038FF9C
:1068D800706038FF706038FF786038FF706038FF8C
:1068E800706038FF786038FF706038FF706038FF7C
:1068F800706038FF786038FF706038FF706038FF6C
:10690800786038FF706038FF706038FF706038FF5B
:10691800786038FF706038FF706038FF786038FF43
:10692800706038FF706038FF706038FF786038FF3B
:10693800706038FF706038FF786038FF706038FF2B
:10694800706038FF706038FF786038FF706038FF1B
:10695800706038FF786038FF706038FF706038FF0B
:10696800706038FF786038FF706038FF706038FFFB
:10697800786038FF706038FF786038FF786038FFDB
:10698800806840FF807048FF907C58DF90806010DE
:1069980090785861807048FF786438FF786038FFD5
:1069A800785C30FF706030FF705C30FF785C30FFDF
:1069B800705C30FF785C30FF705C30FF705C30FFDB
:1069C800785C30FF705C30FF705C30FF785C30FFC3
:1069D800705C30FF785C30FF785C30FF705C38FFAB
:1069E800705C30FF785C30FF705C30FF785C30FFA3
:1069F800705C30FF785C30FF705C30FF705C38FF93
:106A0800785C30FF705C30FF785C30FF705C30FF82
:106A1800785C30FF705C30FF705C30FF785C30FF72
:106A2800705C30FF785C30FF705C30FF785C30FF62
:106A3800705C30FF705C30FF785C30FF705C30FF5A
:106A4800785C30FF705C30FF785C30FF705C30FF42
:106A5800705C30FF785C30FF705C30FF785C30FF32
:106A6800705C30FF785C30FF705C30FF705C30FF2A
:106A7800785C30FF705C30FF785C30FF705C30FF12
:106A8800785C30FF705C30FF705C30FF785C30FF02
:106A9800705C30FF785C30FF705C30FF785C30FFF2
:106AA800705C30FF705C30FF785C30FF705C30FFEA
:106AB800785C30FF705C30FF785C30FF705C30FFD2
:106AC800705C30FF785C30FF705C30FF785C30FFC2
:106AD800705C38FF785C30FF705C30FF705C30FFB2
:106AE800785C30FF705C30FF785C38FF705C30FF9A
:106AF800785C30FF705C38FF705C30FF785C30FF8A
:106B0800705C30FF785C30FF705C30FF785C30FF81
:106B1800705C30FF705C30FF785C30FF705C30FF79
:106B2800785C30FF705C30FF785C30FF705C30FF61
:106B3800705C30FF785C30FF705C30FF785C30FF51
:106B4800705C30FF785C30FF705C30FF705C30FF49
:106B5800785C30FF705C30FF785C30FF705C30FF31
:106B6800785C30FF705C30FF705C30FF785C38FF19
:106B7800705C30FF785C30FF705C30FF785C30FF11
:106B8800705C30FF705C30FF785C30FF705C30FF09
:106B9800785C30FF705C30FF785C30FF705C30FFF1
:106BA800705C30FF785C30FF705C30FF785C30FFE1
:106BB800705C30FF785C30FF705C30FF705C30FFD9
:106BC800785C30FF705C30FF785C30FF705C30FFC1
:106BD800785C30FF705C30FF705C30FF785C30FFB1
:106BE800705C30FF785C30FF705C30FF785C30FFA1
:106BF800705C30FF705C30FF785C30FF705C30FF99
:106C0800785C30FF705C30FF785C30FF705C30FF80
:106C1800705C30FF785C30FF705C30FF785C30FF70
:106C2800705C30FF785C30FF705C30FF705C30FF68
:106C3800785C30FF705C30FF785C30FF705C38FF48
:106C4800785C30FF705C30FF705C38FF785C30FF38
:106C5800705C30FF785C30FF705C30FF785C30FF30
:106C6800705C30FF705C30FF785C30FF705C30FF28
:106C7800785C30FF705C30FF785C30FF705C30FF10
:106C8800705C30FF785C30FF705C38FF785C30FFF8
:106C9800705C30FF785C30FF705C30FF705C30FFF8
:106CA800785C30FF705C30FF785C30FF705C30FFE0
:106CB800785C30FF705C30FF705C30FF785C30FFD0
:106CC800705C30FF785C30FF705C30FF785C30FFC0
:106CD800705C30FF705C30FF785C30FF705C30FFB8
:106CE800785C30FF705C30FF785C30FF705C30FFA0
:106CF800705C30FF785C30FF705C30FF785C30FF90
:106D0800705C30FF785C30FF705C30FF705C30FF87
:106D1800785C30FF705C38FF785C30FF705C30FF67
:106D2800785C30FF705C30FF705C30FF785C30FF5F
:106D3800705C30FF705C30FF785C30FF786038FF43
:106D4800786038FF786438FF807048FF907C587D01
:106D5800887450CF786840FF786038FF785C38FFD7
:106D6800706038FF786030FF785C38FF706038FFFB
:106D7800786030FF786038FF706038FF786030FFE7
:106D8800786038FF786038FF706030FF786038FFCF
:106D9800786038FF706030FF786038FF706030FFCF
:106DA800786038FF786038FF706038FF786038FFA7
:106DB800786030FF706038FF786038FF786030FFA7
:106DC800706038FF786038FF786038FF706030FF97
:106DD800786038FF786038FF786030FF706038FF7F
:106DE800786038FF786030FF706038FF786038FF6F
:106DF800786038FF786030FF706038FF786038FF5F
:106E0800786038FF706030FF786038FF786038FF4E
:106E1800786030FF706038FF786038FF786030FF46
:106E2800706038FF786038FF786038FF786030FF2E
:106E3800706038FF786038FF786038FF706038FF1E
:106E4800786038FF786038FF786038FF706030FF0E
:106E5800786038FF786038FF706030FF786038FFFE
:106E6800786038FF786030FF706038FF786030FFF6
:106E7800786038FF706030FF786038FF786038FFDE
:106E8800786030FF706038FF786038FF786030FFD6
:106E9800706038FF786030FF786038FF786038FFBE
:106EA800706030FF786038FF786030FF706030FFC6
:106EB800786038FF786030FF786038FF706030FFA6
:106EC800786038FF786038FF706030FF786038FF8E
:106ED800786038FF786030FF706038FF786038FF7E
:106EE800786030FF706038FF786038FF786030FF76
:106EF800786038FF706038FF786030FF786038FF5E
:106F0800706038FF786030FF786038FF786038FF4D
:106F1800706030FF786038FF786038FF706038FF45
:106F2800786030FF786038FF786038FF706030FF35
:106F3800786038FF786038FF706030FF786038FF1D
:106F4800786038FF786030FF706038FF786038FF0D
:106F5800786030FF706038FF786038FF786030FF05
:106F6800786038FF706038FF786030FF786038FFED
:106F7800706038FF786030FF786038FF786038FFDD
:106F8800706038FF786030FF786038FF706038FFD5
:106F9800786030FF786038FF786038FF706030FFC5
:106FA800786038FF786038FF706030FF786038FFAD
:106FB800786038FF786038FF706030FF786038FF9D
:106FC800786038FF706030FF786038FF786038FF8D
:106FD800786030FF706038FF786038FF786038FF7D
:106FE800706038FF786030FF786038FF786038FF6D
:106FF800706030FF786038FF786038FF706030FF6D
:10700800786030FF786038FF786030FF705C38FF58
:10701800786038FF786030FF706038FF786038FF3C
:10702800786030FF786038FF706038FF786030FF34
:10703800786038FF706038FF786030FF786038FF1C
:10704800786038FF706030FF786038FF786038FF0C
:10705800706030FF786038FF786038FF786030FF04
:10706800706038FF786038FF786030FF706038FFF4
:10707800786038FF786030FF786038FF706038FFDC
:10708800786030FF786038FF706038FF786038FFCC
:10709800786038FF786030FF706038FF786038FFBC
:1070A800786030FF706038FF786038FF786030FFB4
:1070B800786038FF706038FF786030FF786038FF9C
:1070C800706038FF786030FF786038FF786038FF8C
:1070D800706030FF786030FF786038FF706030FF94
:1070E800786038FF786038FF786030FF786038FF64
:1070F800706038FF785C30FF706038FF705C30FF7C
:10710800705C38FF786038FF786440FF887450BE40
:10711800807048FF786038FF706038FF705C30FF1F
:10712800785C30FF706038FF705C38FF785C30FF47
:10713800706038FF705C38FF785C30FF705C38FF37
:10714800706038FF785C30FF705C38FF705C38FF27
:10715800785C30FF705C38FF706038FF785C30FF17
:10716800705C30FF705C38FF786030FF705C38FF0F
:10717800705C38FF786030FF705C30FF785C38FFF7
:10718800706030FF705C30FF785C38FF706038FFEB
:10719800705C30FF785C38FF706038FF705C30FFDF
:1071A800785C38FF706038FF705C30FF785C38FFBF
:1071B800706030FF705C38FF785C30FF706038FFBB
:1071C800705C30FF785C38FF706038FF705C30FFAF
:1071D800785C38FF706038FF705C30FF785C38FF8F
:1071E800706038FF705C30FF785C38FF706038FF83
:1071F800705C30FF785C38FF706030FF705C30FF87
:10720800785C38FF706030FF705C38FF785C38FF5E
:10721800706030FF705C38FF785C38FF706030FF5A
:10722800705C38FF785C38FF706030FF705C38FF46
:10723800785C38FF706030FF705C38FF785C30FF36
:10724800706038FF705C38FF785C30FF706038FF22
:10725800705C30FF785C38FF706030FF705C38FF1E
:10726800785C38FF706030FF705C38FF785C38FFFE
:10727800706030FF705C38FF785C38FF706030FFFA
:10728800705C38FF785C38FF706030FF705C38FFE6
:10729800785C38FF706030FF705C38FF785C38FFCE
:1072A800706030FF705C38FF785C38FF706030FFCA
:1072B800705C38FF785C38FF706030FF705C38FFB6
:1072C800785C30FF706038FF705C38FF785C30FFA6
:1072D800706038FF705C30FF785C38FF706030FF9A
:1072E800705C38FF785C38FF706030FF705C30FF8E
:1072F800785C38FF706038FF705C30FF785C38FF6E
:10730800706038FF705C30FF785C38FF706038FF61
:10731800705C30FF785C38FF706038FF705C30FF5D
:10732800785C38FF706038FF705C30FF785C38FF3D
:10733800706038FF705C30FF785C38FF706038FF31
:10734800705C30FF785C38FF706038FF705C30FF2D
:10735800785C38FF706038FF705C30FF785C38FF0D
:10736800706038FF705C30FF785C38FF705C30FF0D
:10737800705C38FF786030FF705C38FF705C38FFF5
:10738800785C30FF706038FF705C38FF785C30FFE5
:10739800706038FF705C30FF785C30FF706038FFD9
:1073A800705C30FF785C38FF706038FF705C30FFCD
:1073B800785C38FF706038FF705C30FF785C38FFAD
:1073C800705C38FF706030FF785C30FF706038FFA9
:1073D800705C30FF785C38FF706038FF705C30FF9D
:1073E800785C38FF706030FF705C38FF785C30FF85
:1073F800706038FF705C38FF785C30FF706038FF71
:10740800705C38FF785C30FF706030FF705C38FF6C
:10741800785C30FF706038FF705C38FF785C30FF54
:10742800706038FF705C38FF785C30FF706038FF40
:10743800705C38FF785C30FF706038FF705C38FF34
:10744800785C30FF705C38FF705C30FF786030FF2C
:10745800705C38FF705C38FF785C30FF706038FF14
:10746800705C38FF785C30FF706038FF705C30FF0C
:10747800785C38FF706030FF705C38FF785C30FFF4
:10748800705C38FF705C30FF786038FF705C38FFE4
:10749800705C30FF785C38FF706038FF705C30FFDC
:1074A800785C38FF706038FF705C30FF785C38FFBC
:1074B800706038FF786030FF785C38FF706030FFAC
:1074C800785C30FF705C38FF786438FF887048FF5C
:1074D800806C48FF786038FF786030FF705C38FF58
:1074E800786030FF706030FF785C38FF786030FF7C
:1074F800705C30FF786030FF785C30FF705C38FF7C
:10750800786030FF705C30FF786030FF786030FF63
:10751800705C38FF786030FF785C30FF705C38FF53
:10752800786030FF785C30FF705C30FF786030FF47
:10753800785C38FF705C30FF786038FF705C38FF2B
:10754800785C30FF786030FF705C38FF785C30FF23
:10755800706030FF785C30FF705C38FF786030FF17
:10756800785C30FF705C38FF786030FF705C30FF0B
:10757800785C38FF706030FF785C38FF705C30FFF3
:10758800786030FF785C38FF705C30FF706030FFE7
:10759800785C30FF785C30FF706030FF785C38FFD3
:1075A800785C30FF706030FF785C30FF705C38FFCB
:1075B800786030FF785C30FF705C38FF786030FFAF
:1075C800705C30FF785C30FF706030FF785C38FFAB
:1075D800705C30FF786030FF785C38FF705C30FF9B
:1075E800706030FF785C38FF785C30FF706030FF87
:1075F800785C38FF785C30FF706030FF785C38FF6B
:10760800705C30FF786030FF785C38FF705C30FF6A
:10761800786038FF705C30FF785C30FF706038FF4E
:10762800785C30FF705C30FF786038FF785C30FF42
:10763800705C30FF706038FF785C30FF785C30FF3A
:10764800706030FF785C38FF785C30FF706030FF26
:10765800785C30FF705C38FF786030FF785C30FF12
:10766800705C38FF786030FF705C30FF785C30FF0A
:10767800706038FF785C30FF705C30FF786038FFEE
:10768800785C30FF705C30FF706030FF785C38FFEA
:10769800785C30FF706038FF785C30FF785C30FFD2
:1076A800706038FF785C30FF705C30FF786038FFBE
:1076B800785C30FF705C30FF786030FF705C30FFC2
:1076C800785C38FF706030FF785C30FF705C30FFAA
:1076D800786038FF785C30FF705C30FF706030FF96
:1076E800785C30FF785C38FF706030FF785C30FF82
:1076F800785C30FF706030FF785C30FF705C30FF82
:10770800786030FF785C38FF705C30FF786030FF5D
:10771800705C38FF785C30FF706030FF785C38FF51
:10772800705C30FF786030FF786038FF705C30FF45
:10773800706030FF785C38FF785C30FF706030FF35
:10774800785C30FF785C38FF706030FF785C30FF21
:10775800705C38FF786030FF785C38FF705C30FF11
:10776800786030FF705C38FF785C30FF706030FF05
:10777800785C38FF705C30FF786030FF785C38FFE9
:10778800706038FF705C30FF785C38FF786030FFDD
:10779800706030FF785C38FF785C30FF706030FFD5
:1077A800785C38FF705C30FF786030FF785C38FFB9
:1077B800705C30FF786030FF705C30FF785C38FFB9
:1077C800706030FF785C30FF705C38FF786030FFA5
:1077D800785C30FF705C38FF706030FF785C30FF99
:1077E800785C38FF706030FF785C30FF785C38FF79
:1077F800706030FF785C30FF705C30FF786030FF7D
:10780800786038FF705C30FF786030FF705C38FF5C
:10781800785C30FF706030FF785C30FF705C38FF58
:10782800786030FF785C30FF705C38FF706030FF44
:10783800785C30FF785C38FF706030FF786030FF2C
:10784800785C38FF706030FF785C30FF705C38FF20
:10785800786030FF785C38FF705C30FF786030FF0C
:10786800705C38FF705C30FF786030FF705C38FF08
:10787800705C30FF786030FF705C38FF786038FFEC
:10788800786030FF705C38FF786038FF806C48FFA4
:10789800806C48FF786038FF705C30FF786038FF94
:1078A800705C38FF785C30FF706038FF706038FFBC
:1078B800785C30FF706038FF706038FF786030FFA8
:1078C800785C38FF706038FF706030FF785C38FF94
:1078D800706038FF706030FF785C38FF706038FF88
:1078E800786038FF706038FF705C38FF786030FF70
:1078F800706038FF705C30FF786030FF706038FF70
:10790800705C38FF786030FF706038FF785C38FF53
:10791800786030FF706038FF785C30FF706038FF47
:10792800706030FF785C38FF706038FF786030FF37
:10793800785C38FF706030FF786038FF705C38FF23
:10794800706030FF786038FF785C38FF706030FF17
:10795800786038FF705C38FF706038FF786030FFFF
:10796800705C38FF786038FF706030FF785C38FFF3
:10797800706038FF706030FF785C38FF706038FFE7
:10798800786038FF785C38FF706030FF786038FFC7
:10799800705C30FF706038FF786030FF785C38FFCB
:1079A800706030FF786038FF705C38FF706030FFBF
:1079B800786038FF705C38FF786030FF706038FF9F
:1079C800785C30FF706038FF706030FF785C38FF9B
:1079D800706038FF786030FF785C38FF706038FF7F
:1079E800786030FF705C38FF706038FF786030FF77
:1079F800785C38FF706038FF786030FF705C38FF63
:107A0800706038FF786030FF705C38FF786038FF4E
:107A1800706030FF785C38FF706030FF706038FF4E
:107A2800785C38FF706030FF786038FF785C38FF2A
:107A3800706030FF786038FF705C38FF706030FF2E
:107A4800786038FF785C38FF706030FF786038FF06
:107A5800705C30FF706038FF786038FF705C30FF12
:107A6800786038FF706038FF785C30FF706038FFEE
:107A7800706038FF785C30FF706038FF786038FFDE
:107A8800785C30FF706038FF786038FF705C30FFDA
:107A9800706038FF786038FF785C30FF706038FFBE
:107AA800786038FF705C30FF706038FF786038FFAE
:107AB800705C38FF786038FF706038FF785C38FF9A
:107AC800706030FF706038FF785C30FF706038FF9E
:107AD800786030FF785C38FF706030FF786038FF7E
:107AE800705C30FF706038FF786038FF785C30FF7A
:107AF800706038FF786038FF706030FF706038FF62
:107B0800786038FF705C30FF786038FF706038FF4D
:107B1800785C30FF706038FF706038FF785C30FF49
:107B2800706038FF786038FF785C30FF706038FF2D
:107B3800786030FF705C38FF706030FF786030FF2D
:107B4800785C38FF706030FF786038FF705C38FF11
:107B5800706030FF786038FF705C30FF786038FF05
:107B6800706038FF785C30FF706038FF706038FFF5
:107B7800785C30FF706038FF786038FF785C30FFE1
:107B8800706038FF786038FF705C38FF706030FFD5
:107B9800786038FF785C38FF706030FF786038FFB5
:107BA800705C30FF706038FF786030FF705C38FFC1
:107BB800786038FF706038FF785C30FF706038FF9D
:107BC800706038FF785C30FF706038FF786038FF8D
:107BD800786038FF706030FF786038FF705C38FF7D
:107BE800706030FF786038FF785C38FF706030FF75
:107BF800786038FF705C38FF706030FF786038FF5D
:107C0800705C38FF786030FF706038FF786030FF54
:107C1800706038FF706030FF785C38FF786038FF3C
:107C2800706030FF785C38FF786030FF706038FF34
:107C3800785C30FF706038FF705C30FF785C38FF2C
:107C4800706030FF706030FF786038FF806C48FFEC
:107C5800806840FF706038FF786030FF705C30FFEC
:107C6800786038FF785C30FF706030FF785C38FFF0
:107C7800785C38FF706030FF705C38FF785C30FFEC
:107C8800706038FF785C38FF705C30FF785C38FFD4
:107C9800786030FF705C30FF706038FF785C30FFD0
:107CA800705C30FF786038FF785C30FF706038FFB8
:107CB800785C38FF786030FF705C30FF786038FFA0
:107CC800785C30FF705C30FF706038FF785C30FFA4
:107CD800706038FF705C38FF785C30FF786038FF80
:107CE800705C30FF786030FF705C38FF706030FF88
:107CF800785C38FF705C30FF786030FF785C38FF64
:107D0800706030FF705C30FF785C38FF706038FF5F
:107D1800785C30FF786038FF705C30FF706030FF4F
:107D2800785C38FF705C30FF786030FF705C38FF3B
:107D3800786030FF785C30FF705C38FF706030FF2F
:107D4800785C30FF706038FF705C38FF786030FF17
:107D5800785C38FF705C30FF706038FF785C30FF0B
:107D6800706038FF785C30FF785C30FF706038FFF7
:107D7800705C30FF786030FF705C38FF786030FFEF
:107D8800705C38FF785C38FF786030FF705C30FFDB
:107D9800706038FF785C30FF705C30FF706038FFCF
:107DA800785C30FF786030FF705C38FF706030FFBF
:107DB800785C38FF705C30FF786030FF785C38FFA3
:107DC800706030FF705C30FF785C38FF706030FFA7
:107DD800785C38FF706030FF785C38FF786030FF7F
:107DE800705C30FF705C38FF786030FF705C38FF83
:107DF800706030FF785C30FF785C38FF706030FF6F
:107E0800705C38FF786030FF705C38FF786030FF56
:107E1800785C38FF705C30FF706030FF785C38FF4A
:107E2800706030FF785C30FF705C38FF786030FF3E
:107E3800785C38FF706038FF705C30FF786038FF1E
:107E4800705C30FF705C30FF786038FF785C30FF22
:107E5800706030FF705C38FF785C38FF706030FF0E
:107E6800785C38FF786030FF705C30FF706038FFF6
:107E7800785C30FF705C30FF786038FF705C30FFF2
:107E8800786038FF785C30FF705C38FF706030FFD6
:107E9800785C38FF706030FF705C38FF786030FFC6
:107EA800785C38FF705C30FF705C30FF786038FFBA
:107EB800705C30FF785C30FF785C38FF705C38FFAE
:107EC800706030FF785C30FF705C38FF786030FF9E
:107ED800705C30FF786038FF785C30FF705C30FF92
:107EE800706038FF785C30FF706038FF705C30FF7E
:107EF800786038FF785C38FF705C30FF706038FF5E
:107F0800785C30FF705C30FF786038FF785C30FF59
:107F1800705C38FF706030FF785C38FF705C30FF51
:107F2800786030FF705C38FF786030FF785C30FF35
:107F3800705C38FF706030FF785C38FF706030FF2D
:107F4800705C30FF786038FF785C30FF705C30FF21
:107F5800706038FF785C30FF706038FF785C30FF05
:107F6800785C38FF706030FF705C38FF786030FFF5
:107F7800705C30FF786038FF705C38FF785C30FFE9
:107F8800785C30FF706038FF705C30FF785C30FFE1
:107F9800705C38FF705C30FF786038FF785C30FFC9
:107FA800705C30FF706038FF785C30FF706030FFC5
:107FB800785C38FF785C30FF706038FF705C30FFA9
:107FC800785C30FF705C38FF785C38FF705C30FF9D
:107FD800785C30FF706038FF785C30FF705C30FF91
:107FE800706038FF785C30FF706038FF785C30FF75
:107FF800786038FF706030FF785C38FF785C30FF5D
:10800800706038FF785C38FF786038FF806C40FF1C
:10801800806C40FF786038FF705C38FF706030FF1C
:10802800786038FF705C38FF706030FF785C30FF34
:10803800786038FF705C30FF786030FF785C38FF1C
:10804800706030FF786030FF705C38FF706030FF20
:10805800785C38FF786038FF705C30FF786030FFFC
:10806800705C38FF786030FF706030FF705C38FFFC
:10807800785C30FF706038FF705C38FF786030FFE4
:10808800786038FF705C38FF786030FF785C30FFCC
:10809800706038FF706030FF785C30FF706038FFC8
:1080A800785C38FF785C30FF706030FF785C38FFB0
:1080B800706038FF706030FF785C38FF786038FF98
:1080C800705C30FF786030FF706038FF705C30FFA4
:1080D800786030FF785C38FF706030FF785C38FF7C
:1080E800786038FF706030FF705C38FF786038FF68
:1080F800705C30FF786038FF786038FF705C30FF64
:10810800786030FF785C38FF706030FF785C30FF53
:10811800786038FF706038FF785C30FF706038FF37
:10812800705C30FF786038FF786030FF705C38FF33
:10813800786038FF785C30FF706038FF705C30FF23
:10814800786030FF706038FF785C30FF786038FF07
:10815800705C38FF786030FF786038FF705C38FFFB
:10816800786030FF785C38FF706030FF785C38FFEB
:10817800706030FF706038FF785C38FF786030FFDF
:10818800705C38FF786038FF786030FF705C38FFCB
:10819800706030FF785C38FF706030FF785C38FFC3
:1081A800786030FF706038FF785C30FF786030FFAF
:1081B800705C38FF786038FF786030FF705C30FFA3
:1081C800786038FF705C30FF706030FF785C38FF93
:1081D800786038FF706030FF785C38FF786038FF6F
:1081E800705C30FF706038FF786030FF705C30FF83
:1081F800786038FF785C30FF706030FF785C38FF5B
:10820800786038FF706030FF785C38FF786038FF3E
:10821800705C30FF786030FF706038FF705C30FF52
:10822800786030FF785C38FF706030FF785C38FF2A
:10823800786030FF706030FF705C38FF786030FF26
:10824800705C30FF786038FF786030FF705C38FF12
:10825800786030FF785C38FF705C30FF786038FFFA
:10826800786038FF705C30FF786038FF706038FFE6
:10827800705C30FF786030FF785C38FF706030FFEA
:10828800786030FF785C38FF706038FF705C30FFD2
:10829800786038FF705C38FF786030FF786038FFAE
:1082A800705C30FF786030FF785C38FF706030FFBA
:1082B800785C30FF786038FF706030FF785C38FF9A
:1082C800706038FF706030FF785C38FF786030FF8E
:1082D800705C30FF786038FF786038FF705C30FF82
:1082E800706038FF785C38FF706030FF786038FF66
:1082F800785C30FF706038FF785C30FF785C38FF5E
:10830800706030FF785C38FF786030FF706038FF4D
:10831800785C30FF706038FF705C30FF786038FF41
:10832800786030FF705C38FF786030FF785C38FF29
:10833800705C30FF706030FF786038FF705C30FF31
:10834800786038FF786038FF705C30FF786038FFFD
:10835800785C30FF706038FF786030FF785C38FFF9
:10836800706038FF785C30FF706038FF705C38FFF1
:10837800786030FF786038FF705C30FF786038FFD5
:10838800786030FF706038FF706030FF785C38FFCD
:10839800786038FF705C30FF786038FF786038FFAD
:1083A800705C30FF786038FF705C30FF705C38FFBD
:1083B800786030FF705C38FF786030FF706038FF9D
:1083C800705C30FF785C30FF786038FF806C48FF65
:1083D800806C48FF786038FF705C30FF786038FF49
:1083E800785C30FF705C38FF706038FF786030FF71
:1083F800705C38FF706038FF785C30FF706038FF61
:10840800705C30FF786038FF786030FF705C30FF58
:10841800706038FF785C38FF786030FF705C38FF38
:10842800786038FF705C30FF785C38FF786030FF28
:10843800706030FF785C38FF705C30FF706030FF30
:10844800785C38FF706038FF705C30FF786038FF08
:10845800785C38FF705C30FF786038FF706030FF00
:10846800705C38FF786038FF706030FF785C38FFE8
:10847800785C30FF706030FF705C38FF786038FFE0
:10848800705C30FF786038FF785C38FF705C30FFD4
:10849800706038FF785C38FF705C30FF706030FFC8
:1084A800785C38FF786030FF705C30FF785C38FFAC
:1084B800706030FF705C30FF786038FF705C38FFA8
:1084C800705C30FF786038FF705C30FF706038FF98
:1084D800785C30FF705C30FF786038FF785C30FF84
:1084E800706038FF705C38FF786030FF705C30FF78
:1084F800705C38FF786038FF785C30FF706038FF58
:10850800785C38FF705C30FF706038FF785C30FF53
:10851800706030FF705C38FF786030FF705C30FF4F
:10852800705C38FF786038FF705C30FF786030FF2F
:10853800785C38FF705C30FF706038FF785C30FF23
:10854800706038FF705C30FF786030FF785C38FF0F
:10855800705C38FF786030FF705C38FF706030FF07
:10856800785C38FF705C38FF706030FF785C38FFEB
:10857800706038FF705C30FF786038FF705C38FFDF
:10858800785C30FF786038FF705C38FF706030FFCF
:10859800785C30FF705C38FF706030FF785C30FFCB
:1085A800786038FF705C38FF786030FF705C38FFA7
:1085B800705C38FF786030FF705C30FF706038FFA7
:1085C800785C30FF705C30FF706038FF785C38FF93
:1085D800706030FF785C38FF786038FF705C30FF7F
:1085E800705C38FF786038FF705C30FF706038FF6F
:1085F800785C38FF785C38FF706030FF785C38FF53
:10860800706038FF705C30FF786038FF705C30FF56
:10861800706038FF786030FF705C38FF706030FF42
:10862800785C30FF706038FF785C30FF785C38FF2A
:10863800706038FF706038FF785C30FF706038FF1A
:10864800705C38FF786030FF786030FF705C38FF0E
:10865800786030FF705C30FF706038FF785C38FFFE
:10866800705C30FF706038FF785C38FF705C30FFFA
:10867800706038FF785C30FF706030FF785C38FFDE
:10868800785C30FF706038FF705C38FF786030FFCE
:10869800705C38FF705C30FF786030FF786038FFBE
:1086A800705C30FF785C30FF706038FF705C38FFBA
:1086B800786030FF706030FF705C38FF786038FF9A
:1086C800706030FF705C38FF785C38FF706030FF96
:1086D800785C38FF786030FF705C38FF706030FF7E
:1086E800785C38FF705C30FF706038FF786038FF66
:1086F800785C30FF706038FF785C30FF706038FF5E
:10870800705C30FF785C30FF706038FF706038FF55
:10871800785C30FF706030FF705C38FF786030FF45
:10872800706030FF785C38FF786030FF705C30FF35
:10873800705C38FF786030FF705C38FF705C38FF21
:10874800786030FF785C30FF706038FF786030FF09
:10875800705C38FF706030FF785C30FF706038FF05
:10876800785C30FF786038FF706038FF785C30FFE5
:10877800705C38FF786030FF705C38FF786030FFDD
:10878800706038FF705C30FF786038FF806C48FF9D
:10879800806C40FF706038FF785C30FF706030FF9D
:1087A800785C38FF786030FF705C30FF785C38FFA9
:1087B800706030FF785C30FF786038FF705C30FFA5
:1087C800785C38FF705C38FF786030FF785C38FF81
:1087D800705C30FF706030FF785C38FF706030FF8D
:1087E800706030FF785C38FF705C38FF706030FF75
:1087F800786038FF785C38FF786030FF705C38FF4D
:10880800786030FF785C30FF706038FF705C30FF54
:10881800786030FF785C38FF706030FF785C30FF3C
:10882800705C38FF786030FF706038FF705C30FF34
:10883800786038FF785C30FF706030FF705C38FF1C
:10884800786030FF705C30FF786038FF786030FF08
:10885800705C30FF786038FF786030FF705C38FFFC
:10886800706038FF785C30FF786038FF706038FFE0
:10887800785C30FF706030FF785C38FF786030FFDC
:10888800706038FF785C30FF706038FF785C38FFC4
:10889800706030FF706038FF785C30FF786030FFC0
:1088A800705C38FF785C30FF786038FF706030FFAC
:1088B800705C30FF786038FF706030FF785C30FFA4
:1088C800786038FF705C30FF786038FF786030FF80
:1088D800705C38FF785C38FF786030FF706030FF7C
:1088E800785C38FF706030FF706038FF785C38FF64
:1088F800786030FF705C30FF786038FF786030FF58
:10890800705C30FF705C38FF786030FF706038FF53
:10891800785C30FF786030FF706038FF785C30FF3B
:10892800786030FF705C38FF786030FF786030FF27
:10893800705C38FF785C30FF706030FF706038FF23
:10894800785C30FF786038FF706030FF785C38FF03
:10895800786030FF705C38FF706038FF786030FFF7
:10896800705C30FF785C38FF786030FF706038FFEB
:10897800785C30FF786038FF706038FF785C30FFD3
:10898800786038FF705C30FF786030FF706038FFC7
:10899800705C30FF785C30FF786038FF706030FFC3
:1089A800785C38FF786030FF706030FF705C38FFAB
:1089B800786030FF705C30FF786038FF786030FF97
:1089C800705C38FF785C30FF786038FF705C38FF87
:1089D800785C30FF786038FF705C30FF785C38FF77
:1089E800706030FF705C38FF786030FF785C30FF73
:1089F800706038FF785C30FF785C30FF706038FF5B
:108A0800705C38FF785C30FF706038FF785C38FF46
:108A1800785C30FF706030FF785C38FF786030FF3A
:108A2800706038FF785C30FF786038FF706038FF1E
:108A3800785C30FF705C38FF706038FF786030FF1A
:108A4800785C30FF705C38FF786030FF786038FF02
:108A5800705C38FF705C30FF786038FF705C38FFFE
:108A6800786030FF786030FF705C38FF785C30FFEA
:108A7800786038FF705C30FF785C38FF786030FFD2
:108A8800706030FF785C38FF706030FF705C30FFDA
:108A9800786038FF785C38FF706030FF785C38FFAA
:108AA800786030FF705C30FF706038FF785C30FFB2
:108AB800706038FF785C30FF785C38FF706038FF92
:108AC800786030FF785C30FF705C38FF786030FF8A
:108AD800785C38FF705C38FF786030FF705C38FF76
:108AE800705C38FF786030FF785C38FF706038FF62
:108AF800786030FF785C30FF706038FF705C30FF62
:108B0800785C38FF705C38FF785C30FF706030FF4D
:108B1800785C38FF705C38FF706030FF785C30FF3D
:108B2800705C38FF706030FF786030FF785C38FF29
:108B3800706030FF706038FF785C30FF785C38FF19
:108B4800786038FF706030FF786038FF806C40FFD5
:108B5800806840FF786038FF706038FF705C30FFD5
:108B6800706038FF786038FF785C30FF706038FFDD
:108B7800786030FF705C38FF706038FF786030FFD5
:108B8800705C30FF706038FF786038FF705C30FFD1
:108B9800786038FF786030FF705C38FF785C38FFA9
:108BA800786030FF706038FF785C30FF705C30FFB1
:108BB800706038FF785C30FF706038FF706038FF95
:108BC800785C30FF786038FF705C38FF706030FF89
:108BD800785C38FF706038FF705C30FF786038FF71
:108BE800785C30FF705C38FF786030FF705C38FF6D
:108BF800786038FF786030FF705C38FF786038FF45
:108C0800785C30FF705C38FF706038FF785C30FF4C
:108C1800705C38FF706030FF785C38FF786030FF38
:108C2800705C30FF705C38FF786030FF705C38FF34
:108C3800786038FF705C30FF705C38FF786030FF18
:108C4800785C30FF706038FF785C30FF785C30FF0C
:108C5800706038FF785C38FF706030FF706038FFF4
:108C6800785C30FF706038FF785C38FF786030FFE0
:108C7800705C38FF785C38FF706030FF705C38FFDC
:108C8800786030FF706038FF705C30FF785C38FFC8
:108C9800706030FF705C38FF786038FF705C30FFC0
:108CA800785C38FF786030FF705C30FF705C38FFAC
:108CB800786038FF706030FF705C38FF785C38FF90
:108CC800786030FF705C38FF786038FF705C30FF88
:108CD800705C38FF786038FF705C30FF705C38FF7C
:108CE800786038FF706030FF705C38FF785C38FF60
:108CF800706030FF785C38FF786030FF705C30FF60
:108D0800705C38FF786030FF705C38FF705C30FF53
:108D1800786038FF786030FF705C38FF785C38FF27
:108D2800706030FF705C30FF786038FF705C30FF37
:108D3800705C30FF786038FF705C30FF705C38FF23
:108D4800786038FF706038FF785C30FF785C38FFF7
:108D5800706038FF705C30FF786030FF705C38FFFF
:108D6800705C30FF786038FF785C38FF705C30FFEB
:108D7800786030FF706038FF705C30FF785C38FFD7
:108D8800706030FF706030FF785C38FF706030FFD3
:108D9800705C30FF786038FF706038FF785C30FFB7
:108DA800786038FF706038FF705C30FF786030FFA3
:108DB800705C38FF706030FF786030FF785C38FF97
:108DC800706030FF785C30FF706038FF706030FF93
:108DD800785C38FF706038FF705C30FF786038FF6F
:108DE800705C30FF705C30FF786030FF706038FF77
:108DF800785C30FF786038FF705C38FF706030FF57
:108E0800786038FF705C30FF706030FF785C38FF46
:108E1800786030FF706030FF785C38FF705C38FF36
:108E2800706030FF785C38FF706038FF706030FF2A
:108E3800785C38FF706038FF705C30FF785C38FF12
:108E4800706030FF785C38FF786030FF706038FF02
:108E5800705C30FF786030FF705C38FF706038FFFE
:108E6800786030FF785C38FF705C30FF786038FFDE
:108E7800706030FF705C30FF786038FF705C30FFE6
:108E8800706038FF786038FF705C30FF706030FFCA
:108E9800786038FF705C30FF786030FF785C38FFAE
:108EA800706030FF705C30FF786038FF705C38FFAE
:108EB800706030FF785C38FF786030FF706030FF9A
:108EC800786038FF706038FF705C30FF786038FF7A
:108ED800786030FF785C38FF706038FF786030FF6A
:108EE800705C38FF705C38FF785C30FF706038FF6A
:108EF800785C30FF706038FF705C30FF785C30FF62
:108F0800706038FF705C38FF786038FF806C48FF0D
:108F1800806848FF786038FF706030FF785C38FF01
:108F2800785C30FF706030FF705C38FF785C30FF31
:108F3800706038FF785C30FF785C38FF706030FF15
:108F4800786030FF785C38FF705C30FF706030FF0D
:108F5800785C38FF706038FF705C30FF785C30FFF9
:108F6800706038FF786030FF785C38FF706038FFD9
:108F7800785C30FF705C30FF786038FF705C30FFE1
:108F8800705C30FF786038FF705C30FF786030FFCD
:108F9800786038FF705C30FF786038FF706038FFA9
:108FA800705C30FF786030FF785C38FF705C30FFB1
:108FB800706030FF785C38FF705C30FF706030FFA5
:108FC800786038FF705C30FF786030FF706038FF81
:108FD800785C38FF706030FF705C38FF786038FF6D
:108FE800786030FF705C38FF706030FF785C30FF6D
:108FF800786038FF706038FF705C30FF786038FF49
:10900800705C38FF706030FF786038FF705C30FF4C
:10901800786038FF785C30FF705C38FF786038FF24
:10902800705C30FF706030FF785C38FF706030FF34
:10903800786030FF785C38FF705C30FF786038FF0C
:10904800705C38FF785C30FF706038FF786030FF04
:10905800785C30FF706038FF705C30FF786038FFF4
:10906800706038FF785C30FF786030FF705C38FFE4
:10907800786030FF785C38FF705C30FF706038FFD4
:10908800786030FF785C30FF706038FF786030FFC0
:10909800705C30FF786038FF785C30FF706038FFB4
:1090A800785C30FF785C30FF706038FF706030FFAC
:1090B800785C38FF706038FF785C30FF786038FF84
:1090C800706038FF785C30FF786030FF705C38FF84
:1090D800706030FF785C30FF785C30FF706038FF7C
:1090E800786038FF705C30FF786038FF786038FF50
:1090F800705C30FF786038FF785C30FF706030FF5C
:10910800705C38FF785C30FF706030FF786038FF43
:10911800785C38FF706030FF785C38FF786038FF23
:10912800706030FF705C30FF786038FF785C38FF23
:10913800706038FF785C30FF705C38FF786038FF0B
:10914800785C30FF706038FF785C38FF786030FFFB
:10915800706030FF705C38FF785C30FF706030FF03
:10916800785C38FF785C30FF706038FF785C38FFD7
:10917800786038FF705C38FF705C30FF786038FFCB
:10918800786030FF705C38FF785C30FF706030FFCB
:10919800786038FF785C30FF706038FF785C38FFA3
:1091A800786030FF705C38FF705C38FF786030FFA3
:1091B800705C30FF786030FF785C38FF705C30FF9F
:1091C800786038FF785C38FF705C30FF706038FF7B
:1091D800785C30FF786038FF706030FF785C30FF73
:1091E800705C38FF786030FF785C30FF705C38FF67
:1091F800786030FF786030FF705C38FF706030FF57
:10920800785C38FF705C30FF786038FF785C38FF36
:10921800705C30FF786030FF785C38FF705C30FF3E
:10922800706038FF786030FF785C38FF706038FF16
:10923800785C30FF706038FF785C30FF785C30FF16
:10924800706038FF785C38FF785C30FF706038FFFA
:10925800705C38FF786030FF705C38FF786038FFEA
:10926800786030FF705C30FF785C38FF786030FFE2
:10927800705C30FF705C38FF786038FF785C30FFD6
:10928800705C30FF786038FF705C30FF705C38FFCE
:10929800786030FF705C30FF785C38FF786030FFB2
:1092A800786030FF705C38FF786030FF705C30FFAA
:1092B800786038FF785C38FF706030FF786030FF86
:1092C800705C38FF785C30FF786038FF806C48FF4E
:1092D800806C40FF706038FF785C30FF706038FF4A
:1092E800785C38FF706030FF786038FF705C38FF5A
:1092F800706030FF786030FF705C38FF705C38FF5A
:10930800786030FF785C38FF706038FF785C30FF39
:10931800786030FF705C38FF786030FF706038FF2D
:10932800705C30FF785C38FF706030FF786038FF21
:10933800785C38FF706030FF786038FF785C30FF09
:10934800706038FF785C38FF706030FF785C38FFF9
:10935800705C30FF786030FF785C38FF705C30FFFD
:10936800706038FF786038FF705C30FF786038FFD5
:10937800706038FF785C30FF785C38FF706038FFC9
:10938800785C30FF786038FF705C30FF786038FFB9
:10939800786030FF705C30FF785C38FF706030FFB9
:1093A800785C38FF786038FF705C30FF786030FF99
:1093B800705C38FF785C30FF786030FF705C38FF95
:1093C800786030FF705C38FF705C38FF786030FF81
:1093D800706030FF705C38FF786030FF785C30FF79
:1093E800706038FF785C38FF705C30FF706038FF61
:1093F800786038FF705C30FF786030FF706038FF4D
:10940800785C30FF785C30FF706038FF705C38FF44
:10941800786030FF785C30FF706038FF785C30FF30
:10942800705C38FF706038FF786030FF705C38FF20
:10943800706030FF786030FF785C38FF706030FF14
:10944800705C38FF785C38FF706030FF785C38FFFC
:10945800706030FF705C38FF786030FF706038FFF4
:10946800705C30FF786038FF785C30FF706030FFE8
:10947800785C38FF706030FF705C30FF786038FFD0
:10948800705C38FF706030FF785C38FF786038FFB8
:10949800705C38FF706030FF786038FF705C30FFB8
:1094A800785C30FF706038FF705C30FF785C38FFA4
:1094B800706038FF705C30FF786038FF786030FF8C
:1094C800705C38FF786030FF705C30FF706038FF88
:1094D800785C30FF706030FF705C38FF786030FF78
:1094E800785C38FF706030FF705C30FF786038FF60
:1094F800705C30FF786030FF706038FF705C30FF60
:10950800786030FF705C38FF705C30FF786038FF3F
:10951800785C38FF705C30FF786038FF706038FF27
:10952800705C30FF786030FF706038FF705C30FF2F
:10953800786030FF786038FF705C30FF705C38FF0F
:10954800786038FF705C30FF785C38FF706038FFF7
:10955800705C30FF785C30FF706038FF706030FFFF
:10956800785C30FF786038FF706038FF785C30FFD7
:10957800706038FF705C38FF786030FF706030FFD3
:10958800705C38FF786030FF786038FF705C30FFBF
:10959800705C38FF786038FF705C30FF786038FFA7
:1095A800706038FF705C30FF786038FF705C38FF9F
:1095B800705C30FF786038FF786030FF705C38FF8F
:1095C800786030FF706038FF705C30FF786038FF7B
:1095D800706038FF705C30FF786038FF785C30FF6F
:1095E800705C30FF706038FF785C30FF705C30FF73
:1095F800786038FF705C38FF706030FF786038FF43
:10960800705C30FF706030FF786038FF785C30FF46
:10961800705C30FF786038FF705C30FF705C38FF3A
:10962800786038FF706030FF705C38FF786038FF12
:10963800786030FF705C38FF706038FF785C30FF0E
:10964800705C38FF786030FF786038FF705C30FFFE
:10965800706038FF786038FF705C30FF705C38FFEE
:10966800786038FF786030FF705C38FF786030FFD2
:10967800705C38FF786030FF785C38FF706038FFC6
:10968800786030FF705C30FF786038FF806C40FF96
:10969800806840FF786038FF705C38FF786030FF82
:1096A800706030FF785C38FF785C30FF706038FF9E
:1096B800785C30FF786038FF705C30FF786038FF86
:1096C800705C30FF706030FF786038FF705C38FF86
:1096D800706030FF785C38FF786038FF705C30FF6E
:1096E800785C38FF706030FF705C30FF785C38FF62
:1096F800706030FF705C38FF785C30FF706038FF56
:10970800786030FF705C30FF786038FF705C38FF3D
:10971800706030FF786038FF705C30FF785C30FF35
:10972800786038FF705C30FF786030FF705C38FF1D
:10973800786030FF706030FF705C38FF786030FF11
:10974800705C38FF705C30FF786038FF705C30FF09
:10975800705C38FF786038FF706030FF705C30FFF5
:10976800785C30FF706038FF706038FF785C30FFDD
:10977800706038FF705C30FF786038FF706030FFD1
:10978800785C30FF786038FF705C30FF786038FFB5
:10979800705C38FF706030FF785C38FF706030FFB5
:1097A800786038FF785C30FF706030FF785C38FF95
:1097B800705C38FF706030FF785C38FF706038FF8D
:1097C800706030FF785C30FF706038FF705C38FF85
:1097D800785C30FF706038FF786030FF785C30FF6D
:1097E800705C38FF786030FF705C38FF785C38FF59
:1097F800706030FF705C38FF786038FF785C30FF4D
:10980800706038FF706030FF785C38FF785C30FF3C
:10981800706038FF785C30FF785C38FF706030FF2C
:10982800706038FF785C38FF706030FF785C38FF14
:10983800786038FF705C30FF786038FF705C30FF0C
:10984800785C30FF706038FF706030FF785C30FF04
:10985800785C38FF706038FF706030FF785C38FFE4
:10986800786038FF706030FF785C30FF786038FFD0
:10987800706030FF705C30FF785C38FF706038FFD4
:10988800786030FF785C38FF706038FF785C30FFB4
:10989800706038FF785C38FF706030FF705C38FFAC
:1098A800785C38FF786030FF706038FF705C30FF9C
:1098B800785C38FF786038FF705C30FF786038FF7C
:1098C800786038FF705C30FF706030FF786038FF78
:1098D800705C30FF786030FF786038FF705C38FF6C
:1098E800785C30FF706038FF785C30FF705C30FF68
:1098F800706038FF785C30FF786030FF706038FF48
:10990800705C30FF786030FF786038FF705C38FF3B
:10991800786030FF785C38FF705C38FF706030FF2B
:10992800785C38FF706030FF785C30FF785C38FF17
:10993800706038FF785C30FF706038FF785C38FF03
:10994800705C30FF706030FF786038FF785C30FF03
:10995800706030FF705C38FF785C30FF786030FFF3
:10996800705C38FF786030FF786030FF705C38FFDB
:10997800706030FF785C38FF705C38FF786030FFCB
:10998800785C38FF706030FF785C30FF705C38FFBF
:10999800786030FF705C38FF706038FF786030FFA7
:1099A800785C38FF706038FF706030FF785C30FF9B
:1099B800786038FF705C30FF786038FF785C38FF7B
:1099C800705C30FF706038FF786038FF705C30FF83
:1099D800786038FF786030FF705C30FF785C38FF63
:1099E800706030FF785C30FF705C38FF706030FF6B
:1099F800785C30FF786038FF706030FF706038FF47
:109A0800785C30FF706038FF785C30FF786030FF3A
:109A1800705C38FF786030FF706030FF705C38FF32
:109A2800785C30FF706038FF705C38FF786030FF1A
:109A3800705C30FF705C38FF786030FF705C38FF16
:109A4800706038FF785C30FF786038FF806C48FFC2
:109A5800806848FF786038FF706030FF705C30FFC6
:109A6800785C38FF706030FF705C38FF786030FFDA
:109A7800705C38FF785C30FF786038FF706030FFCA
:109A8800785C38FF705C30FF786030FF785C38FFB6
:109A9800705C30FF706030FF785C38FF786030FFB2
:109AA800706038FF786038FF785C30FF706030FF96
:109AB800786038FF785C30FF705C38FF706030FF8A
:109AC800785C38FF785C30FF706038FF785C30FF76
:109AD800785C38FF706038FF706030FF785C38FF62
:109AE800706038FF785C30FF705C38FF786038FF52
:109AF800705C30FF785C38FF706030FF786038FF4A
:109B0800705C30FF786038FF786030FF705C30FF41
:109B1800785C38FF786038FF706030FF785C38FF19
:109B2800786030FF705C30FF785C38FF786038FF11
:109B3800705C30FF786038FF705C38FF785C30FF0D
:109B4800706038FF785C30FF786030FF705C38FFF9
:109B5800785C30FF786038FF705C30FF705C38FFED
:109B6800786030FF705C38FF786030FF786030FFD5
:109B7800705C38FF785C30FF786030FF705C38FFCD
:109B8800785C38FF786030FF706030FF785C38FFB1
:109B9800786030FF705C38FF706038FF786030FFA5
:109BA800705C30FF786038FF786030FF705C30FFA1
:109BB800785C38FF706030FF705C30FF785C38FF8D
:109BC800786030FF706030FF785C38FF706038FF75
:109BD800706030FF785C38FF785C30FF706030FF71
:109BE800785C38FF785C30FF706038FF705C30FF5D
:109BF800785C30FF706038FF786038FF785C30FF41
:109C0800706038FF785C38FF706030FF705C30FF40
:109C1800786038FF785C30FF705C30FF786038FF20
:109C2800705C38FF705C30FF786038FF785C30FF1C
:109C3800706038FF785C30FF785C38FF706030FF08
:109C4800705C30FF785C38FF706030FF785C30FF04
:109C5800785C38FF706030FF786030FF705C38FFE8
:109C6800706030FF785C38FF786030FF705C38FFD8
:109C7800786030FF705C30FF705C38FF786030FFD0
:109C8800785C38FF705C30FF786038FF785C38FFAC
:109C9800705C30FF706038FF785C30FF705C30FFBC
:109CA800786038FF786038FF705C30FF786038FF84
:109CB800705C38FF705C30FF786038FF785C38FF84
:109CC800705C30FF786038FF705C30FF706030FF88
:109CD800786038FF785C30FF706030FF785C38FF60
:109CE800786038FF705C30FF706030FF786038FF54
:109CF800705C30FF786030FF785C38FF706030FF50
:109D0800785C38FF705C38FF706030FF785C38FF33
:109D1800786038FF706030FF785C38FF706030FF23
:109D2800705C38FF785C38FF786030FF706030FF17
:109D3800785C38FF786030FF705C30FF706038FF07
:109D4800785C38FF705C30FF786038FF786030FFEF
:109D5800705C30FF785C38FF706030FF705C30FFFB
:109D6800785C38FF786038FF705C30FF786038FFC7
:109D7800705C38FF706030FF785C30FF786038FFC7
:109D8800705C30FF785C30FF786038FF705C38FFBB
:109D9800705C30FF786038FF706038FF786030FFA3
:109DA800785C38FF706038FF786030FF705C38FF8F
:109DB800705C38FF785C30FF786030FF705C38FF8B
:109DC800786030FF705C38FF706038FF785C30FF77
:109DD800785C38FF706038FF785C30FF786030FF5F
:109DE800706038FF785C30FF786030FF705C38FF57
:109DF800786038FF706030FF785C30FF785C38FF3F
:109E0800706030FF706038FF786038FF806C40FF0A
:109E1800806C40FF786038FF705C38FF786038FFEE
:109E2800786030FF705C38FF786030FF706038FF12
:109E3800705C30FF706038FF785C30FF706038FF0E
:109E4800785C38FF706038FF706030FF785C38FFEE
:109E5800786038FF706030FF705C30FF785C38FFE6
:109E6800706030FF785C38FF705C38FF706030FFDE
:109E7800786038FF705C30FF786038FF706038FFBA
:109E8800705C30FF786038FF706030FF705C30FFC6
:109E9800785C38FF706030FF785C30FF706038FFA6
:109EA800786030FF705C30FF786038FF706030FF9A
:109EB800785C38FF785C30FF706038FF785C30FF82
:109EC800786038FF705C38FF706030FF786038FF6A
:109ED800705C30FF705C30FF786038FF705C38FF72
:109EE800706038FF786030FF705C30FF706038FF5A
:109EF800785C30FF786030FF706038FF705C38FF46
:109F0800786030FF705C38FF706038FF786030FF31
:109F1800705C30FF786038FF786038FF705C30FF25
:109F2800705C38FF786038FF705C30FF706038FF15
:109F3800786038FF705C30FF706030FF785C38FF05
:109F4800705C38FF786030FF705C38FF786030FFF5
:109F5800705C38FF785C30FF706038FF705C38FFE9
:109F6800785C30FF706038FF706038FF785C30FFD5
:109F7800786038FF786038FF705C30FF706038FFB9
:109F8800785C38FF705C30FF786030FF705C38FFB9
:109F9800786030FF706038FF705C38FF786030FFA1
:109FA800706038FF785C30FF706038FF786038FF89
:109FB800705C30FF706030FF785C38FF706030FF95
:109FC800785C30FF786038FF785C38FF706030FF6D
:109FD800706038FF785C30FF706038FF786030FF61
:109FE800705C30FF786038FF705C30FF705C38FF61
:109FF800786038FF706030FF785C38FF706030FF41
:10A00800785C38FF706038FF706030FF785C38FF2C
:10A01800706038FF785C30FF785C38FF786030FF1C
:10A02800705C30FF706038FF785C38FF706030FF1C
:10A03800786038FF705C30FF786038FF706030FF00
:10A04800705C30FF786038FF706030FF785C30FFFC
:10A05800706038FF786038FF705C30FF706030FFE8
:10A06800786038FF705C30FF786030FF786038FFC8
:10A07800785C30FF706038FF706030FF785C30FFCC
:10A08800706038FF785C38FF705C30FF786038FFAC
:10A09800705C38FF706030FF786030FF705C38FFAC
:10A0A800785C30FF706038FF785C38FF706030FF94
:10A0B800705C38FF785C30FF706030FF786038FF84
:10A0C800785C30FF786038FF705C30FF705C38FF78
:10A0D800786030FF705C38FF786038FF706030FF60
:10A0E800785C30FF705C38FF706038FF785C30FF58
:10A0F800705C38FF786038FF706030FF785C30FF44
:10A10800706038FF706030FF785C38FF706038FF2F
:10A11800785C30FF786038FF786030FF705C38FF1B
:10A12800706030FF785C30FF706038FF785C30FF1B
:10A13800706038FF785C30FF706038FF706038FFFF
:10A14800785C30FF706030FF786038FF705C30FFFB
:10A15800785C30FF706038FF705C30FF785C30FFEF
:10A16800706038FF785C30FF786030FF786038FFC7
:10A17800705C38FF706030FF785C38FF785C30FFC7
:10A18800706038FF785C30FF706038FF706030FFB7
:10A19800785C30FF705C38FF706038FF785C30FFA7
:10A1A800705C38FF706038FF785C30FF706038FF93
:10A1B800785C38FF706030FF706038FF785C30FF83
:10A1C800785C30FF706038FF786038FF806C40FF43
:10A1D800806C48FF706038FF705C30FF786030FF3B
:10A1E800705C38FF785C30FF786038FF785C30FF4F
:10A1F800706038FF785C30FF706030FF785C38FF43
:10A20800786030FF705C30FF705C38FF786030FF3A
:10A21800785C38FF706038FF785C30FF706038FF1A
:10A22800785C30FF706030FF785C38FF785C38FF0E
:10A23800706030FF705C30FF786038FF785C30FF0A
:10A24800705C30FF786038FF786038FF705C30FFF2
:10A25800786038FF786038FF705C30FF785C38FFD2
:10A26800706038FF785C30FF706038FF705C30FFDA
:10A27800786030FF706038FF705C30FF786030FFC6
:10A28800705C38FF705C30FF786038FF785C38FFAE
:10A29800706030FF786030FF785C38FF705C30FFAA
:10A2A800786038FF785C38FF706030FF705C38FF8A
:10A2B800786030FF705C30FF785C38FF786030FF82
:10A2C800705C30FF786038FF705C38FF786030FF72
:10A2D800705C38FF705C30FF786030FF786038FF62
:10A2E800705C30FF786030FF785C38FF705C30FF5E
:10A2F800786038FF785C38FF706030FF786030FF36
:10A30800706038FF705C30FF786038FF706038FF2D
:10A31800785C30FF786030FF706038FF785C30FF21
:10A32800786030FF705C38FF705C30FF786030FF19
:10A33800705C38FF785C30FF786030FF706038FF01
:10A34800785C38FF706030FF705C38FF785C30FFF5
:10A35800786030FF705C38FF785C30FF706038FFE1
:10A36800705C30FF785C30FF786038FF705C38FFD5
:10A37800786030FF785C38FF705C38FF706030FFC1
:10A38800705C30FF785C38FF706030FF785C38FFB5
:10A39800785C30FF706038FF785C38FF705C30FFA5
:10A3A800786038FF786038FF705C30FF786030FF85
:10A3B800706038FF705C30FF786030FF785C38FF81
:10A3C800706030FF785C38FF785C30FF706030FF79
:10A3D800706038FF705C30FF786038FF706038FF5D
:10A3E800785C30FF785C30FF706038FF785C30FF55
:10A3F800705C38FF786038FF785C30FF705C38FF3D
:10A40800786038FF705C30FF705C38FF786030FF30
:10A41800785C38FF705C30FF786038FF785C38FF14
:10A42800705C30FF705C38FF706038FF785C30FF1C
:10A43800705C38FF786030FF785C38FF706030FF00
:10A44800786038FF705C30FF786030FF785C38FFE8
:10A45800705C30FF786038FF705C38FF706030FFE8
:10A46800786030FF785C38FF706030FF785C38FFC8
:10A47800786038FF706030FF705C38FF705C38FFC0
:10A48800786030FF706030FF785C38FF786030FFAC
:10A49800705C30FF785C38FF706030FF785C38FFA4
:10A4A800786030FF706030FF785C38FF706030FF94
:10A4B800705C30FF786038FF785C38FF705C30FF84
:10A4C800786030FF785C38FF705C30FF706038FF70
:10A4D800705C30FF786038FF705C38FF786030FF60
:10A4E800786038FF705C30FF785C38FF706030FF50
:10A4F800785C30FF786038FF705C30FF785C38FF3C
:10A50800706038FF705C30FF786038FF786030FF2B
:10A51800705C38FF786038FF785C30FF706038FF17
:10A52800705C38FF705C30FF786030FF705C38FF1B
:10A53800786030FF706030FF705C38FF786038FFFB
:10A54800706030FF785C30FF785C38FF706038FFEF
:10A55800786030FF785C30FF706038FF786030FFDB
:10A56800785C30FF706038FF705C30FF785C30FFDB
:10A57800786038FF705C30FF706038FF785C38FFB7
:10A58800705C30FF705C38FF786038FF806C48FF83
:10A59800806840FF786038FF706030FF785C38FF73
:10A5A800706030FF706038FF705C30FF785C38FF97
:10A5B800786038FF706030FF785C38FF706038FF73
:10A5C800785C30FF786030FF705C38FF706030FF77
:10A5D800785C30FF705C38FF786030FF786038FF57
:10A5E800705C38FF706030FF786030FF785C38FF4F
:10A5F800705C30FF786038FF785C38FF706030FF3F
:10A60800705C38FF785C30FF706038FF705C30FF3A
:10A61800786030FF705C38FF706030FF785C30FF26
:10A62800785C38FF706038FF785C30FF785C38FF02
:10A63800706038FF785C38FF786030FF706038FFF2
:10A64800785C30FF706030FF785C38FF705C30FFFA
:10A65800706038FF786038FF705C30FF706030FFE2
:10A66800785C30FF785C38FF706030FF785C38FFCA
:10A67800786038FF706030FF705C38FF786038FFB2
:10A68800705C30FF785C30FF786038FF705C30FFBA
:10A69800786038FF705C38FF706030FF785C38FF96
:10A6A800706030FF706038FF785C30FF706030FF9A
:10A6B800705C38FF785C30FF786038FF705C38FF7A
:10A6C800785C30FF786030FF705C38FF705C30FF7A
:10A6D800786030FF705C38FF705C38FF786030FF5E
:10A6E800786038FF705C38FF786030FF706038FF42
:10A6F800705C38FF706030FF785C30FF705C38FF4A
:10A70800786030FF786038FF705C38FF786030FF21
:10A71800706038FF785C30FF786038FF706038FF11
:10A72800785C30FF706038FF705C30FF786030FF15
:10A73800705C38FF786030FF786038FF705C38FFF5
:10A74800786030FF706038FF705C30FF786030FFF1
:10A75800705C38FF706030FF785C30FF705C38FFE9
:10A76800706030FF785C38FF705C30FF786038FFCD
:10A77800785C38FF705C30FF706038FF786038FFB5
:10A78800705C30FF706030FF785C38FF786038FFAD
:10A79800705C30FF785C30FF706038FF705C38FFA9
:10A7A800786030FF706038FF705C30FF786030FF91
:10A7B800706038FF705C30FF786030FF706038FF81
:10A7C800785C30FF786038FF705C38FF706030FF6D
:10A7D800786030FF705C38FF706030FF786038FF59
:10A7E800785C30FF706030FF785C38FF706030FF55
:10A7F800706038FF785C38FF705C30FF706038FF3D
:10A80800785C30FF706038FF706038FF785C30FF2C
:10A81800706030FF785C38FF785C38FF706030FF1C
:10A82800705C38FF786030FF705C30FF705C38FF18
:10A83800786030FF786030FF705C38FF785C30FFFC
:10A84800706038FF705C38FF786030FF706038FFE8
:10A85800705C38FF786030FF705C30FF705C38FFE8
:10A86800786038FF705C30FF786038FF786038FFB8
:10A87800705C30FF706030FF786038FF705C38FFC4
:10A88800706030FF786038FF785C30FF706030FFB0
:10A89800786038FF705C30FF705C30FF786038FF9C
:10A8A800705C38FF706030FF786038FF705C38FF8C
:10A8B800706030FF786038FF705C30FF786030FF80
:10A8C800785C38FF705C30FF706038FF785C38FF68
:10A8D800706030FF705C30FF786038FF786030FF60
:10A8E800705C38FF786038FF705C30FF705C38FF50
:10A8F800786030FF785C38FF705C30FF786038FF34
:10A90800705C30FF706038FF785C30FF705C38FF37
:10A91800706038FF785C30FF705C38FF706038FF1B
:10A92800786030FF785C38FF706038FF786030FFFF
:10A93800705C30FF785C38FF786030FF706038FFFB
:10A94800786030FF785C30FF786038FF806C48FFB3
:10A95800806840FF786038FF706038FF785C30FFAF
:10A96800785C38FF706030FF705C30FF786038FFCB
:10A97800705C30FF705C30FF786038FF705C30FFCF
:10A98800706038FF785C38FF786030FF706038FF9F
:10A99800705C38FF786030FF706030FF705C38FFA3
:10A9A800785C30FF706038FF706030FF785C38FF8B
:10A9B800706030FF706030FF785C38FF706030FF87
:10A9C800786038FF785C30FF706030FF785C38FF63
:10A9D800785C38FF706030FF786038FF706030FF57
:10A9E800705C30FF786038FF706030FF705C30FF5B
:10A9F800786038FF705C30FF705C38FF786038FF33
:10AA0800785C30FF706038FF786030FF785C30FF2A
:10AA1800705C38FF785C38FF786030FF706038FF12
:10AA2800705C38FF786030FF706030FF785C38FF0A
:10AA3800705C30FF786038FF785C30FF706038FFFA
:10AA4800706038FF785C30FF706030FF706038FFEE
:10AA5800785C30FF786030FF705C38FF785C30FFDE
:10AA6800786038FF705C38FF786030FF786038FFB6
:10AA7800705C30FF706030FF786038FF705C38FFC2
:10AA8800705C30FF786038FF786038FF705C30FFAA
:10AA9800786038FF786038FF705C30FF705C30FF9A
:10AAA800786038FF705C30FF785C30FF786038FF82
:10AAB800706038FF785C30FF706038FF705C30FF82
:10AAC800786030FF705C38FF785C30FF706038FF6A
:10AAD800705C38FF785C30FF706030FF785C38FF5E
:10AAE800786030FF706038FF785C38FF705C30FF4A
:10AAF800706030FF785C38FF706030FF785C30FF42
:10AB0800786038FF705C38FF786030FF786038FF15
:10AB1800705C38FF786030FF786038FF706030FF15
:10AB2800785C30FF706038FF706030FF785C30FF11
:10AB3800786038FF705C30FF785C38FF786030FFF1
:10AB4800705C38FF706038FF786030FF705C38FFE9
:10AB5800786038FF786030FF705C30FF785C38FFD1
:10AB6800786030FF705C38FF785C38FF786030FFC1
:10AB7800705C38FF785C30FF706038FF705C30FFC5
:10AB8800786030FF786038FF705C30FF785C38FFA1
:10AB9800786038FF705C30FF705C38FF786030FF99
:10ABA800706038FF785C38FF786030FF705C30FF89
:10ABB800786038FF785C30FF706030FF785C38FF71
:10ABC800785C30FF706030FF785C38FF706038FF69
:10ABD800706030FF785C30FF786038FF705C30FF61
:10ABE800786038FF785C38FF706030FF705C38FF41
:10ABF800785C38FF706030FF786038FF785C30FF31
:10AC0800706030FF785C38FF785C30FF706030FF30
:10AC1800786038FF785C38FF706030FF786038FF04
:10AC2800705C30FF705C38FF786030FF785C38FF0C
:10AC3800705C38FF786030FF785C30FF705C38FFFC
:10AC4800706038FF785C30FF705C38FF786038FFE0
:10AC5800785C30FF705C38FF786030FF785C30FFDC
:10AC6800705C38FF786030FF785C30FF705C38FFCC
:10AC7800786038FF705C30FF706038FF786030FFB4
:10AC8800785C38FF706030FF785C30FF785C38FFA4
:10AC9800706030FF705C38FF785C30FF706030FFA8
:10ACA800786038FF785C30FF706038FF786030FF7C
:10ACB800785C38FF706030FF786038FF785C30FF70
:10ACC800706038FF786030FF785C30FF706038FF64
:10ACD800786030FF785C30FF705C38FF706030FF60
:10ACE800785C30FF705C38FF786038FF706030FF48
:10ACF800705C38FF786038FF705C30FF706030FF40
:10AD0800786038FF705C30FF706038FF806C48FFF7
:10AD1800806C48FF706038FF705C30FF786038FFE7
:10AD2800786038FF705C30FF786038FF786038FFF3
:10AD3800705C30FF786038FF785C30FF706030FFFF
:10AD4800705C38FF785C30FF786030FF705C38FFEB
:10AD5800785C38FF786030FF705C38FF785C30FFD3
:10AD6800786038FF705C30FF785C38FF786038FFB7
:10AD7800705C30FF785C38FF706030FF785C38FFBB
:10AD8800706030FF706038FF785C38FF706030FFAB
:10AD9800705C38FF785C30FF786038FF705C38FF93
:10ADA800785C30FF786038FF705C38FF786030FF7F
:10ADB800786030FF705C38FF706030FF785C30FF7F
:10ADC800705C38FF706038FF786030FF705C38FF67
:10ADD800706030FF786030FF785C38FF705C30FF5F
:10ADE800786038FF705C30FF786038FF705C30FF47
:10ADF800706038FF785C30FF785C30FF706038FF37
:10AE0800785C30FF786038FF705C38FF785C30FF22
:10AE1800786038FF706038FF785C30FF706030FF12
:10AE2800785C38FF705C30FF706038FF785C38FF02
:10AE3800785C30FF706038FF785C30FF786030FFF6
:10AE4800706038FF705C30FF785C30FF706038FFEE
:10AE5800705C30FF786030FF786038FF705C38FFD6
:10AE6800706030FF786038FF705C30FF785C30FFCE
:10AE7800786038FF785C30FF706038FF786038FFA2
:10AE8800705C30FF786030FF786038FF705C30FFAE
:10AE9800786030FF706038FF705C30FF785C38FF96
:10AEA800706030FF785C30FF786038FF706038FF82
:10AEB800785C30FF706038FF705C30FF786030FF7E
:10AEC800705C38FF705C30FF786038FF705C30FF72
:10AED800705C30FF786038FF705C38FF785C30FF5A
:10AEE800786038FF705C38FF786030FF705C38FF3E
:10AEF800706030FF786038FF705C30FF786030FF3A
:10AF0800785C38FF705C30FF786030FF705C30FF31
:10AF1800705C38FF786038FF706030FF785C30FF15
:10AF2800706038FF706030FF785C38FF706030FF09
:10AF3800786038FF785C38FF706030FF785C38FFE5
:10AF4800705C38FF706030FF785C30FF706038FFED
:10AF5800786030FF785C30FF705C38FF786030FFD5
:10AF6800705C30FF705C38FF786038FF705C30FFD1
:10AF7800785C38FF706030FF706038FF785C38FFAD
:10AF8800706030FF785C30FF785C38FF706030FFAD
:10AF9800785C38FF706038FF706030FF785C30FF95
:10AFA800706038FF786030FF785C38FF706030FF81
:10AFB800785C30FF706038FF705C38FF786030FF75
:10AFC800706038FF785C38FF705C30FF706030FF6D
:10AFD800785C38FF705C30FF786038FF786030FF4D
:10AFE800705C38FF786030FF706030FF705C38FF4D
:10AFF800786030FF705C38FF786030FF786030FF31
:10B00800705C38FF786030FF706038FF705C30FF2C
:10B01800786038FF706038FF786030FF705C38FF08
:10B02800706038FF786030FF705C30FF786038FF00
:10B03800785C30FF705C30FF786038FF705C38FFF8
:10B04800706030FF786038FF705C30FF786038FFE0
:10B05800786038FF705C30FF786038FF705C38FFCC
:10B06800705C30FF786030FF705C38FF706038FFCC
:10B07800785C30FF705C38FF706030FF785C38FFB8
:10B08800705C38FF706030FF785C38FF706038FFA4
:10B09800786030FF705C38FF786038FF786030FF88
:10B0A800705C38FF785C30FF706030FF785C38FF88
:10B0B800786030FF705C38FF785C30FF785C38FF70
:10B0C800706038FF705C30FF786038FF806C48FF34
:10B0D800806C40FF786038FF705C30FF706030FF34
:10B0E800785C38FF705C30FF786038FF705C30FF48
:10B0F800706038FF785C38FF786030FF706038FF28
:10B10800785C38FF706030FF706038FF785C30FF23
:10B11800706030FF706038FF785C30FF706038FF17
:10B12800786030FF705C30FF706038FF786030FF07
:10B13800705C38FF786038FF785C30FF705C38FFEF
:10B14800786030FF705C38FF785C30FF786030FFE3
:10B15800706038FF705C30FF786030FF705C38FFDB
:10B16800706030FF785C30FF705C38FF706038FFCB
:10B17800785C30FF786038FF706030FF785C30FFB3
:10B18800786038FF705C30FF785C38FF706038FF9B
:10B19800785C30FF706038FF705C30FF786038FF93
:10B1A800705C30FF786038FF785C38FF706030FF83
:10B1B800706038FF785C38FF706030FF705C30FF7B
:10B1C800786038FF705C30FF706038FF785C30FF63
:10B1D800705C30FF706038FF786038FF705C30FF5B
:10B1E800706038FF786030FF705C30FF706038FF47
:10B1F800786038FF705C30FF705C38FF786030FF33
:10B20800786038FF705C30FF786038FF785C38FF12
:10B21800705C30FF706030FF785C38FF785C30FF1E
:10B22800706038FF786038FF705C30FF706038FFFE
:10B23800785C30FF705C30FF786038FF785C38FFEE
:10B24800705C30FF706038FF785C38FF705C30FFEE
:10B25800786038FF786038FF705C30FF706038FFC6
:10B26800785C38FF705C30FF706030FF785C38FFC6
:10B27800785C38FF706030FF785C38FF786038FFA2
:10B28800706030FF785C38FF786030FF705C38FFA2
:10B29800786030FF705C38FF706030FF785C38FF92
:10B2A800706030FF785C30FF785C38FF706038FF82
:10B2B800785C30FF706038FF705C38FF786030FF72
:10B2C800706038FF785C38FF786030FF706038FF56
:10B2D800785C30FF705C38FF786038FF705C30FF56
:10B2E800785C38FF786030FF705C30FF705C38FF46
:10B2F800786030FF706030FF785C38FF786030FF2E
:10B30800705C38FF786038FF705C30FF706038FF21
:10B31800786038FF705C30FF786038FF786038FFFD
:10B32800705C30FF786030FF706038FF785C30FF09
:10B33800706038FF786038FF785C30FF706038FFE5
:10B34800706038FF785C38FF706030FF785C30FFE1
:10B35800785C38FF706038FF785C30FF705C38FFCD
:10B36800706030FF785C38FF706030FF786038FFBD
:10B37800785C30FF705C38FF786030FF705C30FFBD
:10B38800786038FF706038FF785C30FF786038FF8D
:10B39800706030FF705C38FF785C30FF706038FF99
:10B3A800785C30FF785C38FF706038FF785C30FF7D
:10B3B800706038FF705C38FF785C30FF706038FF71
:10B3C800785C30FF785C38FF706030FF785C30FF65
:10B3D800705C38FF786030FF705C30FF785C38FF55
:10B3E800786038FF705C30FF706038FF786038FF35
:10B3F800705C30FF786038FF785C30FF705C30FF3D
:10B40800786038FF705C38FF705C30FF786030FF20
:10B41800705C38FF786030FF786030FF705C38FF10
:10B42800786038FF785C30FF706030FF785C38FFF8
:10B43800786030FF706030FF705C38FF786030FFF4
:10B44800785C30FF705C38FF706030FF785C30FFEC
:10B45800705C38FF706030FF785C30FF706038FFD8
:10B46800786038FF705C30FF706038FF785C30FFC0
:10B47800706030FF706038FF785C30FF786038FFAC
:10B48800705C30FF786030FF786038FF806C40FF78
:10B49800806C48FF786038FF785C30FF706038FF58
:10B4A800706030FF785C38FF705C30FF786030FF88
:10B4B800705C38FF705C30FF786030FF705C38FF7C
:10B4C800785C30FF786038FF705C38FF785C30FF5C
:10B4D800786038FF705C30FF785C38FF706038FF48
:10B4E800785C30FF785C38FF706030FF705C30FF4C
:10B4F800786038FF706030FF705C30FF786038FF2C
:10B50800706038FF785C30FF706038FF785C38FF17
:10B51800786030FF706038FF785C38FF786030FF03
:10B52800706038FF785C30FF786030FF705C38FFFF
:10B53800705C38FF786030FF705C38FF706038FFEF
:10B54800786030FF705C30FF786038FF785C30FFDF
:10B55800706038FF785C30FF706038FF785C30FFCF
:10B56800706030FF705C38FF785C30FF786030FFC7
:10B57800705C38FF786038FF706030FF785C38FFA7
:10B58800786038FF706030FF785C30FF706038FF9B
:10B59800785C30FF785C38FF706030FF785C38FF8B
:10B5A800785C38FF786030FF785C30FF705C38FF7B
:10B5B800786030FF786030FF705C38FF705C38FF6F
:10B5C800786030FF705C38FF706030FF786038FF5B
:10B5D800785C38FF706030FF705C38FF785C30FF53
:10B5E800786030FF705C38FF785C38FF706030FF3F
:10B5F800706038FF705C38FF786030FF705C30FF37
:10B60800786038FF706030FF705C30FF785C38FF1E
:10B61800706030FF785C30FF785C38FF706030FF16
:10B62800786038FF705C38FF706030FF786030FFFA
:10B63800705C38FF706030FF785C38FF705C30FFFA
:10B64800706038FF785C30FF706038FF786038FFD2
:10B65800785C30FF706030FF785C38FF706038FFCE
:10B66800706030FF785C30FF706038FF786030FFC2
:10B67800785C30FF705C38FF786030FF705C30FFBA
:10B68800705C38FF786030FF705C38FF786038FF96
:10B69800705C30FF786030FF706038FF705C30FF9E
:10B6A800786038FF786038FF705C30FF785C38FF6E
:10B6B800706038FF705C30FF785C38FF706030FF76
:10B6C800786030FF785C38FF705C30FF785C30FF62
:10B6D800706038FF705C30FF786030FF705C38FF56
:10B6E800785C38FF706030FF785C38FF705C30FF42
:10B6F800706030FF785C38FF785C30FF706030FF36
:10B70800785C38FF706030FF706038FF785C30FF1D
:10B71800706030FF786038FF785C30FF706038FF09
:10B72800785C38FF705C30FF706038FF785C30FF01
:10B73800706038FF786030FF705C38FF785C30FFED
:10B74800705C30FF706038FF785C30FF785C38FFE1
:10B75800706038FF786030FF705C38FF706030FFD1
:10B76800786030FF705C38FF785C30FF786030FFBD
:10B77800706038FF785C30FF706038FF706038FFA9
:10B78800785C30FF706038FF786038FF705C30FF9D
:10B79800786038FF705C30FF706038FF786030FF89
:10B7A800785C30FF705C38FF786030FF705C30FF89
:10B7B800706038FF786038FF705C30FF786030FF69
:10B7C800786038FF705C30FF786038FF705C30FF5D
:10B7D800705C38FF786038FF705C30FF706030FF55
:10B7E800785C38FF706038FF705C30FF785C38FF39
:10B7F800706038FF785C30FF786038FF706038FF21
:10B80800786030FF785C38FF706038FF785C30FF14
:10B81800786038FF705C38FF785C30FF706030FF0C
:10B82800785C38FF786030FF705C38FF785C38FFF0
:10B83800786030FF705C38FF706038FF786030FFE8
:10B84800705C38FF705C38FF786038FF806C48FFA8
:10B85800806C40FF706038FF785C38FF786030FF9C
:10B86800706038FF785C30FF786038FF706038FFB0
:10B87800785C30FF786038FF706038FF705C30FFAC
:10B88800786030FF706038FF705C30FF786038FF98
:10B89800706030FF785C38FF706030FF706030FF98
:10B8A800785C38FF786038FF705C30FF785C38FF70
:10B8B800786038FF705C30FF785C30FF706038FF6C
:10B8C800785C30FF706030FF705C38FF785C30FF68
:10B8D800706030FF705C38FF785C30FF706038FF54
:10B8E800705C38FF786038FF786030FF705C30FF3C
:10B8F800786038FF785C30FF705C38FF786038FF1C
:10B90800705C30FF706038FF785C30FF706038FF23
:10B91800705C30FF786038FF785C38FF706030FF0B
:10B92800786038FF705C38FF706030FF785C30FFFB
:10B93800785C38FF706030FF785C30FF705C38FFEF
:10B94800706030FF785C38FF785C38FF706030FFDB
:10B95800706038FF785C30FF706030FF706038FFCF
:10B96800785C30FF706038FF706038FF785C30FFBB
:10B97800705C38FF786030FF786038FF705C30FFAB
:10B98800785C30FF786038FF705C30FF705C30FFA7
:10B99800786038FF786038FF706030FF705C38FF7F
:10B9A800786030FF705C30FF786038FF785C30FF7B
:10B9B800786030FF706038FF705C30FF786038FF67
:10B9C800785C38FF786030FF706038FF785C38FF4B
:10B9D800706030FF706038FF785C30FF786030FF4F
:10B9E800705C30FF785C38FF786038FF705C30FF3F
:10B9F800786030FF786038FF705C30FF786038FF1F
:10BA0800785C30FF705C30FF706038FF785C30FF26
:10BA1800705C38FF786030FF785C38FF705C30FF0E
:10BA2800786038FF705C38FF705C30FF786038FFF2
:10BA3800705C38FF786030FF786038FF705C38FFE2
:10BA4800786030FF705C30FF705C38FF786030FFE2
:10BA5800785C30FF706038FF785C30FF705C30FFD6
:10BA6800706038FF786030FF705C30FF786038FFB6
:10BA7800786030FF705C38FF706038FF785C30FFAA
:10BA8800706038FF706038FF785C30FF786038FF8E
:10BA9800705C38FF786030FF705C38FF706030FF92
:10BAA800786030FF785C38FF706038FF786030FF6E
:10BAB800705C38FF706030FF785C38FF705C30FF76
:10BAC800786030FF785C38FF705C38FF706030FF5A
:10BAD800785C38FF705C30FF706030FF786038FF4A
:10BAE800785C30FF706030FF785C38FF705C38FF3E
:10BAF800706030FF786038FF785C38FF706030FF26
:10BB0800786038FF705C30FF706030FF785C38FF19
:10BB1800706030FF785C30FF785C38FF706038FF09
:10BB2800706030FF785C38FF706030FF705C38FF01
:10BB3800785C30FF786030FF705C38FF785C30FFED
:10BB4800706030FF705C38FF785C30FF786038FFD9
:10BB5800706030FF785C38FF705C38FF706030FFD1
:10BB6800786038FF705C38FF785C30FF786030FFB1
:10BB7800705C38FF705C38FF786030FF705C38FFAD
:10BB8800705C38FF786030FF786038FF705C30FF99
:10BB9800786030FF785C38FF706038FF785C30FF81
:10BBA800786030FF706038FF785C30FF706030FF7D
:10BBB800705C38FF785C30FF705C30FF706038FF75
:10BBC800785C30FF706030FF705C38FF786030FF61
:10BBD800706030FF785C38FF706038FF785C30FF49
:10BBE800706038FF705C30FF786030FF706038FF3D
:10BBF800785C30FF785C30FF706038FF785C30FF2D
:10BC0800786030FF706038FF786038FF806C40FFE4
:10BC1800806840FF706038FF705C30FF785C38FFE8
:10BC2800706030FF705C30FF786038FF705C30FF08
:10BC3800785C30FF786038FF705C38FF785C30FFE4
:10BC4800786038FF705C30FF785C30FF706038FFD8
:10BC5800705C38FF785C30FF786038FF705C30FFCC
:10BC6800706038FF786030FF705C30FF706038FFBC
:10BC7800786038FF785C30FF706038FF785C38FF98
:10BC8800785C30FF706038FF786030FF785C38FF90
:10BC9800706038FF785C30FF786030FF705C30FF90
:10BCA800705C38FF786030FF705C38FF706038FF78
:10BCB800786030FF705C30FF786030FF785C38FF68
:10BCC800705C30FF786038FF785C38FF706030FF58
:10BCD800785C30FF706038FF705C30FF785C30FF54
:10BCE800786038FF786038FF705C30FF706038FF2C
:10BCF800786038FF705C30FF786038FF705C30FF28
:10BD0800706030FF786038FF705C30FF786038FF13
:10BD1800705C38FF786030FF785C38FF705C30FF0B
:10BD2800706030FF785C38FF706030FF786038FFF3
:10BD3800705C38FF705C30FF786038FF706030FFEF
:10BD4800705C38FF786038FF786030FF705C30FFD7
:10BD5800705C38FF786030FF785C30FF706038FFC7
:10BD6800705C38FF786030FF706038FF705C38FFB7
:10BD7800785C30FF786038FF705C30FF705C30FFB3
:10BD8800786038FF705C30FF785C30FF786038FF8F
:10BD9800705C38FF705C30FF786038FF705C38FF8B
:10BDA800706030FF786030FF785C38FF705C38FF77
:10BDB800786030FF705C38FF706030FF786038FF63
:10BDC800785C38FF706030FF786030FF705C38FF57
:10BDD800706030FF786038FF705C30FF786030FF4B
:10BDE800786038FF705C30FF786030FF705C38FF37
:10BDF800706030FF785C30FF705C38FF786038FF27
:10BE0800786030FF705C38FF786038FF706030FF12
:10BE1800705C38FF785C38FF786030FF785C38FFFA
:10BE2800705C38FF706030FF785C38FF706030FFFE
:10BE3800785C30FF786038FF705C30FF785C30FFEA
:10BE4800706038FF705C30FF786030FF706038FFDA
:10BE5800785C30FF785C38FF706038FF785C30FFC2
:10BE6800706030FF705C38FF785C30FF786038FFB6
:10BE7800785C30FF706038FF706038FF785C30FFA6
:10BE8800706038FF786030FF785C30FF706038FF92
:10BE9800786038FF705C30FF705C38FF786038FF7E
:10BEA800705C30FF786030FF786038FF705C30FF7E
:10BEB800785C30FF706038FF705C30FF786038FF66
:10BEC800785C38FF786030FF706038FF705C38FF4E
:10BED800786030FF706038FF785C30FF785C38FF3E
:10BEE800705C38FF786030FF706038FF705C38FF36
:10BEF800786030FF706038FF785C30FF786038FF1A
:10BF0800706030FF785C30FF705C38FF706030FF25
:10BF1800785C30FF786038FF785C30FF705C30FF09
:10BF2800706038FF786030FF705C38FF786038FFE9
:10BF3800785C30FF706030FF786038FF705C30FFED
:10BF4800705C30FF786038FF705C38FF706030FFDD
:10BF5800786030FF705C38FF705C38FF786030FFC5
:10BF6800705C38FF785C38FF786030FF706038FFAD
:10BF7800786038FF785C30FF706038FF785C38FF95
:10BF8800785C30FF706038FF785C38FF705C30FF99
:10BF9800786030FF706038FF785C30FF706038FF81
:10BFA800785C38FF786030FF705C38FF706038FF6D
:10BFB800785C30FF706038FF705C38FF785C30FF69
:10BFC800706030FF785C38FF786038FF806C40FF25
:10BFD800806C48FF786038FF706030FF785C38FF0D
:10BFE800786038FF705C30FF785C38FF706038FF2D
:10BFF800706030FF705C30FF786030FF706038FF31
:10C00800705C38FF786030FF786038FF705C30FF14
:10C01800786030FF786038FF705C30FF785C38FFFC
:10C02800786030FF705C38FF785C30FF706030FFFC
:10C03800705C38FF786030FF706030FF705C38FFEC
:10C04800786038FF706030FF705C38FF786030FFD0
:10C05800705C38FF706038FF786030FF785C38FFBC
:10C06800706030FF785C30FF705C38FF786030FFBC
:10C07800705C38FF706038FF786030FF705C38FFA4
:10C08800706030FF786030FF705C38FF785C30FF9C
:10C09800786038FF706038FF705C30FF785C30FF84
:10C0A800706038FF705C30FF785C30FF786038FF74
:10C0B800705C30FF786038FF705C38FF786030FF64
:10C0C800785C38FF705C30FF786030FF705C38FF58
:10C0D800786030FF705C38FF786038FF786030FF38
:10C0E800705C38FF785C30FF785C30FF706038FF38
:10C0F800786030FF705C30FF785C38FF786038FF1C
:10C10800705C30FF705C38FF786038FF786030FF13
:10C11800705C38FF705C38FF786030FF785C38FFFF
:10C12800705C30FF786030FF785C38FF705C30FFFF
:10C13800706038FF785C38FF786030FF706038FFD7
:10C14800705C38FF786030FF705C30FF706038FFDB
:10C15800786030FF785C30FF706038FF785C38FFBB
:10C16800706030FF706038FF785C30FF706030FFBF
:10C17800705C38FF785C30FF706038FF705C30FFAF
:10C18800785C38FF706038FF785C30FF785C38FF87
:10C19800706038FF705C30FF786038FF705C38FF83
:10C1A800705C30FF786038FF786038FF705C30FF73
:10C1B800786038FF706030FF705C30FF786030FF67
:10C1C800705C38FF785C30FF786030FF705C38FF57
:10C1D800706030FF786038FF706030FF705C38FF47
:10C1E800786030FF785C38FF706038FF705C30FF33
:10C1F800785C38FF706038FF786030FF785C38FF13
:10C20800786030FF705C38FF785C38FF706030FF12
:10C21800706030FF785C38FF786030FF705C38FF02
:10C22800785C38FF706030FF706038FF785C30FFF2
:10C23800705C30FF786038FF785C30FF705C38FFE6
:10C24800706038FF785C30FF705C30FF786038FFD2
:10C25800786030FF785C38FF706030FF785C38FFBA
:10C26800706038FF705C30FF786038FF786030FFAE
:10C27800705C38FF785C30FF706030FF705C38FFAE
:10C28800785C30FF706030FF785C38FF785C30FF96
:10C29800706038FF705C30FF786030FF706030FF8E
:10C2A800785C38FF786030FF785C30FF705C38FF6E
:10C2B800786038FF705C30FF705C38FF786038FF5A
:10C2C800786038FF705C30FF786038FF706038FF46
:10C2D800705C30FF786038FF706038FF785C30FF42
:10C2E800785C30FF706038FF706030FF785C38FF32
:10C2F800706030FF785C38FF786038FF786030FF16
:10C30800705C30FF786038FF785C30FF705C38FF15
:10C31800786038FF786030FF705C30FF706038FFFD
:10C32800786030FF705C30FF705C38FF786030FFF9
:10C33800705C30FF706038FF786030FF705C30FFF1
:10C34800706038FF786030FF785C38FF705C38FFC9
:10C35800786030FF785C38FF705C30FF706030FFC9
:10C36800786038FF785C30FF705C30FF786038FFA9
:10C37800786030FF705C30FF786038FF706038FF9D
:10C38800705C30FF705C30FF786038FF806C48FF6D
:10C39800806C48FF786038FF705C30FF786030FF51
:10C3A800706038FF785C30FF786030FF706038FF6D
:10C3B800785C38FF785C30FF706038FF785C30FF5D
:10C3C800705C30FF786038FF705C38FF705C30FF5D
:10C3D800786038FF706030FF705C38FF786030FF3D
:10C3E800706038FF705C38FF786038FF785C30FF29
:10C3F800705C38FF786038FF705C30FF785C30FF25
:10C40800786038FF705C30FF785C30FF786038FF08
:10C41800705C30FF705C30FF786038FF706038FF08
:10C42800785C30FF706038FF786030FF785C30FFF0
:10C43800705C38FF786038FF785C30FF705C38FFDC
:10C44800786038FF705C30FF706038FF785C30FFD0
:10C45800706030FF785C38FF786038FF706030FFBC
:10C46800785C38FF706038FF786030FF705C30FFB0
:10C47800705C38FF786030FF706030FF785C38FFA0
:10C48800706038FF785C30FF706038FF786030FF8C
:10C49800705C30FF705C38FF786030FF706038FF88
:10C4A800705C38FF786030FF706038FF705C38FF70
:10C4B800785C30FF786038FF706030FF785C30FF60
:10C4C800706030FF785C38FF705C30FF786030FF58
:10C4D800786038FF705C30FF706038FF786030FF3C
:10C4E800705C38FF706038FF786030FF785C30FF30
:10C4F800706038FF705C30FF786030FF785C38FF20
:10C50800705C38FF786030FF706038FF785C38FF07
:10C51800785C30FF706038FF785C30FF785C30FF03
:10C52800706038FF785C38FF785C30FF706038FFE7
:10C53800786038FF785C30FF786030FF705C38FFD7
:10C54800706030FF786030FF705C38FF786030FFD3
:10C55800785C30FF706038FF785C30FF786038FFB7
:10C56800705C30FF786038FF705C30FF785C38FFB3
:10C57800786038FF705C38FF786030FF705C38FF97
:10C58800706038FF786030FF705C38FF785C30FF8F
:10C59800786038FF705C30FF785C38FF706030FF7F
:10C5A800786030FF785C38FF706030FF786030FF6B
:10C5B800705C38FF706030FF705C38FF786030FF67
:10C5C800706038FF785C30FF785C38FF706030FF4F
:10C5D800705C38FF786030FF706030FF705C38FF47
:10C5E800786030FF786038FF705C38FF706030FF2B
:10C5F800786038FF705C30FF786030FF786038FF13
:10C60800705C30FF706038FF785C38FF705C30FF1A
:10C61800706038FF785C30FF786030FF706030FF02
:10C62800785C38FF705C38FF705C30FF786038FFEA
:10C63800706038FF785C30FF786038FF706038FFD2
:10C64800705C30FF786038FF705C30FF786038FFCE
:10C65800785C30FF705C38FF706038FF786030FFBE
:10C66800705C38FF706038FF785C30FF786030FFAE
:10C67800706038FF785C30FF706030FF705C30FFAE
:10C68800785C38FF706030FF785C30FF785C38FF8A
:10C69800706030FF705C30FF786038FF706038FF82
:10C6A800785C30FF785C38FF706030FF705C30FF7A
:10C6B800785C38FF706030FF705C38FF785C38FF5A
:10C6C800706030FF706038FF785C30FF705C30FF5E
:10C6D800706038FF785C30FF785C38FF706038FF36
:10C6E800786030FF785C38FF706038FF785C30FF26
:10C6F800785C38FF706038FF785C30FF785C38FF12
:10C70800706030FF706030FF785C38FF706030FF19
:10C71800706038FF785C38FF706030FF785C38FFF5
:10C72800706030FF705C38FF786038FF705C30FFF5
:10C73800705C38FF786030FF785C30FF786038FFD5
:10C74800786038FF705C30FF786038FF806C48FF95
:10C75800806C40FF786038FF705C30FF706038FF95
:10C76800785C38FF705C30FF706030FF785C38FFB1
:10C77800705C30FF786038FF706038FF785C30FF9D
:10C78800786038FF706030FF785C30FF786038FF81
:10C79800705C38FF785C30FF706038FF785C30FF81
:10C7A800785C30FF706038FF786030FF705C30FF75
:10C7B800786038FF706038FF785C30FF706038FF51
:10C7C800706030FF785C38FF706038FF786030FF49
:10C7D800785C38FF705C30FF786038FF705C30FF41
:10C7E800785C38FF706038FF706030FF785C38FF25
:10C7F800706030FF785C30FF706038FF786030FF21
:10C80800785C30FF706038FF785C38FF706030FF0C
:10C81800705C30FF785C38FF706030FF785C30FF08
:10C82800705C38FF786038FF706030FF785C38FFE4
:10C83800786038FF705C30FF785C30FF706038FFDC
:10C84800785C30FF706038FF785C38FF786030FFC4
:10C85800705C38FF786030FF785C30FF705C38FFC0
:10C86800786030FF785C30FF706038FF785C30FFAC
:10C87800705C38FF706038FF785C30FF706038FF9C
:10C88800786038FF706030FF705C38FF785C38FF84
:10C89800706030FF785C30FF785C38FF706030FF84
:10C8A800785C38FF705C38FF706030FF786038FF64
:10C8B800785C30FF706038FF705C30FF786030FF64
:10C8C800785C38FF706030FF785C30FF705C38FF50
:10C8D800706030FF706038FF785C38FF706030FF40
:10C8E800706030FF785C38FF706030FF705C38FF34
:10C8F800786030FF706038FF785C38FF786030FF10
:10C90800705C38FF785C30FF706038FF706038FF0B
:10C91800785C30FF705C38FF706030FF786030FF03
:10C92800705C38FF706030FF785C30FF706030FFFB
:10C93800705C38FF785C30FF786038FF705C30FFDF
:10C94800785C30FF706038FF706038FF785C30FFCB
:10C95800706030FF785C38FF705C38FF786030FFBB
:10C96800705C38FF705C38FF786030FF785C38FFA7
:10C97800786030FF705C38FF785C30FF706038FF9B
:10C98800705C30FF786030FF706038FF785C38FF8B
:10C99800785C30FF706038FF785C38FF705C30FF7F
:10C9A800786030FF785C38FF705C30FF786038FF63
:10C9B800785C38FF705C30FF706038FF785C30FF5F
:10C9C800786030FF706038FF785C30FF706038FF47
:10C9D800705C38FF785C30FF706038FF705C38FF3F
:10C9E800786030FF786030FF705C38FF785C30FF2B
:10C9F800706030FF705C38FF785C30FF786030FF23
:10CA0800706038FF785C38FF706030FF706038FF06
:10CA1800785C30FF786038FF705C38FF785C30FFF6
:10CA2800706030FF705C38FF786030FF705C38FFF2
:10CA3800705C30FF786038FF786038FF705C30FFDA
:10CA4800786038FF706038FF705C30FF786038FFBE
:10CA5800785C38FF705C30FF786030FF705C38FFBE
:10CA6800706038FF786030FF785C38FF706038FF9E
:10CA7800786030FF705C30FF706038FF785C30FFA2
:10CA8800786038FF705C38FF786030FF786038FF76
:10CA9800705C30FF706038FF785C30FF705C30FF8E
:10CAA800706038FF785C30FF706030FF706038FF6E
:10CAB800785C30FF706030FF706038FF785C38FF5A
:10CAC800785C30FF706038FF785C30FF786030FF4A
:10CAD800705C38FF706030FF785C38FF786030FF3A
:10CAE800705C38FF786030FF786030FF705C38FF2A
:10CAF800706038FF785C38FF705C30FF706030FF22
:10CB0800785C38FF706038FF786038FF806C40FFD1
:10CB1800806840FF786038FF706038FF785C30FFCD
:10CB2800786038FF706038FF785C30FF706038FFDD
:10CB3800786030FF705C30FF706038FF785C38FFD9
:10CB4800706030FF705C38FF786030FF706038FFCD
:10CB5800785C30FF706030FF786038FF705C38FFB9
:10CB6800705C30FF786038FF705C30FF786030FFB1
:10CB7800705C38FF785C30FF786030FF705C38FF9D
:10CB8800785C30FF706038FF705C30FF786038FF89
:10CB9800706030FF785C38FF706030FF786030FF7D
:10CBA800785C38FF705C30FF786038FF705C38FF65
:10CBB800786030FF705C38FF705C38FF786030FF59
:10CBC800705C30FF786038FF786030FF705C38FF49
:10CBD800786038FF706030FF785C38FF706030FF35
:10CBE800785C30FF705C38FF786030FF705C30FF35
:10CBF800706038FF786038FF705C30FF786038FF0D
:10CC0800705C30FF705C30FF786038FF705C38FF14
:10CC1800706030FF786038FF705C38FF706030FFFC
:10CC2800785C38FF706038FF785C30FF786030FFE0
:10CC3800706038FF785C30FF705C30FF785C38FFDC
:10CC4800786030FF705C30FF786038FF706038FFC4
:10CC5800705C30FF786038FF706030FF785C30FFC0
:10CC6800786030FF785C38FF705C30FF706038FFA8
:10CC7800785C38FF785C30FF706038FF706038FF90
:10CC8800785C30FF706038FF786038FF785C30FF80
:10CC9800706030FF785C38FF786038FF705C30FF78
:10CCA800785C38FF786030FF705C38FF785C30FF64
:10CCB800705C30FF706038FF705C30FF786038FF60
:10CCC800786030FF705C38FF785C30FF706038FF48
:10CCD800786030FF785C38FF706038FF785C30FF30
:10CCE800785C38FF706038FF786030FF705C38FF20
:10CCF800706030FF786030FF705C38FF786038FF14
:10CD0800785C30FF706030FF785C38FF706038FF07
:10CD1800786030FF706038FF785C30FF706030FFFB
:10CD2800786038FF705C30FF705C38FF786030FFE7
:10CD3800705C38FF786030FF786038FF705C38FFCF
:10CD4800785C30FF706038FF706030FF785C30FFCF
:10CD5800706038FF786030FF785C38FF706038FFAB
:10CD6800706030FF785C30FF706038FF706030FFB3
:10CD7800785C30FF706038FF705C38FF785C30FF9B
:10CD8800706038FF785C30FF786030FF706038FF83
:10CD9800785C30FF786030FF705C38FF785C38FF73
:10CDA800706030FF786030FF785C38FF706038FF63
:10CDB800786030FF705C38FF785C38FF706030FF57
:10CDC800785C30FF785C38FF706030FF705C30FF53
:10CDD800786038FF706030FF785C30FF786038FF2B
:10CDE800705C38FF786030FF786038FF705C30FF27
:10CDF800785C38FF706030FF785C38FF785C30FF13
:10CE0800706030FF785C38FF706030FF786030FF0A
:10CE1800705C38FF786038FF785C30FF705C30FFFA
:10CE2800706038FF785C30FF705C38FF786038FFDE
:10CE3800785C30FF706038FF785C30FF786030FFD6
:10CE4800705C38FF705C30FF786038FF785C38FFC2
:10CE5800706030FF786038FF785C30FF706038FFB2
:10CE6800785C38FF785C30FF706038FF785C38FF9A
:10CE7800785C30FF706030FF706038FF785C30FF9E
:10CE8800706038FF705C38FF786030FF705C38FF86
:10CE9800785C30FF786030FF705C38FF705C30FF82
:10CEA800786038FF705C38FF785C30FF786030FF5E
:10CEB800706038FF785C30FF706038FF705C30FF5E
:10CEC800785C30FF706038FF786038FF806C40FF16
:10CED800806C48FF706038FF705C30FF786030FF0E
:10CEE800705C30FF785C38FF706038FF785C30FF2A
:10CEF800785C38FF706030FF785C30FF786038FF0E
:10CF0800705C30FF785C38FF706038FF705C30FF11
:10CF1800785C38FF706030FF785C38FF786030FFED
:10CF2800706038FF785C38FF706030FF785C38FFDD
:10CF3800706038FF706030FF785C38FF706038FFD1
:10CF4800785C30FF786030FF705C38FF705C30FFD1
:10CF5800786038FF705C38FF705C30FF786038FFAD
:10CF6800706030FF785C30FF705C38FF786030FFAD
:10CF7800786030FF705C38FF786030FF705C38FF95
:10CF8800705C38FF786030FF705C30FF785C38FF89
:10CF9800786030FF705C38FF786038FF706038FF69
:10CFA800785C30FF786038FF705C38FF785C30FF61
:10CFB800706030FF785C38FF786038FF706030FF51
:10CFC800785C38FF786030FF706030FF785C38FF3D
:10CFD800785C30FF706038FF785C30FF786030FF35
:10CFE800706038FF705C38FF785C30FF706038FF25
:10CFF800786030FF705C38FF706038FF786030FF11
:10D00800705C38FF785C30FF786030FF705C38FF08
:10D01800785C30FF706038FF705C38FF706038FFF4
:10D02800786030FF706030FF785C38FF706030FFE8
:10D03800786030FF785C38FF706030FF785C38FFCC
:10D04800705C30FF706030FF785C38FF706038FFCC
:10D05800785C30FF706030FF705C30FF786038FFBC
:10D06800706038FF705C30FF786038FF786038FF98
:10D07800785C30FF705C30FF786038FF705C30FFA0
:10D08800706038FF786030FF705C38FF785C30FF84
:10D09800706030FF785C38FF706030FF706030FF80
:10D0A800785C38FF785C38FF706030FF785C38FF58
:10D0B800786038FF705C30FF706038FF786038FF48
:10D0C800705C30FF785C30FF786038FF705C30FF50
:10D0D800705C38FF786030FF705C38FF785C38FF30
:10D0E800786030FF706030FF785C38FF706038FF20
:10D0F800705C30FF785C30FF706038FF785C30FF20
:10D10800786038FF705C38FF785C30FF706038FFFB
:10D11800705C30FF785C30FF706038FF785C30FFFF
:10D12800705C38FF786038FF785C30FF705C38FFDF
:10D13800786030FF786038FF705C30FF786038FFC7
:10D14800705C38FF705C30FF786038FF705C38FFC7
:10D15800706030FF786038FF705C30FF786030FFB7
:10D16800705C38FF705C38FF786030FF705C30FFAF
:10D17800786038FF786030FF705C38FF706038FF87
:10D18800786030FF705C38FF785C38FF786030FF7B
:10D19800705C38FF705C30FF786030FF705C38FF7F
:10D1A800706030FF785C38FF705C30FF786038FF63
:10D1B800706030FF705C38FF786030FF706038FF57
:10D1C800705C30FF785C38FF786038FF705C30FF47
:10D1D800706030FF786038FF705C38FF786030FF2F
:10D1E800786030FF705C38FF706030FF785C30FF2B
:10D1F800705C38FF706038FF786030FF705C38FF13
:10D20800706030FF786030FF705C38FF705C30FF12
:10D21800786030FF705C38FF706038FF786030FFEE
:10D22800705C30FF706038FF786030FF705C38FFEA
:10D23800785C38FF786030FF705C38FF785C30FFCE
:10D24800786030FF706038FF705C38FF786030FFBE
:10D25800706038FF785C38FF706030FF786038FFA6
:10D26800705C30FF706038FF705C38FF786030FFAA
:10D27800705C30FF786038FF786038FF705C30FF92
:10D28800786038FF785C30FF786038FF806C48FF42
:10D29800806840FF786038FF706038FF785C30FF46
:10D2A800706038FF706030FF785C30FF706038FF66
:10D2B800706038FF785C30FF706038FF705C30FF5A
:10D2C800786030FF786038FF705C30FF786030FF3E
:10D2D800785C38FF705C38FF706030FF785C30FF36
:10D2E800706038FF785C30FF785C30FF706038FF22
:10D2F800785C30FF706030FF705C38FF786030FF1A
:10D30800706038FF785C38FF786030FF705C30FF01
:10D31800786038FF786030FF705C38FF785C38FFE1
:10D32800706030FF706038FF785C38FF706030FFE5
:10D33800705C38FF786030FF786030FF705C38FFD1
:10D34800786038FF706030FF705C38FF786030FFBD
:10D35800705C30FF705C38FF786030FF705C30FFC5
:10D36800706038FF786030FF705C38FF786038FF95
:10D37800785C30FF705C30FF706038FF785C30FF9D
:10D38800705C38FF706038FF785C30FF706030FF89
:10D39800705C38FF785C30FF706038FF785C30FF75
:10D3A800705C30FF786038FF706030FF705C38FF69
:10D3B800785C30FF786030FF706038FF705C38FF51
:10D3C800786030FF706038FF705C38FF786030FF3D
:10D3D800786030FF785C38FF705C30FF785C38FF2D
:10D3E800706038FF705C30FF785C38FF786038FF19
:10D3F800705C30FF706038FF785C30FF786030FF19
:10D40800706038FF785C30FF705C30FF706038FF08
:10D41800785C38FF786030FF705C38FF785C30FFEC
:10D42800786030FF705C38FF706030FF786038FFDC
:10D43800705C38FF786030FF786038FF705C38FFC8
:10D44800785C30FF706038FF785C30FF706038FFC0
:10D45800705C38FF785C30FF786038FF706030FFB0
:10D46800705C30FF786038FF705C30FF786030FFA8
:10D47800785C38FF705C30FF786030FF705C38FF94
:10D48800706038FF786030FF705C38FF785C30FF80
:10D49800786030FF705C38FF706030FF785C38FF70
:10D4A800706030FF785C38FF786030FF706038FF5C
:10D4B800785C30FF706038FF705C30FF786030FF58
:10D4C800706038FF785C30FF786038FF706038FF34
:10D4D800785C30FF706038FF786030FF705C30FF38
:10D4E800786038FF706030FF705C38FF785C30FF20
:10D4F800706038FF785C30FF786030FF706038FF0C
:10D50800785C30FF706030FF785C38FF785C30FF03
:10D51800706038FF785C38FF706030FF786030FFEB
:10D52800785C38FF706038FF705C30FF785C38FFDB
:10D53800706030FF705C30FF785C38FF786030FFD7
:10D54800706030FF705C38FF786030FF786038FFBB
:10D55800705C38FF786038FF785C30FF706038FFA7
:10D56800786030FF705C30FF785C38FF706030FFA7
:10D57800786038FF785C30FF705C38FF786038FF7F
:10D58800706030FF785C30FF705C38FF786038FF7F
:10D59800785C30FF705C30FF706038FF785C38FF73
:10D5A800785C30FF706038FF786030FF785C30FF5F
:10D5B800706038FF785C30FF785C38FF706038FF47
:10D5C800785C30FF786038FF706038FF785C30FF37
:10D5D800785C30FF706038FF785C30FF785C30FF33
:10D5E800706038FF785C30FF706030FF706038FF23
:10D5F800785C30FF706038FF706038FF785C30FF0F
:10D60800785C30FF706038FF785C30FF785C30FF02
:10D61800706038FF705C30FF786038FF785C30FFEE
:10D62800786030FF705C30FF786038FF705C38FFDE
:10D63800785C30FF706038FF785C30FF706038FFCE
:10D64800706030FF705C38FF786038FF806C40FF96
:10D65800806C40FF786038FF705C30FF786038FF7E
:10D66800785C38FF705C30FF786030FF785C38FF9A
:10D67800705C30FF786038FF705C38FF705C30FF9A
:10D68800786038FF705C38FF705C30FF786038FF76
:10D69800706030FF785C38FF706030FF705C38FF76
:10D6A800786030FF706038FF705C38FF786030FF5A
:10D6B800785C38FF785C38FF706030FF785C30FF4A
:10D6C800705C38FF706038FF786030FF705C38FF3E
:10D6D800785C30FF706030FF786038FF785C30FF2E
:10D6E800705C30FF786038FF785C30FF705C38FF22
:10D6F800706038FF785C30FF705C38FF786030FF0E
:10D70800785C30FF705C38FF786038FF786030FFF5
:10D71800705C38FF786038FF785C30FF705C30FFF1
:10D72800786038FF705C30FF706030FF786038FFD9
:10D73800705C38FF706030FF786030FF785C38FFCD
:10D74800706030FF785C38FF786038FF706030FFB9
:10D75800785C38FF706038FF706030FF785C38FFA5
:10D76800785C38FF706030FF786038FF785C30FF95
:10D77800705C38FF786030FF785C30FF705C38FF91
:10D78800786030FF705C30FF705C38FF786038FF7D
:10D79800706030FF705C30FF786038FF786030FF71
:10D7A800705C30FF786038FF706030FF705C30FF6D
:10D7B800785C38FF706038FF705C30FF785C38FF49
:10D7C800786038FF705C38FF786030FF786030FF31
:10D7D800705C38FF706038FF786030FF705C38FF2D
:10D7E800786030FF785C38FF705C30FF706030FF25
:10D7F800785C38FF706030FF705C30FF785C38FF11
:10D80800786030FF705C30FF786038FF786030FFF8
:10D81800705C38FF786030FF705C38FF785C38FFE8
:10D82800786030FF705C38FF706038FF706030FFE0
:10D83800785C38FF706038FF785C30FF785C30FFC8
:10D84800706038FF786038FF705C30FF706038FFB8
:10D85800786038FF785C30FF706030FF786038FFA0
:10D86800705C38FF705C30FF786030FF705C38FFA8
:10D87800786038FF786030FF705C38FF705C38FF84
:10D88800786030FF705C30FF705C38FF786030FF84
:10D89800785C38FF705C38FF706030FF785C38FF68
:10D8A800785C30FF706038FF786030FF705C38FF5C
:10D8B800706038FF705C30FF785C38FF706038FF4C
:10D8C800786030FF705C38FF706030FF786030FF40
:10D8D800785C38FF705C30FF706038FF785C38FF28
:10D8E800786030FF706030FF785C38FF786038FF10
:10D8F800706030FF705C38FF786038FF785C30FF0C
:10D90800705C38FF706030FF785C30FF705C30FF0F
:10D91800706038FF786030FF705C38FF785C38FFE3
:10D92800706030FF786038FF705C38FF786030FFD7
:10D93800705C38FF706030FF785C30FF705C38FFD7
:10D94800786030FF706038FF705C30FF786038FFB7
:10D95800705C38FF786030FF706030FF705C38FFB3
:10D96800785C38FF706030FF705C38FF786038FF93
:10D97800706030FF705C30FF786038FF705C30FF9B
:10D98800785C30FF706038FF705C30FF786038FF7B
:10D99800706038FF705C30FF786038FF706038FF67
:10D9A800785C38FF785C30FF706038FF785C30FF57
:10D9B800785C30FF706038FF786030FF705C38FF4B
:10D9C800706038FF786030FF705C38FF786038FF2F
:10D9D800705C30FF786030FF705C38FF706038FF33
:10D9E800785C30FF786038FF706030FF785C30FF1B
:10D9F800706038FF705C30FF785C30FF786038FF0B
:10DA0800705C30FF785C30FF786038FF806C48FFCE
:10DA1800806C48FF706038FF705C30FF786030FFC2
:10DA2800706038FF705C38FF786030FF706038FFD6
:10DA3800785C30FF786030FF786038FF705C30FFCA
:10DA4800786038FF786030FF705C38FF786030FFAE
:10DA5800705C38FF786030FF785C38FF706030FFAA
:10DA6800785C38FF785C30FF706030FF706038FF9A
:10DA7800705C30FF786038FF786030FF705C38FF8A
:10DA8800785C30FF706030FF785C38FF706038FF7A
:10DA9800705C30FF785C38FF706038FF706030FF72
:10DAA800785C38FF706030FF786030FF785C38FF52
:10DAB800706030FF785C38FF706038FF706030FF4E
:10DAC800785C30FF705C38FF706030FF785C38FF3E
:10DAD800706030FF786038FF705C38FF786030FF26
:10DAE800785C38FF705C38FF786030FF785C30FF16
:10DAF800705C38FF786038FF705C30FF706038FF0A
:10DB0800785C30FF706030FF705C38FF785C30FF05
:10DB1800786030FF705C38FF786030FF706038FFE5
:10DB2800705C30FF785C30FF706038FF706038FFE1
:10DB3800705C30FF786038FF705C38FF786030FFC9
:10DB4800786038FF785C30FF705C30FF786038FFB1
:10DB5800705C38FF705C30FF786038FF705C30FFB5
:10DB6800785C38FF786038FF706030FF785C30FF91
:10DB7800786038FF706030FF705C30FF786038FF85
:10DB8800705C30FF706038FF785C38FF785C30FF7D
:10DB9800706030FF785C38FF705C30FF706038FF71
:10DBA800706038FF785C30FF786038FF705C30FF59
:10DBB800786038FF705C38FF706030FF786038FF3D
:10DBC800705C38FF706030FF785C38FF705C30FF45
:10DBD800786030FF706038FF705C30FF786038FF25
:10DBE800705C30FF785C30FF786038FF705C30FF25
:10DBF800786030FF706038FF705C38FF786030FF05
:10DC0800785C30FF705C38FF786030FF705C30FF04
:10DC1800785C38FF706038FF785C30FF786030FFE0
:10DC2800705C38FF786030FF705C38FF705C30FFE4
:10DC3800786030FF785C38FF706030FF785C38FFC0
:10DC4800786030FF706038FF705C30FF786030FFBC
:10DC5800705C38FF786030FF706038FF785C38FFA0
:10DC6800705C30FF786030FF785C38FF786030FF98
:10DC7800706030FF785C38FF705C30FF786030FF90
:10DC8800785C38FF705C38FF706030FF786038FF70
:10DC9800705C30FF786030FF705C38FF705C38FF74
:10DCA800786030FF705C30FF705C38FF786030FF60
:10DCB800785C30FF706038FF706030FF785C38FF48
:10DCC800786038FF706038FF785C30FF705C38FF30
:10DCD800786030FF705C30FF706038FF785C30FF30
:10DCE800785C30FF706038FF785C30FF705C38FF1C
:10DCF800786030FF786038FF705C38FF786030FFFC
:10DD0800785C38FF705C30FF786030FF705C38FFFB
:10DD1800786030FF785C38FF706030FF786030FFE3
:10DD2800785C38FF706030FF785C38FF785C38FFCB
:10DD3800706030FF786038FF705C38FF786030FFC3
:10DD4800706038FF785C30FF785C30FF706038FFB7
:10DD5800785C30FF785C30FF706038FF706030FFAF
:10DD6800785C30FF706038FF706038FF785C30FF97
:10DD7800705C38FF786030FF785C30FF705C38FF8B
:10DD8800786030FF705C30FF786038FF705C38FF77
:10DD9800786030FF785C38FF706030FF705C38FF67
:10DDA800785C38FF706030FF705C38FF786038FF4F
:10DDB800786030FF705C38FF786038FF706030FF43
:10DDC800785C38FF706038FF786038FF806C40FFFF
:10DDD800806840FF786038FF786038FF705C30FFFB
:10DDE800785C30FF786038FF705C38FF705C30FF1B
:10DDF800706038FF785C38FF706030FF705C38FF07
:10DE0800785C30FF706030FF785C38FF705C30FF02
:10DE1800786030FF705C38FF786030FF706038FFE2
:10DE2800705C38FF785C30FF786038FF705C30FFDA
:10DE3800705C38FF786030FF706038FF705C38FFC6
:10DE4800786030FF785C30FF706038FF786030FFB2
:10DE5800785C30FF706038FF785C30FF705C38FFAA
:10DE6800786038FF705C30FF706038FF786030FF92
:10DE7800785C30FF706038FF785C30FF706038FF86
:10DE8800786038FF786030FF705C38FF705C30FF76
:10DE9800786030FF705C38FF706030FF786030FF6A
:10DEA800705C38FF706038FF786030FF705C30FF5E
:10DEB800786038FF785C30FF706038FF785C38FF36
:10DEC800786030FF705C38FF706038FF786030FF32
:10DED800705C38FF785C30FF786038FF706030FF26
:10DEE800785C38FF786030FF705C30FF785C38FF12
:10DEF800786030FF705C38FF706030FF705C38FF0E
:10DF0800786038FF706038FF785C30FF786030FFE9
:10DF1800786038FF785C38FF706030FF706038FFD9
:10DF2800785C30FF705C38FF705C38FF786030FFD9
:10DF3800785C38FF705C38FF786030FF786030FFBD
:10DF4800705C38FF706030FF786038FF705C30FFBD
:10DF5800706038FF785C30FF785C38FF786030FF9D
:10DF6800705C30FF706038FF785C30FF706038FF9D
:10DF7800785C30FF785C30FF786038FF705C30FF89
:10DF8800786030FF786038FF705C38FF705C30FF75
:10DF9800786038FF785C38FF706030FF786030FF59
:10DFA800705C38FF706038FF785C30FF785C38FF51
:10DFB800706030FF785C30FF706038FF706038FF49
:10DFC800785C30FF706038FF786038FF785C30FF2D
:10DFD800706030FF705C38FF785C38FF706030FF2D
:10DFE800786038FF785C38FF706030FF786038FF01
:10DFF800705C38FF705C30FF786030FF706038FF0D
:10E00800785C38FF785C30FF706038FF785C38FFE8
:10E01800786030FF705C30FF786038FF706030FFE8
:10E02800705C38FF706038FF785C30FF705C38FFD8
:10E03800786030FF786038FF705C38FF706030FFC0
:10E04800786038FF785C30FF785C38FF706038FFA4
:10E05800785C30FF786038FF706030FF785C30FFA4
:10E06800786038FF705C38FF706030FF785C38FF8C
:10E07800785C38FF706030FF785C30FF705C30FF90
:10E08800706038FF785C30FF706038FF786038FF68
:10E09800785C30FF706038FF786038FF705C30FF64
:10E0A800706038FF786030FF705C38FF706030FF58
:10E0B800785C30FF705C38FF706030FF786030FF4C
:10E0C800705C38FF786038FF706030FF785C30FF34
:10E0D800705C38FF706038FF785C30FF705C38FF28
:10E0E800706030FF786030FF705C38FF705C30FF24
:10E0F800786030FF785C38FF705C30FF706038FF04
:10E10800786038FF705C30FF786038FF706038FFE7
:10E11800705C30FF786038FF785C38FF705C30FFE7
:10E12800786030FF785C38FF706030FF786038FFC7
:10E13800705C38FF706030FF785C38FF706038FFC3
:10E14800785C30FF785C38FF706030FF706030FFBB
:10E15800785C38FF706030FF785C30FF786038FF9B
:10E16800706030FF785C30FF705C38FF786030FF9B
:10E17800705C30FF785C38FF706030FF705C30FF97
:10E18800786038FF705C30FF786038FF806C40FF43
:10E19800806C48FF786038FF705C30FF706038FF33
:10E1A800785C30FF786030FF706038FF785C30FF53
:10E1B800786030FF705C38FF785C30FF786038FF3B
:10E1C800706038FF705C30FF786038FF786038FF27
:10E1D800705C30FF706038FF785C30FF785C30FF2F
:10E1E800706038FF706030FF785C38FF786038FF07
:10E1F800785C30FF705C30FF786038FF705C30FF0F
:10E20800786038FF705C38FF705C30FF786038FFEA
:10E21800706038FF785C30FF706030FF786038FFDE
:10E22800785C30FF705C38FF705C38FF786030FFD6
:10E23800705C38FF705C30FF786030FF785C38FFC6
:10E24800705C30FF786030FF785C38FF706038FFB2
:10E25800785C30FF785C38FF706030FF785C38FF9E
:10E26800705C30FF786030FF705C38FF706038FF9A
:10E27800786030FF705C30FF705C38FF786030FF8A
:10E28800785C30FF706038FF785C30FF786038FF6A
:10E29800705C38FF706030FF785C30FF705C38FF6E
:10E2A800706038FF786038FF705C30FF786038FF46
:10E2B800786030FF705C30FF785C38FF786030FF42
:10E2C800705C30FF705C38FF706038FF705C30FF46
:10E2D800705C30FF786038FF785C30FF706030FF2A
:10E2E800786038FF785C30FF706030FF706038FF0E
:10E2F800785C30FF705C38FF786038FF705C30FF06
:10E30800785C38FF786030FF705C30FF786038FFE9
:10E31800706038FF706030FF785C38FF786030FFDD
:10E32800705C38FF785C38FF706030FF786038FFC9
:10E33800705C30FF706038FF785C38FF705C30FFCD
:10E34800706030FF785C38FF786030FF706030FFB5
:10E35800785C38FF705C30FF786038FF785C38FF95
:10E36800706030FF706038FF785C30FF706038FF95
:10E37800785C38FF785C30FF706030FF785C38FF7D
:10E38800705C30FF706030FF785C38FF706038FF79
:10E39800706030FF785C30FF706038FF705C30FF71
:10E3A800785C30FF706038FF785C30FF786030FF51
:10E3B800705C38FF786038FF705C30FF705C30FF4D
:10E3C800786038FF705C30FF706030FF786038FF2D
:10E3D800705C30FF705C38FF785C30FF786030FF2D
:10E3E800706038FF785C30FF706038FF705C38FF11
:10E3F800785C30FF706030FF785C38FF705C30FF0D
:10E40800706030FF786038FF705C30FF705C30FF00
:10E41800786038FF705C38FF705C30FF786030FFE0
:10E42800705C38FF786030FF786030FF705C38FFD0
:10E43800706038FF786030FF785C38FF706038FFB4
:10E44800785C30FF785C30FF706038FF705C30FFBC
:10E45800785C30FF786038FF705C30FF785C38FF9C
:10E46800706030FF785C38FF786038FF706030FF8C
:10E47800785C38FF785C38FF706030FF705C38FF7C
:10E48800785C30FF706038FF786038FF705C30FF70
:10E49800786038FF706030FF785C38FF785C38FF50
:10E4A800706030FF786038FF705C38FF706030FF54
:10E4B800786038FF705C30FF785C30FF786038FF38
:10E4C800705C30FF785C30FF706038FF785C30FF3C
:10E4D800706038FF706030FF785C38FF706038FF1C
:10E4E800705C30FF785C38FF705C30FF786030FF1C
:10E4F800786038FF705C30FF706038FF786030FFFC
:10E50800705C38FF706038FF785C30FF785C38FFEB
:10E51800706038FF705C30FF786038FF705C38FFDF
:10E52800786030FF705C38FF786038FF706030FFCB
:10E53800785C38FF706038FF785C30FF786038FFAF
:10E54800705C30FF706038FF786038FF806C48FF7F
:10E55800806840FF706038FF706030FF785C38FF7B
:10E56800706038FF705C30FF786038FF705C38FF8F
:10E57800786030FF706030FF705C38FF786030FF83
:10E58800785C30FF705C38FF706030FF785C38FF73
:10E59800706038FF786030FF705C38FF785C38FF57
:10E5A800786030FF706030FF705C38FF786030FF53
:10E5B800706030FF785C38FF706030FF786030FF43
:10E5C800705C38FF786030FF785C30FF705C38FF33
:10E5D800706038FF785C30FF705C38FF706030FF27
:10E5E800786030FF785C38FF706030FF786038FF03
:10E5F800785C38FF706030FF706038FF785C38FFF7
:10E60800705C30FF706038FF786030FF705C38FFF6
:10E61800706030FF786038FF785C38FF706030FFDA
:10E62800786038FF785C30FF705C38FF786038FFBE
:10E63800785C30FF706038FF706038FF785C30FFBE
:10E64800706038FF705C30FF785C30FF706038FFB6
:10E65800786030FF705C38FF786030FF785C30FF9E
:10E66800705C38FF706030FF785C38FF705C38FF92
:10E67800706030FF786038FF705C38FF786030FF7A
:10E68800785C30FF786038FF786030FF705C38FF66
:10E69800706038FF785C30FF705C38FF706038FF5E
:10E6A800785C30FF786038FF705C38FF786030FF46
:10E6B800706030FF785C38FF706030FF706038FF42
:10E6C800785C38FF705C30FF786038FF785C30FF2A
:10E6D800785C30FF706038FF705C30FF706038FF26
:10E6E800786030FF785C30FF706038FF785C30FF0E
:10E6F800706038FF706030FF785C38FF786038FFF2
:10E70800705C30FF705C38FF786038FF706030FFF5
:10E71800705C38FF786030FF705C30FF705C38FFE9
:10E72800786030FF785C30FF706038FF706030FFD1
:10E73800785C38FF706038FF786030FF785C38FFAD
:10E74800706038FF785C30FF785C30FF706038FFAD
:10E75800785C38FF786030FF706038FF785C38FF8D
:10E76800706030FF705C38FF786038FF705C30FF95
:10E77800786030FF786038FF705C38FF786030FF71
:10E78800786038FF705C38FF785C30FF786038FF5D
:10E79800706038FF785C30FF706038FF785C38FF55
:10E7A800785C30FF706030FF786038FF785C30FF4D
:10E7B800706038FF706030FF785C38FF786038FF31
:10E7C800705C30FF706038FF786038FF705C30FF35
:10E7D800786030FF706038FF785C38FF706038FF11
:10E7E800705C30FF785C38FF706030FF705C30FF21
:10E7F800786038FF705C30FF706038FF786038FFF1
:10E80800705C30FF786038FF706030FF705C38FFF4
:10E81800786038FF706030FF785C30FF786038FFD0
:10E82800705C30FF705C30FF786038FF705C30FFE0
:10E83800786038FF786030FF705C38FF786030FFB0
:10E84800785C30FF705C38FF706030FF785C38FFB0
:10E85800785C30FF706030FF706038FF785C30FFA4
:10E86800785C30FF706038FF785C30FF786038FF84
:10E87800705C38FF706030FF786038FF705C38FF7C
:10E88800786030FF706038FF785C30FF785C38FF64
:10E89800706030FF785C30FF786038FF706030FF60
:10E8A800785C38FF706038FF706030FF785C38FF44
:10E8B800785C30FF706038FF785C30FF785C30FF40
:10E8C800706038FF706030FF785C30FF786038FF28
:10E8D800705C30FF786030FF705C38FF785C30FF28
:10E8E800706030FF785C38FF705C30FF786030FF14
:10E8F800705C38FF786030FF706038FF785C38FFF4
:10E90800785C30FF706030FF786038FF806C48FFBB
:10E91800806840FF786038FF786038FF785C30FFA7
:10E92800705C38FF786030FF705C30FF785C38FFCF
:10E93800706038FF785C30FF706038FF706038FFB7
:10E94800785C30FF786038FF705C30FF785C30FFAF
:10E95800786038FF705C30FF706030FF786038FF97
:10E96800705C38FF785C30FF786038FF705C38FF87
:10E97800706030FF785C38FF785C38FF706030FF7B
:10E98800705C38FF786038FF786030FF705C30FF6B
:10E99800786038FF786030FF705C38FF785C38FF4B
:10E9A800706030FF705C30FF786038FF705C30FF5B
:10E9B800785C30FF786038FF705C30FF786030FF3B
:10E9C800706038FF785C38FF785C30FF706030FF2B
:10E9D800705C38FF786030FF705C30FF705C38FF27
:10E9E800786038FF706030FF705C30FF785C38FF0B
:10E9F800786030FF705C30FF786038FF785C30FFFB
:10EA0800706038FF786038FF705C30FF785C30FFEA
:10EA1800706038FF785C38FF706030FF786038FFCE
:10EA2800785C30FF706030FF786038FF785C30FFCA
:10EA3800705C30FF786038FF706030FF705C38FFC2
:10EA4800706038FF785C30FF785C30FF706038FFAA
:10EA5800786030FF785C30FF706038FF785C30FF9A
:10EA6800706030FF705C38FF785C38FF706030FF92
:10EA7800785C38FF785C30FF706030FF786038FF72
:10EA8800705C30FF706038FF706038FF785C30FF72
:10EA9800705C38FF786038FF785C30FF705C38FF56
:10EAA800786030FF705C38FF705C38FF786030FF4A
:10EAB800785C30FF705C38FF786030FF786030FF3A
:10EAC800705C38FF786030FF785C38FF705C38FF26
:10EAD800786030FF786038FF705C30FF786038FF0E
:10EAE800785C38FF705C30FF786038FF785C30FF06
:10EAF800705C30FF706038FF785C30FF706030FF0A
:10EB0800706038FF785C38FF706030FF785C30FFE9
:10EB1800705C38FF786030FF785C30FF706038FFD9
:10EB2800785C30FF786030FF705C38FF705C38FFCD
:10EB3800706030FF785C30FF705C38FF706030FFC9
:10EB4800785C30FF706038FF705C30FF785C30FFB5
:10EB5800786038FF706030FF705C30FF786038FF95
:10EB6800705C38FF705C30FF786030FF785C38FF8D
:10EB7800706030FF785C38FF706030FF785C38FF79
:10EB8800785C30FF706030FF785C38FF785C38FF65
:10EB9800706030FF785C30FF786038FF706030FF5D
:10EBA800785C38FF786038FF705C38FF786030FF39
:10EBB800785C30FF705C38FF786030FF705C30FF45
:10EBC800785C38FF706030FF785C38FF785C30FF25
:10EBD800706038FF705C30FF786038FF706038FF15
:10EBE800785C30FF786038FF705C30FF705C38FF0D
:10EBF800706030FF786030FF705C38FF706038FFFD
:10EC0800786030FF785C38FF706030FF786038FFDC
:10EC1800705C38FF785C30FF706038FF706038FFD8
:10EC2800785C30FF705C30FF786038FF785C30FFCC
:10EC3800705C30FF786038FF705C30FF785C30FFC4
:10EC4800706038FF705C38FF786030FF706038FFA4
:10EC5800705C38FF785C30FF705C30FF786038FF9C
:10EC6800785C30FF706030FF786038FF705C38FF88
:10EC7800705C30FF786038FF706038FF785C30FF78
:10EC8800786038FF705C30FF706038FF786038FF5C
:10EC9800705C30FF786038FF786038FF705C30FF58
:10ECA800786038FF706038FF785C30FF706038FF3C
:10ECB800785C30FF705C30FF706038FF785C30FF44
:10ECC800706038FF785C30FF786038FF806C40FFF8
:10ECD800806C48FF706038FF706030FF785C30FFF0
:10ECE800706038FF786038FF785C30FF706030FF04
:10ECF800785C38FF785C30FF706030FF785C38FFF4
:10ED0800706038FF706030FF785C38FF706030FFEB
:10ED1800785C38FF705C38FF786030FF706030FFD7
:10ED2800705C38FF786030FF785C30FF705C38FFCB
:10ED3800706030FF786038FF705C38FF785C30FFB7
:10ED4800706030FF705C38FF786038FF705C30FFAF
:10ED5800705C30FF786038FF786030FF705C38FF97
:10ED6800786038FF785C30FF706038FF706030FF83
:10ED7800785C38FF705C38FF786030FF705C30FF7B
:10ED8800786038FF705C30FF786038FF785C38FF57
:10ED9800706030FF785C38FF786030FF705C30FF5F
:10EDA800785C38FF786030FF706038FF705C30FF47
:10EDB800786038FF705C30FF705C38FF786030FF37
:10EDC800705C30FF786038FF786038FF705C30FF27
:10EDD800785C38FF706030FF705C38FF786038FF0F
:10EDE800705C30FF705C38FF786030FF706038FF0F
:10EDF800785C38FF705C30FF786030FF785C38FFF3
:10EE0800706038FF705C30FF705C38FF786038FFE6
:10EE1800705C30FF706038FF786038FF785C30FFD6
:10EE2800706030FF786038FF705C30FF706030FFD2
:10EE3800786038FF705C38FF785C30FF786030FFAE
:10EE4800785C38FF705C30FF786030FF706038FFA6
:10EE5800705C30FF786030FF786038FF705C30FF9E
:10EE6800786038FF706030FF785C38FF786030FF7A
:10EE7800706038FF705C38FF786030FF705C38FF76
:10EE8800706030FF786030FF705C30FF705C38FF76
:10EE9800786030FF705C38FF706038FF786030FF52
:10EEA800705C30FF706038FF786038FF705C30FF4E
:10EEB800786038FF785C38FF705C30FF786030FF2E
:10EEC800785C38FF706030FF706038FF785C38FF1E
:10EED800706030FF705C38FF785C30FF706038FF1E
:10EEE800706038FF785C30FF786030FF706038FF02
:10EEF800785C38FF786030FF706038FF785C38FFE6
:10EF0800786030FF706038FF705C38FF786030FFE1
:10EF1800705C38FF785C38FF786030FF706030FFD5
:10EF2800785C38FF706038FF705C30FF786038FFBD
:10EF3800705C38FF785C30FF706030FF706038FFBD
:10EF4800785C38FF706030FF705C30FF786038FFA5
:10EF5800705C38FF705C30FF786030FF705C38FFA1
:10EF6800786030FF706030FF785C38FF706038FF81
:10EF7800706030FF785C38FF786030FF705C38FF75
:10EF8800706030FF786038FF705C30FF786030FF69
:10EF9800785C38FF705C30FF706038FF785C30FF59
:10EFA800706038FF786038FF785C30FF706038FF39
:10EFB800785C38FF785C30FF706038FF705C30FF39
:10EFC800786038FF705C30FF785C30FF706038FF25
:10EFD800786030FF785C30FF705C38FF786038FF0D
:10EFE800706030FF705C38FF706038FF786030FF09
:10EFF800705C38FF786038FF786030FF705C30FFF5
:10F00800785C38FF786030FF705C30FF786038FFDC
:10F01800786038FF705C30FF706038FF785C38FFCC
:10F02800705C30FF785C30FF786038FF705C30FFD0
:10F03800786030FF705C38FF705C30FF786038FFB4
:10F04800705C30FF785C38FF786030FF705C30FFB0
:10F05800705C38FF786030FF705C30FF705C38FFA0
:10F06800786030FF705C30FF786038FF786038FF78
:10F07800705C30FF786038FF785C30FF706038FF74
:10F08800706038FF705C30FF786038FF806C48FF34
:10F09800806840FF786038FF705C30FF706038FF30
:10F0A800785C30FF706038FF706038FF705C30FF4C
:10F0B800786038FF706038FF785C30FF785C30FF2C
:10F0C800706038FF785C30FF706038FF706030FF28
:10F0D800785C30FF786038FF705C38FF785C30FF10
:10F0E800706038FF706038FF785C30FF706038FF00
:10F0F800785C30FF706030FF786038FF785C30FFF4
:10F10800706030FF785C38FF786038FF706030FFDF
:10F11800705C38FF785C38FF706030FF706030FFDB
:10F12800785C38FF785C30FF706038FF786038FFB3
:10F13800705C30FF706038FF786038FF705C30FFBB
:10F14800705C38FF786030FF706030FF705C38FFAB
:10F15800785C30FF706038FF706038FF786030FF8F
:10F16800705C38FF785C38FF706030FF786038FF7B
:10F17800785C30FF706038FF786038FF705C30FF73
:10F18800705C30FF786038FF705C30FF706038FF6B
:10F19800786030FF785C30FF706038FF785C30FF53
:10F1A800706038FF785C30FF705C38FF786030FF43
:10F1B800706038FF705C30FF785C38FF786030FF33
:10F1C800706030FF786038FF785C30FF706030FF27
:10F1D800785C38FF705C30FF786038FF705C38FF0F
:10F1E800785C30FF786038FF705C38FF785C30FFFF
:10F1F800706038FF706038FF705C30FF786038FFEF
:10F20800706038FF785C30FF785C38FF706038FFDA
:10F21800785C30FF705C38FF706030FF785C38FFD6
:10F22800706030FF785C30FF705C38FF706030FFD2
:10F23800785C38FF786030FF705C38FF785C38FFA6
:10F24800706038FF785C30FF786038FF706030FF9E
:10F25800785C30FF785C38FF706030FF785C30FF96
:10F26800705C38FF786030FF705C30FF706038FF8A
:10F27800786030FF705C38FF706038FF785C30FF72
:10F28800785C38FF706030FF785C30FF786038FF5A
:10F29800706030FF785C38FF706038FF785C30FF52
:10F2A800705C38FF706038FF785C30FF705C30FF4E
:10F2B800786038FF705C30FF705C30FF786038FF32
:10F2C800785C30FF705C30FF786038FF706030FF2A
:10F2D800705C30FF785C38FF706038FF785C30FF16
:10F2E800786030FF706038FF785C30FF706030FF06
:10F2F800786038FF705C30FF786038FF785C30FFEA
:10F30800706038FF785C38FF786030FF706030FFDD
:10F31800785C38FF786038FF705C30FF785C38FFC5
:10F32800706030FF705C30FF785C38FF786030FFC9
:10F33800705C38FF786030FF705C38FF786030FFB1
:10F34800785C38FF705C38FF706030FF786038FF99
:10F35800705C38FF786030FF785C30FF705C38FF95
:10F36800706030FF705C30FF786038FF706030FF8D
:10F37800785C30FF786038FF705C30FF785C38FF6D
:10F38800786030FF706038FF705C38FF785C30FF61
:10F39800706038FF706030FF785C30FF785C38FF51
:10F3A800786030FF705C30FF786038FF705C30FF49
:10F3B800705C30FF786038FF706038FF705C30FF39
:10F3C800786038FF706038FF705C30FF785C30FF21
:10F3D800786030FF706038FF785C30FF706038FF0D
:10F3E800706038FF785C30FF706038FF786038FFF5
:10F3F800785C30FF706030FF786038FF705C30FFF9
:10F40800706038FF786030FF785C38FF706038FFD4
:10F41800785C30FF706038FF786038FF785C30FFC8
:10F42800706038FF705C30FF785C38FF706030FFC8
:10F43800705C38FF786038FF785C30FF705C30FFB4
:10F44800786038FF785C30FF786038FF806C48FF60
:10F45800806840FF786038FF786038FF705C30FF64
:10F46800785C30FF786038FF705C30FF785C30FF84
:10F47800706038FF706038FF785C30FF706038FF6C
:10F48800785C30FF785C38FF706030FF785C38FF5C
:10F49800706030FF706030FF785C38FF785C30FF58
:10F4A800786030FF705C38FF786038FF785C30FF38
:10F4B800705C38FF786030FF705C38FF706038FF30
:10F4C800785C30FF705C30FF786038FF786030FF20
:10F4D800705C30FF785C38FF786030FF705C38FF14
:10F4E800706030FF705C30FF785C38FF786030FF08
:10F4F800705C30FF785C30FF786038FF706038FFF0
:10F50800785C30FF786038FF705C38FF786030FFD7
:10F51800785C30FF705C38FF786030FF705C30FFDB
:10F52800706038FF785C30FF705C30FF706038FFC7
:10F53800785C30FF705C30FF786038FF786038FFA7
:10F54800705C38FF785C30FF706038FF785C30FFA3
:10F55800706038FF705C38FF785C30FF706030FF97
:10F56800786038FF786038FF705C30FF785C30FF77
:10F57800786038FF706038FF705C30FF785C38FF67
:10F58800706030FF785C38FF706030FF786038FF5B
:10F59800785C30FF706030FF705C38FF786030FF57
:10F5A800705C30FF706038FF786030FF785C30FF47
:10F5B800785C38FF706030FF785C30FF705C38FF33
:10F5C800706030FF786030FF705C38FF786030FF23
:10F5D800786038FF705C30FF786038FF705C38FF07
:10F5E800786030FF706038FF785C38FF706030FFFB
:10F5F800785C30FF706038FF786030FF705C30FFF7
:10F60800785C38FF706038FF705C30FF786038FFD6
:10F61800706038FF705C30FF786038FF706038FFCA
:10F62800785C38FF786030FF705C38FF785C30FFBA
:10F63800786030FF706038FF705C30FF786038FFAA
:10F64800706038FF705C30FF785C38FF706030FFA6
:10F65800785C30FF706038FF786030FF785C30FF8E
:10F66800786030FF706038FF785C38FF706030FF7A
:10F67800786038FF785C38FF706030FF706038FF62
:10F68800785C38FF705C30FF786038FF785C38FF52
:10F69800706030FF706030FF785C38FF705C38FF56
:10F6A800706030FF785C38FF785C38FF706030FF3E
:10F6B800705C38FF786038FF705C30FF785C30FF32
:10F6C800706038FF705C30FF785C38FF706030FF26
:10F6D800706030FF785C38FF706038FF786030FF0A
:10F6E800785C38FF706038FF785C30FF705C30FF02
:10F6F800786038FF705C38FF706030FF785C30FFEE
:10F70800786038FF705C30FF786030FF705C38FFDD
:10F71800706030FF786038FF785C38FF706030FFC9
:10F72800785C38FF785C30FF706038FF705C30FFC1
:10F73800706038FF786030FF705C38FF706030FFB1
:10F74800785C38FF786030FF706038FF785C30FF95
:10F75800705C38FF706038FF786030FF705C38FF8D
:10F76800706038FF786030FF785C38FF786038FF69
:10F77800705C30FF785C30FF706038FF785C30FF79
:10F78800785C30FF706038FF705C38FF785C30FF61
:10F79800706038FF705C30FF785C30FF786038FF4D
:10F7A800706030FF705C30FF785C38FF706038FF45
:10F7B800705C30FF786038FF785C38FF705C30FF31
:10F7C800786030FF705C38FF706030FF785C38FF1D
:10F7D800706030FF785C30FF705C38FF786030FF15
:10F7E800706038FF785C38FF786030FF705C30FFFD
:10F7F800706038FF785C30FF706038FF706030FFF1
:10F80800785C38FF706030FF786038FF806C48FFA4
:10F81800806C48FF706038FF706030FF786038FF98
:10F82800705C38FF786030FF785C38FF706030FFBC
:10F83800785C30FF785C38FF706030FF706038FFAC
:10F84800785C38FF706030FF785C38FF785C38FF90
:10F85800706038FF705C30FF786038FF706038FF88
:10F86800705C30FF785C30FF706038FF706030FF8C
:10F87800785C38FF786030FF705C30FF786038FF64
:10F88800706038FF705C30FF785C38FF706038FF5C
:10F89800705C30FF786038FF785C38FF706030FF4C
:10F8A800786038FF785C38FF706030FF706038FF30
:10F8B800785C38FF705C30FF786030FF705C38FF30
:10F8C800786030FF705C30FF706038FF786038FF18
:10F8D800705C30FF786038FF785C38FF706030FF0C
:10F8E800786038FF785C30FF706038FF786038FFE8
:10F8F800705C30FF705C38FF786030FF706030FFFC
:10F90800785C38FF706030FF786030FF785C38FFD3
:10F91800705C30FF786038FF786030FF705C38FFCB
:10F92800705C30FF786038FF706030FF705C38FFC3
:10F93800785C30FF786030FF706038FF705C30FFB3
:10F94800785C38FF705C30FF706038FF785C38FF97
:10F95800706030FF785C38FF786038FF706030FF87
:10F96800785C38FF705C38FF706030FF786038FF73
:10F97800705C30FF786038FF786038FF705C30FF6B
:10F98800785C38FF706038FF705C30FF785C30FF5F
:10F99800706038FF786030FF705C30FF785C38FF4B
:10F9A800706030FF785C38FF706030FF785C38FF3B
:10F9B800705C38FF706030FF786030FF705C38FF33
:10F9C800786030FF786030FF705C38FF785C30FF1B
:10F9D800786038FF705C30FF785C30FF706038FF0B
:10F9E800705C30FF786038FF706038FF785C30FFFB
:10F9F800705C38FF786030FF785C30FF705C38FFEF
:10FA0800786030FF785C38FF706038FF705C30FFDA
:10FA1800785C38FF706038FF705C30FF785C38FFC6
:10FA2800706030FF785C30FF705C38FF786030FFC2
:10FA3800705C30FF785C38FF706030FF785C30FFB6
:10FA4800706038FF706030FF785C30FF785C38FF9A
:10FA5800706038FF786030FF785C30FF706038FF86
:10FA6800706030FF785C30FF706038FF785C30FF82
:10FA7800785C30FF706038FF786030FF705C38FF6A
:10FA8800786030FF786038FF705C38FF785C30FF52
:10FA9800786038FF705C30FF706030FF785C38FF4A
:10FAA800706030FF786038FF705C30FF706038FF3E
:10FAB800786030FF785C38FF705C30FF706038FF2A
:10FAC800786038FF705C30FF785C38FF786030FF12
:10FAD800705C30FF705C38FF786030FF706038FF12
:10FAE800785C30FF786038FF705C30FF785C38FFF6
:10FAF800786038FF705C30FF786030FF705C38FFEA
:10FB0800705C30FF786038FF705C30FF786030FFE1
:10FB1800785C38FF785C30FF706030FF785C38FFC5
:10FB2800705C30FF706030FF785C38FF706038FFC1
:10FB3800786030FF705C38FF786038FF706030FFA5
:10FB4800785C30FF786038FF706030FF785C38FF91
:10FB5800786038FF705C30FF786038FF785C38FF79
:10FB6800705C30FF786030FF786038FF705C30FF81
:10FB7800705C30FF786038FF706030FF785C38FF69
:10FB8800786038FF705C30FF785C38FF706030FF59
:10FB9800786038FF705C38FF705C30FF786030FF49
:10FBA800705C38FF786030FF705C30FF786038FF39
:10FBB800785C30FF706038FF785C30FF785C38FF25
:10FBC800706030FF705C38FF786038FF806C40FFF1
:10FBD800786440FF786038FF705C30FF786030FFF1
:10FBE800705C38FF706030FF786038FF705C38FFF9
:10FBF800706030FF785C30FF705C38FF786030FFF1
:10FC0800705C30FF706030FF786030FF705C38FFE8
:10FC1800785C30FF786030FF705C38FF786038FFC0
:10FC2800706030FF785C38FF706030FF705C38FFC0
:10FC3800786030FF705C38FF785C30FF786038FFA0
:10FC4800706030FF785C30FF786038FF705C30FFA0
:10FC5800706030FF786038FF705C30FF705C30FF98
:10FC6800786038FF785C30FF705C30FF786038FF70
:10FC7800706038FF785C30FF706038FF785C38FF60
:10FC8800705C30FF786030FF785C38FF705C30FF64
:10FC9800706030FF786038FF705C30FF705C38FF50
:10FCA800786030FF705C38FF786030FF785C38FF30
:10FCB800706038FF786030FF785C38FF705C30FF28
:10FCC800706038FF785C38FF706030FF705C38FF18
:10FCD800786030FF706030FF785C38FF705C30FF10
:10FCE800786038FF785C30FF706038FF706038FFEC
:10FCF800785C30FF785C38FF706030FF786038FFE0
:10FD0800786030FF705C38FF785C30FF706030FFDF
:10FD1800705C38FF785C30FF706030FF785C38FFCB
:10FD2800786030FF705C30FF785C38FF706038FFB7
:10FD3800705C30FF785C30FF706038FF786030FFAF
:10FD4800785C30FF706038FF786030FF705C38FF97
:10FD5800705C38FF786030FF705C38FF786030FF87
:10FD6800785C38FF705C30FF786030FF786038FF6F
:10FD7800705C38FF785C30FF786038FF705C38FF63
:10FD8800705C30FF786038FF705C30FF706038FF5F
:10FD9800786030FF785C38FF706030FF785C30FF47
:10FDA800785C38FF706030FF786030FF705C38FF37
:10FDB800706038FF785C30FF706038FF706030FF2B
:10FDC800785C30FF706038FF786030FF785C30FF17
:10FDD800706038FF785C30FF706038FF706038FF03
:10FDE800785C38FF706030FF786038FF705C38FFEF
:10FDF800706030FF786038FF785C38FF705C30FFE7
:10FE0800786038FF786038FF705C30FF706030FFD2
:10FE1800785C38FF705C38FF786030FF785C38FFBA
:10FE2800705C38FF786030FF706038FF705C38FFB6
:10FE3800786030FF705C38FF786038FF705C30FFA6
:10FE4800706030FF786038FF705C30FF706038FF9A
:10FE5800785C38FF786030FF705C38FF705C30FF8A
:10FE6800786038FF705C30FF785C38FF786030FF6E
:10FE7800706038FF785C30FF706038FF785C30FF66
:10FE8800706030FF706038FF785C38FF786030FF52
:10FE9800706038FF785C30FF706038FF705C30FF4E
:10FEA800786038FF706030FF705C38FF786030FF32
:10FEB800785C38FF705C38FF786030FF786038FF16
:10FEC800705C38FF786030FF705C38FF706038FF16
:10FED800786030FF705C38FF786038FF786030FFFA
:10FEE800705C38FF785C30FF706030FF705C38FF02
:10FEF800786030FF785C30FF705C38FF706038FFE6
:10FF0800785C38FF705C30FF706030FF786038FFD5
:10FF1800705C30FF706038FF786030FF705C38FFCD
:10FF2800706038FF785C30FF706038FF785C38FFAD
:10FF3800786030FF705C30FF706038FF785C30FFAD
:10FF4800706038FF786030FF705C30FF786038FF91
:10FF5800785C30FF706038FF786030FF785C38FF7D
:10FF6800706038FF705C30FF786038FF705C38FF75
:10FF7800706030FF786038FF705C30FF786038FF61
:10FF8800705C30FF785C30FF786038FF786440FF41
:10FF9800706040FF786038FF785C30FF705C38FF35
:10FFA800786030FF705C30FF785C38FF786038FF2D
:10FFB800706030FF785C38FF786038FF705C30FF25
:10FFC800786038FF785C38FF706030FF706038FF09
:10FFD800785C30FF706030FF785C38FF705C30FF11
:10FFE800786030FF785C38FF785C38FF706030FFED
:08FFF800786038FF705C38FFEF
:020000040803EF
:10000000706030FF785C38FF705C38FF706030FFE4
:10001000785C38FF786038FF705C30FF785C38FFC0
:10002000786030FF706038FF705C38FF706030FFC0
:10003000785C30FF705C38FF786030FF706030FFB4
:10004000785C38FF706030FF706038FF785C38FF94
:10005000786030FF705C38FF786038FF705C30FF8C
:10006000786030FF785C38FF705C38FF706030FF7C
:10007000785C30FF705C30FF786038FF706030FF74
:10008000785C38FF785C30FF706030FF785C38FF58
:10009000785C38FF706030FF785C38FF705C38FF48
:1000A000706030FF786038FF705C30FF785C30FF44
:1000B000785C38FF706030FF706038FF785C30FF2C
:1000C000705C38FF786030FF706038FF785C38FF14
:1000D000786030FF706038FF785C38FF706030FF08
:1000E000705C38FF786038FF706030FF785C30FFFC
:1000F000786038FF706030FF785C38FF705C30FFEC
:10010000706038FF785C38FF705C30FF786038FFD3
:10011000786030FF705C38FF786030FF785C38FFC3
:10012000706038FF706030FF785C38FF706038FFB7
:10013000705C30FF786030FF706030FF705C38FFBB
:10014000786030FF706030FF785C38FF786038FF8F
:10015000705C30FF705C30FF786038FF705C38FF97
:10016000706038FF786030FF705C38FF705C30FF83
:10017000785C30FF786038FF705C30FF786038FF63
:10018000785C38FF705C30FF706038FF785C38FF57
:10019000705C30FF786038FF706030FF785C30FF53
:1001A000785C30FF706038FF785C30FF705C30FF47
:1001B000786038FF785C30FF705C30FF706038FF2B
:1001C000786030FF705C30FF705C38FF786038FF1B
:1001D000705C30FF786030FF706038FF705C30FF1B
:1001E000786030FF705C38FF785C30FF786030FFFB
:1001F000705C38FF786030FF705C30FF786038FFEB
:10020000705C30FF785C38FF785C38FF706030FFDE
:10021000785C30FF706038FF706030FF785C38FFCA
:10022000786030FF706038FF785C30FF706038FFB6
:10023000705C30FF785C38FF706030FF705C38FFB6
:10024000786030FF785C38FF705C30FF786038FF92
:10025000705C30FF705C38FF786038FF785C30FF8E
:10026000705C30FF786038FF785C30FF705C38FF7E
:10027000706030FF786030FF705C38FF706030FF76
:10028000785C30FF706038FF786030FF785C30FF5A
:10029000705C38FF786030FF705C30FF706038FF52
:1002A000785C30FF706038FF786038FF785C30FF32
:1002B000706038FF785C38FF706030FF786030FF26
:1002C000705C38FF786030FF786030FF705C38FF1A
:1002D000785C38FF786030FF705C30FF785C38FF06
:1002E000706030FF785C30FF786038FF705C30FF02
:1002F000705C30FF786038FF786038FF705C30FFEA
:10030000785C38FF706030FF705C30FF785C38FFDD
:10031000706038FF705C30FF785C38FF706030FFD1
:10032000785C38FF706030FF785C30FF786038FFB1
:10033000705C30FF785C30FF786038FF705C30FFB5
:10034000706038FF786038FF705C30FF706038FF95
:10035000786038FF685C40FF605438FF705C30FFA5
:10036000706038FF786038FF705C30FF786038FF6D
:10037000705C30FF705C30FF786038FF706030FF79
:10038000705C30FF786038FF705C38FF785C30FF5D
:10039000706038FF785C38FF706038FF786030FF3D
:1003A000705C38FF706030FF786038FF705C30FF41
:1003B000706030FF785C38FF785C30FF706030FF31
:1003C000786038FF785C30FF706030FF705C38FF19
:1003D000786030FF706030FF785C38FF705C30FF11
:1003E000786038FF785C30FF706038FF786038FFE5
:1003F000785C30FF706038FF705C38FF785C30FFED
:10040000786030FF705C38FF785C30FF706038FFD8
:10041000706030FF785C30FF705C38FF786038FFC8
:10042000706030FF786030FF785C38FF706038FFB4
:10043000706030FF785C38FF705C30FF706038FFB0
:10044000785C30FF706038FF706030FF785C30FFA0
:10045000706038FF786030FF785C38FF706030FF84
:10046000785C38FF786038FF706030FF705C38FF70
:10047000786030FF785C30FF706038FF705C38FF68
:10048000785C30FF706030FF705C38FF785C30FF64
:10049000706030FF785C38FF786030FF706030FF4C
:1004A000785C38FF705C38FF706030FF785C38FF34
:1004B000706030FF785C38FF786030FF706038FF24
:1004C000785C30FF706030FF705C38FF785C30FF24
:1004D000706038FF705C30FF786030FF705C38FF10
:1004E000785C30FF706030FF786038FF705C30FF00
:1004F000785C38FF786038FF705C30FF785C38FFDC
:10050000706038FF785C30FF706030FF786038FFD3
:10051000785C38FF706030FF785C30FF705C38FFCB
:10052000786030FF786038FF705C38FF786038FFA3
:10053000706030FF785C38FF706030FF705C30FFB7
:10054000786038FF786030FF705C30FF786038FF8B
:10055000705C30FF705C38FF786038FF705C38FF8B
:10056000786030FF786038FF705C30FF706038FF73
:10057000786038FF785C30FF705C38FF786038FF57
:10058000785C30FF706030FF786038FF705C30FF5F
:10059000785C38FF786038FF705C30FF786038FF37
:1005A000706038FF706030FF785C38FF706038FF33
:1005B000785C30FF705C38FF786038FF706030FF27
:1005C000786030FF705C38FF706038FF785C30FF17
:1005D000785C38FF786030FF705C30FF705C38FF0B
:1005E000786030FF785C38FF705C30FF786030FFF7
:1005F000786038FF705C30FF785C38FF706030FFE7
:10060000786038FF705C38FF786030FF786030FFCA
:10061000705C38FF706030FF786038FF705C30FFCE
:10062000706038FF786038FF705C30FF785C38FFAE
:10063000786038FF705C30FF786038FF786030FF9A
:10064000705C38FF705C38FF786030FF705C38FF9A
:10065000786038FF785C30FF706038FF785C30FF7E
:10066000705C30FF706038FF785C30FF706030FF86
:10067000785C38FF705C30FF786038FF705C38FF62
:10068000705C30FF786038FF706030FF705C38FF5E
:10069000786038FF705C30FF786038FF705C38FF3E
:1006A000786030FF706038FF785C38FF706030FF32
:1006B000786030FF705C38FF705C30FF786038FF26
:1006C000786038FF705C30FF786038FF786038FF02
:1006D000705C30FF786030FF706038FF785C30FF0E
:1006E000705C38FF706038FF785C30FF706038FFF6
:1006F000706038FF785C30FF785C38FF706030FFE6
:10070000785C30FF785C38FF706030FF786038FFCD
:10071000705C30FF605438FF605438BE584828FF82
:10072000705C30FF785C38FF706030FF786038FFB5
:10073000785C38FF706030FF785C38FF705C38FFA1
:10074000786030FF706030FF785C38FF706030FF99
:10075000785C30FF785C30FF706038FF785C38FF81
:10076000785C30FF706038FF785C38FF706030FF75
:10077000706038FF785C38FF705C30FF706038FF65
:10078000785C38FF706030FF785C38FF786038FF45
:10079000705C30FF786038FF706038FF705C30FF4D
:1007A000786030FF705C38FF785C30FF706030FF3D
:1007B000786038FF785C30FF706038FF785C38FF15
:1007C000706030FF786038FF785C30FF705C38FF15
:1007D000786038FF706030FF785C30FF705C38FF05
:1007E000706038FF785C30FF705C30FF786038FFF5
:1007F000786038FF705C30FF786038FF785C30FFDD
:10080000706038FF785C38FF786038FF705C30FFCC
:10081000706030FF785C38FF706030FF705C30FFD4
:10082000785C38FF706030FF785C38FF706038FFAC
:10083000706030FF785C38FF786030FF706038FFA0
:10084000785C30FF786038FF705C38FF706030FF94
:10085000785C38FF705C38FF706030FF785C30FF88
:10086000786038FF705C30FF785C38FF706030FF74
:10087000705C38FF785C30FF706038FF785C38FF60
:10088000786030FF706038FF785C38FF786030FF48
:10089000705C38FF786038FF705C30FF786038FF3C
:1008A000705C30FF785C38FF706030FF785C30FF40
:1008B000706038FF706038FF785C30FF786030FF20
:1008C000705C38FF705C38FF786030FF705C30FF20
:1008D000706038FF786038FF785C30FF706030FF00
:1008E000705C38FF785C30FF786030FF706038FFF4
:1008F000785C30FF706038FF785C38FF705C30FFE8
:10090000706038FF785C38FF786030FF706030FFCF
:10091000785C38FF786030FF706030FF705C38FFC3
:10092000785C38FF706030FF785C38FF705C30FFB7
:10093000706030FF786038FF705C30FF706038FFA7
:10094000785C38FF705C30FF786038FF705C30FF97
:10095000706030FF785C38FF785C30FF705C38FF87
:10096000786030FF785C30FF706038FF706030FF77
:10097000785C30FF786038FF705C38FF785C30FF5F
:10098000706030FF786038FF705C30FF706030FF5F
:10099000786038FF705C38FF786030FF705C38FF3B
:1009A000706038FF786030FF705C38FF706038FF2F
:1009B000786030FF705C38FF786030FF785C30FF23
:1009C000705C38FF706030FF785C38FF705C38FF17
:1009D000786030FF785C30FF705C38FF786030FF03
:1009E000785C38FF706030FF706030FF785C38FFF3
:1009F000706030FF705C38FF785C30FF706038FFEB
:100A0000785C30FF786030FF705C38FF706030FFDA
:100A1000786030FF705C38FF786038FF786030FFB6
:100A2000705C38FF785C38FF706030FF706038FFB2
:100A3000785C30FF786030FF706038FF785C30FFA2
:100A4000785C38FF706030FF785C38FF785C30FF8E
:100A5000706030FF706038FF785C30FF706030FF8E
:100A6000705C38FF785C30FF706038FF785C38FF6E
:100A7000786030FF705C38FF706030FF786030FF66
:100A8000705C38FF705C30FF786030FF705C38FF5E
:100A9000785C30FF786038FF706038FF785C30FF3A
:100AA000786030FF706038FF785C30FF705C30FF3A
:100AB000786038FF706038FF705C30FF786038FF16
:100AC000706038FF705C30FF785C38FF705C30FF1E
:100AD000584828FF605038CF6054387D584828FF68
:100AE000584428FF604C28FF705830FF705C38FF76
:100AF000706030FF786030FF785C38FF705C38FFE2
:100B0000786030FF785C38FF706030FF706038FFCD
:100B1000785C38FF706030FF706030FF785C38FFC1
:100B2000706030FF785C30FF785C38FF706030FFB9
:100B3000785C30FF786038FF706030FF785C30FFA1
:100B4000706038FF705C30FF786030FF705C38FF99
:100B5000785C30FF785C38FF706030FF786038FF79
:100B6000705C38FF706030FF785C38FF705C30FF7D
:100B7000706038FF785C30FF706030FF706038FF65
:100B8000785C38FF706030FF706030FF785C38FF51
:100B9000705C38FF786030FF786038FF705C30FF41
:100BA000785C38FF706038FF705C30FF785C30FF35
:100BB000706038FF705C30FF786038FF706030FF25
:100BC000705C30FF786038FF785C30FF706038FF11
:100BD000785C38FF705C30FF786038FF786038FFF1
:100BE000705C30FF706030FF785C38FF785C30FFFD
:100BF000706038FF705C30FF785C38FF706030FFE9
:100C0000786038FF785C30FF706030FF786038FFC4
:100C1000785C30FF706038FF705C38FF786030FFC0
:100C2000706038FF785C30FF786030FF706038FFAC
:100C3000785C30FF706038FF705C30FF785C30FFAC
:100C4000706038FF705C30FF786030FF706038FF94
:100C5000785C30FF785C30FF706038FF786030FF80
:100C6000786038FF705C38FF786030FF705C38FF68
:100C7000786030FF705C30FF786038FF706030FF64
:100C8000785C30FF786038FF705C38FF785C30FF4C
:100C9000706030FF785C38FF706038FF786030FF3C
:100CA000705C38FF705C30FF786030FF705C38FF3C
:100CB000705C30FF786030FF786038FF785C30FF20
:100CC000706030FF705C38FF785C38FF706030FF18
:100CD000705C38FF786038FF785C30FF706030FF00
:100CE000705C38FF786030FF786038FF705C30FFF0
:100CF000785C38FF786030FF706030FF785C38FFD8
:100D0000706030FF786038FF785C38FF706030FFCB
:100D1000706038FF786030FF705C38FF706030FFC3
:100D2000785C38FF785C38FF706030FF785C38FFA3
:100D3000706030FF706030FF785C38FF705C38FFA7
:100D4000786030FF785C38FF705C30FF786038FF87
:100D5000705C30FF706038FF785C30FF786030FF87
:100D6000705C38FF785C30FF786038FF705C30FF73
:100D7000785C38FF706038FF706030FF785C38FF57
:100D8000706030FF786030FF705C38FF706038FF53
:100D9000786030FF705C38FF706030FF785C38FF3F
:100DA000785C30FF706038FF785C38FF786030FF27
:100DB000706030FF785C38FF706038FF705C30FF27
:100DC000786038FF705C30FF785C38FF706038FF07
:100DD000705C30FF785C30FF706038FF706030FF0F
:100DE000785C38FF786030FF705C38FF785C38FFE3
:100DF000706030FF705C38FF786030FF706038FFE3
:100E0000705C30FF786038FF706030FF785C38FFCE
:100E1000705C30FF786038FF785C38FF706030FFBE
:100E2000785C38FF786030FF705C30FF705C38FFB2
:100E3000786038FF785C30FF705C38FF786038FF8E
:100E4000785C30FF706038FF786038FF705C30FF8E
:100E5000706038FF785C30FF705C38FF706030FF86
:100E6000785C38FF706038FF785C30FF785C30FF6A
:100E7000706038FF785C30FF706030FF785C38FF5E
:100E8000786030FF685830FF685030FF584428FFC2
:100E9000584828FF6054385D60504010584C30DF8F
:100EA000584428FF504428FF584428FF504428FF46
:100EB000504428FF584428FF504428FF504428FF3E
:100EC000584428FF504428FF584428FF584428FF1E
:100ED000504428FF584428FF504428FF504428FF1E
:100EE000584428FF504428FF504428FF584428FF06
:100EF000504428FF584428FF584428FF504428FFF6
:100F0000584428FF584428FF504428FF504428FFE5
:100F1000584428FF504428FF584428FF584428FFCD
:100F2000504428FF584428FF584428FF504428FFC5
:100F3000584428FF584428FF504428FF584428FFAD
:100F4000584428FF504428FF584428FF504428FFA5
:100F5000504428FF584428FF504428FF584428FF95
:100F6000584428FF504428FF584428FF584428FF7D
:100F7000504428FF584428FF584428FF504428FF75
:100F8000504428FF584428FF504428FF504428FF6D
:100F9000584428FF504428FF584428FF584428FF4D
:100FA000504428FF584428FF504428FF584428FF45
:100FB000584428FF504428FF584428FF504428FF35
:100FC000504428FF584428FF504428FF504428FF2D
:100FD000584428FF584428FF584428FF504428FF0D
:100FE000504428FF584428FF504428FF584428FF05
:100FF000584428FF504428FF584428FF584428FFED
:10100000504428FF584428FF504428FF504428FFEC
:10101000584428FF504428FF504428FF584428FFD4
:10102000504428FF504428FF584428FF584428FFC4
:10103000504428FF584428FF504428FF504428FFBC
:10104000584428FF504428FF584428FF504428FFA4
:10105000584428FF504428FF584428FF584428FF8C
:10106000504428FF584428FF584428FF504428FF84
:10107000584428FF504428FF504428FF584428FF74
:10108000584428FF504428FF584428FF584428FF5C
:10109000504428FF504428FF584428FF584428FF54
:1010A000504428FF584428FF504428FF504428FF4C
:1010B000584428FF504428FF584428FF504428FF34
:1010C000504428FF584428FF504428FF584428FF24
:1010D000584428FF504428FF584428FF504428FF14
:1010E000504428FF584428FF504428FF584428FF04
:1010F000584428FF504428FF584428FF504428FFF4
:10110000504428FF584428FF584428FF504428FFE3
:10111000584428FF584428FF504428FF584428FFCB
:10112000504428FF504428FF584428FF584428FFC3
:10113000504428FF584428FF584428FF504428FFB3
:10114000584428FF584428FF504428FF584428FF9B
:10115000584428FF504428FF584428FF504428FF93
:10116000504428FF584428FF504428FF504428FF8B
:10117000584428FF584428FF504428FF584428FF6B
:10118000504428FF584428FF584428FF504428FF63
:10119000584428FF584428FF504428FF504428FF53
:1011A000584428FF504428FF584428FF584428FF3B
:1011B000504428FF584428FF584428FF504428FF33
:1011C000584428FF504428FF504428FF584428FF23
:1011D000504428FF584428FF504428FF584428FF13
:1011E000504428FF584428FF504428FF504428FF0B
:1011F000584428FF504428FF504428FF584428FFF3
:10120000504428FF584428FF584428FF504428FFE2
:10121000584428FF504428FF584428FF504428FFD2
:10122000504428FF584428FF504428FF504428FFCA
:10123000584428FF504428FF584428FF504428FFB2
:10124000504428FF584428FF504428FF584828FF9E
:10125000584C30DF000000000000000060503020DB
:10126000584C30DF584828FF584428FF584428FF7E
:10127000504428FF584420FF584428FF504420FF82
:10128000504428FF584428FF504420FF504428FF72
:10129000584428FF584428FF584428FF504420FF52
:1012A000584428FF584428FF504428FF584428FF3A
:1012B000504428FF504428FF584428FF504428FF3A
:1012C000504428FF584428FF584428FF504420FF2A
:1012D000504428FF584428FF504420FF504428FF22
:1012E000584428FF504420FF504428FF584428FF0A
:1012F000504428FF504428FF584420FF504428FF02
:10130000504428FF584420FF584428FF504428FFE9
:10131000584420FF504428FF504428FF584420FFE1
:10132000504428FF504428FF584420FF504428FFD1
:10133000584428FF504428FF584420FF584428FFB1
:10134000504428FF584420FF504428FF584428FFA9
:10135000584420FF504428FF504428FF504420FFA9
:10136000584428FF504428FF504420FF584428FF89
:10137000504428FF584420FF584428FF504428FF79
:10138000584420FF504428FF584428FF504428FF69
:10139000504420FF584428FF504420FF584428FF61
:1013A000584428FF504428FF504428FF584428FF41
:1013B000504428FF504428FF584428FF504428FF39
:1013C000584428FF584428FF504428FF584428FF19
:1013D000584428FF504428FF584428FF504420FF19
:1013E000584428FF504428FF504420FF584428FF09
:1013F000504428FF584428FF584428FF504428FFF1
:10140000504428FF584420FF504428FF584428FFE8
:10141000504428FF504420FF584428FF504428FFE0
:10142000504428FF584428FF504428FF584428FFC0
:10143000584428FF504428FF504428FF584428FFB0
:10144000504428FF504420FF584428FF584428FFA8
:10145000504420FF584428FF504428FF504428FFA0
:10146000584420FF504428FF584428FF584428FF80
:10147000504428FF504428FF584428FF584420FF78
:10148000504428FF584420FF504428FF504428FF70
:10149000584420FF584428FF504428FF584420FF58
:1014A000584428FF504428FF504420FF584428FF48
:1014B000504428FF584428FF584420FF504428FF38
:1014C000504428FF584420FF504428FF504428FF30
:1014D000584428FF504420FF504428FF584428FF18
:1014E000584428FF504420FF504428FF584428FF08
:1014F000504420FF504428FF584428FF504428FF00
:10150000504428FF584428FF504420FF584428FFE7
:10151000504428FF584420FF584428FF504428FFD7
:10152000584420FF584428FF504428FF504420FFCF
:10153000584428FF504428FF584420FF584428FFAF
:10154000504428FF504420FF584428FF504428FFAF
:10155000584428FF504428FF584420FF584428FF8F
:10156000504428FF504420FF584428FF504420FF97
:10157000504428FF584428FF504428FF584420FF77
:10158000584428FF504428FF584428FF584420FF5F
:10159000504428FF504428FF584420FF504428FF5F
:1015A000584428FF504428FF584420FF584428FF3F
:1015B000504420FF584428FF584420FF504428FF3F
:1015C000504428FF584420FF504428FF584428FF27
:1015D000504420FF584428FF584428FF584420FF17
:1015E000504428FF584428FF584428FF504428FFFF
:1015F000584428FF584428FF504428FF584420FFEF
:10160000504428FF584428FF584428FF584C28DFEE
:1016100058503020000000000000000000000000D2
:101620000000000058482861584828CF584828FF33
:10163000584428FF584828FF584828FF584428FF96
:10164000584828FF584428FF584428FF584828FF86
:10165000584428FF584428FF584828FF584428FF7A
:10166000584828FF584828FF584428FF584828FF62
:10167000584428FF584428FF584828FF584428FF5A
:10168000584828FF584428FF584828FF584828FF42
:10169000584428FF584828FF584428FF584828FF36
:1016A000584428FF584828FF584828FF584428FF26
:1016B000584828FF584428FF584428FF584828FF16
:1016C000584428FF584428FF584828FF584428FF0A
:1016D000584428FF584828FF584428FF584828FFF6
:1016E000584828FF584428FF584828FF584828FFE2
:1016F000584428FF584828FF584428FF584428FFDA
:10170000584828FF584428FF584428FF584828FFC5
:10171000584828FF584428FF584828FF584428FFB5
:10172000584828FF584828FF584428FF584828FFA1
:10173000584828FF584428FF584428FF584828FF95
:10174000584428FF584428FF584828FF584428FF89
:10175000584428FF584828FF584428FF584428FF79
:10176000584828FF584428FF584428FF584828FF65
:10177000584828FF584428FF584828FF584828FF51
:10178000584428FF584828FF584428FF584428FF49
:10179000584828FF584428FF584828FF584428FF35
:1017A000584428FF584828FF584428FF584828FF25
:1017B000584428FF584428FF584828FF584428FF19
:1017C000584428FF584828FF584828FF584428FF05
:1017D000584828FF584428FF584428FF584828FFF5
:1017E000584428FF584828FF584828FF584428FFE5
:1017F000584828FF584428FF584828FF584428FFD5
:10180000584828FF584828FF584428FF584828FFC0
:10181000584428FF584828FF584428FF584828FFB4
:10182000584428FF584828FF584428FF584828FFA4
:10183000584428FF584428FF584828FF584428FF98
:10184000584428FF584828FF584428FF584428FF88
:10185000584828FF584428FF584428FF584828FF74
:10186000584828FF584428FF584828FF584428FF64
:10187000584428FF584828FF584428FF584828FF54
:10188000584828FF584428FF584828FF584828FF40
:10189000584428FF584828FF584428FF584828FF34
:1018A000584828FF584428FF584828FF584828FF20
:1018B000584428FF584428FF584828FF584428FF18
:1018C000584428FF584828FF584428FF584428FF08
:1018D000584828FF584428FF584828FF584828FFF0
:1018E000584428FF584828FF584428FF584428FFE8
:1018F000584828FF584428FF584828FF584428FFD4
:10190000584828FF584828FF584428FF584828FFBF
:10191000584828FF584428FF584428FF584828FFB3
:10192000584428FF584828FF584428FF584828FFA3
:10193000584428FF584828FF584428FF584428FF97
:10194000584828FF584428FF584828FF584428FF83
:10195000584828FF584428FF584828FF584828FF6F
:10196000584428FF584828FF584828FF584428FF63
:10197000584828FF584828FF584428FF584828FF4F
:10198000584428FF584828FF584428FF584828FF43
:10199000584428FF584828FF584828FF584428FF33
:1019A000584828FF584428FF584828FF584828FF1F
:1019B000584428FF584828FF584428FF584428FF17
:1019C000584828FF584828BE5848287D50403010B5
:1019D0000000000000000000000000000000000007
:1019E00080706010806C5882786C50BE786850FFB0
:1019F000786850FF786850FF786850FF786850FF2B
:101A0000786850FF786850FF786850FF786850FF1A
:101A1000786850FF786850FF786850FF786850FF0A
:101A2000786850FF786850FF786850FF786850FFFA
:101A3000786850FF786850FF786850FF786850FFEA
:101A4000786850FF786850FF786850FF786850FFDA
:101A5000786850FF786850FF786850FF786850FFCA
:101A6000786850FF786850FF786850FF786850FFBA
:101A7000786850FF786850FF786850FF786850FFAA
:101A8000786850FF786850FF786850FF786850FF9A
:101A9000786850FF786850FF786850FF786850FF8A
:101AA000786850FF786850FF786850FF786850FF7A
:101AB000786850FF786850FF786850FF786850FF6A
:101AC000786850FF786850FF786850FF786850FF5A
:101AD000786850FF786850FF786850FF786850FF4A
:101AE000786850FF786850FF786850FF786850FF3A
:101AF000786850FF786850FF786850FF786850FF2A
:101B0000786850FF786850FF786850FF786850FF19
:101B1000786850FF786850FF786850FF786850FF09
:101B2000786850FF786850FF786850FF786850FFF9
:101B3000786850FF786850FF786850FF786850FFE9
:101B4000786850FF786850FF786850FF786850FFD9
:101B5000786850FF786850FF786850FF786850FFC9
:101B6000786850FF786850FF786850FF786850FFB9
:101B7000786850FF786850FF786850FF786850FFA9
:101B8000786850FF786850FF786850FF786850FF99
:101B9000786850FF786850FF786850FF786850FF89
:101BA000786850FF786850FF786850FF786850FF79
:101BB000786850FF786850FF786850FF786850FF69
:101BC000786850FF786850FF786850FF786850FF59
:101BD000786850FF786850FF786850FF786850FF49
:101BE000786850FF786850FF786850FF786850FF39
:101BF000786850FF786850FF786850FF786850FF29
:101C0000786850FF786850FF786850FF786850FF18
:101C1000786850FF786850FF786850FF786850FF08
:101C2000786850FF786850FF786850FF786850FFF8
:101C3000786850FF786850FF786850FF786850FFE8
:101C4000786850FF786850FF786850FF786850FFD8
:101C5000786850FF786850FF786850FF786850FFC8
:101C6000786850FF786850FF786850FF786850FFB8
:101C7000786850FF786850FF786850FF786850FFA8
:101C8000786850FF786850FF786850FF786850FF98
:101C9000786850FF786850FF786850FF786850FF88
:101CA000786850FF786850FF786850FF786850FF78
:101CB000786850FF786850FF786850FF786850FF68
:101CC000786850FF786850FF786850FF786850FF58
:101CD000786850FF786850FF786850FF786850FF48
:101CE000786850FF786850FF786850FF786850FF38
:101CF000786850FF786850FF786850FF786850FF28
:101D0000786850FF786850FF786850FF786850FF17
:101D1000786850FF786850FF786850FF786850FF07
:101D2000786850FF786850FF786850FF786850FFF7
:101D3000786850FF786850FF786850FF786850FFE7
:101D4000786850FF786850FF786850FF786850FFD7
:101D5000786850FF786850FF786850FF786850FFC7
:101D6000786850FF786850FF786850FF786850FFB7
:101D7000786850FF786850FF786850FF786850FFA7
:101D8000786850FF786C58CF806C585D0000000078
:101D900000000000000000000000000080705820DB
:101DA000786850DF706048FF685840FF685438FF1B
:101DB000685438FF605438FF605438FF685438FF67
:101DC000685438FF605438FF685438FF605438FF57
:101DD000685438FF685438FF605438FF605438FF47
:101DE000685438FF605438FF605438FF685438FF37
:101DF000605438FF605438FF685438FF685438FF27
:101E0000605438FF605438FF685438FF605438FF1E
:101E1000605438FF685438FF605438FF685438FF06
:101E2000685438FF605438FF685438FF605438FFF6
:101E3000685438FF605438FF605438FF685438FFE6
:101E4000685438FF605438FF605438FF685438FFD6
:101E5000685438FF605438FF685438FF685438FFBE
:101E6000605438FF685438FF605438FF605438FFBE
:101E7000685438FF605438FF685438FF685438FF9E
:101E8000605438FF685438FF685438FF605438FF96
:101E9000605438FF685438FF605438FF685438FF86
:101EA000685438FF605438FF605438FF685438FF76
:101EB000685438FF605438FF685438FF685438FF5E
:101EC000605438FF685438FF685438FF605438FF56
:101ED000685438FF685438FF605438FF605438FF46
:101EE000685438FF605438FF605438FF685438FF36
:101EF000605438FF605438FF685438FF605438FF2E
:101F0000605438FF685438FF685438FF605438FF15
:101F1000605438FF685438FF685438FF605438FF05
:101F2000685438FF605438FF605438FF685438FFF5
:101F3000685438FF605438FF605438FF685438FFE5
:101F4000685438FF605438FF685438FF685438FFCD
:101F5000605438FF685438FF605438FF605438FFCD
:101F6000685438FF685438FF605438FF605438FFB5
:101F7000685438FF605438FF605438FF685438FFA5
:101F8000605438FF685438FF605438FF685438FF95
:101F9000685438FF605438FF685438FF605438FF85
:101FA000685438FF605438FF685438FF685438FF6D
:101FB000605438FF605438FF685438FF685438FF65
:101FC000605438FF605438FF685438FF605438FF5D
:101FD000685438FF685438FF605438FF605438FF45
:101FE000685438FF685438FF605438FF685438FF2D
:101FF000605438FF685438FF605438FF605438FF2D
:10200000685438FF685438FF605438FF605438FF14
:10201000685438FF685438FF605438FF685438FFFC
:10202000605438FF685438FF605438FF605438FFFC
:10203000685438FF685438FF605438FF685438FFDC
:10204000605438FF605438FF685438FF605438FFDC
:10205000605438FF685438FF605438FF685438FFC4
:10206000605438FF685438FF685438FF605438FFB4
:10207000685438FF685438FF605438FF685438FF9C
:10208000605438FF685438FF605438FF685438FF94
:10209000605438FF605438FF685438FF605438FF8C
:1020A000605438FF685438FF605438FF605438FF7C
:1020B000685438FF685438FF605438FF605438FF64
:1020C000685438FF685438FF605438FF685438FF4C
:1020D000605438FF605438FF685438FF605438FF4C
:1020E000685438FF685438FF605438FF605438FF34
:1020F000685438FF685438FF605438FF685438FF1C
:10210000685438FF605438FF685438FF685438FF0B
:10211000605438FF605438FF685438FF605438FF0B
:10212000605438FF685438FF685438FF605438FFF3
:10213000685438FF605438FF605438FF685438FFE3
:10214000685438FF685840FF706048FF786850DF77
:10215000806850200000000000000000786850DF18
:10216000685840FF605030FF584830FF584428FFFF
:10217000584828FF584428FF584428FF584828FF4B
:10218000584428FF584428FF584828FF584428FF3F
:10219000584428FF584828FF584428FF584428FF2F
:1021A000584828FF584428FF584428FF584828FF1B
:1021B000584428FF584428FF584828FF584428FF0F
:1021C000584428FF584828FF584428FF584428FFFF
:1021D000584828FF584428FF584428FF584828FFEB
:1021E000584428FF584428FF584828FF584428FFDF
:1021F000584428FF584828FF584428FF584428FFCF
:10220000584828FF584428FF584428FF584828FFBA
:10221000584428FF584428FF584828FF584428FFAE
:10222000584428FF584828FF584428FF584428FF9E
:10223000584828FF584428FF584428FF584828FF8A
:10224000584428FF584428FF584828FF584428FF7E
:10225000584428FF584828FF584428FF584428FF6E
:10226000584828FF584428FF584428FF584828FF5A
:10227000584428FF584428FF584828FF584428FF4E
:10228000584428FF584828FF584428FF584428FF3E
:10229000584828FF584428FF584428FF584828FF2A
:1022A000584428FF584428FF584828FF584428FF1E
:1022B000584428FF584828FF584428FF584428FF0E
:1022C000584828FF584428FF584428FF584828FFFA
:1022D000584428FF584428FF584828FF584428FFEE
:1022E000584428FF584828FF584428FF584428FFDE
:1022F000584828FF584428FF584428FF584828FFCA
:10230000584428FF584428FF584828FF584428FFBD
:10231000584428FF584828FF584428FF584428FFAD
:10232000584828FF584428FF584428FF584828FF99
:10233000584428FF584428FF584828FF584428FF8D
:10234000584428FF584828FF584428FF584428FF7D
:10235000584828FF584428FF584828FF584428FF69
:10236000584428FF584828FF584428FF584428FF5D
:10237000584828FF584428FF584428FF584828FF49
:10238000584428FF584428FF584828FF584428FF3D
:10239000584428FF584828FF584428FF584428FF2D
:1023A000584828FF584428FF584428FF584828FF19
:1023B000584428FF584428FF584828FF584428FF0D
:1023C000584428FF584828FF584428FF584428FFFD
:1023D000584828FF584428FF584428FF584828FFE9
:1023E000584428FF584428FF584828FF584428FFDD
:1023F000584428FF584828FF584428FF584828FFC9
:10240000584428FF584428FF584428FF584828FFBC
:10241000584428FF584428FF584428FF584828FFAC
:10242000584428FF584428FF584828FF584428FF9C
:10243000584428FF584828FF584428FF584428FF8C
:10244000584828FF584428FF584428FF584828FF78
:10245000584428FF584428FF584828FF584428FF6C
:10246000584428FF584828FF584428FF584428FF5C
:10247000584828FF584428FF584428FF584828FF48
:10248000584428FF584428FF584828FF584428FF3C
:10249000584428FF584428FF584828FF584428FF2C
:1024A000584428FF584828FF584428FF584428FF1C
:1024B000584828FF584428FF584428FF584828FF08
:1024C000584428FF584428FF584828FF584428FFFC
:1024D000584428FF584828FF584428FF584428FFEC
:1024E000584828FF584428FF584428FF584828FFD8
:1024F000584428FF584428FF584828FF584428FFCC
:10250000584828FF584830FF605030FF685840FF57
:10251000786850DF7070501078645061685840FFE0
:10252000584C30FF584828FF584428FF584428FF8B
:10253000584428FF584428FF584428FF584428FF8F
:10254000584428FF584428FF584428FF584428FF7F
:10255000584428FF584428FF584428FF584428FF6F
:10256000584428FF584428FF584428FF584428FF5F
:10257000584428FF584428FF584428FF584428FF4F
:10258000584428FF584428FF584428FF584428FF3F
:10259000584428FF584428FF584428FF584428FF2F
:1025A000584428FF584428FF584428FF584428FF1F
:1025B000584428FF584428FF584428FF584428FF0F
:1025C000584428FF584428FF584428FF584428FFFF
:1025D000584428FF584428FF584428FF584428FFEF
:1025E000584428FF584428FF584428FF584428FFDF
:1025F000584428FF584428FF584428FF584428FFCF
:10260000584428FF584428FF584428FF584428FFBE
:10261000584428FF584428FF584428FF584428FFAE
:10262000584428FF584428FF584428FF584428FF9E
:10263000584428FF584428FF584428FF584428FF8E
:10264000584428FF584428FF584428FF584428FF7E
:10265000584428FF584428FF584428FF584428FF6E
:10266000584428FF584428FF584428FF584428FF5E
:10267000584428FF584428FF584428FF584428FF4E
:10268000584428FF584428FF584428FF584428FF3E
:10269000584428FF584428FF584428FF584428FF2E
:1026A000584428FF584428FF584428FF584428FF1E
:1026B000584428FF584428FF584428FF584428FF0E
:1026C000584428FF584428FF584428FF584428FFFE
:1026D000584428FF584428FF584428FF584428FFEE
:1026E000584428FF584428FF584428FF584428FFDE
:1026F000584428FF584428FF584428FF584428FFCE
:10270000584428FF584428FF584428FF584428FFBD
:10271000584428FF584428FF584428FF584428FFAD
:10272000584428FF584428FF584428FF584428FF9D
:10273000584428FF584428FF584428FF584428FF8D
:10274000584428FF584428FF584428FF584428FF7D
:10275000584428FF584428FF584428FF584428FF6D
:10276000584428FF584428FF584428FF584428FF5D
:10277000584428FF584428FF584428FF584428FF4D
:10278000584428FF584428FF584428FF584428FF3D
:10279000584428FF584428FF584428FF584428FF2D
:1027A000584428FF584428FF584428FF584428FF1D
:1027B000584428FF584428FF584428FF584428FF0D
:1027C000584428FF584428FF584428FF584428FFFD
:1027D000584428FF584428FF584428FF584428FFED
:1027E000584428FF584428FF584428FF584428FFDD
:1027F000584428FF584428FF584428FF584428FFCD
:10280000584428FF584428FF584428FF584428FFBC
:10281000584428FF584428FF584428FF584428FFAC
:10282000584428FF584428FF584428FF584428FF9C
:10283000584428FF584428FF584428FF584428FF8C
:10284000584428FF584428FF584428FF584428FF7C
:10285000584428FF584428FF584428FF584428FF6C
:10286000584428FF584428FF584428FF584428FF5C
:10287000584428FF584428FF584428FF584428FF4C
:10288000584428FF584428FF584428FF584428FF3C
:10289000584428FF584428FF584428FF584428FF2C
:1028A000584428FF584428FF584428FF584428FF1C
:1028B000584428FF584428FF584428FF584428FF0C
:1028C000584428FF584428FF584428FF604C30FFE4
:1028D000685840FF7064507D706048CF604C30FF96
:1028E000584428FF584428FF584428FF584428FFDC
:1028F000584428FF584428FF584428FF584428FFCC
:10290000584428FF584428FF584428FF584428FFBB
:10291000584428FF584428FF584428FF584428FFAB
:10292000584428FF584428FF584428FF584428FF9B
:10293000584428FF584428FF584428FF584428FF8B
:10294000584428FF584428FF584428FF584428FF7B
:10295000584428FF584428FF584428FF584428FF6B
:10296000584428FF584428FF584428FF584428FF5B
:10297000584428FF584428FF584428FF584428FF4B
:10298000584428FF584428FF584428FF584428FF3B
:10299000584428FF584428FF584428FF584428FF2B
:1029A000584428FF584428FF584428FF584428FF1B
:1029B000584428FF584428FF584428FF584428FF0B
:1029C000584428FF584428FF584428FF584428FFFB
:1029D000584428FF584428FF584428FF584428FFEB
:1029E000584428FF584428FF584428FF584428FFDB
:1029F000584428FF584428FF584428FF584428FFCB
:102A0000584428FF584428FF584428FF584428FFBA
:102A1000584428FF584428FF584428FF584428FFAA
:102A2000584428FF584428FF584428FF584428FF9A
:102A3000584428FF584428FF584428FF584428FF8A
:102A4000584428FF584428FF584428FF584428FF7A
:102A5000584428FF584428FF584428FF584428FF6A
:102A6000584428FF584428FF584428FF584428FF5A
:102A7000584428FF584428FF584428FF584428FF4A
:102A8000584428FF584428FF584428FF584428FF3A
:102A9000584428FF584428FF584428FF584428FF2A
:102AA000584428FF584428FF584428FF584428FF1A
:102AB000584428FF584428FF584428FF584428FF0A
:102AC000584428FF584428FF584428FF584428FFFA
:102AD000584428FF584428FF584428FF584428FFEA
:102AE000584428FF584428FF584428FF584428FFDA
:102AF000584428FF584428FF584428FF584428FFCA
:102B0000584428FF584428FF584428FF584428FFB9
:102B1000584428FF584428FF584428FF584428FFA9
:102B2000584428FF584428FF584428FF584428FF99
:102B3000584428FF584428FF584428FF584428FF89
:102B4000584428FF584428FF584428FF584428FF79
:102B5000584428FF584428FF584428FF584428FF69
:102B6000584428FF584428FF584428FF584428FF59
:102B7000584428FF584428FF584428FF584428FF49
:102B8000584428FF584428FF584428FF584428FF39
:102B9000584428FF584428FF584428FF584428FF29
:102BA000584428FF584428FF584428FF584428FF19
:102BB000584428FF584428FF584428FF584428FF09
:102BC000584428FF584428FF584428FF584428FFF9
:102BD000584428FF584428FF584428FF584428FFE9
:102BE000584428FF584428FF584428FF584428FFD9
:102BF000584428FF584428FF584428FF584428FFC9
:102C0000584428FF584428FF584428FF584428FFB8
:102C1000584428FF584428FF584428FF584428FFA8
:102C2000584428FF584428FF584428FF584428FF98
:102C3000584428FF584428FF584428FF584428FF88
:102C4000584428FF584428FF584428FF584428FF78
:102C5000584428FF584428FF584428FF584428FF68
:102C6000584428FF584428FF584428FF584428FF58
:102C7000584428FF584428FF584428FF584428FF48
:102C8000584428FF584428FF584428FF584428FF38
:102C9000605030FF705C48BE685840FF584828FFBD
:102CA000584428FF584428FF584428FF584428FF18
:102CB000584428FF584428FF584428FF584428FF08
:102CC000584428FF584428FF584428FF584428FFF8
:102CD000584428FF584428FF584428FF584428FFE8
:102CE000584428FF584428FF584428FF584428FFD8
:102CF000584428FF584428FF584428FF584428FFC8
:102D0000584428FF584428FF584428FF584428FFB7
:102D1000584428FF584428FF584428FF584428FFA7
:102D2000584428FF584428FF584428FF584428FF97
:102D3000584428FF584428FF584428FF584428FF87
:102D4000584428FF584428FF584428FF584428FF77
:102D5000584428FF584428FF584428FF584428FF67
:102D6000584428FF584428FF584428FF584428FF57
:102D7000584428FF584428FF584428FF584428FF47
:102D8000584428FF584428FF584428FF584428FF37
:102D9000584428FF584428FF584428FF584428FF27
:102DA000584428FF584428FF584428FF584428FF17
:102DB000584428FF584428FF584428FF584428FF07
:102DC000584428FF584428FF584428FF584428FFF7
:102DD000584428FF584428FF584428FF584428FFE7
:102DE000584428FF584428FF584428FF584428FFD7
:102DF000584428FF584428FF584428FF584428FFC7
:102E0000584428FF584428FF584428FF584428FFB6
:102E1000584428FF584428FF584428FF584428FFA6
:102E2000584428FF584428FF584428FF584428FF96
:102E3000584428FF584428FF584428FF584428FF86
:102E4000584428FF584428FF584428FF584428FF76
:102E5000584428FF584428FF584428FF584428FF66
:102E6000584428FF584428FF584428FF584428FF56
:102E7000584428FF584428FF584428FF584428FF46
:102E8000584428FF584428FF584428FF584428FF36
:102E9000584428FF584428FF584428FF584428FF26
:102EA000584428FF584428FF584428FF584428FF16
:102EB000584428FF584428FF584428FF584428FF06
:102EC000584428FF584428FF584428FF584428FFF6
:102ED000584428FF584428FF584428FF584428FFE6
:102EE000584428FF584428FF584428FF584428FFD6
:102EF000584428FF584428FF584428FF584428FFC6
:102F0000584428FF584428FF584428FF584428FFB5
:102F1000584428FF584428FF584428FF584428FFA5
:102F2000584428FF584428FF584428FF584428FF95
:102F3000584428FF584428FF584428FF584428FF85
:102F4000584428FF584428FF584428FF584428FF75
:102F5000584428FF584428FF584428FF584428FF65
:102F6000584428FF584428FF584428FF584428FF55
:102F7000584428FF584428FF584428FF584428FF45
:102F8000584428FF584428FF584428FF584428FF35
:102F9000584428FF584428FF584428FF584428FF25
:102FA000584428FF584428FF584428FF584428FF15
:102FB000584428FF584428FF584428FF584428FF05
:102FC000584428FF584428FF584428FF584428FFF5
:102FD000584428FF584428FF584428FF584428FFE5
:102FE000584428FF584428FF584428FF584428FFD5
:102FF000584428FF584428FF584428FF584428FFC5
:10300000584428FF584428FF584428FF584428FFB4
:10301000584428FF584428FF584428FF584428FFA4
:10302000584428FF584428FF584428FF584428FF94
:10303000584428FF584428FF584428FF584428FF84
:10304000584428FF584428FF584428FF584428FF74
:10305000584828FF685840FF685438FF584828FFF0
:10306000584428FF584428FF584428FF584428FF54
:10307000584428FF584428FF584428FF584428FF44
:10308000584428FF584428FF584428FF584428FF34
:10309000584428FF584428FF584428FF584428FF24
:1030A000584428FF584428FF584428FF584428FF14
:1030B000584428FF584428FF584428FF584428FF04
:1030C000584428FF584428FF584428FF584428FFF4
:1030D000584428FF584428FF584428FF584428FFE4
:1030E000584428FF584428FF584428FF584428FFD4
:1030F000584428FF584428FF584428FF584428FFC4
:10310000584428FF584428FF584428FF584428FFB3
:10311000584428FF584428FF584428FF584428FFA3
:10312000584428FF584428FF584428FF584428FF93
:10313000584428FF584428FF584428FF584428FF83
:10314000584428FF584428FF584428FF584428FF73
:10315000584428FF584428FF584428FF584428FF63
:10316000584428FF584428FF584428FF584428FF53
:10317000584428FF584428FF584428FF504428FF4B
:10318000584428FF584428FF584428FF584428FF33
:10319000584428FF584428FF584428FF584428FF23
:1031A000584428FF584428FF584428FF584428FF13
:1031B000584428FF584428FF584428FF584428FF03
:1031C000584428FF584428FF584428FF584428FFF3
:1031D000584428FF584428FF584428FF584428FFE3
:1031E000584428FF584428FF584428FF584428FFD3
:1031F000584428FF584428FF584428FF584428FFC3
:10320000584428FF584428FF584428FF584428FFB2
:10321000584428FF584428FF584428FF584428FFA2
:10322000584428FF584428FF584428FF584428FF92
:10323000584428FF584428FF584428FF584428FF82
:10324000584428FF584428FF584428FF584428FF72
:10325000584428FF584428FF584428FF584428FF62
:10326000584428FF584428FF584428FF584428FF52
:10327000584428FF584428FF584428FF584428FF42
:10328000584428FF584428FF584428FF584428FF32
:10329000584428FF584428FF584428FF584428FF22
:1032A000584428FF584428FF584428FF584428FF12
:1032B000584428FF584428FF584428FF584428FF02
:1032C000584428FF584428FF584428FF584428FFF2
:1032D000584428FF584428FF584428FF584428FFE2
:1032E000584428FF584428FF584428FF584428FFD2
:1032F000584428FF584428FF584428FF584428FFC2
:10330000584428FF584428FF584428FF584428FFB1
:10331000584428FF584428FF584428FF584428FFA1
:10332000584428FF584428FF584428FF584428FF91
:10333000584428FF584428FF584428FF584428FF81
:10334000584428FF584428FF584428FF584428FF71
:10335000584428FF584428FF584428FF584428FF61
:10336000584428FF584428FF584428FF584428FF51
:10337000584428FF584428FF584428FF584428FF41
:10338000584428FF584428FF584428FF584428FF31
:10339000584428FF584428FF584428FF584428FF21
:1033A000584428FF584428FF584428FF584428FF11
:1033B000584428FF584428FF584428FF584428FF01
:1033C000584428FF584428FF584428FF584428FFF1
:1033D000584428FF584428FF584428FF584428FFE1
:1033E000584428FF584428FF584428FF584428FFD1
:1033F000584428FF584428FF584428FF584428FFC1
:10340000584428FF584428FF584428FF584428FFB0
:10341000584828FF685438FF685438FF584428FF3C
:10342000584428FF584428FF584428FF584428FF90
:10343000504428FF584428FF584428FF504428FF90
:10344000584428FF584428FF504428FF584428FF78
:10345000584428FF504428FF584428FF584428FF68
:10346000584428FF584428FF584428FF584428FF50
:10347000584428FF584428FF584428FF584428FF40
:10348000584428FF584428FF584428FF584428FF30
:10349000584428FF584428FF584428FF504428FF28
:1034A000584428FF584428FF504428FF584428FF18
:1034B000584428FF584428FF584428FF504428FF08
:1034C000584428FF584428FF584428FF504428FFF8
:1034D000584428FF584428FF504428FF584428FFE8
:1034E000584428FF504428FF584428FF584428FFD8
:1034F000584428FF504428FF584428FF584428FFC8
:10350000504428FF584428FF584428FF504428FFBF
:10351000584428FF584428FF504428FF584428FFA7
:10352000584428FF504428FF584428FF584428FF97
:10353000504428FF584428FF584428FF584428FF87
:10354000584428FF584428FF504428FF584428FF77
:10355000584428FF504428FF584428FF584428FF67
:10356000584428FF584428FF584428FF584428FF4F
:10357000584428FF584428FF584428FF584428FF3F
:10358000584428FF584428FF584428FF584428FF2F
:10359000504428FF584428FF584428FF504428FF2F
:1035A000584428FF584428FF584428FF504428FF17
:1035B000584428FF584428FF504428FF584428FF07
:1035C000584428FF504428FF584428FF584428FFF7
:1035D000504428FF584428FF584428FF504428FFEF
:1035E000584428FF584428FF584428FF584428FFCF
:1035F000584428FF584428FF584428FF584428FFBF
:10360000584428FF584428FF504428FF584428FFB6
:10361000584428FF504428FF584428FF584428FFA6
:10362000504428FF584428FF584428FF504428FF9E
:10363000584428FF584428FF504428FF584428FF86
:10364000584428FF584428FF584428FF504428FF76
:10365000584428FF584428FF584428FF504428FF66
:10366000584428FF584428FF504428FF584428FF56
:10367000584428FF584428FF504428FF584428FF46
:10368000584428FF504428FF584428FF584428FF36
:10369000504428FF584428FF584428FF504428FF2E
:1036A000584428FF584428FF584428FF584428FF0E
:1036B000504428FF584428FF584428FF584428FF06
:1036C000584428FF584428FF584428FF584428FFEE
:1036D000584428FF584428FF584428FF504428FFE6
:1036E000584428FF584428FF504428FF584428FFD6
:1036F000584428FF504428FF584428FF584428FFC6
:10370000504428FF584428FF584428FF584428FFB5
:10371000584428FF584428FF584428FF584428FF9D
:10372000584428FF584428FF584428FF584428FF8D
:10373000584428FF584428FF584428FF504428FF85
:10374000584428FF584428FF504428FF584428FF75
:10375000584428FF584428FF504428FF584428FF65
:10376000584428FF504428FF584428FF584428FF55
:10377000504428FF584428FF584428FF504428FF4D
:10378000584428FF584428FF504428FF584428FF35
:10379000584428FF504428FF584428FF584428FF25
:1037A000584428FF584428FF504428FF584428FF15
:1037B000584428FF584428FF584428FF584428FFFD
:1037C000584428FF584428FF584428FF584428FFED
:1037D000584828FF685438FF605438FF584428FF81
:1037E000584428FF584428FF584428FF584428FFCD
:1037F000584428FF584428FF584428FF584428FFBD
:10380000584428FF584428FF584428FF584428FFAC
:10381000584428FF584428FF584428FF584428FF9C
:10382000504428FF584428FF584428FF504428FF9C
:10383000584428FF584428FF504428FF584428FF84
:10384000584428FF504428FF584428FF584428FF74
:10385000504428FF584428FF584428FF584428FF64
:10386000584428FF584428FF584428FF584428FF4C
:10387000584428FF504428FF584428FF584428FF44
:10388000584428FF584428FF584428FF584428FF2C
:10389000584428FF584428FF584428FF584428FF1C
:1038A000584428FF584428FF584428FF584428FF0C
:1038B000584428FF584428FF584428FF584428FFFC
:1038C000584428FF584428FF584428FF584428FFEC
:1038D000584428FF584428FF584428FF584428FFDC
:1038E000584428FF584428FF584428FF584428FFCC
:1038F000584428FF584428FF584428FF584428FFBC
:10390000584428FF584428FF584428FF584428FFAB
:10391000584428FF584428FF584428FF504428FFA3
:10392000584428FF584428FF504428FF584428FF93
:10393000584428FF504428FF584428FF584428FF83
:10394000504428FF584428FF584428FF584428FF73
:10395000584428FF584428FF584428FF584428FF5B
:10396000584428FF584428FF584428FF584428FF4B
:10397000584428FF584428FF584428FF584428FF3B
:10398000584428FF584428FF584428FF584428FF2B
:10399000584428FF584428FF584428FF584428FF1B
:1039A000584428FF584428FF504428FF584428FF13
:1039B000584428FF504428FF584428FF584428FF03
:1039C000584428FF584428FF584428FF584428FFEB
:1039D000584428FF584428FF584428FF584428FFDB
:1039E000584428FF584428FF584428FF584428FFCB
:1039F000584428FF584428FF584428FF584428FFBB
:103A0000584428FF504428FF584428FF584428FFB2
:103A1000584428FF584428FF584428FF584428FF9A
:103A2000584428FF584428FF584428FF584428FF8A
:103A3000584428FF584428FF584428FF584428FF7A
:103A4000584428FF584428FF584428FF584428FF6A
:103A5000584428FF584428FF584428FF584428FF5A
:103A6000584428FF584428FF504428FF584428FF52
:103A7000584428FF584428FF584428FF504428FF42
:103A8000584428FF584428FF504428FF584428FF32
:103A9000584428FF504428FF584428FF584428FF22
:103AA000584428FF584428FF584428FF584428FF0A
:103AB000584428FF584428FF584428FF584428FFFA
:103AC000584428FF584428FF584428FF504428FFF2
:103AD000584428FF584428FF504428FF584428FFE2
:103AE000584428FF504428FF584428FF584428FFD2
:103AF000504428FF584428FF584428FF584428FFC2
:103B0000584428FF584428FF584428FF584428FFA9
:103B1000584428FF584428FF584428FF584428FF99
:103B2000584428FF584428FF584428FF584428FF89
:103B3000584428FF584428FF584428FF584428FF79
:103B4000584428FF584428FF584428FF584428FF69
:103B5000584428FF584428FF584428FF584428FF59
:103B6000584428FF584428FF584428FF584428FF49
:103B7000584428FF504428FF584428FF584428FF41
:103B8000504428FF584428FF584428FF584428FF31
:103B9000584428FF605438FF605438FF584828FFC5
:103BA000584428FF584428FF584428FF584420FF11
:103BB000584428FF584428FF584420FF584428FF01
:103BC000584428FF584428FF584428FF584428FFE9
:103BD000584428FF584428FF584428FF584428FFD9
:103BE000584428FF584428FF584428FF584428FFC9
:103BF000584428FF584428FF584428FF584428FFB9
:103C0000584428FF584428FF584428FF584428FFA8
:103C1000584428FF584428FF584428FF584428FF98
:103C2000584428FF584428FF584428FF584428FF88
:103C3000584428FF584428FF584428FF584428FF78
:103C4000584428FF584428FF504428FF584428FF70
:103C5000584428FF584428FF584428FF584428FF58
:103C6000584428FF584428FF504428FF584428FF50
:103C7000584428FF584428FF584428FF584428FF38
:103C8000584428FF584428FF584428FF584428FF28
:103C9000584428FF584428FF584428FF584428FF18
:103CA000584428FF584428FF584428FF584428FF08
:103CB000584428FF584428FF504428FF584428FF00
:103CC000584428FF504428FF584428FF584428FFF0
:103CD000584428FF584428FF584428FF584428FFD8
:103CE000584428FF584428FF584428FF584428FFC8
:103CF000584428FF584428FF584428FF584428FFB8
:103D0000584428FF584428FF584428FF504428FFAF
:103D1000584428FF584428FF584428FF584428FF97
:103D2000584428FF504428FF584428FF584428FF8F
:103D3000584428FF584428FF584428FF584428FF77
:103D4000584428FF584428FF584428FF584428FF67
:103D5000584428FF584428FF584428FF584428FF57
:103D6000584428FF584428FF584428FF584428FF47
:103D7000584428FF584428FF584428FF504428FF3F
:103D8000584428FF584428FF584428FF584428FF27
:103D9000584428FF584428FF584428FF584428FF17
:103DA000584428FF584428FF584428FF584428FF07
:103DB000584428FF584428FF584428FF584428FFF7
:103DC000584428FF584428FF584428FF584428FFE7
:103DD000584428FF584428FF504428FF584428FFDF
:103DE000584428FF584428FF584428FF584428FFC7
:103DF000504428FF584428FF584428FF584428FFBF
:103E0000584428FF584428FF584428FF584428FFA6
:103E1000584428FF584428FF584428FF584428FF96
:103E2000584428FF584428FF584428FF584428FF86
:103E3000584428FF584428FF584428FF584428FF76
:103E4000584428FF584428FF584428FF584428FF66
:103E5000584428FF584428FF584428FF584428FF56
:103E6000584428FF584428FF584428FF584428FF46
:103E7000584428FF584428FF584428FF584428FF36
:103E8000584428FF584428FF584428FF584428FF26
:103E9000584428FF584428FF584428FF584428FF16
:103EA000584428FF584428FF584428FF584428FF06
:103EB000584428FF584428FF584428FF584428FFF6
:103EC000584428FF584428FF584428FF584428FFE6
:103ED000504428FF584428FF584428FF584428FFDE
:103EE000584428FF584428FF584428FF584428FFC6
:103EF000584428FF584428FF584428FF584428FFB6
:103F0000504428FF584428FF584428FF584428FFAD
:103F1000584428FF584428FF504428FF584428FF9D
:103F2000584428FF504428FF584428FF584428FF8D
:103F3000584428FF584428FF584420FF584428FF7D
:103F4000584428FF584420FF584428FF584428FF6D
:103F5000584428FF685438FF685438FF584428FFF5
:103F6000584428FF584428FF504428FF584428FF4D
:103F7000584428FF504428FF584428FF584428FF3D
:103F8000504420FF584428FF584428FF504420FF45
:103F9000584428FF584428FF504420FF584428FF25
:103FA000584428FF584420FF584428FF584428FF0D
:103FB000584420FF584428FF584428FF584420FF05
:103FC000584428FF584428FF584420FF584428FFED
:103FD000584428FF584420FF504428FF584428FFE5
:103FE000584420FF504428FF584428FF584420FFDD
:103FF000584428FF584428FF584420FF504428FFC5
:10400000584428FF584420FF584428FF584428FFAC
:10401000584420FF504428FF584428FF584420FFAC
:10402000504428FF584428FF584420FF584428FF94
:10403000584428FF504420FF584428FF584428FF84
:10404000504420FF584428FF584428FF504420FF84
:10405000584428FF584428FF504420FF584428FF64
:10406000584428FF504420FF584428FF584428FF54
:10407000504420FF584428FF584428FF584420FF4C
:10408000584428FF584428FF584420FF584428FF2C
:10409000504428FF584420FF584428FF584428FF24
:1040A000584420FF584428FF584428FF584420FF14
:1040B000584428FF584428FF584420FF584428FFFC
:1040C000584428FF584420FF584428FF584428FFEC
:1040D000584420FF584428FF504428FF584420FFEC
:1040E000584428FF584428FF584420FF584428FFCC
:1040F000504428FF584420FF584428FF504428FFCC
:10410000584420FF584428FF504428FF584420FFBB
:10411000584428FF504428FF584420FF584428FFA3
:10412000504428FF584420FF584428FF584428FF93
:10413000584420FF584428FF584428FF584420FF83
:10414000584428FF504428FF584420FF584428FF73
:10415000504428FF584420FF584428FF504428FF6B
:10416000584420FF584428FF504428FF584420FF5B
:10417000584428FF504428FF584420FF584428FF43
:10418000584428FF584420FF584428FF504428FF33
:10419000584420FF584428FF584428FF584420FF23
:1041A000584428FF504428FF584420FF584428FF13
:1041B000584428FF584420FF584428FF504428FF03
:1041C000584420FF584428FF504428FF584420FFFB
:1041D000584428FF504428FF584420FF584428FFE3
:1041E000504428FF584420FF584428FF584428FFD3
:1041F000584420FF504428FF584428FF584420FFCB
:10420000584428FF584428FF584420FF584428FFAA
:10421000584428FF584420FF584428FF584428FF9A
:10422000504420FF584428FF584428FF504420FFA2
:10423000584428FF584428FF504420FF584428FF82
:10424000584428FF504420FF584428FF584428FF72
:10425000584420FF584428FF584428FF584420FF62
:10426000584428FF584428FF584420FF584428FF4A
:10427000584428FF584420FF504428FF584428FF42
:10428000584420FF504428FF584428FF584420FF3A
:10429000584428FF584428FF584420FF504428FF22
:1042A000584428FF584420FF504428FF584428FF12
:1042B000584420FF504428FF584428FF584420FF0A
:1042C000584428FF584428FF584420FF504428FFF2
:1042D000584428FF584420FF584428FF584428FFDA
:1042E000584420FF584428FF584428FF584420FFD2
:1042F000584428FF584428FF504428FF584428FFBA
:10430000584428FF504428FF584428FF584428FFA9
:10431000584828FF605438FF685438FF584428FF35
:10432000584428FF584428FF584428FF584428FF81
:10433000584428FF584428FF584428FF584428FF71
:10434000584428FF584428FF584428FF584428FF61
:10435000584428FF584428FF584428FF584428FF51
:10436000504428FF584428FF584428FF504428FF51
:10437000584428FF584428FF504428FF584428FF39
:10438000584428FF504428FF584428FF584428FF29
:10439000504428FF584428FF584428FF584428FF19
:1043A000584428FF584428FF584428FF504428FF09
:1043B000584428FF584428FF584428FF584428FFF1
:1043C000584428FF584428FF584428FF584428FFE1
:1043D000584428FF584428FF584428FF584428FFD1
:1043E000584428FF584428FF584428FF584428FFC1
:1043F000584428FF584428FF584428FF584428FFB1
:10440000584428FF584428FF584428FF584428FFA0
:10441000584428FF584428FF584428FF584428FF90
:10442000584428FF584428FF584428FF584428FF80
:10443000584428FF584428FF584428FF584428FF70
:10444000584428FF584428FF584428FF584428FF60
:10445000584428FF584428FF504428FF584428FF58
:10446000584428FF504428FF584428FF584428FF48
:10447000504428FF584428FF584428FF504428FF40
:10448000584428FF584428FF504428FF584428FF28
:10449000584428FF584428FF584428FF584428FF10
:1044A000584428FF584428FF584428FF584428FF00
:1044B000584428FF584428FF584428FF584428FFF0
:1044C000584428FF584428FF584428FF584428FFE0
:1044D000584428FF584428FF584428FF584428FFD0
:1044E000584428FF584428FF504428FF584428FFC8
:1044F000584428FF504428FF584428FF584428FFB8
:10450000584428FF584428FF584428FF584428FF9F
:10451000584428FF584428FF584428FF584428FF8F
:10452000584428FF584428FF584428FF584428FF7F
:10453000584428FF584428FF584428FF504428FF77
:10454000584428FF584428FF584428FF584428FF5F
:10455000584428FF584428FF584428FF584428FF4F
:10456000584428FF584428FF584428FF584428FF3F
:10457000584428FF584428FF584428FF584428FF2F
:10458000584428FF584428FF584428FF584428FF1F
:10459000584428FF584428FF584428FF584428FF0F
:1045A000584428FF584428FF584428FF584428FFFF
:1045B000584428FF584428FF584428FF584428FFEF
:1045C000504428FF584428FF584428FF504428FFEF
:1045D000584428FF584428FF504428FF584428FFD7
:1045E000584428FF584428FF584428FF584428FFBF
:1045F000584428FF584428FF584428FF584428FFAF
:10460000584428FF584428FF584428FF504428FFA6
:10461000584428FF584428FF504428FF584428FF96
:10462000584428FF504428FF584428FF584428FF86
:10463000504428FF584428FF584428FF584428FF76
:10464000584428FF584428FF584428FF584428FF5E
:10465000584428FF584428FF584428FF584428FF4E
:10466000584428FF584428FF584428FF584428FF3E
:10467000584428FF584428FF584428FF584428FF2E
:10468000584428FF584428FF584428FF584428FF1E
:10469000584428FF584428FF584428FF584428FF0E
:1046A000584428FF584428FF584428FF504428FF06
:1046B000584428FF584428FF584428FF584428FFEE
:1046C000584428FF584428FF584428FF584428FFDE
:1046D000584428FF605438FF605438FF584428FF7E
:1046E000584428FF584428FF584428FF584420FFC6
:1046F000584428FF584428FF584420FF504428FFBE
:10470000584428FF584428FF584428FF584428FF9D
:10471000504420FF584428FF584428FF584428FF9D
:10472000584428FF584428FF584428FF584428FF7D
:10473000584428FF584428FF584428FF584428FF6D
:10474000584428FF584428FF584428FF584428FF5D
:10475000584428FF584428FF584428FF584428FF4D
:10476000584428FF584428FF584428FF584428FF3D
:10477000584420FF584428FF504428FF584428FF3D
:10478000584428FF584428FF504428FF584420FF2D
:10479000584428FF584428FF584428FF584428FF0D
:1047A000584428FF584428FF504428FF584428FF05
:1047B000584428FF584428FF584428FF504428FFF5
:1047C000584428FF584420FF584428FF584428FFE5
:1047D000504428FF584428FF584428FF584428FFD5
:1047E000584420FF584428FF584428FF584428FFC5
:1047F000584428FF584428FF504428FF584428FFB5
:10480000584428FF504428FF584428FF584428FFA4
:10481000584428FF584428FF584420FF584428FF94
:10482000584428FF584428FF584428FF584428FF7C
:10483000584420FF584428FF584428FF584428FF74
:10484000584420FF584428FF584428FF584428FF64
:10485000584428FF584420FF584428FF584428FF54
:10486000504428FF584428FF584428FF504428FF4C
:10487000584428FF584428FF584428FF584428FF2C
:10488000584428FF504428FF584428FF584428FF24
:10489000584428FF584428FF504428FF584428FF14
:1048A000584428FF584428FF584428FF584428FFFC
:1048B000584428FF584428FF584428FF584428FFEC
:1048C000584428FF584428FF584428FF584428FFDC
:1048D000584428FF584428FF504428FF584428FFD4
:1048E000584428FF584428FF584428FF584428FFBC
:1048F000504420FF584428FF584428FF584428FFBC
:10490000584428FF584428FF504428FF584420FFAB
:10491000584428FF584428FF504428FF584428FF93
:10492000584428FF584428FF584428FF504428FF83
:10493000584428FF584428FF504428FF584420FF7B
:10494000584428FF584428FF584428FF584428FF5B
:10495000584428FF584420FF584428FF584428FF53
:10496000584428FF504428FF584428FF584420FF4B
:10497000504428FF584428FF584428FF584428FF33
:10498000584428FF584420FF584428FF584428FF23
:10499000584428FF584428FF584428FF584428FF0B
:1049A000584428FF584428FF584428FF584428FFFB
:1049B000504428FF584428FF584428FF584428FFF3
:1049C000504428FF584428FF584428FF584428FFE3
:1049D000584428FF584428FF584428FF584428FFCB
:1049E000584428FF584428FF584428FF584420FFC3
:1049F000584428FF584428FF584428FF584428FFAB
:104A0000584428FF584428FF584420FF504428FFAA
:104A1000584428FF584428FF504428FF584428FF92
:104A2000584428FF584428FF584428FF584420FF82
:104A3000584428FF584428FF504428FF584428FF72
:104A4000584428FF504420FF584428FF584428FF6A
:104A5000584428FF504428FF584428FF584428FF52
:104A6000504428FF584428FF584428FF584428FF42
:104A7000584420FF584428FF584428FF584420FF3A
:104A8000584428FF584428FF584428FF584428FF1A
:104A9000584428FF685438FF605438FF584428FFB2
:104AA000584428FF584428FF584428FF504428FF02
:104AB000584428FF584428FF584428FF584428FFEA
:104AC000584428FF584420FF504428FF584428FFEA
:104AD000584428FF584428FF584428FF584420FFD2
:104AE000584428FF584428FF584420FF584428FFC2
:104AF000504428FF584420FF584428FF584428FFBA
:104B0000504420FF584428FF584428FF584420FFB1
:104B1000584428FF584420FF504428FF584428FF99
:104B2000584420FF504428FF584428FF584428FF89
:104B3000584428FF584428FF584428FF584420FF71
:104B4000584428FF584428FF584428FF584428FF59
:104B5000584428FF504428FF584420FF584428FF59
:104B6000504428FF584420FF584428FF584428FF49
:104B7000584420FF504428FF584420FF584428FF41
:104B8000584428FF584428FF504428FF584428FF21
:104B9000584420FF584428FF584428FF504428FF19
:104BA000584428FF584428FF504428FF584420FF09
:104BB000584428FF584428FF584420FF584428FFF1
:104BC000584428FF584420FF584428FF504420FFF1
:104BD000584428FF584428FF584428FF584428FFC9
:104BE000584428FF584420FF504428FF584428FFC9
:104BF000584428FF584428FF584428FF584428FFA9
:104C0000584428FF584428FF584428FF584420FFA0
:104C1000504428FF584428FF584428FF584428FF90
:104C2000584420FF584428FF584428FF584420FF88
:104C3000584428FF584428FF504420FF584428FF78
:104C4000584428FF584420FF584428FF584428FF60
:104C5000504420FF584428FF584428FF584420FF60
:104C6000584428FF584428FF584420FF584428FF40
:104C7000584428FF584420FF504428FF584428FF38
:104C8000584420FF504428FF584428FF584420FF30
:104C9000504428FF584428FF584420FF584428FF18
:104CA000584420FF504428FF584428FF584428FF08
:104CB000584428FF584428FF584428FF584420FFF0
:104CC000584428FF584428FF584428FF584428FFD8
:104CD000584428FF584428FF584420FF584428FFD0
:104CE000584428FF504420FF584428FF584420FFD0
:104CF000584428FF584428FF584428FF584428FFA8
:104D0000584428FF504428FF584420FF584428FFA7
:104D1000504428FF584428FF504428FF584428FF97
:104D2000584420FF584428FF584428FF584428FF7F
:104D3000584428FF584428FF584420FF584428FF6F
:104D4000584428FF504428FF584428FF584428FF5F
:104D5000584420FF584428FF584428FF584420FF57
:104D6000504428FF584428FF584420FF584428FF47
:104D7000584428FF584420FF584428FF584428FF2F
:104D8000584420FF584428FF584428FF584420FF27
:104D9000584428FF584428FF584420FF504428FF17
:104DA000584420FF584428FF584428FF584428FFFF
:104DB000584428FF584428FF504420FF584428FFF7
:104DC000584428FF504428FF584428FF584428FFDF
:104DD000584428FF584420FF584428FF584428FFCF
:104DE000584420FF504428FF584428FF584428FFC7
:104DF000504428FF584428FF584420FF584428FFB7
:104E0000584428FF584428FF584428FF584428FF96
:104E1000584420FF584428FF584428FF584420FF96
:104E2000584428FF584428FF584420FF584428FF7E
:104E3000584428FF504428FF584428FF584428FF6E
:104E4000504428FF584428FF584420FF584428FF66
:104E5000584828FF605438FF685438FF584428FFEA
:104E6000584428FF584428FF584428FF584428FF36
:104E7000584428FF584420FF504428FF584428FF36
:104E8000584428FF584428FF584428FF584428FF16
:104E9000584428FF584428FF504428FF584428FF0E
:104EA000584428FF504428FF584428FF584428FFFE
:104EB000584428FF584428FF584428FF584428FFE6
:104EC000584428FF584428FF504428FF584428FFDE
:104ED000584428FF584428FF584428FF584428FFC6
:104EE000584428FF584420FF584428FF584428FFBE
:104EF000504428FF584428FF584428FF584428FFAE
:104F0000504428FF584420FF584428FF584428FFA5
:104F1000584428FF584428FF584428FF584428FF85
:104F2000584428FF584428FF584428FF584428FF75
:104F3000584428FF584428FF584428FF584428FF65
:104F4000584428FF584428FF584428FF584428FF55
:104F5000584428FF584428FF584420FF584428FF4D
:104F6000584428FF584428FF584428FF584428FF35
:104F7000504428FF584428FF584428FF584428FF2D
:104F8000584428FF584428FF584428FF584428FF15
:104F9000584428FF584428FF504428FF584428FF0D
:104FA000584428FF584428FF584428FF584428FFF5
:104FB000584428FF504428FF584420FF504428FFFD
:104FC000584428FF584428FF504428FF584428FFDD
:104FD000584428FF584428FF584428FF504428FFCD
:104FE000584428FF584428FF584428FF584428FFB5
:104FF000584428FF584428FF584428FF584428FFA5
:10500000584428FF584428FF584428FF584428FF94
:10501000584428FF584428FF584428FF584428FF84
:10502000504428FF584428FF584428FF504428FF84
:10503000584428FF584428FF584428FF584428FF64
:10504000584428FF584428FF584428FF584428FF54
:10505000584428FF584428FF584428FF584428FF44
:10506000584428FF584428FF584420FF584428FF3C
:10507000584428FF584428FF504428FF584428FF2C
:10508000584428FF504420FF584428FF584428FF24
:10509000584428FF504428FF584428FF584428FF0C
:1050A000584428FF584428FF584428FF584428FFF4
:1050B000584428FF584428FF584420FF584428FFEC
:1050C000584428FF584428FF584428FF584428FFD4
:1050D000584428FF584428FF584428FF584428FFC4
:1050E000584428FF584428FF584428FF584428FFB4
:1050F000584428FF584428FF504428FF584428FFAC
:10510000584428FF584428FF584428FF584428FF93
:10511000504428FF584428FF584428FF584428FF8B
:10512000584428FF584428FF584428FF504428FF7B
:10513000584428FF584428FF584428FF504428FF6B
:10514000584428FF584428FF584428FF504428FF5B
:10515000584428FF584428FF584428FF584428FF43
:10516000584428FF584428FF504428FF584428FF3B
:10517000584428FF584428FF584428FF584428FF23
:10518000584420FF584428FF584428FF584428FF1B
:10519000584428FF584428FF584428FF584428FF03
:1051A000584428FF584428FF584428FF584428FFF3
:1051B000584428FF584428FF584428FF584428FFE3
:1051C000584428FF584428FF504428FF584428FFDB
:1051D000584428FF584428FF584428FF584428FFC3
:1051E000584428FF504428FF584428FF584428FFBB
:1051F000584428FF584428FF584428FF584428FFA3
:10520000584428FF584428FF584428FF584428FF92
:10521000584428FF685438FF605438FF584428FF2A
:10522000584428FF584428FF584420FF584428FF7A
:10523000584428FF584428FF584428FF584428FF62
:10524000584428FF584428FF584420FF584428FF5A
:10525000584428FF584420FF584428FF584428FF4A
:10526000584428FF584420FF584428FF584428FF3A
:10527000584428FF504428FF584420FF584428FF32
:10528000584428FF584428FF584420FF584428FF1A
:10529000584428FF504428FF584428FF584428FF0A
:1052A000584428FF584428FF584428FF584428FFF2
:1052B000584420FF584428FF584428FF584428FFEA
:1052C000584428FF584428FF584428FF504428FFDA
:1052D000584420FF584428FF584428FF584428FFCA
:1052E000584420FF584428FF584428FF504428FFC2
:1052F000584428FF584428FF584428FF584428FFA2
:10530000504420FF584428FF584428FF584420FFA9
:10531000584428FF504428FF584428FF584428FF89
:10532000584428FF504420FF584428FF584428FF81
:10533000584428FF584420FF584428FF504428FF71
:10534000584428FF584428FF584428FF584428FF51
:10535000584428FF584420FF584428FF584428FF49
:10536000504420FF584428FF584428FF584420FF49
:10537000584428FF584428FF584428FF584428FF21
:10538000584428FF584420FF584428FF584428FF19
:10539000584428FF584428FF584420FF584428FF09
:1053A000584428FF584428FF504428FF584420FF01
:1053B000584428FF504428FF584428FF584420FFF1
:1053C000504428FF584428FF584428FF504420FFE9
:1053D000584428FF584428FF584420FF584428FFC9
:1053E000584428FF584428FF584428FF584420FFB9
:1053F000584428FF584428FF584420FF584428FFA9
:10540000584428FF584428FF584420FF584428FF98
:10541000584428FF584428FF504428FF584428FF88
:10542000584428FF584428FF584428FF504428FF78
:10543000584428FF584420FF584428FF584428FF68
:10544000584428FF584428FF584428FF584428FF50
:10545000584420FF584428FF584428FF584428FF48
:10546000584428FF584428FF584428FF504428FF38
:10547000584428FF584428FF504428FF584428FF28
:10548000584428FF584428FF584428FF504420FF20
:10549000584428FF584428FF584420FF584428FF08
:1054A000504428FF584428FF584420FF504428FF08
:1054B000584428FF584420FF584428FF584428FFE8
:1054C000584420FF584428FF584428FF584420FFE0
:1054D000584428FF584428FF504428FF584428FFC8
:1054E000584420FF584428FF584428FF584428FFB8
:1054F000584420FF584428FF584428FF584420FFB0
:10550000584428FF584428FF584428FF584428FF8F
:10551000584420FF584428FF504428FF584428FF8F
:10552000584428FF584428FF584420FF584428FF77
:10553000584428FF504420FF584428FF584428FF6F
:10554000584428FF584428FF584428FF504420FF5F
:10555000584428FF584428FF504428FF584420FF4F
:10556000584428FF584428FF584420FF584428FF37
:10557000584428FF584420FF504428FF584428FF2F
:10558000584420FF584428FF584428FF584420FF1F
:10559000504428FF584428FF584428FF504428FF0F
:1055A000584420FF584428FF584428FF584428FFF7
:1055B000504428FF584420FF584428FF584428FFEF
:1055C000584420FF504428FF584428FF584428FFDF
:1055D000584428FF605438FF605438FF584428FF6F
:1055E000584428FF584428FF584428FF504428FFB7
:1055F000584428FF584428FF584428FF584420FFA7
:10560000504428FF584428FF584428FF504428FF9E
:10561000584428FF584428FF584428FF584428FF7E
:10562000584428FF584428FF504428FF584420FF7E
:10563000584428FF584428FF584428FF584428FF5E
:10564000504428FF584428FF584428FF584428FF56
:10565000584428FF584420FF584428FF584428FF46
:10566000504428FF584428FF584428FF504428FF3E
:10567000584428FF584428FF584420FF504428FF2E
:10568000584428FF584428FF584428FF584428FF0E
:10569000584428FF504428FF584428FF584428FF06
:1056A000504428FF584428FF584420FF584428FFFE
:1056B000584428FF584420FF584428FF584428FFE6
:1056C000584428FF584428FF584428FF584428FFCE
:1056D000584428FF584428FF584428FF584428FFBE
:1056E000584428FF584428FF584428FF584428FFAE
:1056F000584428FF584428FF584428FF584420FFA6
:10570000584428FF504428FF584420FF584428FF9D
:10571000504428FF584428FF584428FF584428FF85
:10572000584428FF584428FF584428FF504428FF75
:10573000584428FF584428FF584428FF584428FF5D
:10574000584428FF584428FF584428FF584428FF4D
:10575000504428FF584428FF584428FF584428FF45
:10576000584428FF584420FF584428FF584428FF35
:10577000584428FF584428FF584428FF584428FF1D
:10578000584428FF584428FF584428FF584428FF0D
:10579000584428FF584428FF504428FF584428FF05
:1057A000584420FF584428FF584428FF584428FFF5
:1057B000504428FF584428FF584428FF504428FFED
:1057C000584428FF584428FF504428FF584428FFD5
:1057D000584420FF584428FF584428FF584420FFCD
:1057E000584428FF504428FF584428FF584428FFB5
:1057F000584428FF584428FF584428FF584428FF9D
:10580000584428FF584428FF584428FF504428FF94
:10581000584428FF584428FF584420FF504428FF8C
:10582000584428FF584420FF584428FF584428FF74
:10583000584420FF584428FF584428FF584428FF64
:10584000504420FF584428FF584428FF584428FF5C
:10585000584428FF584428FF584428FF584428FF3C
:10586000584428FF584428FF584428FF584428FF2C
:10587000584428FF584428FF584428FF584428FF1C
:10588000504428FF584428FF584428FF504428FF1C
:10589000584428FF584428FF584420FF584428FF04
:1058A000584428FF504428FF584428FF584428FFF4
:1058B000584428FF504428FF584428FF584428FFE4
:1058C000584428FF504420FF584428FF584428FFDC
:1058D000584428FF584428FF584428FF584420FFC4
:1058E000584428FF584428FF584428FF584428FFAC
:1058F000584428FF584428FF584428FF584428FF9C
:10590000504428FF584428FF584428FF584428FF93
:10591000584428FF584428FF584428FF584428FF7B
:10592000504428FF584428FF584428FF504428FF7B
:10593000584428FF584428FF584428FF584428FF5B
:10594000584428FF504428FF584428FF584428FF53
:10595000584428FF584428FF584420FF584428FF43
:10596000584428FF584428FF584428FF584428FF2B
:10597000584428FF584428FF584428FF504428FF23
:10598000584428FF584428FF584428FF584428FF0B
:10599000584828FF605438FF685438FF584428FF9F
:1059A000584428FF584428FF584428FF584428FFEB
:1059B000584420FF504428FF584428FF584428FFEB
:1059C000584428FF584428FF584428FF584428FFCB
:1059D000584428FF504428FF584420FF584428FFCB
:1059E000504428FF584428FF584428FF584428FFB3
:1059F000584428FF584428FF584428FF584420FFA3
:105A0000584428FF584428FF584428FF504428FF92
:105A1000584428FF584428FF584428FF584420FF82
:105A2000584428FF584428FF584420FF584428FF72
:105A3000584428FF584428FF584428FF584428FF5A
:105A4000584428FF584420FF584428FF584428FF52
:105A5000584428FF584420FF584428FF584428FF42
:105A6000584428FF584428FF584428FF584428FF2A
:105A7000584428FF504428FF584428FF584428FF22
:105A8000584428FF504428FF584428FF584428FF12
:105A9000504428FF584420FF584428FF504428FF12
:105AA000584420FF584428FF584428FF504420FF02
:105AB000584428FF584428FF504428FF584428FFE2
:105AC000584428FF584428FF584428FF584428FFCA
:105AD000584428FF584428FF584428FF584428FFBA
:105AE000584428FF584428FF584428FF584428FFAA
:105AF000584428FF584420FF504428FF584428FFAA
:105B0000584420FF504428FF584428FF584420FFA1
:105B1000584428FF584428FF584428FF504428FF81
:105B2000584428FF584428FF584428FF584428FF69
:105B3000584428FF584420FF584428FF584428FF61
:105B4000584428FF584420FF584428FF584428FF51
:105B5000584428FF584428FF584428FF584428FF39
:105B6000584428FF504428FF584428FF584428FF31
:105B7000584428FF584428FF584428FF584428FF19
:105B8000584420FF584428FF584428FF504428FF19
:105B9000584428FF584428FF584428FF584428FFF9
:105BA000584428FF584428FF584420FF584428FFF1
:105BB000584428FF504428FF584420FF584428FFE9
:105BC000504428FF584420FF584428FF584428FFD9
:105BD000584428FF584428FF584428FF584428FFB9
:105BE000584428FF584428FF504428FF584428FFB1
:105BF000584428FF584428FF584428FF584428FF99
:105C0000584428FF584428FF584428FF584428FF88
:105C1000584428FF504428FF584428FF584420FF88
:105C2000584428FF584428FF584428FF584428FF68
:105C3000504428FF584428FF584428FF584428FF60
:105C4000584428FF584428FF584428FF584428FF48
:105C5000584428FF584428FF584428FF584428FF38
:105C6000584428FF584428FF584420FF584428FF30
:105C7000584428FF584428FF584428FF584428FF18
:105C8000584428FF584428FF584428FF584428FF08
:105C9000504428FF584428FF584428FF584428FF00
:105CA000504428FF584428FF584428FF504428FFF8
:105CB000584428FF584428FF584428FF584420FFE0
:105CC000584428FF584428FF584420FF584428FFD0
:105CD000584428FF584420FF584428FF584428FFC0
:105CE000584428FF584428FF584428FF584428FFA8
:105CF000584428FF584428FF584428FF584428FF98
:105D0000584428FF584428FF584428FF584428FF87
:105D1000584428FF584428FF584428FF584428FF77
:105D2000584428FF504428FF584420FF584428FF77
:105D3000584428FF584428FF584428FF584428FF57
:105D4000584428FF584428FF584428FF584428FF47
:105D5000584428FF685438FF685438FF584828FFD3
:105D6000584428FF584428FF584428FF584428FF27
:105D7000584428FF584428FF584428FF584428FF17
:105D8000584428FF584420FF584428FF584428FF0F
:105D9000584420FF584428FF584428FF584428FFFF
:105DA000584428FF584420FF584428FF584428FFEF
:105DB000504428FF584428FF584428FF504428FFE7
:105DC000584428FF584420FF584428FF584428FFCF
:105DD000584420FF584428FF504428FF584428FFC7
:105DE000584428FF584428FF584428FF584428FFA7
:105DF000584428FF504428FF584428FF584428FF9F
:105E0000584428FF504428FF584428FF584428FF8E
:105E1000584428FF584428FF584428FF584428FF76
:105E2000584420FF504428FF584428FF584428FF76
:105E3000584428FF584428FF584420FF584428FF5E
:105E4000584428FF584420FF584428FF584428FF4E
:105E5000584428FF584428FF584428FF584428FF36
:105E6000584428FF584428FF584428FF584428FF26
:105E7000584428FF584428FF584428FF584428FF16
:105E8000584428FF584428FF584428FF584420FF0E
:105E9000584428FF504428FF584420FF584428FF06
:105EA000504428FF584420FF584428FF584428FFF6
:105EB000584428FF584428FF584428FF584428FFD6
:105EC000584428FF584428FF584428FF584428FFC6
:105ED000584428FF584420FF584428FF584428FFBE
:105EE000584420FF504428FF584428FF584428FFB6
:105EF000504428FF584428FF584428FF504428FFA6
:105F0000584428FF584428FF504428FF584428FF8D
:105F1000584420FF584428FF584428FF584428FF7D
:105F2000584428FF584428FF584420FF584428FF6D
:105F3000584428FF584420FF584428FF584428FF5D
:105F4000504428FF584428FF584428FF584428FF4D
:105F5000584428FF584428FF504428FF584428FF3D
:105F6000584428FF584428FF584428FF584428FF25
:105F7000584428FF584428FF584428FF584428FF15
:105F8000584428FF584428FF584428FF584420FF0D
:105F9000584428FF504428FF584428FF584428FFFD
:105FA000584428FF584428FF584420FF584428FFED
:105FB000584428FF504428FF584420FF584428FFE5
:105FC000584428FF584428FF504420FF584428FFD5
:105FD000584428FF584420FF584428FF504428FFC5
:105FE000584428FF584428FF504420FF584428FFB5
:105FF000584428FF584420FF584428FF504428FFA5
:10600000584420FF584428FF584428FF584420FF94
:10601000584428FF504428FF584428FF584428FF7C
:10602000584428FF584428FF504428FF584428FF6C
:10603000584428FF584420FF584428FF504428FF64
:10604000584428FF584428FF584428FF584420FF4C
:10605000584428FF584428FF584420FF584428FF3C
:10606000584428FF584420FF584428FF584428FF2C
:10607000584420FF584428FF504428FF584428FF24
:10608000584428FF584428FF504428FF584428FF0C
:10609000584428FF504428FF584428FF584428FFFC
:1060A000584420FF584428FF584428FF584420FFF4
:1060B000504428FF584428FF584420FF504428FFEC
:1060C000584428FF584420FF584428FF584428FFCC
:1060D000504420FF584428FF584428FF504428FFCC
:1060E000584428FF584428FF584428FF584428FFA4
:1060F000504420FF584428FF584428FF584420FFAC
:10610000584428FF504428FF584420FF584428FF93
:10611000584428FF685438FF605438FF584428FF1B
:10612000584428FF584428FF504428FF584420FF73
:10613000584428FF584428FF584420FF504428FF63
:10614000584428FF584428FF504428FF584428FF4B
:10615000584428FF584428FF584428FF584428FF33
:10616000584428FF584428FF584428FF584428FF23
:10617000584420FF584428FF584428FF584428FF1B
:10618000584428FF584428FF584428FF584428FF03
:10619000584428FF584428FF584428FF584428FFF3
:1061A000584428FF504428FF584428FF584420FFF3
:1061B000584428FF584428FF584420FF584428FFDB
:1061C000584428FF584428FF584420FF504428FFD3
:1061D000584428FF584428FF504428FF584428FFBB
:1061E000584428FF584428FF584428FF584420FFAB
:1061F000504428FF584428FF584428FF504428FFA3
:10620000584428FF584428FF584428FF584428FF82
:10621000584420FF584428FF584428FF584428FF7A
:10622000584428FF504428FF584428FF584428FF6A
:10623000584428FF584420FF584428FF584428FF5A
:10624000504420FF584428FF584428FF504428FF5A
:10625000584428FF584428FF584428FF584428FF32
:10626000584428FF584428FF504428FF584420FF32
:10627000584428FF504428FF584428FF584428FF1A
:10628000584428FF584428FF504428FF584428FF0A
:10629000584428FF504428FF584428FF584428FFFA
:1062A000584428FF584428FF584428FF584420FFEA
:1062B000584428FF584428FF584428FF584420FFDA
:1062C000584428FF584428FF584428FF584428FFC2
:1062D000504428FF584428FF584420FF504428FFCA
:1062E000584428FF584428FF584428FF504428FFAA
:1062F000584428FF584428FF504428FF584428FF9A
:10630000584428FF584428FF584420FF584428FF89
:10631000584428FF584420FF584428FF584428FF79
:10632000504420FF584428FF584428FF504420FF81
:10633000584428FF584428FF584428FF584428FF51
:10634000584428FF504428FF584428FF584428FF49
:10635000584428FF584428FF584420FF584428FF39
:10636000504428FF584428FF584428FF584428FF29
:10637000584428FF584428FF584428FF584428FF11
:10638000504428FF584428FF584428FF584428FF09
:10639000584428FF584428FF584428FF584428FFF1
:1063A000584428FF584428FF584428FF584428FFE1
:1063B000584428FF584428FF584428FF584428FFD1
:1063C000584428FF584428FF504428FF584428FFC9
:1063D000584428FF584420FF584428FF504428FFC1
:1063E000584420FF584428FF584428FF584428FFA9
:1063F000584428FF504428FF584428FF584420FFA1
:10640000584428FF584428FF504428FF584428FF88
:10641000584428FF584428FF504428FF584428FF78
:10642000584428FF584428FF584428FF584428FF60
:10643000584428FF584428FF584428FF584428FF50
:10644000584428FF584428FF584428FF584428FF40
:10645000584428FF584428FF584428FF584428FF30
:10646000504428FF584428FF584428FF584428FF28
:10647000584428FF584428FF584428FF584428FF10
:10648000584428FF584428FF584428FF584428FF00
:10649000584428FF584428FF584428FF584420FFF8
:1064A000584428FF584428FF584428FF584428FFE0
:1064B000584428FF584428FF504428FF584428FFD8
:1064C000584428FF584428FF584428FF584428FFC0
:1064D000584828FF605438FF605438FF584428FF5C
:1064E000584428FF584428FF584428FF584428FFA0
:1064F000584428FF504428FF584428FF584428FF98
:10650000584428FF584428FF584428FF584428FF7F
:10651000504428FF584428FF584420FF504428FF87
:10652000584428FF584428FF504428FF584428FF67
:10653000584428FF584428FF584420FF584428FF57
:10654000584428FF504428FF584428FF584428FF47
:10655000504428FF584428FF584428FF584420FF3F
:10656000584428FF584428FF584428FF504428FF27
:10657000584428FF584428FF584428FF504428FF17
:10658000584428FF584428FF584428FF584428FFFF
:10659000584420FF584428FF584428FF584420FFFF
:1065A000584428FF584428FF584428FF584428FFDF
:1065B000584428FF584428FF584428FF584428FFCF
:1065C000584428FF584428FF504428FF584428FFC7
:1065D000584428FF504428FF584428FF584420FFBF
:1065E000584428FF584428FF584420FF584428FFA7
:1065F000504428FF584428FF584428FF584428FF97
:10660000584428FF584428FF584428FF584428FF7E
:10661000584428FF584428FF584428FF584428FF6E
:10662000584420FF584428FF584428FF584428FF66
:10663000584428FF584428FF584420FF584428FF56
:10664000584428FF584420FF584428FF584428FF46
:10665000584428FF584428FF584428FF584428FF2E
:10666000584428FF584428FF584428FF584428FF1E
:10667000584428FF504428FF584428FF584428FF16
:10668000584428FF584428FF584420FF584428FF06
:10669000584428FF584428FF584428FF584428FFEE
:1066A000584428FF584420FF584428FF584428FFE6
:1066B000584428FF584428FF584420FF584428FFD6
:1066C000584428FF584428FF584428FF504428FFC6
:1066D000584428FF584428FF584428FF584428FFAE
:1066E000584428FF584428FF584428FF584428FF9E
:1066F000584428FF584420FF504428FF584428FF9E
:10670000584420FF584428FF584428FF584428FF85
:10671000504428FF584428FF584428FF584428FF75
:10672000584420FF584428FF584428FF504428FF6D
:10673000584420FF584428FF584428FF584428FF55
:10674000584420FF584428FF584428FF584428FF45
:10675000504428FF584428FF584428FF584420FF3D
:10676000584428FF584428FF584428FF584428FF1D
:10677000504420FF584428FF584428FF584428FF1D
:10678000584428FF584420FF584428FF584428FF05
:10679000584428FF584428FF584428FF584428FFED
:1067A000584428FF584428FF584428FF584420FFE5
:1067B000584428FF584428FF584428FF584428FFCD
:1067C000584428FF584428FF584420FF584428FFC5
:1067D000584428FF584428FF584428FF584428FFAD
:1067E000504428FF584428FF584428FF504428FFAD
:1067F000584428FF584420FF584428FF504428FF9D
:10680000584420FF584428FF584428FF584420FF8C
:10681000584428FF584428FF584420FF584428FF74
:10682000584428FF584428FF504428FF584428FF64
:10683000584420FF584428FF584428FF584428FF54
:10684000504428FF584428FF584420FF504428FF54
:10685000584428FF584428FF584428FF584428FF2C
:10686000584428FF504420FF584428FF584428FF2C
:10687000584428FF584428FF584420FF584428FF14
:10688000584428FF584428FF584428FF584428FFFC
:10689000584428FF685438FF685438FF584428FF8C
:1068A000584428FF584428FF584428FF584428FFDC
:1068B000584428FF584428FF584428FF584428FFCC
:1068C000584420FF584428FF584428FF584420FFCC
:1068D000584428FF584428FF584428FF584428FFAC
:1068E000584428FF584420FF584428FF584428FFA4
:1068F000584428FF504428FF584428FF584428FF94
:10690000584428FF584420FF584428FF584428FF83
:10691000584420FF584428FF584428FF504428FF7B
:10692000584428FF584428FF584420FF584428FF63
:10693000584428FF584428FF584428FF584420FF53
:10694000584428FF584428FF584428FF584428FF3B
:10695000584428FF584428FF584428FF504428FF33
:10696000584428FF584428FF504428FF584428FF23
:10697000584428FF584420FF584428FF584428FF13
:10698000584420FF584428FF584428FF584420FF0B
:10699000584428FF584428FF584428FF584428FFEB
:1069A000504428FF584428FF584428FF584428FFE3
:1069B000584428FF584428FF584428FF504428FFD3
:1069C000584428FF584420FF584428FF584428FFC3
:1069D000584420FF504428FF584428FF584428FFBB
:1069E000504428FF584428FF584428FF584428FFA3
:1069F000584428FF584428FF504428FF584428FF93
:106A0000584428FF504428FF584428FF584420FF8A
:106A1000584428FF584428FF504420FF584428FF7A
:106A2000584428FF504420FF584428FF584428FF6A
:106A3000584428FF584420FF584428FF584428FF52
:106A4000504428FF584428FF584428FF504428FF4A
:106A5000584428FF584428FF584428FF584428FF2A
:106A6000504428FF584428FF584428FF584428FF22
:106A7000584420FF584428FF584428FF584428FF12
:106A8000504428FF584420FF584428FF584428FF0A
:106A9000584428FF584428FF504420FF584428FFFA
:106AA000584428FF584428FF584428FF584428FFDA
:106AB000584428FF584428FF584428FF584428FFCA
:106AC000584428FF584428FF584420FF584428FFC2
:106AD000584428FF584420FF584428FF584428FFB2
:106AE000584428FF584428FF584428FF584428FF9A
:106AF000584428FF584428FF504428FF584428FF92
:106B0000584428FF584428FF584420FF584428FF81
:106B1000584428FF584420FF584428FF504428FF79
:106B2000584428FF584428FF504420FF584428FF69
:106B3000584428FF584428FF584428FF504420FF59
:106B4000584428FF584428FF584428FF584428FF39
:106B5000504428FF584428FF584428FF584428FF31
:106B6000584428FF504428FF584428FF584428FF21
:106B7000504428FF584428FF584428FF584428FF11
:106B8000504428FF584428FF584428FF584428FF01
:106B9000504428FF584420FF584428FF584428FFF9
:106BA000584420FF584428FF584428FF584420FFE9
:106BB000584428FF584428FF584428FF584428FFC9
:106BC000584428FF584428FF504428FF584428FFC1
:106BD000584428FF504428FF584428FF584428FFB1
:106BE000584428FF584420FF584428FF584428FFA1
:106BF000584428FF504428FF584428FF584420FF99
:106C0000584428FF584428FF584428FF584428FF78
:106C1000584428FF584420FF504428FF584428FF78
:106C2000584428FF584428FF584428FF584428FF58
:106C3000504420FF584428FF584428FF584428FF58
:106C4000504428FF584420FF584428FF584428FF48
:106C5000584428FF605438FF685438FF584428FFD0
:106C6000584428FF584428FF584420FF504428FF28
:106C7000584428FF584420FF584428FF584428FF10
:106C8000504428FF584428FF584428FF504428FF08
:106C9000584428FF584428FF584428FF584428FFE8
:106CA000584428FF584428FF584428FF584420FFE0
:106CB000584428FF584428FF584428FF584428FFC8
:106CC000504428FF584428FF584428FF584428FFC0
:106CD000584428FF584428FF584428FF584428FFA8
:106CE000584428FF584428FF584428FF584428FF98
:106CF000584428FF504420FF584428FF584428FF98
:106D0000584428FF504428FF584420FF584428FF87
:106D1000504428FF584428FF584428FF584428FF6F
:106D2000584428FF584420FF584428FF584428FF5F
:106D3000584428FF504428FF584428FF584428FF4F
:106D4000504428FF584428FF584428FF584428FF3F
:106D5000584428FF584428FF584428FF584428FF27
:106D6000584428FF584428FF584428FF584428FF17
:106D7000584420FF584428FF584428FF584420FF17
:106D8000584428FF584428FF504428FF584428FFFF
:106D9000584428FF584428FF584420FF584428FFEF
:106DA000584428FF584428FF584428FF504420FFE7
:106DB000584428FF584428FF584428FF584428FFC7
:106DC000584420FF584428FF584428FF584428FFBF
:106DD000584428FF584428FF584428FF584428FFA7
:106DE000584428FF584428FF584428FF504428FF9F
:106DF000584428FF584428FF584428FF584428FF87
:106E0000584420FF584428FF584428FF584428FF7E
:106E1000584420FF584428FF584428FF584420FF76
:106E2000584428FF584428FF504428FF584428FF5E
:106E3000584428FF504428FF584428FF584428FF4E
:106E4000584428FF584428FF584428FF584428FF36
:106E5000584420FF584428FF584428FF584428FF2E
:106E6000584428FF504420FF584428FF584428FF26
:106E7000504428FF584428FF584428FF584428FF0E
:106E8000504428FF584428FF584428FF504428FF06
:106E9000584428FF584428FF504428FF584428FFEE
:106EA000584428FF504428FF584420FF584428FFE6
:106EB000584428FF584428FF584420FF584428FFCE
:106EC000584428FF504428FF584428FF584428FFBE
:106ED000584428FF584428FF584428FF584428FFA6
:106EE000584428FF584428FF584428FF584428FF96
:106EF000584428FF584428FF584428FF584428FF86
:106F0000584428FF504428FF584428FF584420FF85
:106F1000584428FF584428FF584420FF584428FF6D
:106F2000584428FF584420FF584428FF584428FF5D
:106F3000584428FF584420FF584428FF584428FF4D
:106F4000584420FF584428FF584428FF584428FF3D
:106F5000584428FF584428FF584428FF584428FF25
:106F6000584428FF584428FF584428FF584428FF15
:106F7000504428FF584428FF584428FF584428FF0D
:106F8000584428FF584428FF584428FF584428FFF5
:106F9000584428FF584428FF584428FF504428FFED
:106FA000584428FF584428FF584428FF584428FFD5
:106FB000584428FF584428FF584428FF584428FFC5
:106FC000584428FF584428FF584428FF584428FFB5
:106FD000584428FF584428FF584428FF584428FFA5
:106FE000584428FF584428FF584428FF584428FF95
:106FF000584428FF584428FF584428FF584428FF85
:10700000584428FF584428FF584428FF584428FF74
:10701000584828FF605438FF605438FF584828FF0C
:10702000584428FF584428FF584428FF584428FF54
:10703000584428FF584428FF584428FF584428FF44
:10704000584428FF584428FF584428FF584428FF34
:10705000584420FF584428FF504428FF584420FF3C
:10706000584428FF504428FF584428FF584428FF1C
:10707000504428FF584428FF584420FF584428FF14
:10708000584428FF584428FF584428FF504428FFFC
:10709000584428FF584420FF504428FF584428FFF4
:1070A000584420FF504428FF584428FF584428FFE4
:1070B000584428FF584428FF584428FF584428FFC4
:1070C000584428FF584428FF584428FF584428FFB4
:1070D000584428FF584420FF584428FF584428FFAC
:1070E000584428FF584428FF584428FF584420FF9C
:1070F000584428FF584428FF584428FF584428FF84
:10710000584428FF584420FF504428FF584428FF83
:10711000584428FF504420FF584428FF584428FF73
:10712000584420FF584428FF504428FF584428FF63
:10713000584428FF504428FF584428FF584428FF4B
:10714000584428FF584428FF584428FF584428FF33
:10715000584428FF584428FF584428FF584428FF23
:10716000584428FF584420FF584428FF584428FF1B
:10717000584428FF584428FF584420FF584428FF0B
:10718000584428FF584428FF504428FF584428FFFB
:10719000584428FF504428FF584428FF584428FFEB
:1071A000584420FF584428FF584428FF584428FFDB
:1071B000584420FF584428FF504428FF584428FFD3
:1071C000584428FF584428FF584428FF584428FFB3
:1071D000584428FF504428FF584428FF584428FFAB
:1071E000584428FF584428FF584420FF584428FF9B
:1071F000584428FF584428FF584428FF584420FF8B
:10720000584428FF584428FF504428FF584428FF7A
:10721000584428FF504428FF584428FF584428FF6A
:10722000584428FF584428FF584428FF584420FF5A
:10723000584428FF584428FF584420FF584428FF4A
:10724000584428FF584420FF584428FF584428FF3A
:10725000584428FF584428FF584428FF584420FF2A
:10726000584428FF584428FF584428FF584428FF12
:10727000504428FF584428FF584428FF584428FF0A
:10728000584428FF584428FF584428FF584428FFF2
:10729000504428FF584428FF584428FF584428FFEA
:1072A000584420FF584428FF584428FF584428FFDA
:1072B000504428FF584420FF584428FF584428FFD2
:1072C000584428FF584428FF584428FF584428FFB2
:1072D000584428FF504428FF584428FF584428FFAA
:1072E000504428FF584428FF584428FF584428FF9A
:1072F000584428FF584428FF504428FF584428FF8A
:10730000584428FF584428FF584428FF504420FF81
:10731000584428FF584428FF504428FF584428FF69
:10732000584428FF504428FF584428FF584428FF59
:10733000584428FF584420FF504428FF584428FF51
:10734000584420FF504428FF584428FF584420FF49
:10735000584428FF584428FF584420FF584428FF29
:10736000584428FF504428FF584420FF584428FF21
:10737000504428FF584420FF584428FF504428FF19
:10738000584428FF584420FF504428FF584428FF01
:10739000584420FF504428FF584428FF584420FFF9
:1073A000504428FF584428FF584420FF584428FFE1
:1073B000584428FF584428FF504428FF584420FFD1
:1073C000584428FF584428FF504428FF584428FFB9
:1073D000584428FF685438FF605438FF584428FF49
:1073E000584428FF584428FF584428FF584428FF91
:1073F000584428FF504428FF584428FF584420FF91
:10740000584428FF584428FF584420FF584428FF78
:10741000584428FF584428FF584428FF584428FF60
:10742000584428FF584428FF584428FF584428FF50
:10743000584428FF584428FF584428FF504428FF48
:10744000584420FF584428FF584428FF584420FF40
:10745000584428FF584428FF584428FF584428FF20
:10746000584428FF584428FF584428FF584420FF18
:10747000504428FF584428FF584428FF504420FF18
:10748000584428FF584428FF584428FF584428FFF0
:10749000584428FF504428FF584428FF584420FFF0
:1074A000504428FF584428FF584428FF504428FFE0
:1074B000584428FF584428FF584420FF584428FFC8
:1074C000584428FF584428FF584428FF584428FFB0
:1074D000584428FF584428FF584428FF504428FFA8
:1074E000584428FF584428FF584420FF584428FF98
:1074F000584428FF584428FF584428FF584428FF80
:10750000504428FF584420FF584428FF584428FF7F
:10751000504420FF584428FF584428FF504428FF77
:10752000584428FF584428FF504428FF584428FF57
:10753000584428FF504428FF584428FF584428FF47
:10754000504428FF584428FF584428FF584420FF3F
:10755000584428FF584428FF584420FF584428FF27
:10756000504428FF584428FF584428FF584428FF17
:10757000584428FF584428FF584428FF584428FFFF
:10758000504428FF584420FF584428FF504428FF07
:10759000584428FF584428FF584420FF504428FFEF
:1075A000584428FF584428FF584428FF584428FFCF
:1075B000584428FF584428FF504428FF584428FFC7
:1075C000584428FF584428FF584420FF584428FFB7
:1075D000584428FF584428FF584428FF584420FFA7
:1075E000584428FF584428FF584428FF584428FF8F
:1075F000584428FF504428FF584428FF584428FF87
:10760000584428FF584428FF584428FF584428FF6E
:10761000584420FF584428FF584428FF584428FF66
:10762000584428FF584428FF584428FF584428FF4E
:10763000584420FF584428FF584428FF504428FF4E
:10764000584420FF584428FF584428FF584420FF3E
:10765000584428FF584428FF504420FF584428FF2E
:10766000584428FF504428FF584428FF584428FF16
:10767000584428FF584428FF584428FF504428FF06
:10768000584420FF584428FF584428FF584428FFF6
:10769000584428FF584428FF584428FF584420FFE6
:1076A000584428FF584428FF584428FF504420FFDE
:1076B000584428FF584428FF584428FF584428FFBE
:1076C000584428FF584428FF584428FF584428FFAE
:1076D000584428FF584428FF584420FF584428FFA6
:1076E000584428FF584420FF584428FF584428FF96
:1076F000584428FF584428FF584428FF584428FF7E
:10770000584428FF584428FF584428FF584428FF6D
:10771000504428FF584428FF584428FF584428FF65
:10772000584428FF584428FF584428FF584428FF4D
:10773000584428FF584428FF584428FF584428FF3D
:10774000584428FF584428FF584428FF584428FF2D
:10775000584428FF584428FF584428FF584428FF1D
:10776000584428FF584428FF504428FF584428FF15
:10777000584428FF584428FF584428FF584428FFFD
:10778000584428FF584428FF584428FF584428FFED
:10779000584428FF685438FF685438FF584428FF7D
:1077A000584428FF584428FF504420FF584428FFDD
:1077B000584428FF584420FF584428FF504428FFCD
:1077C000584428FF584428FF504428FF584428FFB5
:1077D000584428FF504428FF584428FF584428FFA5
:1077E000584428FF584420FF504428FF584428FF9D
:1077F000584420FF584428FF584428FF584428FF85
:10780000584428FF584428FF584428FF584428FF6C
:10781000584428FF584428FF584428FF584428FF5C
:10782000584428FF584428FF584428FF584428FF4C
:10783000584428FF584428FF584428FF584428FF3C
:10784000584428FF584428FF504420FF584428FF3C
:10785000584428FF584428FF584428FF584428FF1C
:10786000584428FF584428FF584428FF584428FF0C
:10787000584428FF504428FF584428FF584428FF04
:10788000504428FF584428FF584428FF584420FFFC
:10789000584428FF584428FF584428FF584428FFDC
:1078A000584428FF584428FF584428FF584428FFCC
:1078B000504428FF584420FF584428FF584428FFCC
:1078C000584428FF584428FF584428FF584428FFAC
:1078D000584428FF584428FF584428FF584420FFA4
:1078E000584428FF584428FF584428FF584428FF8C
:1078F000584420FF584428FF584428FF584428FF84
:10790000584428FF584428FF584428FF584428FF6B
:10791000584428FF584428FF584428FF584428FF5B
:10792000584428FF584428FF504428FF584420FF5B
:10793000584428FF504428FF584420FF584428FF4B
:10794000584428FF584428FF584428FF584420FF33
:10795000584428FF584428FF584428FF584428FF1B
:10796000584428FF584428FF504428FF584420FF1B
:10797000584428FF584428FF584420FF584428FF03
:10798000584428FF504428FF584428FF584428FFF3
:10799000584428FF584428FF584428FF504428FFE3
:1079A000584428FF584428FF504428FF584428FFD3
:1079B000584428FF584428FF584428FF504428FFC3
:1079C000584428FF584428FF504428FF584428FFB3
:1079D000584428FF504428FF584428FF584428FFA3
:1079E000504428FF584420FF584428FF504428FFA3
:1079F000584428FF584428FF584428FF584428FF7B
:107A0000584428FF584428FF504428FF584428FF72
:107A1000584428FF584428FF584428FF584428FF5A
:107A2000584428FF584428FF584420FF584428FF52
:107A3000584428FF584428FF584428FF584428FF3A
:107A4000584428FF584428FF504428FF584420FF3A
:107A5000584428FF584428FF584428FF584428FF1A
:107A6000584428FF584428FF584428FF584428FF0A
:107A7000584428FF584420FF584428FF584428FF02
:107A8000504420FF584428FF584428FF584428FFFA
:107A9000584428FF584428FF584428FF584428FFDA
:107AA000584428FF584428FF504428FF584420FFDA
:107AB000584428FF584428FF584428FF584428FFBA
:107AC000584428FF584420FF584428FF584428FFB2
:107AD000584428FF584420FF504428FF584428FFAA
:107AE000584420FF584428FF584428FF584428FF92
:107AF000584428FF584428FF584420FF584428FF82
:107B0000584428FF584428FF584428FF504428FF71
:107B1000584428FF584428FF584428FF584428FF59
:107B2000584428FF584428FF584428FF584420FF51
:107B3000584428FF504428FF584420FF584428FF49
:107B4000584428FF584428FF584428FF584428FF29
:107B5000584828FF605438FF605438FF584428FFC5
:107B6000584428FF584428FF584428FF584428FF09
:107B7000584428FF584428FF584428FF584428FFF9
:107B8000584428FF584428FF584428FF584428FFE9
:107B9000584420FF584428FF584428FF584420FFE9
:107BA000504428FF584428FF584428FF584428FFD1
:107BB000584428FF504428FF584428FF584428FFC1
:107BC000584428FF504428FF584428FF584428FFB1
:107BD000504428FF584420FF584428FF504428FFB1
:107BE000584420FF584428FF504428FF584428FF99
:107BF000584428FF584420FF584428FF584428FF81
:107C0000584428FF584428FF584428FF584428FF68
:107C1000584420FF584428FF584428FF584428FF60
:107C2000584428FF504420FF584428FF584428FF58
:107C3000584420FF584428FF584428FF584428FF40
:107C4000584420FF584428FF584428FF504428FF38
:107C5000584428FF584428FF504420FF584428FF28
:107C6000584428FF504420FF584428FF584428FF18
:107C7000584428FF584428FF584428FF584428FFF8
:107C8000584420FF504428FF584428FF584428FFF8
:107C9000584428FF584428FF584428FF584428FFD8
:107CA000584428FF584428FF584428FF584428FFC8
:107CB000584428FF584428FF584428FF584420FFC0
:107CC000584428FF584428FF504420FF584428FFB8
:107CD000584428FF504428FF584428FF584428FFA0
:107CE000584420FF584428FF584428FF584428FF90
:107CF000584428FF584428FF584428FF584428FF78
:107D0000584428FF584428FF584428FF584428FF67
:107D1000584428FF584428FF584428FF584428FF57
:107D2000584420FF584428FF584428FF584428FF4F
:107D3000504428FF584428FF584428FF584428FF3F
:107D4000584428FF584428FF584428FF584420FF2F
:107D5000504428FF584428FF584420FF584428FF27
:107D6000584428FF584420FF584428FF584428FF0F
:107D7000584420FF584428FF584428FF584420FF07
:107D8000584428FF584428FF584420FF584428FFEF
:107D9000584428FF584428FF584420FF584428FFDF
:107DA000584428FF584428FF584428FF584428FFC7
:107DB000584428FF584428FF584420FF584428FFBF
:107DC000584428FF584428FF584428FF584428FFA7
:107DD000584428FF584428FF584428FF584428FF97
:107DE000584428FF584428FF504428FF584428FF8F
:107DF000584420FF504428FF584428FF584420FF8F
:107E0000584428FF584428FF584428FF584428FF66
:107E1000504428FF584420FF584428FF504428FF6E
:107E2000584428FF584420FF504428FF584428FF56
:107E3000584428FF504428FF584428FF584428FF3E
:107E4000584428FF584428FF504420FF584428FF36
:107E5000584428FF504420FF584428FF584428FF26
:107E6000504428FF584428FF584428FF584428FF0E
:107E7000584428FF504428FF584420FF584428FF06
:107E8000504428FF584428FF584428FF504428FFF6
:107E9000584428FF584428FF584428FF584428FFD6
:107EA000584428FF504428FF584428FF584420FFD6
:107EB000504428FF584428FF584428FF504428FFC6
:107EC000584420FF584428FF584428FF584420FFB6
:107ED000584428FF584428FF504420FF584428FFA6
:107EE000584428FF584420FF584428FF584428FF8E
:107EF000584428FF584428FF584428FF584428FF76
:107F0000504428FF584420FF584428FF584428FF75
:107F1000584428FF605438FF605438FF584428FF05
:107F2000584428FF584428FF584428FF584428FF45
:107F3000584428FF504428FF584428FF584420FF45
:107F4000584428FF584428FF584428FF504428FF2D
:107F5000584428FF584428FF584428FF584428FF15
:107F6000584428FF584428FF584428FF584428FF05
:107F7000584428FF584420FF584428FF584428FFFD
:107F8000584420FF584428FF584428FF584420FFF5
:107F9000584428FF584428FF584428FF584428FFD5
:107FA000584428FF584428FF584420FF584428FFCD
:107FB000584428FF504428FF584428FF584428FFBD
:107FC000504420FF584428FF584428FF584428FFB5
:107FD000504428FF584428FF584428FF504420FFAD
:107FE000584428FF584428FF584428FF584428FF85
:107FF000584428FF584428FF584428FF584428FF75
:10800000584428FF584428FF584428FF584428FF64
:10801000584428FF584428FF584428FF584428FF54
:10802000584428FF584428FF584428FF584428FF44
:10803000584420FF584428FF504428FF584428FF44
:10804000584428FF584428FF584428FF584420FF2C
:10805000504428FF584428FF584420FF504428FF2C
:10806000584428FF584420FF504428FF584428FF14
:10807000584428FF504428FF584428FF584428FFFC
:10808000504428FF584428FF584428FF584428FFEC
:10809000584428FF584420FF584428FF504428FFE4
:1080A000584428FF584428FF584428FF584428FFC4
:1080B000584428FF584428FF584428FF584428FFB4
:1080C000504420FF584428FF584428FF504428FFBC
:1080D000584428FF584420FF504428FF584428FFA4
:1080E000584428FF504428FF584428FF584428FF8C
:1080F000584428FF584428FF584428FF504428FF7C
:10810000584420FF584428FF584428FF584428FF6B
:10811000584428FF584428FF584428FF584428FF53
:10812000584428FF584428FF584428FF504428FF4B
:10813000584428FF584428FF584428FF584428FF33
:10814000584428FF584428FF584428FF504428FF2B
:10815000584428FF584428FF584428FF584428FF13
:10816000584428FF504428FF584428FF584420FF13
:10817000584428FF504428FF584428FF584428FFFB
:10818000504428FF584420FF584428FF584428FFF3
:10819000504420FF584428FF584428FF504420FFF3
:1081A000584428FF584428FF584428FF584428FFC3
:1081B000584428FF584428FF584428FF584428FFB3
:1081C000504428FF584428FF584420FF584428FFB3
:1081D000584428FF584428FF584428FF584428FF93
:1081E000584428FF584428FF584428FF584428FF83
:1081F000584428FF584428FF584428FF584428FF73
:10820000584428FF584428FF584428FF584428FF62
:10821000584428FF584428FF584428FF584420FF5A
:10822000584428FF584428FF584420FF584428FF4A
:10823000584428FF584428FF584428FF584428FF32
:10824000584428FF584428FF584428FF584420FF2A
:10825000584428FF584428FF584428FF584428FF12
:10826000584428FF584428FF584428FF584428FF02
:10827000584428FF584428FF584428FF584428FFF2
:10828000584428FF504428FF584428FF584428FFEA
:10829000584428FF584428FF584428FF584428FFD2
:1082A000584428FF504428FF584428FF584428FFCA
:1082B000504428FF584428FF584428FF584428FFBA
:1082C000584428FF584428FF584428FF584428FFA2
:1082D000584428FF685438FF685438FF584828FF2E
:1082E000584428FF584428FF584428FF584420FF8A
:1082F000584428FF584428FF584428FF584428FF72
:10830000504428FF584420FF584428FF584428FF71
:10831000584428FF584428FF504428FF584428FF59
:10832000584428FF584420FF584428FF504428FF51
:10833000584428FF584428FF584428FF504428FF39
:10834000584428FF584428FF584428FF584428FF21
:10835000584428FF504428FF584428FF584428FF19
:10836000584428FF584428FF584428FF584428FF01
:10837000584428FF584428FF584428FF584428FFF1
:10838000584428FF584428FF584428FF584428FFE1
:10839000584428FF584428FF584428FF584428FFD1
:1083A000584428FF584428FF584428FF504428FFC9
:1083B000584428FF584420FF504428FF584428FFC1
:1083C000584428FF504420FF584428FF584428FFB1
:1083D000584420FF584428FF584428FF584428FF99
:1083E000584428FF584428FF584428FF504428FF89
:1083F000584428FF584428FF584428FF584428FF71
:10840000584428FF584428FF584428FF584428FF60
:10841000584428FF584428FF584428FF584428FF50
:10842000584428FF584428FF584428FF584420FF48
:10843000584428FF584428FF584420FF584428FF38
:10844000584428FF584428FF584428FF584428FF20
:10845000584428FF584428FF584428FF584428FF10
:10846000584428FF584428FF504420FF584428FF10
:10847000584428FF504420FF584428FF584428FF00
:10848000584428FF584428FF584428FF584428FFE0
:10849000584428FF584428FF584428FF584428FFD0
:1084A000584428FF584428FF584420FF584428FFC8
:1084B000584428FF584420FF584428FF584428FFB8
:1084C000584428FF584428FF504428FF584428FFA8
:1084D000584428FF584428FF504428FF584428FF98
:1084E000584428FF504428FF584428FF584428FF88
:1084F000584428FF584420FF504428FF584428FF80
:10850000584428FF504428FF584428FF584420FF6F
:10851000584428FF584428FF504428FF584428FF57
:10852000584420FF584428FF584428FF584428FF47
:10853000584428FF584428FF584428FF584428FF2F
:10854000584428FF584428FF584428FF584428FF1F
:10855000584428FF584428FF584428FF584428FF0F
:10856000584428FF584420FF584428FF584428FF07
:10857000584428FF584428FF584428FF584428FFEF
:10858000584428FF584428FF584428FF584428FFDF
:10859000584428FF584428FF584428FF584420FFD7
:1085A000504428FF584428FF584428FF584420FFCF
:1085B000584428FF584428FF584420FF504428FFBF
:1085C000584428FF584420FF584428FF584428FFA7
:1085D000584428FF584428FF584428FF584428FF8F
:1085E000584428FF584428FF504428FF584428FF87
:1085F000584428FF584428FF504428FF584420FF7F
:10860000584428FF584428FF584428FF584428FF5E
:10861000584428FF504428FF584420FF584428FF5E
:10862000504428FF584420FF584428FF584428FF4E
:10863000584428FF584420FF504428FF584428FF3E
:10864000584428FF584428FF584428FF584428FF1E
:10865000504420FF584428FF584428FF584428FF1E
:10866000584428FF584428FF584428FF584420FF06
:10867000584428FF584428FF584420FF504428FFFE
:10868000584428FF584428FF504428FF584428FFE6
:10869000584828FF605438FF605438FF584428FF7A
:1086A000584428FF584428FF584428FF504428FFC6
:1086B000584428FF584428FF584420FF584428FFB6
:1086C000584428FF584428FF584428FF584420FFA6
:1086D000584428FF584428FF584420FF584428FF96
:1086E000584428FF584428FF584428FF584428FF7E
:1086F000584420FF584428FF584428FF584428FF76
:10870000584428FF584428FF504428FF584428FF65
:10871000584428FF584420FF584428FF504428FF5D
:10872000584420FF584428FF504428FF584428FF4D
:10873000584420FF584428FF584428FF584420FF3D
:10874000584428FF504428FF584420FF584428FF2D
:10875000584428FF584420FF584428FF584428FF15
:10876000584428FF584420FF584428FF584428FF05
:10877000584428FF584428FF584428FF584428FFED
:10878000584428FF584428FF584428FF504428FFE5
:10879000584428FF584428FF504420FF584428FFDD
:1087A000584428FF504420FF584428FF584428FFCD
:1087B000584428FF584428FF584420FF584428FFB5
:1087C000504428FF584420FF584428FF504428FFB5
:1087D000584428FF584428FF584428FF584428FF8D
:1087E000504428FF584428FF584428FF584428FF85
:1087F000584428FF584428FF584428FF584428FF6D
:10880000584428FF584420FF584428FF504428FF6C
:10881000584420FF584428FF584428FF584420FF5C
:10882000584428FF584428FF584428FF584428FF3C
:10883000584428FF584428FF584428FF584428FF2C
:10884000584428FF584428FF584420FF584428FF24
:10885000584428FF504428FF584428FF584420FF1C
:10886000584428FF584428FF584428FF504428FF04
:10887000584428FF584428FF584428FF584428FFEC
:10888000584428FF584428FF584420FF584428FFE4
:10889000584428FF584420FF584428FF584428FFD4
:1088A000584420FF584428FF584428FF584420FFCC
:1088B000584428FF584428FF584428FF584428FFAC
:1088C000584420FF584428FF584428FF584428FFA4
:1088D000584428FF584428FF584420FF584428FF94
:1088E000584428FF584428FF584428FF504428FF84
:1088F000584428FF584420FF584428FF584428FF74
:10890000584420FF504428FF584428FF584428FF6B
:10891000584428FF584420FF504428FF584428FF5B
:10892000584428FF504428FF584428FF584428FF43
:10893000504420FF584428FF584428FF504420FF4B
:10894000584428FF584428FF504428FF584428FF23
:10895000584420FF504428FF584428FF584428FF1B
:10896000584428FF584428FF584428FF504428FF03
:10897000584428FF584428FF584428FF584428FFEB
:10898000584428FF584428FF504428FF584428FFE3
:10899000584420FF504428FF584428FF584428FFDB
:1089A000504428FF584428FF584428FF584428FFC3
:1089B000584420FF584428FF584428FF584428FFB3
:1089C000504428FF584428FF584420FF504428FFB3
:1089D000584428FF584428FF584428FF584428FF8B
:1089E000584428FF584428FF584428FF504428FF83
:1089F000584428FF584428FF584428FF584428FF6B
:108A0000584420FF584428FF584428FF584428FF62
:108A1000584428FF584428FF584428FF504420FF5A
:108A2000584428FF584428FF584428FF584428FF3A
:108A3000584428FF584428FF584428FF584428FF2A
:108A4000584420FF584428FF584428FF584428FF22
:108A5000584428FF605438FF685438FF584428FFB2
:108A6000584428FF584428FF584428FF584428FFFA
:108A7000584428FF584428FF504428FF584428FFF2
:108A8000584428FF584428FF504428FF584428FFE2
:108A9000584428FF504428FF584428FF584428FFD2
:108AA000504428FF584428FF584428FF584428FFC2
:108AB000584428FF504428FF584428FF584420FFBA
:108AC000584428FF584428FF584420FF584428FFA2
:108AD000584428FF584428FF584428FF584428FF8A
:108AE000584428FF584428FF584428FF584428FF7A
:108AF000504428FF584428FF584428FF504428FF7A
:108B0000584428FF584428FF584428FF504428FF61
:108B1000584428FF584428FF504428FF584428FF51
:108B2000584428FF504428FF584428FF584428FF41
:108B3000584420FF584428FF584428FF504420FF41
:108B4000584428FF584428FF584428FF584428FF19
:108B5000584428FF584428FF584428FF584428FF09
:108B6000584428FF584428FF584428FF584420FF01
:108B7000584428FF504428FF584428FF584428FFF1
:108B8000584428FF584428FF584428FF584428FFD9
:108B9000584420FF584428FF504428FF584420FFE1
:108BA000584428FF584428FF584428FF504428FFC1
:108BB000584428FF584428FF504428FF584428FFB1
:108BC000584428FF504428FF584428FF584428FFA1
:108BD000584428FF584428FF504428FF584428FF91
:108BE000584428FF504428FF584428FF584428FF81
:108BF000584428FF584428FF504428FF584420FF79
:108C0000584428FF504428FF584428FF584428FF60
:108C1000584420FF584428FF584428FF584428FF50
:108C2000504428FF584428FF584428FF584428FF40
:108C3000584428FF584428FF504420FF584428FF38
:108C4000584428FF504428FF584428FF584428FF20
:108C5000584428FF504428FF584428FF584428FF10
:108C6000584428FF584428FF584428FF504428FF00
:108C7000584428FF584428FF584428FF584428FFE8
:108C8000584428FF584428FF584428FF504428FFE0
:108C9000584428FF584428FF584428FF504428FFD0
:108CA000584428FF584428FF584420FF584428FFC0
:108CB000584428FF504428FF584428FF584428FFB0
:108CC000584428FF584428FF584428FF504420FFA8
:108CD000584428FF584428FF584428FF584428FF88
:108CE000584428FF584428FF584428FF584428FF78
:108CF000584428FF584428FF584428FF584428FF68
:108D0000584428FF584428FF584420FF584428FF5F
:108D1000584428FF584428FF584428FF584428FF47
:108D2000584428FF584420FF584428FF584428FF3F
:108D3000584428FF584428FF504428FF584420FF37
:108D4000584428FF584428FF584428FF584428FF17
:108D5000584428FF584428FF584428FF584420FF0F
:108D6000584428FF584428FF584420FF584428FFFF
:108D7000504428FF584428FF584428FF584428FFEF
:108D8000584428FF584428FF584428FF584428FFD7
:108D9000584428FF584428FF584428FF584428FFC7
:108DA000584420FF584428FF584428FF584420FFC7
:108DB000584428FF584428FF584428FF584428FFA7
:108DC000504428FF584428FF584420FF584428FFA7
:108DD000584428FF584428FF584428FF584428FF87
:108DE000584428FF504428FF584420FF584428FF87
:108DF000504428FF584428FF584428FF584428FF6F
:108E0000584428FF584428FF584428FF584428FF56
:108E1000584428FF685438FF605438FF584428FFEE
:108E2000584428FF584428FF584420FF584428FF3E
:108E3000584428FF584420FF584428FF584428FF2E
:108E4000584428FF584428FF584428FF584428FF16
:108E5000584428FF584428FF584428FF584420FF0E
:108E6000584428FF584428FF504420FF584428FF06
:108E7000584428FF584428FF584428FF584428FFE6
:108E8000504428FF584428FF584428FF584428FFDE
:108E9000504428FF584428FF584428FF584428FFCE
:108EA000584428FF584428FF584420FF584428FFBE
:108EB000584428FF584428FF584428FF584428FFA6
:108EC000584428FF584428FF584428FF584428FF96
:108ED000584428FF584428FF584420FF584428FF8E
:108EE000584428FF584428FF584428FF584428FF76
:108EF000504428FF584428FF584428FF584428FF6E
:108F0000584428FF584428FF584420FF584428FF5D
:108F1000584428FF584428FF584428FF584428FF45
:108F2000584428FF584428FF584428FF584428FF35
:108F3000584428FF584428FF584428FF584428FF25
:108F4000584420FF584428FF584428FF584428FF1D
:108F5000584428FF584428FF584428FF584428FF05
:108F6000584428FF584420FF584428FF584428FFFD
:108F7000584420FF584428FF584428FF584420FFF5
:108F8000584428FF584428FF584428FF584428FFD5
:108F9000584428FF584428FF584428FF584428FFC5
:108FA000584428FF584420FF584428FF584428FFBD
:108FB000504420FF584428FF584428FF584428FFB5
:108FC000584428FF584428FF584428FF504428FF9D
:108FD000584428FF584428FF584428FF584428FF85
:108FE000584428FF584420FF584428FF584428FF7D
:108FF000584420FF584428FF584428FF584428FF6D
:10900000584428FF584420FF584428FF584428FF5C
:10901000584428FF584428FF584428FF584420FF4C
:10902000504428FF584428FF584428FF584428FF3C
:10903000584428FF504420FF584428FF584428FF34
:10904000504428FF584420FF584428FF584428FF24
:10905000584420FF584428FF584428FF584428FF0C
:10906000584428FF584428FF504428FF584428FFFC
:10907000584428FF584428FF584428FF584428FFE4
:10908000504428FF584428FF584428FF584428FFDC
:10909000584428FF584428FF584428FF584420FFCC
:1090A000584428FF584428FF584420FF584428FFBC
:1090B000584428FF584428FF584428FF584428FFA4
:1090C000584428FF584428FF584428FF584428FF94
:1090D000584428FF584428FF504428FF584428FF8C
:1090E000584428FF504428FF584428FF584428FF7C
:1090F000584420FF584428FF584428FF584428FF6C
:10910000584428FF584428FF584420FF504428FF63
:10911000584428FF584428FF584428FF584428FF43
:10912000584428FF584428FF584428FF584428FF33
:10913000584428FF584428FF584420FF584428FF2B
:10914000584428FF584420FF584428FF584428FF1B
:10915000584420FF504428FF584428FF584428FF13
:10916000504428FF584428FF584428FF584428FFFB
:10917000504428FF584428FF584420FF584428FFF3
:10918000584428FF584428FF504428FF584428FFDB
:10919000584428FF504420FF584428FF584428FFD3
:1091A000584428FF584428FF584428FF584428FFB3
:1091B000584428FF584420FF504428FF584428FFB3
:1091C000584428FF504428FF584420FF584428FFA3
:1091D000584828FF685438FF685438FF584428FF1F
:1091E000584428FF584428FF584428FF504428FF7B
:1091F000584428FF584428FF584428FF504428FF6B
:10920000584420FF584428FF584428FF584420FF62
:10921000584428FF584428FF584428FF584428FF42
:10922000584428FF584428FF584428FF584428FF32
:10923000584428FF584420FF584428FF584428FF2A
:10924000584428FF584428FF584428FF584420FF1A
:10925000584428FF584428FF584420FF504428FF12
:10926000584428FF584428FF504428FF584428FFFA
:10927000584428FF584420FF584428FF584428FFEA
:10928000584420FF584428FF584428FF584420FFE2
:10929000584428FF584428FF584428FF504428FFCA
:1092A000584428FF584420FF584428FF584428FFBA
:1092B000584428FF584428FF584428FF584428FFA2
:1092C000584428FF504428FF584428FF584428FF9A
:1092D000504420FF584428FF584428FF504420FFA2
:1092E000584428FF584428FF504420FF584428FF82
:1092F000584428FF584420FF584428FF504428FF72
:10930000584428FF584428FF504428FF584428FF59
:10931000584428FF504428FF584420FF584428FF51
:10932000584428FF504428FF584428FF584428FF39
:10933000584428FF504428FF584428FF584428FF29
:10934000584428FF584420FF584428FF504428FF21
:10935000584420FF584428FF584428FF584420FF11
:10936000584428FF584428FF584428FF584428FFF1
:10937000584428FF584428FF584428FF584428FFE1
:10938000584428FF584420FF584428FF584428FFD9
:10939000584428FF584428FF504420FF584428FFD1
:1093A000584428FF584428FF504428FF584428FFB9
:1093B000584428FF504428FF584428FF584428FFA9
:1093C000584428FF584428FF584428FF504428FF99
:1093D000584420FF584428FF584428FF584428FF89
:1093E000584428FF584428FF584420FF584428FF79
:1093F000584428FF584428FF584428FF584428FF61
:10940000584428FF584428FF584428FF584428FF50
:10941000584428FF504428FF584428FF584420FF50
:10942000584428FF584428FF584428FF584428FF30
:10943000584420FF584428FF584428FF584420FF30
:10944000584428FF584428FF584420FF584428FF18
:10945000584428FF504428FF584428FF584428FF08
:10946000504428FF584428FF584428FF504428FF00
:10947000584428FF584420FF504428FF584428FFF0
:10948000584420FF504428FF584428FF584428FFE0
:10949000504428FF584420FF584428FF584428FFD0
:1094A000584420FF584428FF584428FF584428FFB8
:1094B000504428FF584428FF584428FF584428FFA8
:1094C000504428FF584428FF584428FF584428FF98
:1094D000584428FF584420FF504428FF584428FF90
:1094E000584428FF504428FF584428FF584428FF78
:1094F000584428FF584428FF504428FF584428FF68
:10950000584428FF504428FF584428FF584428FF57
:10951000584428FF584428FF584428FF584420FF47
:10952000584428FF584428FF584428FF584428FF2F
:10953000584428FF584428FF584428FF504428FF27
:10954000584428FF584428FF584428FF584428FF0F
:10955000584428FF584428FF584428FF584420FF07
:10956000584428FF584428FF584428FF584428FFEF
:10957000584428FF584428FF584428FF584428FFDF
:10958000584420FF584428FF584428FF584428FFD7
:10959000584428FF605438FF605438FF584828FF6B
:1095A000584428FF584428FF584428FF584428FFAF
:1095B000584428FF584428FF584428FF584428FF9F
:1095C000584428FF504428FF584428FF584428FF97
:1095D000504428FF584420FF584428FF504428FF97
:1095E000584428FF584428FF584428FF584428FF6F
:1095F000504428FF584428FF584428FF504428FF6F
:10960000584420FF584428FF504428FF584428FF5E
:10961000584428FF584428FF584428FF584428FF3E
:10962000584428FF584420FF584428FF584428FF36
:10963000504428FF584428FF584428FF504428FF2E
:10964000584428FF584428FF504428FF584428FF16
:10965000584428FF504428FF584428FF584428FF06
:10966000584428FF584428FF504428FF584420FFFE
:10967000584428FF584428FF504420FF584428FFEE
:10968000584428FF584420FF584428FF584428FFD6
:10969000584428FF584428FF584428FF584428FFBE
:1096A000584428FF584428FF584428FF584428FFAE
:1096B000504428FF584428FF584428FF584428FFA6
:1096C000584428FF584428FF584420FF584428FF96
:1096D000584428FF584428FF584428FF584428FF7E
:1096E000584428FF584428FF584428FF584428FF6E
:1096F000584428FF584428FF584420FF584428FF66
:10970000504428FF584428FF584428FF584428FF55
:10971000584428FF584428FF504428FF584428FF45
:10972000584428FF504428FF584428FF584428FF35
:10973000584428FF584420FF504428FF584428FF2D
:10974000584428FF504428FF584428FF584428FF15
:10975000584420FF584428FF584428FF584428FF05
:10976000584428FF584428FF584428FF584428FFED
:10977000584428FF584428FF584420FF584428FFE5
:10978000504428FF584428FF584428FF584428FFD5
:10979000584428FF584428FF504428FF584428FFC5
:1097A000584428FF584428FF504428FF584428FFB5
:1097B000584428FF584428FF584428FF584420FFA5
:1097C000584428FF504428FF584428FF584428FF95
:1097D000584428FF584428FF584428FF584428FF7D
:1097E000504428FF584428FF584420FF584428FF7D
:1097F000584428FF504428FF584428FF584428FF65
:10980000584428FF584428FF504428FF584428FF54
:10981000584428FF584420FF584428FF584428FF44
:10982000584428FF584428FF584428FF584428FF2C
:10983000584428FF584428FF584428FF584428FF1C
:10984000584428FF584428FF584428FF584428FF0C
:10985000584428FF584428FF584428FF584428FFFC
:10986000584428FF584428FF584428FF584420FFF4
:10987000584428FF584428FF584420FF584428FFE4
:10988000584428FF584420FF584428FF584428FFD4
:10989000584428FF584428FF584428FF584428FFBC
:1098A000584420FF584428FF584428FF504420FFC4
:1098B000584428FF584428FF584428FF584428FF9C
:1098C000584428FF584428FF584428FF584428FF8C
:1098D000504428FF584428FF584428FF584428FF84
:1098E000584428FF504428FF584420FF584428FF7C
:1098F000584428FF584420FF584428FF584428FF64
:10990000584420FF584428FF584428FF584420FF5B
:10991000584428FF584428FF504428FF584428FF43
:10992000584428FF504428FF584420FF584428FF3B
:10993000504428FF584428FF584428FF584428FF23
:10994000584428FF584428FF584428FF584428FF0B
:10995000584428FF605438FF605438FF584428FFAB
:10996000584428FF584428FF584428FF584420FFF3
:10997000504428FF584428FF584420FF584428FFEB
:10998000584428FF584428FF584428FF584428FFCB
:10999000584428FF584428FF584428FF584428FFBB
:1099A000584420FF584428FF584428FF584420FFBB
:1099B000584428FF584428FF584428FF584428FF9B
:1099C000584428FF584428FF584428FF584428FF8B
:1099D000584428FF504428FF584428FF584428FF83
:1099E000584428FF584428FF584428FF584428FF6B
:1099F000584428FF584428FF584428FF584428FF5B
:109A0000584428FF584428FF584428FF584428FF4A
:109A1000584420FF584428FF584428FF584420FF4A
:109A2000584428FF584428FF584428FF584428FF2A
:109A3000584428FF584428FF584428FF584428FF1A
:109A4000584428FF584428FF584428FF584428FF0A
:109A5000584428FF504428FF584428FF584428FF02
:109A6000584428FF504428FF584428FF584428FFF2
:109A7000584428FF584428FF584428FF584420FFE2
:109A8000584428FF584428FF584428FF584428FFCA
:109A9000584420FF584428FF584428FF504428FFCA
:109AA000584428FF584420FF584428FF504428FFBA
:109AB000584420FF584428FF584428FF584428FFA2
:109AC000584428FF584428FF584428FF584428FF8A
:109AD000584428FF584428FF584428FF584428FF7A
:109AE000584428FF584420FF584428FF504428FF7A
:109AF000584428FF584428FF584428FF584428FF5A
:109B0000584420FF584428FF584428FF584428FF51
:109B1000504428FF584428FF584428FF584428FF41
:109B2000504420FF584428FF584428FF584420FF41
:109B3000584428FF584428FF584428FF584428FF19
:109B4000584428FF584420FF584428FF584428FF11
:109B5000584428FF584420FF584428FF584428FF01
:109B6000584420FF584428FF584428FF584428FFF1
:109B7000584420FF504428FF584428FF584428FFE9
:109B8000584428FF584428FF584420FF584428FFD1
:109B9000504428FF584420FF584428FF584428FFC9
:109BA000584428FF584428FF584428FF584428FFA9
:109BB000584428FF584428FF584428FF504428FFA1
:109BC000584428FF584428FF584428FF584428FF89
:109BD000584428FF584428FF584428FF584428FF79
:109BE000584420FF504428FF584428FF584420FF81
:109BF000584428FF504428FF584428FF584420FF69
:109C0000584428FF584428FF504420FF584428FF58
:109C1000584428FF584428FF584428FF504428FF40
:109C2000584428FF584428FF504428FF584428FF30
:109C3000584428FF584428FF504428FF584428FF20
:109C4000584428FF584428FF504428FF584428FF10
:109C5000584428FF504428FF584428FF584428FF00
:109C6000584428FF584428FF584428FF584428FFE8
:109C7000584428FF584420FF584428FF584428FFE0
:109C8000584420FF584428FF584428FF584420FFD8
:109C9000584428FF584428FF584420FF584428FFC0
:109CA000584428FF584428FF584428FF504428FFB0
:109CB000584428FF584428FF504428FF584428FFA0
:109CC000584428FF584428FF504428FF584428FF90
:109CD000584428FF584428FF584428FF584428FF78
:109CE000584428FF584428FF584428FF584428FF68
:109CF000584420FF584428FF584428FF504420FF70
:109D0000584428FF584428FF504428FF584428FF4F
:109D1000584828FF605438FF685438FF584428FFDB
:109D2000584428FF584428FF584428FF584428FF27
:109D3000584428FF584428FF584428FF504428FF1F
:109D4000584428FF584420FF584428FF584428FF0F
:109D5000584420FF584428FF584428FF584428FFFF
:109D6000504428FF584428FF584428FF504428FFF7
:109D7000584428FF584428FF584420FF584428FFDF
:109D8000584428FF584428FF584420FF584428FFCF
:109D9000584428FF584420FF584428FF504428FFC7
:109DA000584420FF584428FF504428FF584420FFBF
:109DB000584428FF584428FF584420FF584428FF9F
:109DC000504428FF584420FF584428FF584428FF97
:109DD000584428FF584428FF584428FF504428FF7F
:109DE000584428FF584428FF584428FF584428FF67
:109DF000504428FF584428FF584428FF584428FF5F
:109E0000504428FF584428FF584428FF504420FF5E
:109E1000584428FF584428FF584420FF584428FF3E
:109E2000584428FF584420FF584428FF584428FF2E
:109E3000584420FF584428FF504428FF584428FF26
:109E4000584428FF504428FF584428FF584428FF0E
:109E5000504428FF584428FF584428FF584428FFFE
:109E6000584428FF584428FF584428FF584428FFE6
:109E7000584428FF584428FF504428FF584428FFDE
:109E8000584428FF584420FF504428FF584428FFD6
:109E9000584420FF504428FF584428FF584420FFCE
:109EA000584428FF584428FF584428FF584428FFA6
:109EB000584420FF584428FF584428FF584428FF9E
:109EC000584428FF584428FF584428FF584428FF86
:109ED000584428FF584428FF584428FF584428FF76
:109EE000584428FF584428FF584428FF504428FF6E
:109EF000584428FF584428FF504428FF584428FF5E
:109F0000584428FF584428FF504428FF584428FF4D
:109F1000584428FF504428FF584428FF584428FF3D
:109F2000584428FF504428FF584428FF584428FF2D
:109F3000584428FF584428FF584428FF504428FF1D
:109F4000584428FF584428FF584428FF584428FF05
:109F5000584428FF584428FF584428FF584428FFF5
:109F6000584420FF504428FF584428FF584428FFF5
:109F7000504428FF584420FF584428FF584428FFE5
:109F8000584420FF584428FF584428FF584420FFD5
:109F9000504428FF584428FF584428FF504428FFC5
:109FA000584428FF584428FF584428FF584428FFA5
:109FB000584428FF584428FF584428FF504428FF9D
:109FC000584428FF584428FF584428FF584428FF85
:109FD000584420FF584428FF584428FF584420FF85
:109FE000584428FF584428FF584420FF584428FF6D
:109FF000584428FF584428FF584428FF584428FF55
:10A00000584428FF584428FF584428FF584420FF4C
:10A01000584428FF584428FF584420FF584428FF3C
:10A02000504428FF584428FF584428FF584428FF2C
:10A03000584428FF504428FF584428FF584428FF1C
:10A04000504428FF584428FF584428FF504428FF14
:10A05000584428FF584428FF504428FF584428FFFC
:10A06000584428FF584428FF584428FF584428FFE4
:10A07000584428FF584428FF584428FF584428FFD4
:10A08000584428FF584428FF584428FF584428FFC4
:10A09000584420FF504428FF584428FF584420FFCC
:10A0A000584428FF584428FF584428FF584428FFA4
:10A0B000584428FF584428FF584428FF584428FF94
:10A0C000584428FF584428FF584428FF584428FF84
:10A0D000584428FF685438FF605438FF584428FF1C
:10A0E000584428FF584428FF584428FF584428FF64
:10A0F000584428FF584428FF584428FF584428FF54
:10A10000584428FF584428FF504428FF584428FF4B
:10A11000584428FF504428FF584428FF584428FF3B
:10A12000584428FF584428FF584420FF584428FF2B
:10A13000584428FF584428FF504428FF584428FF1B
:10A14000584428FF504428FF584428FF584428FF0B
:10A15000504428FF584428FF584428FF584428FFFB
:10A16000584428FF584428FF584428FF584428FFE3
:10A17000584428FF504428FF584428FF584428FFDB
:10A18000584428FF584428FF584428FF504428FFCB
:10A19000584428FF584428FF584428FF584428FFB3
:10A1A000584420FF584428FF504428FF584420FFBB
:10A1B000584428FF584428FF584420FF584428FF9B
:10A1C000584428FF584420FF584428FF584428FF8B
:10A1D000584428FF584428FF584428FF504428FF7B
:10A1E000584428FF584428FF584428FF584428FF63
:10A1F000584428FF584428FF584428FF584428FF53
:10A20000584428FF584420FF584428FF584428FF4A
:10A21000584428FF584428FF584420FF584428FF3A
:10A22000584428FF504428FF584428FF584428FF2A
:10A23000584428FF584428FF584420FF584428FF1A
:10A24000584428FF584428FF584428FF584428FF02
:10A25000584428FF584428FF584428FF504428FFFA
:10A26000584428FF584428FF504428FF584428FFEA
:10A27000584428FF584428FF504428FF584428FFDA
:10A28000584428FF504428FF584420FF584428FFD2
:10A29000584428FF584420FF504428FF584428FFC2
:10A2A000584428FF584428FF584428FF584428FFA2
:10A2B000584420FF584428FF584428FF584420FFA2
:10A2C000584428FF584428FF584420FF584428FF8A
:10A2D000584428FF584428FF584428FF584428FF72
:10A2E000584428FF584420FF584428FF584428FF6A
:10A2F000584428FF584428FF584420FF584428FF5A
:10A30000584428FF584420FF504428FF584428FF51
:10A31000584428FF584428FF504428FF584428FF39
:10A32000584428FF584428FF584428FF584428FF21
:10A33000584428FF584428FF584428FF584428FF11
:10A34000584428FF504428FF584428FF584428FF09
:10A35000584428FF584428FF584420FF584428FFF9
:10A36000584428FF584428FF584428FF504428FFE9
:10A37000584420FF584428FF584428FF584428FFD9
:10A38000584428FF584428FF584428FF584428FFC1
:10A39000504428FF584428FF584428FF584428FFB9
:10A3A000584428FF584428FF584428FF504428FFA9
:10A3B000584428FF584420FF584428FF584428FF99
:10A3C000504420FF584428FF584428FF584428FF91
:10A3D000584428FF584428FF584428FF584428FF71
:10A3E000584420FF584428FF504428FF584420FF79
:10A3F000584428FF584428FF584428FF584428FF51
:10A40000584428FF584428FF584428FF584428FF40
:10A41000584428FF584428FF584428FF584428FF30
:10A42000504420FF584428FF584428FF584420FF38
:10A43000584428FF584428FF584420FF584428FF18
:10A44000504428FF584420FF584428FF584428FF10
:10A45000584428FF584428FF584428FF584428FFF0
:10A46000504428FF584420FF584428FF504428FFF8
:10A47000584428FF584428FF504428FF584428FFD8
:10A48000584428FF584420FF584428FF584428FFC8
:10A49000584428FF685438FF685038FF584828FF50
:10A4A000584428FF584428FF504420FF584428FFB0
:10A4B000584428FF504420FF584428FF584428FFA0
:10A4C000584420FF584428FF584428FF584428FF88
:10A4D000584428FF584428FF584420FF584428FF78
:10A4E000584428FF584428FF584428FF584428FF60
:10A4F000584428FF584428FF584428FF584420FF58
:10A50000584428FF584428FF584428FF584420FF47
:10A51000584428FF584428FF584428FF584428FF2F
:10A52000584428FF584428FF584428FF584428FF1F
:10A53000584428FF584420FF584428FF584428FF17
:10A54000584428FF584428FF584420FF584428FF07
:10A55000584428FF504420FF584428FF584428FFFF
:10A56000584428FF584428FF584428FF584428FFDF
:10A57000584428FF584428FF504428FF584428FFD7
:10A58000584428FF584428FF584428FF584428FFBF
:10A59000584428FF584428FF584428FF584420FFB7
:10A5A000584428FF584428FF504428FF584428FFA7
:10A5B000584428FF504420FF584428FF584428FF9F
:10A5C000584428FF584428FF504428FF584428FF87
:10A5D000584420FF584428FF504428FF584428FF7F
:10A5E000584420FF584428FF584428FF584420FF6F
:10A5F000504428FF584428FF584428FF584428FF57
:10A60000504428FF584428FF584428FF584428FF46
:10A61000584428FF584420FF584428FF584428FF36
:10A62000584428FF584428FF584420FF584428FF26
:10A63000584428FF584428FF584420FF584428FF16
:10A64000584428FF584428FF584428FF504428FF06
:10A65000584428FF584428FF584428FF584420FFF6
:10A66000584428FF504428FF584420FF584428FFEE
:10A67000584428FF584428FF584428FF504428FFD6
:10A68000584428FF584428FF584428FF584428FFBE
:10A69000584420FF584428FF584428FF504420FFC6
:10A6A000584428FF584428FF584428FF504428FFA6
:10A6B000584420FF584428FF504428FF584428FF9E
:10A6C000584428FF584428FF584428FF584428FF7E
:10A6D000584420FF584428FF584428FF584420FF7E
:10A6E000584428FF584428FF584420FF584428FF66
:10A6F000584428FF584428FF504420FF584428FF5E
:10A70000584428FF584428FF584428FF584428FF3D
:10A71000584428FF584428FF584428FF584428FF2D
:10A72000584428FF584420FF584428FF584428FF25
:10A73000584428FF584428FF584420FF584428FF15
:10A74000584428FF504420FF584428FF584428FF0D
:10A75000584428FF584428FF504420FF584428FFFD
:10A76000584428FF504428FF584428FF584428FFE5
:10A77000584428FF584428FF504428FF584428FFD5
:10A78000584428FF584428FF584428FF504428FFC5
:10A79000584428FF584428FF504428FF584428FFB5
:10A7A000584428FF584428FF584428FF584428FF9D
:10A7B000584428FF584428FF584420FF504428FF9D
:10A7C000584428FF584420FF584428FF584420FF8D
:10A7D000584428FF584428FF584420FF584428FF75
:10A7E000584428FF584428FF584428FF504428FF65
:10A7F000584428FF584428FF504428FF584428FF55
:10A80000584428FF584428FF584428FF504428FF44
:10A81000584428FF584428FF584428FF584428FF2C
:10A82000584428FF584428FF584428FF584428FF1C
:10A83000584420FF584428FF584428FF584420FF1C
:10A84000584428FF504428FF584428FF584428FF04
:10A85000584828FF605438FF605438FF584428FF98
:10A86000584428FF584428FF584428FF584428FFDC
:10A87000584428FF584428FF584428FF584428FFCC
:10A88000504428FF584428FF584428FF584420FFCC
:10A89000584428FF584428FF504428FF584428FFB4
:10A8A000584420FF504428FF584428FF584428FFAC
:10A8B000504420FF584428FF584428FF584428FF9C
:10A8C000584428FF584428FF584428FF584428FF7C
:10A8D000584428FF584428FF584420FF504428FF7C
:10A8E000584428FF584420FF504428FF584428FF6C
:10A8F000584428FF584428FF504428FF584420FF5C
:10A90000584428FF504428FF584428FF584428FF43
:10A91000584428FF584428FF584428FF584428FF2B
:10A92000504428FF584428FF584428FF584428FF23
:10A93000584420FF584428FF584428FF584428FF13
:10A94000584428FF504428FF584428FF584420FF0B
:10A95000504428FF584428FF584428FF584428FFF3
:10A96000584428FF584420FF584428FF584428FFE3
:10A97000584428FF584428FF584428FF584428FFCB
:10A98000504420FF584428FF584428FF584428FFCB
:10A99000584428FF584428FF584428FF584428FFAB
:10A9A000584428FF584428FF584428FF584428FF9B
:10A9B000584428FF584428FF584428FF584428FF8B
:10A9C000584420FF584428FF584428FF504420FF93
:10A9D000584428FF584428FF584428FF584428FF6B
:10A9E000584428FF584428FF584428FF584428FF5B
:10A9F000504428FF584428FF584428FF584428FF53
:10AA0000584420FF584428FF584428FF584428FF42
:10AA1000584428FF584428FF584428FF584428FF2A
:10AA2000584428FF584428FF584428FF504428FF22
:10AA3000584428FF584428FF584428FF584428FF0A
:10AA4000584428FF504428FF584428FF584428FF02
:10AA5000504428FF584428FF584428FF584428FFF2
:10AA6000584428FF584428FF584428FF584428FFDA
:10AA7000584428FF584428FF584428FF584428FFCA
:10AA8000584428FF584428FF584428FF504428FFC2
:10AA9000584428FF584428FF584428FF584428FFAA
:10AAA000504428FF584428FF584428FF504428FFAA
:10AAB000584428FF584428FF584428FF584428FF8A
:10AAC000584428FF584420FF584428FF504428FF8A
:10AAD000584420FF584428FF504428FF584428FF7A
:10AAE000584428FF504428FF584428FF584428FF62
:10AAF000584428FF504428FF584428FF584428FF52
:10AB0000584428FF584428FF584428FF584420FF41
:10AB1000584428FF584428FF584428FF584428FF29
:10AB2000584428FF584420FF584428FF584428FF21
:10AB3000584420FF584428FF584428FF584428FF11
:10AB4000584428FF584420FF584428FF584428FF01
:10AB5000584420FF584428FF584428FF584420FFF9
:10AB6000584428FF584428FF584428FF584428FFD9
:10AB7000504428FF584428FF584428FF584428FFD1
:10AB8000584428FF584428FF504428FF584428FFC1
:10AB9000584428FF504428FF584428FF584428FFB1
:10ABA000584428FF584428FF584428FF584428FF99
:10ABB000584420FF584428FF584428FF584428FF91
:10ABC000584428FF584428FF584420FF584428FF81
:10ABD000584428FF584420FF504428FF584428FF79
:10ABE000584420FF584428FF504428FF584428FF69
:10ABF000584428FF584428FF584428FF584428FF49
:10AC0000584428FF584428FF584428FF584428FF38
:10AC1000584428FF685438FF605438FF584428FFD0
:10AC2000584428FF584428FF584428FF584428FF18
:10AC3000584428FF584428FF584420FF584428FF10
:10AC4000584428FF584428FF504428FF584428FF00
:10AC5000584428FF584428FF584428FF584428FFE8
:10AC6000584428FF584428FF584428FF584428FFD8
:10AC7000584428FF584428FF504428FF584428FFD0
:10AC8000584420FF504428FF584428FF584428FFC8
:10AC9000504428FF584428FF584428FF584428FFB0
:10ACA000584428FF584428FF584428FF584420FFA0
:10ACB000584428FF584428FF584428FF584428FF88
:10ACC000584428FF584428FF584428FF584428FF78
:10ACD000584428FF584428FF584420FF584428FF70
:10ACE000584428FF584420FF584428FF504428FF68
:10ACF000584428FF584428FF584428FF584420FF50
:10AD0000584428FF584428FF584428FF584428FF37
:10AD1000584428FF584428FF504420FF584428FF37
:10AD2000584428FF504428FF584428FF584428FF1F
:10AD3000584420FF584428FF584428FF584428FF0F
:10AD4000584428FF584428FF584428FF584428FFF7
:10AD5000504428FF584428FF584428FF584428FFEF
:10AD6000504428FF584428FF584428FF504428FFE7
:10AD7000584420FF584428FF504428FF584428FFD7
:10AD8000584428FF584428FF584428FF584428FFB7
:10AD9000584428FF504428FF584428FF584420FFB7
:10ADA000504428FF584428FF584428FF584428FF9F
:10ADB000584420FF584428FF584428FF504428FF97
:10ADC000584428FF584428FF504428FF584420FF87
:10ADD000584428FF504428FF584420FF584428FF77
:10ADE000504428FF584428FF584428FF584428FF5F
:10ADF000584420FF584428FF504428FF584420FF5F
:10AE0000584428FF584428FF584420FF584428FF3E
:10AE1000584428FF584428FF584428FF584428FF26
:10AE2000584428FF504420FF584428FF584428FF26
:10AE3000584428FF584428FF584420FF584428FF0E
:10AE4000504428FF584420FF584428FF584428FF06
:10AE5000584428FF504428FF584428FF584428FFEE
:10AE6000584428FF584428FF584428FF584420FFDE
:10AE7000584428FF584428FF584428FF584428FFC6
:10AE8000504428FF584428FF584428FF584428FFBE
:10AE9000584428FF584428FF584420FF584428FFAE
:10AEA000584428FF584428FF584420FF584428FF9E
:10AEB000584428FF584428FF584428FF584428FF86
:10AEC000504428FF584428FF584428FF504428FF86
:10AED000584428FF584428FF584428FF584428FF66
:10AEE000584428FF584428FF584428FF504428FF5E
:10AEF000584428FF584428FF584428FF584428FF46
:10AF0000504428FF584428FF584428FF584428FF3D
:10AF1000584428FF504428FF584428FF584428FF2D
:10AF2000504428FF584428FF584420FF584428FF25
:10AF3000584428FF584420FF584428FF584428FF0D
:10AF4000584428FF584428FF584428FF584428FFF5
:10AF5000584428FF584428FF584428FF584428FFE5
:10AF6000504420FF584428FF584428FF584428FFE5
:10AF7000584428FF584428FF584428FF584420FFCD
:10AF8000584428FF504428FF584428FF584428FFBD
:10AF9000584428FF584428FF584428FF584428FFA5
:10AFA000584428FF584428FF584428FF584428FF95
:10AFB000584428FF504428FF584428FF584428FF8D
:10AFC000504428FF584428FF584428FF584428FF7D
:10AFD000584428FF605438FF685438FF584828FF09
:10AFE000584428FF584428FF584420FF504428FF65
:10AFF000584428FF584428FF504428FF584428FF4D
:10B00000584428FF584420FF584428FF584428FF3C
:10B01000584428FF504420FF584428FF584428FF34
:10B02000584428FF584428FF504420FF584428FF24
:10B03000584428FF584428FF584428FF584428FF04
:10B04000584428FF584428FF584420FF584428FFFC
:10B05000584428FF584420FF584428FF584428FFEC
:10B06000584428FF584428FF584428FF504428FFDC
:10B07000584428FF584428FF584428FF584428FFC4
:10B08000584428FF584420FF504428FF584428FFC4
:10B09000584420FF504428FF584428FF584428FFB4
:10B0A000584428FF584428FF584428FF584428FF94
:10B0B000584428FF504428FF584428FF584428FF8C
:10B0C000504428FF584420FF584428FF584428FF84
:10B0D000584428FF584428FF584428FF584428FF64
:10B0E000584428FF584428FF584428FF584428FF54
:10B0F000504428FF584428FF584428FF504428FF54
:10B10000584428FF584428FF584420FF584428FF3B
:10B11000584428FF584420FF584428FF584428FF2B
:10B12000584420FF584428FF584428FF584428FF1B
:10B13000584428FF584428FF584428FF584420FF0B
:10B14000584428FF504428FF584428FF584428FFFB
:10B15000584428FF584428FF584428FF584428FFE3
:10B16000584428FF584420FF504428FF584428FFE3
:10B17000584428FF584428FF584428FF584428FFC3
:10B18000584428FF584428FF584428FF584428FFB3
:10B19000584428FF584428FF584428FF584428FFA3
:10B1A000584428FF584420FF584428FF584428FF9B
:10B1B000584428FF584428FF584428FF584428FF83
:10B1C000584428FF584428FF584428FF584428FF73
:10B1D000584428FF504420FF584428FF584428FF73
:10B1E000584428FF584428FF584428FF584428FF53
:10B1F000504428FF584428FF584428FF584428FF4B
:10B20000584428FF584428FF584428FF584420FF3A
:10B21000584428FF584428FF584420FF584428FF2A
:10B22000584428FF584420FF584428FF584428FF1A
:10B23000504428FF584428FF584420FF584428FF12
:10B24000584428FF584428FF584420FF584428FFFA
:10B25000584428FF584428FF584428FF584428FFE2
:10B26000584428FF584428FF504428FF584428FFDA
:10B27000584420FF584428FF584428FF584420FFD2
:10B28000584428FF584428FF584428FF584428FFB2
:10B29000584428FF584420FF504428FF584428FFB2
:10B2A000584420FF504428FF584428FF584428FFA2
:10B2B000584428FF584428FF584420FF584428FF8A
:10B2C000584428FF584428FF584428FF504428FF7A
:10B2D000584428FF584428FF584428FF584428FF62
:10B2E000584428FF584428FF584428FF504428FF5A
:10B2F000584428FF584428FF504428FF584428FF4A
:10B30000584420FF504428FF584428FF584420FF49
:10B31000584428FF584428FF584420FF584428FF29
:10B32000584428FF584428FF504428FF584420FF21
:10B33000584428FF504428FF584428FF584428FF09
:10B34000584428FF584428FF584428FF584428FFF1
:10B35000504428FF584428FF584428FF584428FFE9
:10B36000504428FF584428FF584420FF584428FFE1
:10B37000584428FF584420FF584428FF584428FFC9
:10B38000584420FF584428FF584428FF584428FFB9
:10B39000584828FF605438FF605438FF584428FF4D
:10B3A000584428FF584428FF584428FF584428FF91
:10B3B000584428FF584420FF584428FF584428FF89
:10B3C000584428FF584428FF584428FF584428FF71
:10B3D000584428FF584428FF584428FF504428FF69
:10B3E000584420FF584428FF584428FF584428FF59
:10B3F000584428FF584420FF584428FF584428FF49
:10B40000584428FF584428FF504428FF584428FF38
:10B41000584428FF584428FF504428FF584420FF30
:10B42000584428FF504428FF584420FF584428FF20
:10B43000584428FF584420FF504428FF584428FF10
:10B44000584428FF584428FF584428FF584428FFF0
:10B45000584428FF584428FF584428FF504428FFE8
:10B46000584428FF584428FF504420FF584428FFE0
:10B47000584428FF584420FF584428FF584428FFC8
:10B48000584428FF584428FF584428FF504428FFB8
:10B49000584420FF584428FF584428FF584428FFA8
:10B4A000584428FF584420FF584428FF584428FF98
:10B4B000584428FF584428FF584420FF584428FF88
:10B4C000584428FF584428FF504428FF584428FF78
:10B4D000584428FF584428FF504428FF584428FF68
:10B4E000584428FF584428FF584420FF584428FF58
:10B4F000584428FF584428FF584428FF584428FF40
:10B50000584428FF584428FF584420FF584428FF37
:10B51000584428FF584420FF584428FF584428FF27
:10B52000584428FF584428FF584428FF584428FF0F
:10B53000584428FF504428FF584420FF584428FF0F
:10B54000584428FF584420FF584428FF584428FFF7
:10B55000584428FF584428FF584428FF584428FFDF
:10B56000584428FF584428FF584428FF504428FFD7
:10B57000584428FF584428FF584428FF584428FFBF
:10B58000504428FF584428FF584428FF504428FFBF
:10B59000584428FF584428FF584428FF584428FF9F
:10B5A000504420FF584428FF584428FF584420FFA7
:10B5B000584428FF584428FF504428FF584428FF87
:10B5C000584428FF584428FF504428FF584428FF77
:10B5D000584428FF584428FF584428FF504428FF67
:10B5E000584428FF584428FF504428FF584428FF57
:10B5F000584428FF584428FF584428FF584428FF3F
:10B60000584428FF584428FF504428FF584428FF36
:10B61000584428FF504428FF584428FF584420FF2E
:10B62000504428FF584428FF584428FF584428FF16
:10B63000584428FF504428FF584428FF584428FF06
:10B64000584428FF584420FF584428FF584428FFF6
:10B65000584428FF584428FF584428FF584428FFDE
:10B66000584428FF584428FF584428FF584420FFD6
:10B67000584428FF504428FF584428FF584428FFC6
:10B68000584420FF584428FF584428FF584420FFBE
:10B69000584428FF584428FF584420FF584428FFA6
:10B6A000584428FF584420FF584428FF584428FF96
:10B6B000584428FF584428FF584428FF584428FF7E
:10B6C000584428FF584428FF584428FF584428FF6E
:10B6D000504428FF584428FF584428FF504428FF6E
:10B6E000584428FF584428FF584428FF584428FF4E
:10B6F000584428FF584428FF584428FF504428FF46
:10B70000584420FF584428FF584428FF584420FF3D
:10B71000584428FF584428FF584420FF584428FF25
:10B72000584428FF584428FF584428FF504428FF15
:10B73000584428FF584428FF584428FF584428FFFD
:10B74000584428FF584428FF504428FF584428FFF5
:10B75000584428FF685438FF605038FF584428FF89
:10B76000584428FF584428FF584428FF584428FFCD
:10B77000584428FF584428FF584428FF504428FFC5
:10B78000584428FF584428FF504420FF584428FFBD
:10B79000584428FF584428FF584428FF584428FF9D
:10B7A000584428FF584428FF584428FF584428FF8D
:10B7B000504428FF584428FF584428FF504420FF95
:10B7C000584428FF584428FF584428FF584428FF6D
:10B7D000584428FF584428FF584428FF584428FF5D
:10B7E000584428FF584428FF584428FF584428FF4D
:10B7F000584428FF584428FF584428FF584428FF3D
:10B80000504420FF584428FF584428FF584428FF3C
:10B81000584428FF584428FF584420FF584428FF24
:10B82000584428FF584428FF584428FF584428FF0C
:10B83000584428FF584428FF584428FF584428FFFC
:10B84000584428FF584428FF584428FF584428FFEC
:10B85000584428FF504428FF584428FF584428FFE4
:10B86000504428FF584428FF584428FF504420FFE4
:10B87000584428FF584428FF584428FF584428FFBC
:10B88000584420FF584428FF584428FF584428FFB4
:10B89000584428FF584428FF584420FF584428FFA4
:10B8A000584428FF504428FF584428FF584428FF94
:10B8B000504428FF584420FF584428FF504428FF94
:10B8C000584428FF584428FF584428FF504428FF74
:10B8D000584428FF584428FF504428FF584428FF64
:10B8E000584428FF504428FF584428FF584420FF5C
:10B8F000584428FF584428FF584428FF584428FF3C
:10B90000504428FF584428FF584428FF504420FF43
:10B91000584428FF584428FF504420FF584428FF2B
:10B92000584428FF504428FF584428FF584420FF1B
:10B93000584428FF584428FF504420FF584428FF0B
:10B94000584428FF584420FF584428FF584428FFF3
:10B95000584420FF584428FF584428FF584428FFE3
:10B96000584428FF584428FF584428FF504428FFD3
:10B97000584428FF584420FF584428FF584428FFC3
:10B98000584420FF584428FF584428FF584428FFB3
:10B99000584428FF584420FF584428FF584428FFA3
:10B9A000584428FF584428FF584428FF584420FF93
:10B9B000584428FF584428FF504428FF584420FF8B
:10B9C000584428FF584428FF584428FF584420FF73
:10B9D000584428FF584428FF584428FF584428FF5B
:10B9E000584428FF584428FF584420FF584428FF53
:10B9F000584428FF584428FF584428FF504428FF43
:10BA0000584428FF584428FF504428FF584428FF32
:10BA1000584420FF504428FF584428FF584428FF2A
:10BA2000584428FF584428FF584428FF584428FF0A
:10BA3000584428FF584428FF584428FF504428FF02
:10BA4000584428FF584428FF504428FF584428FFF2
:10BA5000584428FF584428FF504428FF584428FFE2
:10BA6000584428FF504428FF584428FF584428FFD2
:10BA7000584420FF584428FF584428FF584420FFCA
:10BA8000584428FF584428FF584428FF584428FFAA
:10BA9000584428FF584428FF584428FF584428FF9A
:10BAA000584420FF584428FF584428FF584428FF92
:10BAB000584428FF584420FF584428FF584428FF82
:10BAC000584428FF584428FF504428FF584428FF72
:10BAD000584428FF584428FF504428FF584428FF62
:10BAE000584420FF584428FF584428FF584428FF52
:10BAF000584420FF504428FF584428FF584428FF4A
:10BB0000504428FF584420FF584428FF584428FF39
:10BB1000584428FF605038FF584830FF584828FFE5
:10BB2000584428FF584428FF584428FF504420FF19
:10BB3000584428FF584428FF584428FF584420FF01
:10BB4000584428FF584428FF584428FF584428FFE9
:10BB5000504420FF584428FF584428FF584420FFF1
:10BB6000584428FF504428FF584428FF584420FFD9
:10BB7000584428FF584428FF584428FF584428FFB9
:10BB8000584428FF584428FF584420FF584428FFB1
:10BB9000504428FF584420FF584428FF584428FFA9
:10BBA000584428FF584428FF584428FF504428FF91
:10BBB000584428FF584428FF584428FF584428FF79
:10BBC000584428FF584428FF584428FF504420FF79
:10BBD000584428FF584428FF504428FF584428FF61
:10BBE000584428FF584420FF584428FF584428FF51
:10BBF000584428FF504428FF584420FF584428FF49
:10BC0000504428FF584420FF584428FF584428FF38
:10BC1000584428FF584420FF584428FF584428FF20
:10BC2000584420FF584428FF584428FF584428FF10
:10BC3000584428FF584428FF504428FF584428FF00
:10BC4000584428FF584428FF584428FF584420FFF0
:10BC5000504428FF584428FF584428FF584428FFE0
:10BC6000584428FF584428FF584428FF584428FFC8
:10BC7000584428FF584428FF584428FF584428FFB8
:10BC8000584420FF584428FF584428FF584428FFB0
:10BC9000584428FF584428FF584428FF584420FFA0
:10BCA000584428FF584428FF584428FF584428FF88
:10BCB000584428FF584428FF584428FF584428FF78
:10BCC000584428FF584428FF584428FF584428FF68
:10BCD000584428FF584428FF584428FF584428FF58
:10BCE000584420FF584428FF584428FF584428FF50
:10BCF000584428FF584428FF584428FF584428FF38
:10BD0000584428FF584428FF584428FF584428FF27
:10BD1000584428FF504428FF584428FF584428FF1F
:10BD2000584428FF584428FF584428FF584428FF07
:10BD3000584428FF584428FF584428FF584428FFF7
:10BD4000504428FF584428FF584420FF584428FFF7
:10BD5000504428FF584428FF584428FF584428FFDF
:10BD6000584420FF584428FF584428FF584428FFCF
:10BD7000584428FF584428FF584428FF584428FFB7
:10BD8000504428FF584428FF584428FF584428FFAF
:10BD9000584428FF584428FF504420FF584428FFA7
:10BDA000584428FF584428FF584428FF504428FF8F
:10BDB000584428FF584420FF584428FF584428FF7F
:10BDC000584420FF584428FF584428FF584428FF6F
:10BDD000584428FF584428FF584428FF584420FF5F
:10BDE000504428FF584428FF584420FF504428FF5F
:10BDF000584428FF584420FF584428FF584428FF3F
:10BE0000584428FF584428FF584420FF584428FF2E
:10BE1000584428FF584428FF584428FF584420FF1E
:10BE2000584428FF584428FF584428FF584428FF06
:10BE3000504428FF584428FF584428FF504428FF06
:10BE4000584428FF584428FF504420FF584428FFF6
:10BE5000584428FF584420FF584428FF584428FFDE
:10BE6000584428FF504428FF584428FF584420FFD6
:10BE7000504428FF584428FF584428FF584428FFBE
:10BE8000584428FF584428FF584428FF584428FFA6
:10BE9000584420FF584428FF584428FF584428FF9E
:10BEA000584428FF504428FF584428FF584428FF8E
:10BEB000584428FF584428FF584428FF584420FF7E
:10BEC000584428FF584428FF584428FF584428FF66
:10BED000584828FF584830FF504430FF584428FF46
:10BEE000584428FF584428FF584428FF584428FF46
:10BEF000584428FF584428FF504428FF584428FF3E
:10BF0000584428FF584428FF584428FF584428FF25
:10BF1000584428FF584428FF584428FF584428FF15
:10BF2000584428FF584428FF584428FF584428FF05
:10BF3000584428FF584428FF584428FF584428FFF5
:10BF4000504428FF584428FF584428FF584428FFED
:10BF5000584428FF584428FF504428FF584428FFDD
:10BF6000584420FF504428FF584428FF584420FFDD
:10BF7000584428FF584428FF504420FF584428FFC5
:10BF8000584428FF584428FF584428FF584428FFA5
:10BF9000584428FF584428FF584428FF584428FF95
:10BFA000584428FF504428FF584428FF584428FF8D
:10BFB000584428FF584428FF584428FF584428FF75
:10BFC000584428FF584428FF504428FF584428FF6D
:10BFD000584428FF584428FF584428FF584428FF55
:10BFE000584428FF584428FF584428FF584428FF45
:10BFF000584428FF584420FF584428FF584428FF3D
:10C00000504428FF584428FF584428FF584428FF2C
:10C01000584428FF584428FF584428FF504428FF1C
:10C02000584420FF584428FF584428FF584420FF14
:10C03000584428FF584428FF584428FF584428FFF4
:10C04000504428FF584428FF584428FF584420FFF4
:10C05000584428FF504428FF584428FF584428FFDC
:10C06000584428FF584428FF584420FF504428FFD4
:10C07000584428FF584420FF504428FF584428FFC4
:10C08000584420FF584428FF584428FF584428FFAC
:10C09000584428FF584428FF584428FF584428FF94
:10C0A000584428FF584428FF584428FF504428FF8C
:10C0B000584428FF584428FF584428FF584420FF7C
:10C0C000584428FF504428FF584428FF584428FF6C
:10C0D000584428FF584420FF584428FF584428FF5C
:10C0E000504420FF584428FF584428FF584420FF5C
:10C0F000584428FF504428FF584428FF584428FF3C
:10C10000584428FF584428FF584428FF584428FF23
:10C11000584428FF584428FF504428FF584428FF1B
:10C12000584428FF504428FF584428FF584428FF0B
:10C13000504428FF584420FF584428FF584428FF03
:10C14000584420FF584428FF584428FF504428FFF3
:10C15000584428FF584428FF584428FF584428FFD3
:10C16000584428FF584428FF584428FF584428FFC3
:10C17000584428FF584428FF584428FF584428FFB3
:10C18000584428FF584428FF584428FF584428FFA3
:10C19000584428FF584428FF584428FF584428FF93
:10C1A000584428FF584428FF584428FF584428FF83
:10C1B000584428FF584428FF584428FF584428FF73
:10C1C000584420FF584428FF584428FF584428FF6B
:10C1D000504428FF584420FF584428FF584428FF63
:10C1E000584428FF584428FF584420FF584428FF4B
:10C1F000584428FF584428FF584428FF584428FF33
:10C20000584428FF584428FF584428FF584428FF22
:10C21000504428FF584428FF584428FF504428FF22
:10C22000584428FF584428FF584428FF584428FF02
:10C23000584428FF584428FF504428FF584420FF02
:10C24000584428FF504428FF584420FF584428FFF2
:10C25000584428FF504428FF584428FF584428FFDA
:10C26000584428FF584420FF584428FF584428FFCA
:10C27000584428FF584428FF584428FF584428FFB2
:10C28000584428FF584428FF584428FF584428FFA2
:10C29000584428FF504430FF504030BE403420FF07
:10C2A000504020FF584428FF584428FF584428FF96
:10C2B000584428FF584420FF584428FF584428FF7A
:10C2C000584428FF504420FF584428FF584428FF72
:10C2D000584428FF584428FF504428FF584428FF5A
:10C2E000584428FF584420FF584428FF504428FF52
:10C2F000584428FF584420FF504428FF584428FF42
:10C30000584420FF584428FF584428FF504428FF31
:10C31000584428FF584428FF584428FF584428FF11
:10C32000584428FF584428FF584428FF584428FF01
:10C33000584428FF584428FF584428FF584428FFF1
:10C34000584428FF504420FF584428FF584428FFF1
:10C35000584428FF584420FF584428FF584428FFD9
:10C36000584420FF584428FF584428FF584420FFD1
:10C37000504428FF584428FF584428FF584428FFB9
:10C38000584428FF584428FF584420FF584428FFA9
:10C39000584428FF504428FF584428FF584428FF99
:10C3A000504428FF584428FF584420FF504428FF99
:10C3B000584428FF584428FF584428FF584428FF71
:10C3C000584420FF584428FF504428FF584428FF71
:10C3D000584420FF584428FF584428FF584428FF59
:10C3E000584428FF504428FF584428FF584428FF49
:10C3F000504428FF584428FF584420FF584428FF41
:10C40000584428FF584428FF504428FF584428FF28
:10C41000584428FF584420FF584428FF584428FF18
:10C42000504428FF584428FF584428FF584428FF08
:10C43000584428FF584428FF584428FF584428FFF0
:10C44000504428FF584428FF584420FF504428FFF8
:10C45000584428FF584420FF504428FF584428FFE0
:10C46000584428FF504428FF584420FF584428FFD0
:10C47000584428FF584420FF504428FF584428FFC0
:10C48000584428FF584428FF584420FF584428FFA8
:10C49000504428FF584428FF584428FF584428FF98
:10C4A000584428FF584428FF584428FF584428FF80
:10C4B000584428FF584428FF584420FF584428FF78
:10C4C000584428FF584428FF504428FF584428FF68
:10C4D000584420FF584428FF584428FF584420FF60
:10C4E000584428FF584428FF584420FF584428FF48
:10C4F000584428FF584428FF584428FF584428FF30
:10C50000584428FF584428FF584420FF584428FF27
:10C51000584428FF584420FF584428FF584428FF17
:10C52000504420FF584428FF584428FF584420FF17
:10C53000504428FF584428FF584428FF504428FFFF
:10C54000584428FF584428FF504420FF584428FFEF
:10C55000584428FF504420FF584428FF584428FFDF
:10C56000584428FF584428FF584428FF584428FFBF
:10C57000504428FF584428FF584428FF504428FFBF
:10C58000584428FF584428FF504428FF584428FFA7
:10C59000584428FF584428FF584428FF504428FF97
:10C5A000584428FF584428FF504428FF584428FF87
:10C5B000584428FF584420FF584428FF584428FF77
:10C5C000504420FF584428FF584428FF584428FF6F
:10C5D000584420FF584428FF584428FF584420FF5F
:10C5E000584428FF584428FF584420FF584428FF47
:10C5F000584428FF584428FF584428FF584428FF2F
:10C60000584428FF584428FF584428FF584428FF1E
:10C61000584428FF584428FF584420FF584428FF16
:10C62000584428FF584428FF584428FF504428FF06
:10C63000584420FF584428FF504428FF584428FFFE
:10C64000584428FF504428FF584420FF504020FF02
:10C65000403420FF504030CF5040307D403820FFE4
:10C66000403018FF483820FF504020FF584428FF32
:10C67000584428FF504428FF584428FF584428FFB6
:10C68000584428FF584428FF584428FF504428FFA6
:10C69000584420FF584428FF584428FF584420FF9E
:10C6A000504428FF584428FF584428FF584428FF86
:10C6B000584428FF584428FF584428FF584428FF6E
:10C6C000584428FF584428FF584420FF584428FF66
:10C6D000584428FF584420FF584428FF584428FF56
:10C6E000584428FF584428FF584428FF504428FF46
:10C6F000584428FF584428FF584428FF584428FF2E
:10C70000584428FF584428FF584428FF584428FF1D
:10C71000504428FF584428FF584428FF504428FF1D
:10C72000584428FF584428FF584428FF584428FFFD
:10C73000584428FF584420FF584428FF504428FFFD
:10C74000584420FF584428FF584428FF584428FFE5
:10C75000584420FF584428FF584428FF584420FFDD
:10C76000584428FF584428FF584428FF584428FFBD
:10C77000584428FF504428FF584428FF584428FFB5
:10C78000584428FF584428FF584428FF584428FF9D
:10C79000584428FF504428FF584428FF584420FF9D
:10C7A000584428FF584428FF584428FF584428FF7D
:10C7B000584428FF584428FF504428FF584428FF75
:10C7C000584428FF584420FF584428FF584428FF65
:10C7D000584428FF584428FF584428FF584428FF4D
:10C7E000584420FF584428FF584428FF584428FF45
:10C7F000584428FF504428FF584428FF584428FF35
:10C80000584428FF584428FF584428FF584428FF1C
:10C81000584428FF584428FF584428FF584420FF14
:10C82000584428FF584428FF584428FF584428FFFC
:10C83000584428FF584428FF584428FF584428FFEC
:10C84000584428FF584428FF584428FF584428FFDC
:10C85000584428FF584428FF584428FF584428FFCC
:10C86000584428FF504428FF584428FF584428FFC4
:10C87000504428FF584428FF584428FF584428FFB4
:10C88000584420FF584428FF584428FF584428FFA4
:10C89000584428FF584428FF584428FF584428FF8C
:10C8A000504428FF584428FF584428FF584428FF84
:10C8B000584428FF504428FF584428FF584428FF74
:10C8C000504428FF584428FF584428FF584428FF64
:10C8D000504428FF584428FF584428FF584428FF54
:10C8E000584428FF584428FF584428FF584428FF3C
:10C8F000584428FF584428FF584420FF584428FF34
:10C90000584428FF584428FF584428FF584428FF1B
:10C91000584428FF584428FF584428FF504420FF1B
:10C92000584428FF584428FF504420FF584428FF0B
:10C93000584428FF584420FF584428FF584428FFF3
:10C94000584428FF584428FF584420FF584428FFE3
:10C95000584428FF584428FF584428FF584420FFD3
:10C96000584428FF584428FF584428FF584428FFBB
:10C97000504428FF584428FF584428FF584428FFB3
:10C98000584428FF584428FF584428FF584428FF9B
:10C99000584428FF584428FF584428FF584428FF8B
:10C9A000584428FF504428FF584428FF584428FF83
:10C9B000504428FF584420FF584428FF584428FF7B
:10C9C000584428FF584428FF584428FF504428FF63
:10C9D000584428FF584428FF584428FF504428FF53
:10C9E000584428FF584428FF584428FF584428FF3B
:10C9F000584428FF584428FF584420FF584428FF33
:10CA0000584428FF504020FF483C20FF403420FF7E
:10CA1000403420FF5040285D50403010483C28DF13
:10CA2000403420FF403018FF403018FF403018FFDE
:10CA3000403018FF403018FF403018FF403018FFDA
:10CA4000403018FF403018FF403018FF403018FFCA
:10CA5000403018FF403018FF403018FF403018FFBA
:10CA6000403018FF403018FF403018FF403018FFAA
:10CA7000403018FF403018FF403018FF403018FF9A
:10CA8000383018FF403018FF403018FF403018FF92
:10CA9000403018FF403018FF383018FF403018FF82
:10CAA000403018FF403018FF403018FF403018FF6A
:10CAB000403018FF403018FF383018FF403018FF62
:10CAC000403018FF403018FF403018FF403018FF4A
:10CAD000403018FF403018FF403018FF403018FF3A
:10CAE000403018FF403018FF383018FF403018FF32
:10CAF000403018FF403018FF403018FF403018FF1A
:10CB0000403018FF403018FF383020FF403018FF09
:10CB1000403018FF403018FF383018FF403018FF01
:10CB2000403018FF403018FF383018FF403018FFF1
:10CB3000403018FF403018FF403018FF403018FFD9
:10CB4000383018FF403018FF403018FF403018FFD1
:10CB5000403018FF403018FF403018FF403018FFB9
:10CB6000403018FF403018FF403018FF403018FFA9
:10CB7000403018FF403018FF403018FF403018FF99
:10CB8000403018FF403018FF403018FF403018FF89
:10CB9000383018FF403018FF403018FF383018FF89
:10CBA000403018FF403018FF383018FF403018FF71
:10CBB000403018FF403018FF403018FF403018FF59
:10CBC000403018FF403018FF403018FF403018FF49
:10CBD000383018FF403018FF403018FF403018FF41
:10CBE000403018FF403018FF403018FF383018FF31
:10CBF000403018FF403018FF403018FF403018FF19
:10CC0000383018FF403018FF403018FF383018FF18
:10CC1000403018FF403018FF383018FF403018FF00
:10CC2000403018FF403018FF403018FF403018FFE8
:10CC3000403018FF403018FF403018FF383018FFE0
:10CC4000403018FF403018FF403018FF383018FFD0
:10CC5000403018FF403018FF383018FF403018FFC0
:10CC6000403018FF403018FF403018FF383018FFB0
:10CC7000403018FF403018FF403018FF403018FF98
:10CC8000403018FF403018FF403018FF403018FF88
:10CC9000403018FF403018FF403018FF383018FF80
:10CCA000403018FF403018FF383018FF403018FF70
:10CCB000403018FF403018FF403018FF403018FF58
:10CCC000383018FF403018FF403018FF403018FF50
:10CCD000383018FF403018FF403018FF403018FF40
:10CCE000403018FF403018FF403018FF403018FF28
:10CCF000403018FF403018FF403018FF403018FF18
:10CD0000403018FF403018FF403018FF403018FF07
:10CD1000383018FF403018FF403018FF403018FFFF
:10CD2000403018FF403018FF403018FF403018FFE7
:10CD3000403018FF403018FF403018FF383018FFDF
:10CD4000403018FF403018FF383018FF403018FFCF
:10CD5000403018FF383018FF403018FF403018FFBF
:10CD6000403018FF403018FF403018FF403018FFA7
:10CD7000403018FF403018FF403018FF383018FF9F
:10CD8000403018FF403018FF403018FF403018FF87
:10CD9000403018FF403018FF403018FF403018FF77
:10CDA000403018FF383018FF403018FF403018FF6F
:10CDB000403018FF403018FF403018FF403018FF57
:10CDC000403018FF403020FF403018FF403420FF33
:10CDD000483C28DF000000000000000048402820F8
:10CDE000483820DF403420FF403020FF403020FF13
:10CDF000403420FF403018FF403020FF383420FFFF
:10CE0000403018FF403020FF403420FF403020FFEA
:10CE1000403020FF383420FF403020FF403020FFDA
:10CE2000403420FF403020FF383018FF403420FFCE
:10CE3000403020FF383018FF403420FF403020FFC2
:10CE4000403018FF403420FF403020FF383020FFB2
:10CE5000403420FF403020FF403018FF403420FF96
:10CE6000383018FF403020FF403418FF403018FFA2
:10CE7000403020FF403418FF403020FF403018FF82
:10CE8000383420FF403020FF403018FF383420FF76
:10CE9000403020FF403018FF403420FF403020FF5A
:10CEA000403018FF403420FF403020FF403020FF4A
:10CEB000403420FF383020FF403020FF403420FF36
:10CEC000403020FF403018FF403420FF403020FF2A
:10CED000403018FF403420FF403020FF403020FF1A
:10CEE000403420FF403018FF403020FF403420FF06
:10CEF000403018FF403020FF403418FF403020FF02
:10CF0000403020FF403418FF403020FF383018FFF9
:10CF1000403420FF403020FF403018FF383420FFDD
:10CF2000403020FF403018FF383420FF403018FFD9
:10CF3000403020FF383418FF403020FF403020FFC1
:10CF4000383418FF403020FF403020FF403420FFAD
:10CF5000403018FF403020FF403420FF403020FF99
:10CF6000403020FF403420FF403018FF403020FF89
:10CF7000403418FF403020FF403018FF403420FF7D
:10CF8000383018FF403020FF403420FF403018FF79
:10CF9000403020FF403420FF383020FF403020FF59
:10CFA000403420FF383018FF403020FF403420FF4D
:10CFB000403018FF403020FF403420FF403018FF41
:10CFC000403020FF403420FF403018FF403020FF29
:10CFD000403418FF403020FF403018FF403418FF25
:10CFE000403020FF403018FF403418FF403020FF11
:10CFF000403018FF403420FF403020FF403020FFF9
:10D00000403420FF403018FF403020FF403420FFE4
:10D01000403018FF403020FF403420FF403018FFE0
:10D02000403020FF403420FF403018FF403020FFC8
:10D03000403420FF403018FF403020FF403418FFBC
:10D04000403020FF383020FF403418FF403020FFB0
:10D05000403020FF403418FF403020FF403020FF98
:10D06000403418FF403020FF403020FF403418FF8C
:10D07000403020FF383020FF403420FF403018FF80
:10D08000403020FF403420FF403018FF403020FF68
:10D09000403420FF403018FF403020FF403420FF54
:10D0A000403020FF403020FF403420FF403020FF40
:10D0B000383020FF403420FF403020FF383018FF48
:10D0C000403420FF403020FF383020FF403420FF24
:10D0D000403018FF403020FF403420FF383020FF20
:10D0E000403020FF403418FF383020FF403020FF10
:10D0F000403418FF403020FF403020FF403418FFFC
:10D10000403020FF403018FF403420FF403020FFE7
:10D11000403018FF403420FF403020FF403018FFDF
:10D12000383420FF403020FF403018FF403420FFCB
:10D13000403020FF403020FF403420FF403018FFB7
:10D14000403020FF403418FF383020FF403018FFB7
:10D15000403420FF403018FF383020FF403420FF9B
:10D16000403018FF403020FF403418FF403020FF8F
:10D17000383020FF403420FF403020FF383018FF87
:10D18000403020FF403020FF403420FF483820DF6F
:10D1900048382820000000000000000000000000C7
:10D1A0000000000040342061403420CF403420FF94
:10D1B000403420FF403420FF403420FF403420FF23
:10D1C000403420FF403420FF403420FF403420FF13
:10D1D000403420FF403420FF403420FF403420FF03
:10D1E000403420FF403420FF403420FF403420FFF3
:10D1F000403420FF403420FF403420FF403420FFE3
:10D20000403420FF403420FF403420FF403420FFD2
:10D21000403420FF403420FF403420FF403420FFC2
:10D22000403420FF403420FF403420FF403420FFB2
:10D23000403420FF403420FF403420FF403420FFA2
:10D24000403420FF403420FF403420FF403420FF92
:10D25000403420FF403420FF403420FF403420FF82
:10D26000403420FF403420FF403420FF403420FF72
:10D27000403420FF403420FF403420FF403420FF62
:10D28000403420FF403420FF403420FF403420FF52
:10D29000403420FF403420FF403420FF403420FF42
:10D2A000403420FF403420FF403420FF403420FF32
:10D2B000403420FF403420FF403420FF403420FF22
:10D2C000403420FF403420FF403420FF403420FF12
:10D2D000403420FF403420FF403420FF403420FF02
:10D2E000403420FF403420FF403420FF403420FFF2
:10D2F000403420FF403420FF403420FF403420FFE2
:10D30000403420FF403420FF403420FF403420FFD1
:10D31000403420FF403420FF403420FF403420FFC1
:10D32000403420FF403420FF403420FF403420FFB1
:10D33000403420FF403420FF403420FF403420FFA1
:10D34000403420FF403420FF403420FF403420FF91
:10D35000403420FF403420FF403420FF403420FF81
:10D36000403420FF403420FF403420FF403420FF71
:10D37000403420FF403420FF403420FF403420FF61
:10D38000403420FF403420FF403420FF403420FF51
:10D39000403420FF403420FF403420FF403420FF41
:10D3A000403420FF403420FF403420FF403420FF31
:10D3B000403420FF403420FF403420FF403420FF21
:10D3C000403420FF403420FF403420FF403420FF11
:10D3D000403420FF403420FF403420FF403420FF01
:10D3E000403420FF403420FF403420FF403420FFF1
:10D3F000403420FF403420FF403420FF403420FFE1
:10D40000403420FF403420FF403420FF403420FFD0
:10D41000403420FF403420FF403420FF403420FFC0
:10D42000403420FF403420FF403420FF403420FFB0
:10D43000403420FF403420FF403420FF403420FFA0
:10D44000403420FF403420FF403420FF403420FF90
:10D45000403420FF403420FF403420FF403420FF80
:10D46000403420FF403420FF403420FF403420FF70
:10D47000403420FF403420FF403420FF403420FF60
:10D48000403420FF403420FF403420FF403420FF50
:10D49000403420FF403420FF403420FF403420FF40
:10D4A000403420FF403420FF403420FF403420FF30
:10D4B000403420FF403420FF403420FF403420FF20
:10D4C000403420FF403420FF403420FF403420FF10
:10D4D000403420FF403420FF403420FF403420FF00
:10D4E000403420FF403420FF403420FF403420FFF0
:10D4F000403420FF403420FF403420FF403420FFE0
:10D50000403420FF403420FF403420FF403420FFCF
:10D51000403420FF403420FF403420FF403420FFBF
:10D52000403420FF403420FF403420FF403420FFAF
:10D53000403420FF403420FF403420FF403420FF9F
:10D54000403420FF403420BE4038207D4040201031
:08D550000000000000000000D3
:08D55800982CFC7F010000008B
:10D56000D5010008091A0008F134000869DF000835
:04D5700039F6000880
:08D57400B1010008E91A0008EA
:10D57C00000000005A000000D8480208001000000B
:10D58C000030000043370008D53900083737000851
:10D59C003D37000800000000000000000000000003
:10D5AC000000000000000000000000002D37000803
:10D5BC00313700080000000000000000A93A000804
:10D5CC000F3A0008E7390008C73B0008333A000857
:10D5DC006B3A0008333B0008A13B0008913B000864
:10D5EC006D3B00080024F400010000001000000056
:10D5FC00AAAAAAAAE8030000C8500208E45002082C
:10D60C0034510208485102085C510208705102085A
:10D61C00E85102084C520208AC510208FC510208B5
:10D62C00C05102081052020860520208C45202088B
:10D63C008451020898510208D85202082853020853
:10D64C0088520208EC5202089C520208005302084D
:10D65C00D4510208245202083C53020850530208C9
:10D66C003852020874520208B052020814530208CD
:10D67C00F12902080000000003000000E83E012030
:10D68C001401002000000000E83E0120503F012062
:10D69C00B83F012000000000000000000000000066
:10D6AC00000000000000000000000000000000006E
:10D6BC00000000000000000000000000000000005E
:10D6CC00000000000000000000000000000000004E
:04D6DC0029400120C0
:10D6E000000000000000000000000000000000003A
:10D6F000000000000000000000000000000000002A
:10D700000000000000000000000000000000000019
:10D710000000000000000000000000000000000009
:10D7200000000000000000000000000000000000F9
:10D7300000000000000000000000000000000000E9
:10D7400000000000000000000000000000000000D9
:10D7500000000000000000000000000000000000C9
:10D7600000000000000000000000000000000000B9
:10D7700000000000000000000000000000000000A9
:10D780000000000000000000000000000000000099
:10D790000000000000000000000000000000000089
:10D7A0000000000000000000000000000000000079
:10D7B0000000000000000000000000000000000069
:10D7C0000000000000000000000000000000000059
:10D7D0000000000000000000000000000000000049
:10D7E0000000000000000000000000000000000039
:10D7F0000000000000000000000000000000000029
:10D800000000000000000000000000000000000018
:10D810000000000000000000000000000000000008
:10D8200000000000000000000000000000000000F8
:10D8300000000000000000000000000000000000E8
:10D8400000000000000000000000000000000000D8
:10D8500000000000000000000000000000000000C8
:10D8600000000000000000000000000000000000B8
:10D8700000000000000000000000000000000000A8
:10D880000000000000000000000000000000000098
:10D890000000000000000000000000000000000088
:10D8A0000000000000000000000000000000000078
:10D8B0000000000000000000000000000000000068
:10D8C0000000000000000000000000000000000058
:10D8D0000000000000000000000000000000000048
:0400000508000E29B8
:00000001FF
