:020000040800F2
:1000000000000320ED0D0008F5290008F72900087D
:10001000F9290008FB290008FD290008000000005C
:1000200000000000000000000000000071680008EF
:10003000FF29000800000000016900086D61000848
:100040003D0E00083D0E00083D0E00083D0E000864
:100050003D0E00083D0E00083D0E00083D0E000854
:100060003D0E00083D0E00083D0E00083D0E000844
:100070003D0E00083D0E00083D0E00083D0E000834
:100080003D0E00083D0E00083D0E00083D0E000824
:100090003D0E00083D0E00083D0E00083D0E000814
:1000A0003D0E00083D0E00083D0E00083D0E000804
:1000B0003D0E00083D0E00083D0E00083D0E0008F4
:1000C0003D0E00083D0E00083D0E00083D0E0008E4
:1000D0003D0E00083D0E00083D0E00083D0E0008D4
:1000E0003D0E00083D0E00083D0E00083D0E0008C4
:1000F0003D0E00083D0E00083D0E00083D0E0008B4
:100100003D0E00083D0E00083D0E00083D0E0008A3
:100110003D0E00083D0E0008012A00083D0E0008B3
:100120003D0E00083D0E00083D0E00083D0E000883
:100130003D0E00083D0E00083D0E00083D0E000873
:100140003D0E00083D0E00083D0E00083D0E000863
:100150003D0E00083D0E00083D0E00083D0E000853
:100160003D0E00083D0E00083D0E00083D0E000843
:100170003D0E00083D0E00083D0E00080000000086
:100180003D0E00083D0E00083D0E00083D0E000823
:100190003D0E00083D0E00083D0E00083D0E000813
:0C01A0000D2A00083D0E0008192A000876
:1001B00010B5054C237833B9044B13B10448AFF3A1
:1001C00000800123237010BD800300200000000088
:1001D000803A020808B5034B1BB103490348AFF34B
:1001E000008008BD0000000084030020803A02085F
:1001F00001F0FF01102A2BDB10F0070F08D010F8D8
:10020000013B013A8B422DD010F0070F42B3F6D1DB
:10021000F0B441EA012141EA014122F007047FF0F4
:1002200000070023F0E80256083C85EA010586EA4B
:10023000010685FA47F5A3FA87F586FA47F6A5FA87
:1002400087F68EB9EED1F0BC01F0FF0102F0070293
:1002500032B110F8013B013A83EA010313B1F8D13E
:100260000020704701387047002D06BF354603381F
:10027000073815F0010F07D1013015F4807F02BF58
:10028000013015F4C03F0130F0BC0138704700BFA9
:1002900070B54FF0FF0C4CF4E06C1CEA11541DBF1C
:1002A0001CEA135594EA0C0F95EA0C0F00F0DEF8E7
:1002B0002C4481EA030621EA4C5123EA4C5350EACC
:1002C000013518BF52EA033541F4801143F480131D
:1002D00038D0A0FB02CE4FF00005E1FB02E506F0AE
:1002E0000042E0FB03E54FF00006E1FB03569CF003
:1002F000000F18BF4EF0010EA4F1FF04B6F5007F09
:1003000064F5407404D25FEA4E0E6D4146EB06067A
:1003100042EAC62141EA55514FEAC52040EA5E5003
:100320004FEACE2EB4F1FD0C88BFBCF5E06F1ED8AD
:10033000BEF1004F08BF5FEA500E50F1000041EBE4
:10034000045170BD06F0004646EA010140EA020091
:1003500081EA0301B4EB5C04C2BFD4EB0C0541EAB3
:10036000045170BD41F480114FF0000E013C00F3C8
:10037000AB8014F1360FDEBF002001F0004170BDEC
:10038000C4F10004203C35DA0C341BDC04F1140405
:10039000C4F1200500FA05F320FA04F001FA05F291
:1003A00040EA020001F0004221F0004110EBD3705E
:1003B00021FA04F642EB06015EEA430E08BF20EA8A
:1003C000D37070BDC4F10C04C4F1200500FA04F32D
:1003D00020FA05F001FA04F240EA020001F00041BF
:1003E00010EBD37041F100015EEA430E08BF20EA32
:1003F000D37070BDC4F1200500FA05F24EEA020E7A
:1004000020FA04F301FA05F243EA020321FA04F0A8
:1004100001F0004121FA04F220EA020000EBD3705F
:100420005EEA430E08BF20EAD37070BD94F0000F5F
:100430000FD101F00046400041EB010111F4801F93
:1004400008BF013CF7D041EA060195F0000F18BF44
:10045000704703F00046520043EB030313F4801F80
:1004600008BF013DF7D043EA0603704794EA0C0F3A
:100470000CEA135518BF95EA0C0F0CD050EA410650
:1004800018BF52EA4306D1D181EA030101F00041CD
:100490004FF0000070BD50EA410606BF10461946F5
:1004A00052EA430619D094EA0C0F02D150EA013601
:1004B00013D195EA0C0F05D152EA03361CBF104642
:1004C00019460AD181EA030101F0004141F0FE41E1
:1004D00041F470014FF0000070BD41F0FE4141F465
:1004E000780170BD81F0004102E000BF83F000435D
:1004F00030B54FEA41044FEA430594EA050F08BFBF
:1005000090EA020F1FBF54EA000C55EA020C7FEA82
:10051000645C7FEA655C00F0E2804FEA5454D4EBFF
:100520005555B8BF6D420CDD2C4480EA020281EAC9
:10053000030382EA000083EA010180EA020281EA01
:100540000303362D88BF30BD11F0004F4FEA013153
:100550004FF4801C4CEA113102D0404261EB410162
:1005600013F0004F4FEA03334CEA133302D05242E8
:1005700063EB430394EA050F00F0A780A4F10104A4
:10058000D5F1200E0DDB02FA0EFC22FA05F28018DE
:1005900041F1000103FA0EF2801843FA05F35941C4
:1005A0000EE0A5F120050EF1200E012A03FA0EFC43
:1005B00028BF4CF0020C43FA05F3C01851EBE3716D
:1005C00001F0004507D54FF0000EDCF1000C7EEB8A
:1005D00000006EEB0101B1F5801F1BD3B1F5001FC8
:1005E0000CD349085FEA30004FEA3C0C04F10104E7
:1005F0004FEA445212F5800F80F09A80BCF1004F10
:1006000008BF5FEA500C50F1000041EB045141EA91
:10061000050130BD5FEA4C0C404141EB0101013C5A
:1006200028BFB1F5801FE9D291F0000F04BF014649
:100630000020B1FA81F308BF2033A3F10B03B3F11B
:1006400020020CDA0C3208DD02F1140CC2F10C02AB
:1006500001FA0CF021FA02F10CE002F11402D8BF09
:10066000C2F1200C01FA02F120FA0CFCDCBF41EAD5
:100670000C019040E41AA2BF01EB0451294330BDA4
:100680006FEA04041F3C1CDA0C340EDC04F1140481
:10069000C4F1200220FA04F001FA02F340EA030058
:1006A00021FA04F345EA030130BDC4F10C04C4F19E
:1006B000200220FA02F001FA04F340EA030029467E
:1006C00030BD21FA04F0294630BD94F0000F83F4C8
:1006D000801306BF81F480110134013D4EE77FEAAB
:1006E000645C18BF7FEA655C29D094EA050F08BFF7
:1006F00090EA020F05D054EA000C04BF19461046D8
:1007000030BD91EA030F1EBF0021002030BD5FEA1B
:10071000545C05D14000494128BF41F0004130BD43
:1007200014F580043CBF01F5801130BD01F0004597
:1007300045F0FE4141F470014FF0000030BD7FEA0A
:10074000645C1ABF194610467FEA655C1CBF0B4605
:10075000024650EA013406BF52EA033591EA030F1C
:1007600041F4002130BD00BF90F0000F04BF002114
:10077000704730B54FF4806404F132044FF0000547
:100780004FF0000150E700BF90F0000F04BF0021C0
:10079000704730B54FF4806404F1320410F0004526
:1007A00048BF40424FF000013EE700BF42004FEA21
:1007B000E2014FEA31014FEA02701FBF12F07F439E
:1007C00093F07F4F81F06051704732F07F4208BF55
:1007D000704793F07F4F04BF41F40021704730B55C
:1007E0004FF4607401F0004521F000411CE700BFA8
:1007F00050EA010208BF704730B54FF000050AE02B
:1008000050EA010208BF704730B511F0004502D52B
:10081000404261EB41014FF4806404F132045FEA2D
:10082000915C3FF4D8AE4FF003025FEADC0C18BFD6
:1008300003325FEADC0C18BF033202EBDC02C2F1C8
:10084000200300FA03FC20FA02F001FA03FE40EA5A
:100850000E0021FA02F11444BDE600BF4FF0FF3C48
:1008600006E000BF4FF0010C02E000BF4FF0010CAA
:100870004DF804CD4FEA410C7FEA6C5C4FEA430C23
:1008800018BF7FEA6C5C1BD001B050EA410C0CBF72
:1008900052EA430C91EA030F02BF90EA020F0020D4
:1008A000704710F1000F91EA030F58BF994208BF3B
:1008B00090422CBFD8176FEAE37040F001007047F8
:1008C0004FEA410C7FEA6C5C02D150EA013C07D14F
:1008D0004FEA430C7FEA6C5CD6D152EA033CD3D09A
:1008E0005DF8040B704700BF8446104662468C4694
:1008F0001946634600E000BF01B5FFF7B7FF0028C7
:1009000048BF10F1000F01BD4DF808EDFFF7F4FFEF
:100910000CBF012000205DF808FB00BF4DF808ED7A
:10092000FFF7EAFF34BF012000205DF808FB00BF9D
:100930004DF808EDFFF7E0FF94BF012000205DF8BF
:1009400008FB00BF4DF808EDFFF7CEFF94BF012074
:1009500000205DF808FB00BF4DF808EDFFF7C4FF6D
:1009600034BF012000205DF808FB00BF4FEA4102C0
:1009700012F5001215D211D56FF47873B3EB6252F1
:1009800012D94FEAC12343F0004343EA505311F018
:10099000004F23FA02F018BF404270474FF00000AA
:1009A000704750EA013005D111F0004008BF6FF0E8
:1009B000004070474FF00000704700BF4FEA41020F
:1009C000B2F1E04324BFB3F5001CDCF1FE5C0DD9AD
:1009D00001F0004C4FEAC0024CEA5070B2F1004FF7
:1009E00040EB830008BF20F00100704711F0804FFA
:1009F00021D113F13872BCBF01F00040704741F4BF
:100A000080114FEA5252C2F11802C2F1200C10FAC2
:100A10000CF320FA02F018BF40F001004FEAC123A6
:100A20004FEAD32303FA0CFC40EA0C0023FA02F34A
:100A30004FEA4303CCE77FEA625307D150EA013320
:100A40001EBF4FF0FE4040F44000704701F00040F0
:100A500040F0FE4040F40000704700BF7BB972B91F
:100A60000029BEBF00204FF0004106E008BF00286B
:100A70001CBF6FF000414FF0FF3000F0B5B9ADF191
:100A8000080C6DE904CE002909DB002B1ADB00F00D
:100A90004DF8DDF804E0DDE9022304B07047404280
:100AA00061EB4101002B1BDB00F040F8DDF804E0B6
:100AB000DDE9022304B0404261EB4101524263EBA5
:100AC00043037047524263EB430300F02FF8DDF815
:100AD00004E0DDE9022304B0404261EB41017047CC
:100AE000524263EB430300F021F8DDF804E0DDE956
:100AF000022304B0524263EB4303704753B94AB92F
:100B0000002908BF00281CBF4FF0FF314FF0FF3015
:100B100000F06AB9ADF1080C6DE904CE00F006F8FA
:100B2000DDF804E0DDE9022304B070472DE9F04769
:100B3000089D0C46002B4ED194468C458646B2FA51
:100B400082F262D94AB1C2F12003914020FA03F344
:100B50000CFA02FC194300FA02FE4FEA1C471FFA86
:100B60008CF6B1FBF7F44FEA1E4307FB141143EA7E
:100B7000014304FB06F199420AD91CEB030304F17B
:100B8000FF3080F01281994240F20F81023C6344B1
:100B9000591A1FFA8EF3B1FBF7F007FB101143EA65
:100BA000014300FB06F69E420AD91CEB030300F149
:100BB000FF3180F0FC809E4240F2F98063440238AD
:100BC0009B1B40EA044000211DB1D3400022C5E92F
:100BD0000032BDE8F0878B4205D90DB1C5E90001AF
:100BE00000210846F5E7B3FA83F1002946D1A34274
:100BF00002D39042C0F0F080861A64EB0303012018
:100C0000002DE6D0C5E90063E3E7002A40F09080BC
:100C1000A1EB0C044FEA1C481FFA8CF70121B4FB2E
:100C2000F8F64FEA1E4308FB164443EA044307FB69
:100C300006F0984208D91CEB030306F1FF3402D2F8
:100C4000984200F2CD8026461C1A1FFA8EF3B4FBA0
:100C5000F8F008FB104443EA044300FB07F79F4207
:100C600008D91CEB030300F1FF3402D29F4200F2CB
:100C7000B0802046DB1B40EA0640A5E7C1F1200614
:100C80008B4022FA06F71F4320FA06FC04FA01F310
:100C900043EA0C03F44000FA01F8380C4FEA134918
:100CA000B4FBF0FE1FFA87FC00FB1E4449EA044433
:100CB0000EFB0CF9A14502FA01F20AD93C190EF11A
:100CC000FF3A80F08480A14540F28180AEF1020EAF
:100CD0003C44A4EB09041FFA83F9B4FBF0F300FBD6
:100CE000134449EA044403FB0CFCA44507D93C190E
:100CF00003F1FF3067D2A44565D9023B3C4443EA87
:100D00000E40A0FB0293A4EB0C049C42CE469C46F2
:100D100051D34ED055B1B8EB0E0364EB0C0404FA7A
:100D200006F6CB401E43CC40C5E90064002150E7E5
:100D3000C2F1200320FA03F10CFA02FC24FA03F3B7
:100D400094400C434FEA1C4800FA02FE1FFA8CF74D
:100D5000B3FBF8F008FB1031230C43EA014300FB1E
:100D600007F1994208D91CEB030300F1FF362CD29E
:100D700099422AD9023863445B1AA4B2B3FBF8F152
:100D800008FB113344EA034401FB07F3A34208D9EB
:100D90001CEB040401F1FF3613D2A34211D902392E
:100DA0006444E41A41EA004139E70446F0E60846A3
:100DB00006E7C845AED2B9EB020E63EB070C01386B
:100DC000A8E73146EDE7034699E73046D4E7D64633
:100DD0007FE7634402384DE70646234608460FE79F
:100DE000023E634430E700BF704700BFDFF834D0F5
:100DF000002103E00C4B5B58435004310B480C4B73
:100E000042189A42F6D30B4A02E0002342F8043B10
:100E1000094B9A42F9D302F007FF22F0C1F801F022
:100E200075F8704700000320C4D5030800000020B7
:100E30006401002080030020C4410120FEE77047C8
:100E400008B500F0B7FDBDE8084000F03BBD00F07C
:100E5000B3BD704710B5042104461FF077FE20464D
:100E600010BD000038B50C4B0C4C18800C4B822088
:100E700019806368984740F6110398420AD1094DDA
:100E800023682C60822098472B688220DB68984773
:100E9000002038BD0120FCE7A60300204C00002004
:100EA000A4030020A80300204FF4A071F020FFF756
:100EB000D9BF0000F7B5374D2B6804461B69822067
:100EC0009847208000284ED02B680DF106025B6900
:100ED00001A982209847304B1B78002B4BD0BDF8DE
:100EE000063040F6746293423FD9ADF80620BDF853
:100EF0000630D21A92B20A2A42D90B23B2FBF3F27D
:100F0000264B1B889A4201D9013B9AB2BDF80430A6
:100F100040F6B8318B4235D8C3F571630E339BB2BE
:100F20000F21B3FBF1F31E4909888B4201D9013926
:100F30008BB21C4E1C4D30682F68834281B28CBF2F
:100F4000591AC91AB8B2BA428CBF101A801A89B29B
:100F500080B201440529C8BF33603368C8BF2A6026
:100F600063802B68A38003B0F0BDB32B9CBFB42378
:100F7000ADF80630BBE7BDF80620A2F5B472B9E7BC
:100F80000022C3E7C3F56D6308339BB20E2BC7D8AD
:100F90000023CEE7A80300201C260020A403002085
:100FA000A6030020A00300209C03002037B568465C
:100FB0000D461446FFF77EFFBDF8000030B1BDF8C6
:100FC00002302B60BDF804302360012003B030BD37
:100FD000032821D8DFE800F0020B12190F4B1A6822
:100FE000B2FA82F2520904210D4803F0B3B80B4B58
:100FF0005A68B2FA82F252090821F5E7074B9A685B
:10100000B2FA82F252091021EEE7044BDA68B2FA22
:1010100082F252092021E7E7704700BFAC030020AD
:1010200000100240032821D8DFE800F0020B12195B
:101030000F4B1A68003A18BF012204210D4803F033
:1010400089B80B4B5A68003A18BF01220821F5E70E
:10105000074B9A68003A18BF01221021EEE7044BB3
:10106000DA68003A18BF01222021E7E7704700BF85
:10107000AC0300200010024003280DD8DFE800F088
:101080000206080A0421054803F069B80821FAE7B6
:101090001021F8E72021F6E7704700BF001002405A
:1010A00008B5032811D8DFE800F0020A0C0E04216D
:1010B000074803F049F8431E5842584108BD08212B
:1010C000F6E71021F4E72021F2E70020F3E700BF64
:1010D0000010024070B5084D00240126E0B2FFF771
:1010E000DFFF18B12B68012B18BF2E600134052CCF
:1010F00005F10405F2D170BDAC030020012380F896
:10110000781080F8793070477047002070470000F1
:10111000034B4164003918BF01211970704700BFAB
:1011200083340120704700207047836B0BB1084661
:10113000184770474FF6FF707047406803689B6917
:1011400018477047704770477047704710B504469E
:1011500000F048FD23680349D3F890302046BDE8ED
:1011600010401847000000D008B503680446D3F8C3
:101170008430984723682046DB6F984700F0ECF8EE
:10118000236820465B6F9847292001F053F900F04F
:10119000E3F8236820465B6F9847F8E710B50446EC
:1011A00008F080F923682046D3F8BC30BDE8104031
:1011B000184700F0F9BC00F0FDBC00F031BD00F0B4
:1011C000CFBC00F041BD00F049BD00F0D3BC07F03A
:1011D00097BB10B5842104461FF0B8FC204610BD13
:1011E00010B590F8341090F878400C4B8C421A7877
:1011F00009D03AB90A4A0B491488088810800C8033
:1012000001221A7010BD002AFCD0054A0549148835
:10121000088810800C800022F3E700BF7C34012096
:10122000783401207A34012070B50D46194635B95D
:10123000094B0A4A0A4840F2FF2121F001FCC0E9AB
:101240000F52084B003A18BF01221A700368BDE81C
:101250007040D3F890301847F03A0208283B020853
:10126000763B02088234012008B5094B1B888B426B
:1012700003D8084B1B88934205D9074B074A0848F7
:10128000A32121F0DDFB074B1980074B1A8008BD15
:10129000783401207A340120BB3B02081E3C02084E
:1012A000763B02087E34012080340120034690F80A
:1012B0007A0018B1586803681B6818477047000027
:1012C000012108B50022084604F0DDFF0A4B186032
:1012D00028B90A4B0A4A28210A4821F0B1FB00220A
:1012E0000421012005F077F8074B186018B9074B67
:1012F000034A2C21F0E708BDC0030020503D02083E
:10130000993D0208C83D0208BC030020133E0208B4
:10131000024B4FF0FF31186804F0FFBFC0030020FC
:10132000014B186805F025B8C0030020024B0021CE
:10133000186804F0F2BF00BFC0030020FFF7F0BF41
:1013400003480449006800231A4605F07FB800BF2F
:10135000BC0300200400002013B5084C00231A46EB
:1013600001A9206805F0A3F820684FF0FF330022A0
:1013700001A905F09CF802B010BD00BFBC0300201D
:1013800003685B6C18470120704703689B6A184725
:10139000FEE740F2EF307047054B0360054B4FF01E
:1013A0008062C3F88820BFF34F8FBFF36F8F704701
:1013B000B03F020800E100E010B504464FF45A6166
:1013C000FFF7EAFF20461FF0C1FB204610BD0000DA
:1013D00082B0002301930E4B1A6B42F400021A6391
:1013E0001A6B02F400020192019A1A6942F4000297
:1013F0001A611A6922F400021A61064B064A1A6140
:10140000064A5A61064B4FF080629A6002B07047FC
:1014100000380240D42500207116000891130008FE
:1014200000E100E008B50A2809D8DFE800F006105E
:101430000E080808081010101000022008BD054B07
:10144000054A0648902121F0FBFA0020F6E701202A
:10145000F4E700BF553E0208703E0208BB3E02089A
:1014600038B50C46887FFFF7DDFFA58AE28A164B68
:101470002169586342EA05425A64628BD963521B60
:101480001A642568082D0ED19A611A615862207F6E
:101490000E4A42EA0062DA61E2681A620C4A596155
:1014A000D9601A6038BD0022D8611A61E1680A0A61
:1014B000480902F4784200F4FC600243C1F3C4011D
:1014C0000A439A63034AECE700B0024009000100B6
:1014D000012302000123030008B50B280BD8DFE825
:1014E00000F00612100A0A0A0A0808080808022072
:1014F00008BD0520FCE7054B054A06486F2121F091
:101500009FFA0020F4E70120F2E700BF553E0208F1
:10151000043F0208BB3E02082DE9F04191F81D800E
:101520000C464046FFF7D8FFA77F05463846FFF731
:10153000D3FF06463846FFF775FFA18A628B444BFE
:10154000521A1A649A61228B521A1A61E28A5863FB
:1015500042EA01425A6421696268D963DA6020680C
:10156000802828D0227F0FD8202867D0402865D037
:1015700004281AD0364B45EA026545F40035B845D3
:10158000DD6161D0334A44E0B0F5807F04D0B0F52E
:10159000007FEFD1304800E0304840EA0262DA6173
:1015A000E2681A625E62596132E045EA026242F420
:1015B0000032DA61F6E7A068021DDA62227F45EAAE
:1015C000026545F40035DD615E625961017841B123
:1015D000012921D0224B234A23484FF48D7121F059
:1015E0002FFADA69418822F47F42013922F0100291
:1015F00042EA0122DA610121154BDA6942F0200248
:10160000DA61DA699206FCD410229A600029B9D016
:10161000164A1A60BDE8F081B2F1FF01DA6940882C
:1016200022F47F4200F1FF3022F0100242EA002251
:1016300042F0100218BF0121DA61DDE745EA0262DB
:10164000034B42F40032B4E742F20132E1E700BF5B
:1016500000B0024001230100090002000A0002005C
:101660004E3F0208683F0208BB3E02080123020009
:10167000024B1B68586803685B6918478434012073
:1016800070B5044625460A4B0C3000266060267271
:10169000667245F8203B6022294608F059F804F5A7
:1016A0005A63EE6024359D42FBD1204670BD00BFD9
:1016B000B03F0208034B1A68D207FCD423229A6079
:1016C000704700BF00B002407047000030B50F4CBB
:1016D0002568ED07FCD423250904A56041F001012C
:1016E0000225FF2B65636164E0630AD008496562E7
:1016F00041EA0363E361074B22626061E0602360BB
:1017000030BDE561039BA363034BF8E700B00240E3
:1017100009000100010002000100030030B50E4C79
:101720002568ED07FCD423251204A56042F00102D0
:101730000225FF2B65636264E063E16008D01B064D
:1017400043F00213E361054B65626061236030BDC5
:10175000034BE3610123F9E700B0024001000200FE
:10176000020002FF30B50B4C2568ED07FCD42325A1
:1017700012041B06A56043F40033022542F0010267
:1017800065636264E063E160E361034B656260612D
:10179000236030BD00B0024001000200012070470C
:1017A0000C2070470C2303FB0100083070470C230A
:1017B00003FB0100083070470120704740F6347089
:1017C000704740F6347303FB01000830704740F661
:1017D000347303FB0100083070470120704710206C
:1017E000704700EB01100830704700EB0110083023
:1017F0007047084601F00EBB10B5034B036004466A
:1018000006F0D3FD204610BD6840020810B504461E
:10181000FFF7F2FF204614211FF098F9204610BD73
:1018200010B5034B0360044606F0BFFD204610BD13
:101830003440020810B50446FFF7F2FF204640F698
:101840003C711FF083F9204610BD000010B5034B1A
:101850000360044606F0A9FD204610BD00400208C2
:1018600010B50446FFF7F2FF204618211FF06EF96D
:10187000204610BD10B5084B0360044600F66870A2
:10188000FFF7BAFF04F12C00FFF7CAFF04F11400C0
:10189000FFF7DCFF204610BD9C40020808B5024857
:1018A000FFF7E8FF08BD00BF9C12002010B50446FA
:1018B000FFF7E0FF204641F2DC011FF047F9204628
:1018C00010BD00002DE9F34101F01AF9054601F0C1
:1018D0001BF900240146234628462246009410F0B6
:1018E00083F8274B274A1A60204601F08FFD264DCA
:1018F000264B274A27489A600FF0DEFF2B68BFF37C
:101900005B8FDB0735D428461FF022F988B3224CC1
:10191000224B236004F5786604F1140004F12C08CE
:1019200004F668776060C4F80880E760266106F016
:101930003DFD1B4B6361404606F038FD194BE362E9
:10194000384606F033FD184BC4F8683F04F67C7047
:1019500001F0E0FD224604F67C71304601F0D0FD36
:10196000304601F057FA114821F088F828461FF058
:10197000FBF80F4802B0BDE8F041FFF7E7BB00BF3E
:10198000E834012048040020981200206804002058
:101990004C040020080000209C1200209C400208FB
:1019A0000040020834400208684002089D18000800
:1019B000C4030020704700000148FFF7D5BB00BFFB
:1019C000C403002070B5264E264C274D274B2360BC
:1019D0003046FFF755FE284615F00CF924480EF066
:1019E0001DF8244B2448DC6000224FF48071C3E9C9
:1019F000121222491A86C3E91A12214983F8582083
:101A0000C3E91E011F49C3F880101F491F480B601E
:101A1000F021C3E90422C3E90622C3E90822C3E98D
:101A20000A22C3E90E22C3E91022C3E91422C3E942
:101A300017225A6683F870205A67C3E9016501804E
:101A40001348018013484FF4A071018012480180AF
:101A500012490A70012283F83420114A1A6070BDBD
:101A6000F40400209412002068040020E03A0208E8
:101A70004C040020C403002000000101010000010B
:101A8000000450001A00140084340120783401202E
:101A90007E3401207A340120803401207C340120FE
:101AA0006C3C02080148FFF777BC00BFF40400203B
:101AB0000020704781807047C18070470181704766
:101AC000418170477047704770477047704710B446
:101AD000C4880368121B84885B6D091B12B25DF811
:101AE000044B09B218474FF6FF7383814FF0FF3361
:101AF00003621368C36110607047002070478B88D1
:101B0000838001207047704780F82610704790F856
:101B10002600704710B50022B1F90840B1F90A104B
:101B2000028042808480C18010BD002202804280F9
:101B30008280C28070470177704780ED080A704745
:101B400080F82410704780F82510704701207047F6
:101B5000983070478C307047843070477047000071
:101B6000034B902283F85A2383F85823704700BF11
:101B700000E100E0094A0A49D3680A48C3F30A03AE
:101B8000013B9BB20B801169C1F30A01013901804D
:101B90001364536B43F001035363704700680140C3
:101BA0007A23002078230020014BD3F8AC00704743
:101BB00000680140024B0122C3F8AC105A62704722
:101BC000006801407047704710B52C2104461EF094
:101BD000BDFF204610BD10B5BC2104461EF0B6FF67
:101BE000204610BD70B5044606F0DFFE23689D6EEA
:101BF0000CF0ACFC01462046A8472368054AD3F800
:101C00008C502046AC460023BDE87040A2F516314A
:101C1000604700BF00B004D006F0AEBE06F0B8BE0C
:101C200006F074BE06F0E3BF90F8252012B10368F9
:101C30005B691847704790F825201AB190F8242066
:101C400002B1186070470000034B4FF080629A6049
:101C50004FF080729A60704700E100E0084B4FF04F
:101C60008062C3F88820BFF34F8FBFF36F8F4FF0B0
:101C70008072C3F88820BFF34F8FBFF36F8F704718
:101C800000E100E070B50023124E8380124B036028
:101C9000336893F8582005460AB1D86C00B99868A3
:101CA0000368DB6A98473368B0FA80F4D86C64093B
:101CB00030B10368DB6A9847002808BF44F001048C
:101CC0002CB9064B064A07482C2120F0B9FE2846BD
:101CD00070BD00BF84340120AC410208A840020856
:101CE000064102083F41020870B5254E3568BFF332
:101CF0005B8F15F0010540D130461EF029FF00280A
:101D00003BD0204C204B256104F13400C4E9003560
:101D1000C4E90255E584A562A5850EF064F904F1D5
:101D2000580009F09DFE194BA3652046184B40F85A
:101D3000843BFFF7A7FF174BC4F884302433C4F863
:101D40008C304FF4C803C4E928350023C4F8AC3004
:101D5000C4F8B030C4F8B430C4F8B8300E480F4BF3
:101D6000C4F89050C4F89C50C4F8A850C4F89830F7
:101D700020F084FE30461EF0F7FE024870BD00BF22
:101D80007C23002080230020804C0208CC410208E4
:101D900044420208344C02085D1B0008144C02083F
:101DA00038B5184C23685BB3174B184A1B6C118865
:101DB0008B4216D1164B198802F0DEFF236893F888
:101DC0006A200025013283F86A2083F87C50FFF7EF
:101DD000B7FA206807F066FB2846BDE83840FFF7F1
:101DE000F7B802F0C9FF2468236820461B6A9847A9
:101DF000012384F87C300020BDE83840FFF712B999
:101E000038BD00BF84340120006801407A230020DF
:101E10007823002007B5064BADF806001B6805487F
:101E200001220DF1060103F047FD03B05DF804FB4C
:101E30000C0000208024002007B50B4C0B4D012125
:101E4000204602F081F9012809D158238DF8073086
:101E500028680A2300220DF1070104F0F7FA012097
:101E600004F005FAEBE700BF000002404024002028
:101E700030B595B0102200210AA820F0E8FF142206
:101E8000002103A820F0E3FF00241E4B01941A6CEC
:101E900042F080521A641B6C03F080530193019B43
:101EA000194B02941A6842F440421A601B6803F40A
:101EB000404302930122029B4FF48033CDE9082373
:101EC00002254FF480030821CDE90E534FF4B4737B
:101ED000CDE9101308A804231393129502F0A4FF70
:101EE00002F068FF0F23CDE903354FF4A0504FF403
:101EF0008053CDE90603052103A8059403F070F98A
:101F000015B030BD00380240007000402DE9804817
:101F10009BB001F097FEFFF7ABFF142200210DA844
:101F200020F095FF0024C94B00941A6BC848C94D96
:101F300042F010021A631A6B02F010020092009A2B
:101F400001941A6B42F020021A631A6B02F020020D
:101F50000192019A02941A6B42F080021A631A6B82
:101F600002F080020292029A03941A6B42F0040279
:101F70001A631A6B02F004020392039A04941A6B18
:101F800042F001021A631A6B02F001020492049AF1
:101F900005941A6B42F002021A631A6B02F00202F5
:101FA0000592059A06941A6B42F040021A631A6B66
:101FB00002F040020692069A07941A6B42F0080259
:101FC0001A631B6B03F00803224607933C21079B0F
:101FD00002F0C0F8A0480122022102F0BBF822461C
:101FE0009D48042102F0B6F822469C484FF4405127
:101FF00002F0B0F801263C23CDE90D3694480F9449
:1020000003230DA90227109301F0BAFF92480DA9EE
:10201000CDE90D76CDE90F4401F0B2FF04238E48DF
:102020000DA9CDE90D36CDE90F4701F0A9FF4FF419
:1020300040538A480DA9CDE90D36CDE90F4701F08F
:102040009FFF4FF4C04386480DA9CDE90D36CDE979
:102050000F4701F095FF0DA982480F94CDE90D645B
:1020600001F08EFF8048814B036001F07DFEDFF8B8
:1020700020C27F4B2C62C5E900C328464FF4804341
:10208000C5E90434C5E90244C5E9064402F070FA22
:102090001021284602F0B4FC2146284602F0CFFC6D
:1020A000744DDFF8F0E1AC624FF48273C5E900E3F0
:1020B0004FF400781823C5E9068328460A23C5E9AA
:1020C0000244C5E90444C5E90844EB6203F098FB07
:1020D0008F232246394660488DF824308DF83440ED
:1020E00002F038F832464FF47A7309A9284603F013
:1020F000E3FB4FF47A7332460DA9284603F088FDBE
:102100003246394654485C4D02F024F89DF834308C
:10211000D32B04BF594B1E70594B0127C5E900371B
:102120004FF0100A40230024C5E904A34FF4C07304
:10213000C5E906344FF40063C5E908344FF4005391
:1021400002264FF00409AB624FF0030B07230DA9E1
:102150002846CDE90D63CDE90F934FF00808C5E996
:102160000249CDE911B6139603F02EFA4FF6FF722D
:1021700009A92846CDE90A87089409970C9403F029
:1021800043FA384601F08AFD4FF6FF7209A9284646
:10219000CDE90968CDE90B7403F036FA4FF6FF720A
:1021A00009A92846CDE909B8CDE90B9403F02CFA2A
:1021B0004FF40C730893089B0C934FF6FF7209A918
:1021C0002846CDE909980B9703F01EFA40F26A51B0
:1021D000284603F037FA342221460DEB020020F0A6
:1021E00036FE284D284B2C61C5E900340923C5E98A
:1021F00005371D23C5E9073B40F20D1240F243139A
:10220000C5E9092340F2171140F247132846C5E9F2
:102210000B13C5E90244AC8685F8364002F0B4FCE5
:10222000FF21F022CDE912144FF4806005214FF414
:10223000A073CDE91401CDE90E240DA9CDE9164214
:1022400028462246114D189326E000BF0038024070
:10225000001002408025002000080240000C0240CF
:102260000018024000000240142600200030024006
:10227000A0860100802400204C2400201C26002081
:10228000400100A0D8240020006801403C24002028
:10229000005C004000500140CDE910360D94ADF8CF
:1022A00064408DF8664002F03AFD1B4B2B601B68C2
:1022B00098472B68194DDB689847194B2846C5E9A4
:1022C0000034C5E90264C5E90A46C5E90C4401F0D9
:1022D0005BFD3946284601F00FFEFEF7B1FDFEF723
:1022E000AEFD03F051FF0F4A3146504604F073F83B
:1022F0000D4B0E4A186021460D4803F071FF0D4B3F
:102300000D4A186021460D4803F06AFF0C4B186017
:1023100003F04CFFFEE700BF14000020D42500208E
:1023200000B00240A842020840240020E442020813
:10233000391E000848240020C04202084F0E000841
:1023400044240020704770477FB5094B8DF8172053
:102350001B6802930DF117020123009201930A46B4
:102360000146044802F0ACF907B05DF804FB00BF79
:1023700010000020802500207FB500238DF8173045
:10238000084B1B6802930A4601230DF117010091C7
:1023900001930146044802F023FA9DF8170007B0A4
:1023A0005DF804FB10000020802500201FB5084CBC
:1023B00024680092CDE901340A460123014605480C
:1023C00002F00EFA003818BF012004B010BD00BFA3
:1023D000100000208025002001F060BC10B5064CE4
:1023E00000222046042101F0B5FE20460122BDE86E
:1023F0001040042101F0AEBE0008024038B50B4D7C
:10240000044601220A484FF4005101F0A3FE0022C5
:102410000421284601F09EFE2046FFF7FBFC2846DB
:102420000122BDE83840042101F094BE00080240BA
:10243000000C024038B50B4D044600220A484FF408
:10244000005101F087FE00220421284601F082FE9F
:102450002046FFF7DFFC28460122BDE83840042172
:1024600001F078BE00080240000C0240F7B5144E9F
:10247000144F05460C4630460022042101F06AFE46
:1024800000224FF40051384601F064FE2846FFF761
:10249000C1FC0D4B0D481B68224601A903F0B8FB97
:1024A000384601224FF40051019C01F053FE3046A2
:1024B0000122042101F04EFE204603B0F0BD00BF12
:1024C00000080240000C02400C0000208024002084
:1024D00001F0E4BB0268034B9A4201D101F0CCBB8E
:1024E000704700BF001000407047000082B00E4BE4
:1024F00000220092596C41F480415964596C01F4F6
:102500008041009100990192196C41F08051196449
:102510001B6C03F080530193019B0F216FF00100AE
:1025200002B001F0E1BB00BF003802400268094B75
:102530009A4282B00BD100230193074B1A6B42F4ED
:1025400080521A631B6B03F480530193019B02B00A
:10255000704700BF003002400038024007B50F4B03
:1025600002689A4216D10022A3F5F0430192196B3A
:1025700041F4000119631B6B03F40003019305216F
:102580005A20019B01F0B0FB5A2003B05DF804EB28
:1025900001F0DCBB03B05DF804FB00BF00B00240FB
:1025A0002DE9F043044689B01422002103A820F04D
:1025B0004EFC2268244B9A4243D1244C24480025E7
:1025C0000095236B43F004032363236B03F00403A0
:1025D0000093009B0195236B43F001032363236B5E
:1025E00003F001030193019B4FF012094FF40073B4
:1025F0004FF001080327042603A9CDE90339CDE9EB
:102600000587079601F0BCFC4FF4807311480796CC
:1026100003A9CDE90339CDE9058701F0B1FC0295A5
:10262000236C43F400032364236C03F4000302933C
:10263000029B236A43F400032362236A23F400030A
:10264000236209B0BDE8F083005C0040003802401E
:102650000008024000000240F0B599B00446142280
:10266000002107A820F0F3FB30220DEB020000212F
:1026700020F0EDFB22685E4B9A4240F0B7800823C1
:102680000C93C0231093042312930CA84FF400332F
:10269000159302F06DFE08B1FFF726FF554B564823
:1026A000002400945A6C42F080625A645A6C02F022
:1026B00080620092009A01941A6B42F020021A6321
:1026C0001A6B02F020020192019A02941A6B42F0F6
:1026D00001021A631A6B02F001020292029A039439
:1026E0001A6B42F002021A631A6B02F002020392A2
:1026F000039A04941A6B42F040021A631A6B02F0B8
:1027000040020492049A05941A6B42F004021A6380
:102710001A6B02F004020592059A06941A6B42F0B5
:1027200008021A631B6B03F00803069302250E26AA
:10273000069B0B964FF4806307A9CDE90735CDE9D9
:10274000094501F01DFC41F658032C480B9607A9DA
:10275000CDE907350927CDE9094501F011FC03232F
:1027600027480B9707A9CDE90735CDE9094501F0C1
:1027700007FC4FF4706322480B9607A9CDE9073593
:10278000CDE9094501F0FCFB4FF40C631D480B96A5
:1027900007A9CDE90735CDE9094501F0F1FBC023D3
:1027A00019480B9607A9CDE90735CDE9094501F090
:1027B000E7FB082315480B9607A9CDE90735CDE9B6
:1027C000094501F0DDFB4FF4A0530E480B9707A914
:1027D000CDE90735CDE9094501F0D2FB5820224665
:1027E000052101F081FA582001F0B0FA19B0F0BDCE
:1027F000006801400038024000140240000002401E
:10280000000402400018024000080240000C024090
:1028100010B5044688B01422002103A820F017FB4D
:102820002268144B9A4223D103F568430021019199
:102830005A6C114842F480125A645A6C02F48012A5
:102840000192019A02911A6B42F020021A631B6BEB
:1028500003F020030293029B4FF4607202230321D2
:10286000CDE903230523CDE9061303A901F088FB75
:1028700008B010BD00500140001402402DE9F041A5
:1028800086B0002303932B4B1C68002C4FD14FF0D4
:102890000108C3F80080284B00949A6B274842EA4D
:1028A00008029A639B6B03EA08030093022703263E
:1028B0000C25009B01A94FF63F03CDE90137CDE977
:1028C000046501F05DFB1E48059501A9CDE901876E
:1028D000CDE9034601F054FB48F23313194805953E
:1028E00001A9CDE90137CDE9034601F049FB4FF6D7
:1028F00083731548059501A9CDE90137CDE9034654
:1029000001F03EFB4CF203731048059501A9CDE997
:102910000137CDE9034601F033FB60230C480595F0
:1029200001A9CDE90137CDE9034601F029FB06B045
:10293000BDE8F0812026002000380240001402404B
:10294000000802400018024000100240000C024043
:102950000004024070B588B000230293204B1A6C2B
:1029600042F010021A641B6C03F010030293054638
:1029700001A903A8029B02F0DDFC069B4BBB02F001
:10298000C9FC184E184B336040F2E733F360174B25
:10299000B0FBF3F3013B7360304600233361B36057
:1029A000B36103F019FB044680B9304603F0D6F951
:1029B000044658B9362001F0C9F90F2D0DD822462A
:1029C0002946362001F090F9094B1D60204608B0D9
:1029D00070BD02F09FFC4000D3E70124F6E700BF82
:1029E00000380240242600200010004040420F0022
:1029F0007C0000207047FEE7FEE7FEE7FEE7704739
:102A0000014803F0E9B900BF24260020014802F084
:102A100029B900BFD8240020014801F0E3B900BF64
:102A2000D42500200120704708B520F0B3FA162302
:102A300003604FF0FF3008BD08B520F0ABFA162355
:102A40000360FEE770B50D4614460E46731B9C42AC
:102A500001DC204670BDAFF3008006F8010BF5E7FE
:102A600070B50D4614460E46731B9C4201DC204691
:102A700070BD16F8010BAFF30080F5E74FF0FF30A3
:102A800070474FF400534B6000207047012070479F
:102A9000002070470A4A116808B5034609B9094978
:102AA00011601068694603448B4206D920F072FA1F
:102AB0000C2303604FF0FF3008BD1360FCE700BF3C
:102AC0006C260020C8410120704710B5042104463F
:102AD0001EF03CF8204610BD012908B506D0022999
:102AE00008D059B900F0DEFC006808BD00F0DAFC3F
:102AF0004068FAE700F0D6FC8068F6E70020F4E7CB
:102B0000004870471C4302080220704713B5002498
:102B100051B1036801948DF8034001AA9C680DF13E
:102B20000303A04702B010BD0846FBE7C089704709
:102B3000008A7047C088704780887047807A00F0AC
:102B40007F007047807AC0097047002070470000FE
:102B50009FED010A704700BF00000000704710B5EC
:102B6000082104461DF0F2FF204610BD7047704753
:102B700000F598730868496803C370477047704749
:102B80004160704770470000064BC0F84C3100238D
:102B9000C0F8503100F5A273C0F84801C0F84031C8
:102BA000704700BF492C000801230372704770472B
:102BB000704710B4C26841685410034601EB6200CC
:102BC000D20748BF0A599B685DF8044B48BFD358E9
:102BD00018470346406830B19A681AB9D86800F0BF
:102BE000010070470120704710B50C2104461DF00C
:102BF000ADFF204610BD10B5102104461DF0A6FF04
:102C0000204610BD10B54FF4AE7104461DF09EFF76
:102C1000204610BD10B50BF099FC0368BDE81040CC
:102C2000DB6B184710B50446D0F8400158B1036873
:102C3000DB68984738B1D4F8400103689B6898472F
:102C40000023C4F8403110BD2DE9F14FD0E9556A99
:102C50000746B06803681B6A984740F6337398428A
:102C600005D8444B444AA32144481FF0E9FE70684C
:102C700003681B6A98470F2803D8414B3E4AA4219A
:102C8000F2E7F06803681B6A98470B2803D83D4BAE
:102C9000394AA521E8E70BF059FCDFF8F090043041
:102CA0000BF079FCD9F8000010B10368DB68984795
:102CB000D9F8000010B103681B689847DFF8D0808E
:102CC000D8F8000010B103685B699847D7F83C0159
:102CD00010B103685B689847D8F8000010B103682A
:102CE0001B689847D7F83C0110B103689B68984768
:102CF000F068036800215B6A98474FF0000B224B95
:102D0000C0F804B0044680F808B00360B0680368F7
:102D100059465B6A9847054600F038FC70680368BE
:102D200059465B6A98472946064600F005FC331D64
:102D3000C7F83C61C9F80040C8F80050CAF8003034
:102D40002B68C6F808A02846DB68EE63984733680E
:102D500030461B689847214628460DF033FE23680D
:102D600020461B69984723685B69204601B0BDE88F
:102D7000F04F184754430208E2430208B4440208E3
:102D8000FB4402089E450208B8460208CC340120E4
:102D9000C8340120044B1B6893F858200AB1D86C42
:102DA00000B99868704700BF84340120F8B5174611
:102DB00004460E460BF08CFC124B1C60124B236039
:102DC000124B0025C4E95135114BC4E9535518681D
:102DD000036801219B68C4E94F55C4E955769847BB
:102DE000284600F013FBFFF7D5FF15F0ACFDFFF709
:102DF000D1FF15F023FEFFF7CDFF15F02BFE204687
:102E0000F8BD00BFD8340120644602084C460208D1
:102E100084340120064BC0F84C310023C0F85031F7
:102E200000F5A273C0F84801C0F84031704700BFF8
:102E3000492C0008406A7047806A704770478A884A
:102E40000B8810B5D20A4C88C1699BB251F8220098
:102E500043EA0443184410BD10B50446BAB1107BD0
:102E600068B1537BD27A1B0203F4E0631A43236AEE
:102E700003EB82031A888A4202D193F9020010BD43
:102E800005D8013880B204330028F3D1F7E70020D9
:102E9000F5E710B52C2104461DF058FE204610BD64
:102EA00030B58BB00446BDF860500895BDF85C5055
:102EB00007959DF8505006959DF84C5005959DF846
:102EC000485004959DF8445003959DF84050029554
:102ED0009DF83C500195BDF8385000950DF040F933
:102EE000064B2360159BE361169B2362199B63626B
:102EF0001A9BA36220460BB030BD00BFDC4602081F
:102F00007047704770477047704770477047704709
:102F100003681B6B1847704730B4C268446855108B
:102F2000034604EB6200D20748BF62599B6830BC7D
:102F300048BFD35818470346406830B19A681AB959
:102F4000D86800F0010070470120704710B51021CB
:102F500004461DF0FBFD204610BD000010B5034BDC
:102F60000360044609F028FE204610BD20480208F0
:102F700010B5064B0360044609F01EFE20464FF4D0
:102F800073611DF0E3FD204610BD00BF204802081C
:102F900000F1C8028A4202D10368DB6A1847704711
:102FA00070B5036804461B6B15469847236829468D
:102FB00020465B6BBDE87040184770B504461D465F
:102FC000BDF91060FFF7ECFF2368294620469B6B94
:102FD0009847236831462046DB6BBDE870401847B0
:102FE000F8B5194B018F1B888B4206462AD9174B1F
:102FF0001B682BB9164B174A17486C211FF020FD90
:1030000013F81120154B1B6853F82250144B186805
:1030100000F038FA2B6807469B6B284698472B68C8
:1030200004469B6C3946284698472B6814FB00F4ED
:103030005B6A394628469847A4B223181BB2A6F803
:103040004630F8BD0023FAE7E0340120DC340120EB
:103050003C4702087E470208B9470208E4340120D1
:10306000E83401202DE9F04F044687B0A046002542
:103070000DF0FCFA4A4BE56348F8403B494B2566A6
:1030800004F16C0AC4E910354FF0FF0B4FF4807364
:10309000A4F86430C4E91255C4E91455C4E91655BE
:1030A00084F866B0A566504607F0CCFF04F1B4037F
:1030B00018460393FEF7E6FD3B4BC4F8B43004F129
:1030C000C8062433C4F8BC30C4F8C050304608F0F9
:1030D000ADFE364BC4F8203F354BC4F8283F4FF4C3
:1030E000A07704F58870C4F8244FC4F82C5F4FF41F
:1030F000616109F057FD2A46294640460097F023B2
:10310000FFF75BFF04F104094FF07F43A3664146DC
:10311000484605F05FF914232A46009350466E2175
:10312000FFF74BFF4FF43453C4F8A830214BC4F8D9
:10313000C0304FF47843A4F8C430039BC4F89430F3
:1031400051464846C4E92677C4F8A070C4F8AC508C
:10315000C4F8A45005F03EF95A4629463046FFF718
:103160001FFF012305AA04A93046ADF81430ADF8BD
:10317000105008F0D2FC3046A4F80051FFF730FFA1
:103180004FF0FF33C4E9413304F572634846C4F895
:10319000F030314605F01EF9204607B0BDE8F08F4B
:1031A00020480208744E0208344C020808480208FD
:1031B000912F00080000FFFF7047000030B5164D4A
:1031C0002C68BFF35B8F14F001048FB020D1284628
:1031D0001DF0BEFCE0B13F230993104B0893104B48
:1031E000104911480A940122CDE906430423CDE990
:1031F00003320A230093CDE90B44CDE90144059441
:10320000FFF74EFE09481FF039FC28461DF0ACFCC4
:1032100005480FB030BD00BF70260020645E020874
:10322000705E0208A85D020874260020B93100080B
:103230007047000030B5164D2C68BFF35B8F14F05B
:1032400001048FB021D128461DF082FCE8B13F2354
:103250000993104B0893104B07930123CDE90543C5
:1032600004930423CDE9024314230C4900930B2259
:10327000CDE90B440A480A940194FFF711FE09486E
:103280001FF0FCFB28461DF06FFC05480FB030BD59
:10329000A0260020685E0208745E0208B85D02087D
:1032A000A4260020313200087047000030B5164DCA
:1032B0002C68BFF35B8F14F001048FB020D1284637
:1032C0001DF046FCE0B13F230993104B0893104BCF
:1032D000104911480A940122CDE906430423CDE99F
:1032E000033228230093CDE90B44CDE90144059432
:1032F000FFF7D6FD09481FF0C1FB28461DF034FC3E
:1033000005480FB030BD00BFD02600206C5E02081B
:10331000785E0208545E0208D4260020A932000814
:1033200000207047002070470EB403B503AB0021A6
:1033300053F8042B01930CF091F902B05DF804EB03
:1033400003B070470CB407B504AB53F8042B0193DA
:103350000CF084F903B05DF804EB02B07047000094
:10336000436C10B5044673B3038F2BB9184B194A3D
:10337000C52119481FF064FBC38E00EB43035B8C2F
:103380000BB30EF05EF8238F012B03D8134B144AB6
:10339000CB21EEE7E28E531C9BB2092B194688BF66
:1033A000A3F10A0104EB410140F63F10498C814230
:1033B00009D10A2B04EB420228BF002304EB43038C
:1033C000508C588451842046BDE810400DF03CBF1D
:1033D000544802085D480208084902085249020898
:1033E000604902080DF0F7BE10B586B002AC84E863
:1033F00006001A460AAB05930193099B00932146E8
:10340000089B0AF041FC06B010BD000038B518BB9F
:10341000124B13481C681349B4B12268224402605D
:10342000626822440A60A26814440F4B00221A808A
:1034300000F038F8054600F033F80C4B1C600C4BDC
:103440001D600C4B188007E00B4B03600B4B0B60AF
:103450000B4B1C68002CE8D138BD00BF0C270020A6
:10346000042700200027002008270020DC3401204A
:10347000E4340120E0340120805E02087C5E020812
:10348000985E0208044B1B6853F82100034B1B682D
:1034900003EB4000704700BF0027002004270020F6
:1034A00001207047004870471027002010B5FFF733
:1034B000C1FE044C2060FFF7F9FE6060FFF77EFE5E
:1034C000A06010BD1027002010B5002404600C601F
:1034D00014601C6010BD704710B54FF4AE71044607
:1034E0001DF034FB204610BD10B50446D0F858013D
:1034F00000F013F82046BDE810400BF0A9B800001A
:1035000010B50446FFF752FC014B2360204610BD66
:103510003C4A020800220260704770477047043836
:103520007047704710B5102104461DF00FFB204670
:1035300010BDA0F10400F5E700228260024A02609B
:1035400018324260C1607047904A0208704700001C
:1035500002484FF4005100F002BE00BF00180240C4
:1035600010B5034B03600446FFF7F8FC204610BD7E
:10357000B84A020810B50446FFF7F2FF204640F6AD
:1035800034711DF0E3FA204610BD000010B504466A
:10359000FFF768FD034B23600023C4F8303F20464B
:1035A00010BD00BFB84A0208FFF7B1BC2DE9F04FCB
:1035B000D0F8303F484D2DED028B0133F022B3FBA4
:1035C000F2F102FB113483B08246C0F8304F286814
:1035D00002F09DFF00287AD04FF0FF3328680022C8
:1035E0000DF1070102F063FF9DF80730582B6ED1F3
:1035F00007EE904A9FED397AF8EEE77A0AF16C0B04
:1036000087EE878A68EE077A17EE900AFDF7CEF804
:1036100041EC100B1DF0C8FBF0EE087A68EE277A3B
:1036200055EC104B17EE900AFDF7C0F841EC100B6B
:103630001DF0B6FA78EE087A57EC106B17EE900A88
:10364000FDF7B4F841EC100B1DF0AAFA18EE100AC1
:1036500059EC108BFDF7AAF841EC100B1DF0A0FA05
:10366000424651EC100B4B46FCF742FF32463B46BC
:10367000FCF73EFF1A4B0022FCF73AFFFDF79EF9DC
:10368000DFED187A07EE100A67EE277A17EE900A38
:10369000FDF78CF841EC100B1DF086FB51EC100B84
:1036A000FDF764F9BAF87260C6F1C806361A294601
:1036B0002046FDF75BF9BAF8703036B2C11A3246CF
:1036C000584609B20CF076F9584608F0ADF903B047
:1036D000BDEC028BBDE8F08F4024002000005C426E
:1036E0000000F03F00004842F02070474FF4A07007
:1036F00070472920FEF79EBE2820FEF79BBE08B526
:10370000FEF76CFECA20FEF795FEC320FEF776FE9C
:103710000820FEF773FE5020FEF770FECF20FEF764
:1037200089FE0020FEF76AFEC120FEF767FE30200A
:10373000FEF764FEED20FEF77DFE6420FEF75EFEE0
:103740000320FEF75BFE1220FEF758FE8120FEF7F5
:1037500055FEE820FEF76EFE8520FEF74FFE0020A6
:10376000FEF74CFE7820FEF749FECB20FEF762FE06
:103770003920FEF743FE2C20FEF740FE0020FEF726
:103780003DFE3420FEF73AFE0220FEF737FEF7201A
:10379000FEF750FE2020FEF731FEEA20FEF74AFE3B
:1037A0000020FEF72BFE0020FEF728FEB120FEF7DA
:1037B00041FE0020FEF722FE1B20FEF71FFEB62072
:1037C000FEF738FE0A20FEF719FEA220FEF716FECD
:1037D000C020FEF72FFE1020FEF710FEC120FEF7DE
:1037E00029FE1020FEF70AFEC520FEF723FE452025
:1037F000FEF704FE1520FEF701FEC720FEF71AFEB5
:103800009020FEF7FBFD3620FEF714FEC820FEF7E1
:10381000F5FDF220FEF70EFE0020FEF7EFFDB020D2
:10382000FEF708FEC220FEF7E9FDB620FEF702FE15
:103830000A20FEF7E3FDA720FEF7E0FD2720FEF7B4
:10384000DDFD0420FEF7DAFD2A20FEF7F3FD00205F
:10385000FEF7D4FD0020FEF7D1FD0020FEF7CEFDDF
:10386000EF20FEF7CBFD2B20FEF7E4FD0020FEF756
:10387000C5FD0020FEF7C2FD0120FEF7BFFD3F2081
:10388000FEF7BCFDF620FEF7D5FD0120FEF7B6FDE4
:103890000020FEF7B3FD0620FEF7B0FD2C20FEF75A
:1038A000C9FDC820FEF714FE2620FEF7C3FD012047
:1038B000FEF7A4FDE020FEF7BDFD0F20FEF79EFD04
:1038C0002920FEF79BFD2420FEF798FD0C20FEF733
:1038D00095FD0E20FEF792FD0920FEF78FFD4E208C
:1038E000FEF78CFD7820FEF789FD3C20FEF786FD73
:1038F0000920FEF783FD1320FEF780FD0520FEF76B
:103900007DFD1720FEF77AFD1120FEF777FD0020E0
:10391000FEF774FDE120FEF78DFD0020FEF76EFD41
:103920001620FEF76BFD1B20FEF768FD0420FEF756
:1039300065FD1120FEF762FD0720FEF75FFD3120D7
:10394000FEF75CFD3320FEF759FD4220FEF756FDE1
:103950000520FEF753FD0C20FEF750FD0A20FEF770
:103960004DFD2820FEF74AFD2F20FEF747FD0F20D2
:10397000FEF744FD1120FEF75DFDC820FEF7A8FD0F
:103980002920FEF757FDBDE808402C20FEF752BD68
:1039900008B5FEF723FD0321D320FEF767FD80B2B3
:1039A00008BD10B5C4B2022203212046FEF7CCFCAC
:1039B0000A20FEF711FD204600220321FEF7C4FC79
:1039C000BDE810400220FEF707BD38B50446E4B25A
:1039D000FEF7B8FC00212046FEF7CEFC012105468B
:1039E0002046FEF7C9FC40EA052080B238BD10B57C
:1039F000C4B240212046FEF7BFFC030607D54C2188
:103A00002046FEF7B9FC003818BF012010BD012286
:103A10004B212046FEF798FC204600224B21FEF762
:103A200093FC0020F2E773B50423C4B20E4615469A
:103A3000D7210DEB03022046FEF7B8FC019B1BBA11
:103A40001A0DC3F30B23328020462B8001224B2119
:103A5000FEF77AFC00224B212046FEF775FC02B0EF
:103A600070BD000010B50A4A1378984204460DD084
:103A7000517888420AD00BB141B90123D454FEF7E2
:103A800061FC2046BDE81040FFF78BBF10BD00BFB2
:103A90001C27002010B5C4B209212046FEF76CFC9B
:103AA00040F00102D2B220460921BDE81040FEF7E5
:103AB0004BBC10B5C4B209212046FEF75DFC0921BC
:103AC00000F0FE022046BDE81040FEF73DBC38B5D0
:103AD000C4B20D4620460A21FEF74EFC40EA05021C
:103AE000D2B220460A21BDE83840FEF72DBC10B501
:103AF0000446FEF728FC20461F21FFF7E8FF20467A
:103B0000BDE81040FFF7C6BF38B5C4B20D46204629
:103B10000A21FEF731FC20EA0502D2B220460A2132
:103B2000BDE83840FEF710BC10B50446FFF7C1FFF2
:103B300020461F21BDE81040FFF7E6BF10B5C0B218
:103B40000C460B21FEF718FC204010BD1F21FFF78B
:103B5000F5BF0A46C0B20B21FEF7F6BB1F21FFF7E7
:103B6000F8BF38B5C4B20D4620461721FEF704FC55
:103B700020EA0502D2B220461721BDE83840FEF700
:103B8000E3BB70B5C4B2064604212046FEF7F4FB41
:103B9000042100F0FB0205462046FEF7D5FB304627
:103BA000F021FFF7DEFF05F0F80220460421FEF7C2
:103BB000CBFB492220212046FEF7C6FB0220FEF760
:103BC0000BFC204601222121FEF7BEFB20469A2253
:103BD0004121FEF7B9FB204601224A21FEF7B4FB42
:103BE000204601224B21FEF7AFFB204600224B214D
:103BF000FEF7AAFB204601225621FEF7A5FB204630
:103C000001225821FEF7A0FB204601224021FEF7A9
:103C10009BFB2046FF220B21FEF796FBBDE8704080
:103C20000220FEF7D9BB0000054BD3F8882042F4F0
:103C30007002C3F888204FF000629A60704700BF9E
:103C400000ED00E008B50B4B1A6842F400721A60F0
:103C50001A6842F480621A601A6842F480721A602C
:103C6000032000F02FF80020FEF774FEFEF73EFC64
:103C7000002008BD003C0240034A044B11681B7839
:103C80000B441360704700BF2027002078000020FD
:103C9000014B1868704700BF2027002038B5044644
:103CA000FFF7F6FF631C1CBF054B1B78054618BFCA
:103CB000E418FFF7EDFF431BA342FAD338BD00BF62
:103CC000780000200749CA6822F4E0620302120467
:103CD00003F4E063120C134343F0BF6343F4003377
:103CE000CB60704700ED00E0164B30B5DC68C4F3E4
:103CF0000224C4F10703251D042B28BF0423062D2D
:103D00004FF0FF358CBF033C002405FA03F321EA92
:103D10000303A54022EA0502A340002843EA020368
:103D2000ACBF00F16040084A4FEA0313B8BF00F08F
:103D30000F00DBB2AABF00F56140135480F80033D6
:103D400030BD00BF00ED00E014ED00E0002807DB0F
:103D5000044A4109012300F01F00834042F821304A
:103D6000704700BF00E100E010B5044650B1437950
:103D700003F0FF0213B90271FEF7D8FB0123637150
:103D8000002010BD0120FCE710B5044630B390F8C8
:103D9000393003F0FF021BB980F83820FEF7DEFB54
:103DA00022686168022384F83930136823F44033B1
:103DB0000B431360536BA16823F007030B4353635A
:103DC000136CE16823F47F5323F03F030B43136428
:103DD00000200123E06384F8393010BD0120FCE7A6
:103DE00070477047036870B55E681D68F207044647
:103DF00014D5E90512D51A6822F480721A60C26BD4
:103E000042F00102C26301229A60042380F8393033
:103E1000002380F83830436903B19847B20616D5BD
:103E2000AB0414D523681A6822F400521A602022C9
:103E30009A60E36B43F00203E363042384F83930B0
:103E4000002384F8383063690BB120469847300767
:103E500016D5290514D523681A6822F400621A6061
:103E600008229A60E36B43F00403E363042384F8BD
:103E70003930002384F8383063690BB12046984705
:103E800072070BD56B0509D523681A6822F4806286
:103E90001A6004229A602046FFF7A2FFB00714D5EB
:103EA000A90512D523681A6822F400721A6002224A
:103EB0009A60E36BE363012384F83930002384F8CC
:103EC000383023690BB120469847F20613D5EB042E
:103ED00011D523681A6822F480521A6010229A6061
:103EE000E36BE363012384F83930002384F838302E
:103EF0002046FFF776FF70BDF0B590F83820012A14
:103F000003464FF002002BD0012283F8382083F8BB
:103F1000390003EB0112D2E90740556A174F44EA12
:103F20000040093C012C9CBF05F07F4210434FEA42
:103F300001161A6888BF40EA056091B9516A394094
:103F400001435162012C9969916103D8596A21F0AA
:103F50007F4191620122002083F8392083F83800E4
:103F6000F0BDD16939400143D1619919012C8969AA
:103F700011619CBF25F07F451562EBE7F0FFFC0067
:103F80002DE9F74FDFF8BC916C4A00230D6801243E
:103F90009C4004EA0506AC4340F0B7804D68032717
:103FA00005F003044FEA430807FA08FC671E012FD7
:103FB0006FEA0C0C34D8876807EA0C0ECF6807FA52
:103FC00008F747EA0E078760476827EA060EC5F339
:103FD00000179F4047EA0E074760C76807EA0C0EC4
:103FE0008F6807FA08F747EA0E07022CC76019D155
:103FF0004FEAD30A00EB8A0A03F0070BDAF82070C5
:104000004FEA8B0B4FF00F0E0EFA0BFE27EA0E0E47
:104010000F6907FA0BF747EA0E07CAF8207001E0AC
:10402000032CDAD1076804FA08F407EA0C073C43CA
:1040300015F4403F046068D000240194D9F844404E
:1040400044F48044C9F84440D9F8444023F00307BD
:1040500007F1804704F4804407F59C37019403F08E
:10406000030C019CD7F808E04FEA8C0C0F2404FAEB
:104070000CF42EEA040E324CA0424DD004F58064BC
:10408000A0424BD004F58064A04249D004F580647E
:10409000A04247D004F58064A04245D004F5806476
:1040A000A04243D004F58064A04241D004F580646E
:1040B000A0423FD004F58064A0423DD004F5806466
:1040C000A04214BF0A24092404FA0CF444EA0E04A2
:1040D000BC609468F74315F4801F0CBF3C40344328
:1040E0009460D46815F4001F0CBF3C403443D46086
:1040F000546815F4003F0CBF3C40344354601468CE
:10410000ED0354BF3C40344314600133102B7FF463
:104110003DAF03B0BDE8F08F0024D5E70124D3E71D
:104120000224D1E70324CFE70424CDE70524CBE71D
:104130000624C9E70724C7E70824C5E7003C014077
:1041400000000240003802400369194214BF0120F8
:10415000002070470AB1816170470904FBE7436999
:1041600001EA030221EA030141EA02418161704749
:1041700001684B6913F480634FF0000210D06FF4B4
:1041800080634B612023026380F83D3080F83E203D
:10419000036C80F83C2043F0040303640120704763
:1041A000184670472DE9F84606460F4691461D46CB
:1041B0004FEA114A3368BAF1010F0CBF5C699C6980
:1041C00027EA0404A4B2B4FA84F46409A14501D036
:1041D000002025E06A1CEED0FFF75AFD089BC01AAC
:1041E000A84201D8002DE5D13368BAF1010F0CBF08
:1041F0005B699B6927EA03039BB2B3FA83F35B090C
:104200009945D7D100232022336386F83D2086F8D4
:104210003E30326C86F83C3042F02002326401209D
:10422000BDE8F8862DE9F04104460F46164698464B
:104230002568686927EA000080B2C0B16B695A0539
:1042400017D52B6843F400732B606FF480636B61A8
:1042500020220023236384F83D2084F83E30236C21
:1042600043F004032364002384F83C300120BDE8BC
:10427000F081731CDDD0FFF70BFDA0EB0800B0420E
:1042800001D8002ED4D123685A6927EA020292B2DB
:10429000002ACDD000232022236384F83D2084F817
:1042A0003E30236C1343DDE770B504460D461646D9
:1042B00023685B691B0601D500201EE02046FFF73E
:1042C00057FFC8B96A1CF3D0FFF7E2FC801BA84275
:1042D00001D8002DECD123685B6913F08003E7D18E
:1042E0002022236384F83D2084F83E30226C84F839
:1042F0003C3042F020022264012070BD2DE9F043E1
:104300001546026885B0DDE90C789946136843F4D8
:10431000807313600E463B46CDF8008000224FF0BC
:1043200001110446FFF73EFF236838B11B68DB0527
:1043300002D54FF400732364032620E006F0FE0646
:104340001E611A4943463A462046FFF76BFFA8B95B
:10435000236803905A6903929B6903934246394646
:104360002046039BFFF7A0FF064660B1236C042B99
:1043700001BF2268136843F40073136001263046BE
:1043800005B0BDE8F083B9F1010F236802D1EDB2A9
:104390001D61F4E72A0A1A61394642462046FFF7B2
:1043A00083FF0028E2D12368F1E700BF020001008B
:1043B0002DE9FF479A46036815461A6842F4806261
:1043C0001A601A68DDE90C7842F480721A600E46B1
:1043D0003B46CDF8008000224FF001110446FFF764
:1043E000E1FE236838B11B68DB0544BF4FF400735E
:1043F0002364032021E05FFA86F906F0FE061E61C1
:104400002B4943463A462046FFF70CFFA0B92368E4
:1044100003905A6903929B690393424639462046AA
:10442000039BFFF741FF58B1236C042B01BF2268A7
:10443000136843F400731360012004B0BDE8F087F3
:10444000BAF1010F23681AD1EDB242461D61394617
:104450002046FFF729FF02460028E5D121680B68B6
:1044600043F480730B602046CDF800803B464FF04C
:104470000111FFF797FE226860B11368B4E72A0ABA
:104480001A61394642462046FFF70EFF0028CBD17D
:104490002368D9E749F001031361054943463A46C9
:1044A0002046FFF7BFFE003818BF0120C5E700BF58
:1044B0000200010070B504460D46164623685B698C
:1044C0005B0701D500201EE02046FFF751FEC8B96A
:1044D0006A1CF3D0FFF7DCFB801BA84201D8002D3B
:1044E000ECD123685B6913F00403E7D12022236336
:1044F00084F83D2084F83E30226C84F83C3042F051
:1045000020022264012070BD70B504460D46164697
:1045100021684B6913F0400301D0002011E04A6983
:10452000D2060FD56FF010024A612022236384F86F
:104530003D2084F83E30236C2364002384F83C3013
:10454000012070BDFFF7A4FB801BA84201D8002DFD
:10455000DED123685B6913F04003D9D120222363A5
:1045600084F83D2084F83E30236C1343E4E70000D8
:1045700070B5044608B9012070BD90F83D3003F0D5
:10458000FF021BB980F83C20FEF70AF8242384F8C8
:104590003D3023681A6822F001021A601A6842F45A
:1045A00000421A601A6822F400421A6000F0B2FE5B
:1045B0003F4B65689D4294BF3E4B3F4B98428CBF3A
:1045C00000230123002BD6D12268394E51683B4B82
:1045D000B0FBF3F321F03F011943B542516088BFAE
:1045E0004FF49676116A88BF734321F03F0184BF70
:1045F0004FF47A76B3FBF6F301330B431362D169C0
:10460000431E2B4821F44F41854221F0FF0132D84F
:104610006D0040F6FC70B3FBF5F30133034242D06A
:10462000C3F30B031943D161D4E907301168034385
:1046300021F0C0010B4313609168D4E9030321F416
:104640000341034321F0FF010B439360D4E905309C
:10465000D168034321F0FF010B43D360136843F09B
:104660000103136000202023206484F83D30206380
:1046700084F83E0080E7A06850B905EB4505B3FB20
:10468000F5F30133C3F30B037BB143F40043C9E7F4
:1046900019206843B3FBF0F30133C3F30B0323B1D9
:1046A00043F44043BEE70423BCE70123BAE700BF5D
:1046B000A08601007F841E00FF083D0040420F00DD
:1046C0002DE9F743044699460C9E0F469046FFF7A6
:1046D000DFFA94F83D30202B054603D0022003B0CA
:1046E000BDE8F08300903C49192301222046FFF7E2
:1046F00059FD0028F2D194F83C30012BEED020680F
:10470000012384F83C300368D9075EBF036843F097
:1047100001030360036823F400630360212384F82A
:104720003D30402384F83E30002323640A9B6362BB
:10473000BDF82C306385638D2385284BE3624246A8
:10474000CDE900654B4639462046FFF7D7FD0028E6
:104750002AD00120C3E7FFF7A7FD40B1236C042B4B
:1047600001BF2268136843F400731360F1E7636AC2
:1047700027681A4612F8011B39616262628D218D29
:10478000013A92B262857A69481E80B2520720854A
:104790000AD548B15A783A6102336362638D013BAE
:1047A00002399BB221856385238D2A4631462046F6
:1047B000002BD0D1FFF77EFE0028CFD122681368EE
:1047C00043F400731360202384F83D3084F83C00E8
:1047D00084F83E0083E700BF020010000000FFFFE6
:1047E0002DE9F043044687B09946109F0D46904648
:1047F000FFF74EFA94F83D30202B064604D00225F0
:10480000284607B0BDE8F08300907A4919230122B9
:104810002046FFF7C7FC0028F1D194F83C30012B6B
:10482000EDD02068012384F83C300368DB075EBFCD
:10483000036843F001030360036823F4006303602B
:10484000222384F83D30402384F83E300023236443
:104850000E9B6362BDF83C306385638D2385664B98
:10486000E3622946CDE900764B4642462046FFF7F3
:104870009FFD054608B10125C2E7228D2368B2B924
:1048800002905A6902929A690292029A1A6842F454
:1048900000721A60DFF86481238D002B2CD1202256
:1048A00084F83D2084F83C3084F83E30A8E7012AA3
:1048B0000AD11A6822F480621A6003905A6903923E
:1048C0009A690392039AE1E7022A0ED11A6822F448
:1048D00080621A601A6842F400621A6004905A6991
:1048E00004929B690493049BD4E705905A6905924E
:1048F0009B690593059BCDE7032B56D8012B15D15A
:10490000324639462046FFF7FFFD0028B3D1236821
:104910001A69636A1A70636A01336362238D013B0B
:104920002385638D013B9BB26385B5E7022B00961F
:104930003B464FF000024146204619D1FFF732FCBA
:10494000002898D123681A6842F400721A601A6924
:10495000636A1A70626A531C6362238D013B23856C
:10496000638D013B9BB2638523681B695370D2E75B
:10497000FFF718FC024600287FF47DAF2368196812
:1049800021F4806119601969636A1970636A0133DF
:104990006362238D013B2385638D013B9BB263855D
:1049A000414600963B462046C8E7324639462046F7
:1049B000FFF7AAFD00287FF45EAF23681A69636AD7
:1049C0001A70628D616A013A92B24B1C628522684C
:1049D0006362238D5069013B9BB2400723857FF5BD
:1049E0005BAF032B02BF136823F48063136013696A
:1049F0004B7090E7020010000000FFFF0400010070
:104A000010B590F83D30202BDCB216D1242380F86D
:104A10003D3003681A6822F001021A605A6A22F0D7
:104A200010025A625A6A114359621A6842F001022E
:104A30001A6080F83D40002010BD0220FCE730B530
:104A400090F83D30202BDCB216D10268242380F888
:104A50003D30136823F001031360556A4FF6F0737D
:104A60002B400B439BB25362136843F00103136066
:104A700080F83D40002030BD0220FCE70068D1F8FE
:104A800000C0D201843283182DE9F043C6685D6806
:104A90004C68D1F8189005F470455D60C5680CF15C
:104AA0000107C5F30B45C6F30B463D44264445EAD2
:104AB00006455D60C668CD68C6F30A062E449D684B
:104AC00005F470459D60C7688D68C7F30A07013516
:104AD0003D4445EA06459D601D690E6925F00705C0
:104AE0001D614FF0000E1E619D6991F8327091F8C2
:104AF0003180C3F818E091F8305045EA096545EA7D
:104B0000082545EA07459D615D6925F0FF055D6162
:104B10004D695D61DD6925F4E06525F00705DD611E
:104B2000D1E907573D43DD619D6A4D6AC3F828E02E
:104B30009D621EB3012E23D0B51E022D22D9072E51
:104B400014BF01250225DE6A06F0E026DE62A4EB32
:104B50000C048E6AC96A6C436E43033444EA06440B
:104B6000DC621C6B24F4FF6424F007041C631963EB
:104B7000835843F001038350BDE8F0830425E2E746
:104B80000325E0E70225DEE738B50446002863D0B8
:104B900090F8A13003F0FF021BB980F8A020FDF7C8
:104BA0005BFD022384F8A13023689A6922F07042E9
:104BB0009A61D4E901200243E068996902432069BF
:104BC00002430A439A619A68244960690A409A60DC
:104BD0009A6842EA0042A06902439A60DA68E06992
:104BE0000A40DA60DA6842EA0042206A0243DA6088
:104BF0001A69606A0A401A611A6942EA0042A06AA8
:104C000002431A615A690A405A615A69E16A42EAE2
:104C10000142216B0A435A61DA6A94F8350094F82C
:104C2000361002F07F42DA62DD6A94F834202A43BB
:104C300042EA002242EA0142DA625A6B42F006027C
:104C40005A639A6942F001029A6100200123C4F874
:104C5000A40084F8A13038BD0120FCE700F800F082
:104C600070477047036870B59E6B5D6B72070446B2
:104C700014D5690712D55A6B22F004025A63042234
:104C8000DA63D0F8A43043F00103C0F8A430002365
:104C900080F8A12080F8A030FFF7E2FFB20716D518
:104CA000AB0714D523685A6B22F002025A63022222
:104CB000DA63D4F8A4301343C4F8A430042384F88E
:104CC000A130002384F8A0302046FFF7C9FFF00789
:104CD00010D5E9070ED523685A6B22F001025A63FA
:104CE0000122DA63002384F8A12084F8A030204652
:104CF000FDF756F8320711D52B070FD523685A6BED
:104D000022F008025A630822DA63012384F8A130F2
:104D1000002384F8A0302046FFF7A3FF70BD2DE9E3
:104D2000F04190F8A030012B06460F4694464FF014
:104D300002001FD04FF0010886F8A08086F8A1007D
:104D400034240D4604FB02640FCD38340FC40FCD5C
:104D50000FC40FCD0FC42B6823603046624639461E
:104D6000FFF78CFE33680020C3F8248086F8A1800A
:104D700086F8A000BDE8F08190F8A020012A034643
:104D80004FF0020012D01A6883F8A100506B20F097
:104D90000100506306480164516B41F00101516309
:104DA0000020012283F8A12083F8A000704700BFF3
:104DB0000068014037B500230193184B184D1A6C59
:104DC00042F080521A641B6C03F080530193019BE4
:104DD000144B01221A64FEF75BFF04466B68DA038A
:104DE0000BD5104B0E4D01225A64FEF751FF0446BD
:104DF0006B689B030AD5002006E0FEF749FF001B05
:104E0000B0F57A7FEAD9032003B030BDFEF740FF4A
:104E1000001BB0F57A7FEBD9F5E700BF0038024000
:104E20000070004000000E422DE9F341044640B3FB
:104E30000368DE0710D423689D075BD42368190735
:104E400000F19D8023685A0700F1BD80A369002B03
:104E500040F0248100202CE08D4B9A6802F00C0277
:104E6000042A07D09A6802F00C02082A0BD15B686A
:104E7000590208D5864B1B689A03DCD56368002B62
:104E8000D9D1012015E06368814DB3F5803F13D17E
:104E90002B6843F480332B60FEF7FAFE7C4E054608
:104EA00033689B03C7D4FEF7F3FE401B6428F7D991
:104EB000032002B0BDE8F081B3F5A02F04D12B6828
:104EC00043F480232B60E3E72A6822F480322A60CF
:104ED0002A6822F480222A60002BDDD1FEF7D8FE5A
:104EE00006462B689F03A6D5FEF7D2FE801B6428DA
:104EF000F7D9DDE7664B9A6812F00C0F07D09A6875
:104F000002F00C02082A11D15B685D020ED4604ADF
:104F10001368990702D5E368012BB2D113682169A0
:104F200023F0F80343EAC103136087E7E268594BB3
:104F3000B2B101221A60FEF7ABFE554D06462B6852
:104F40009B0707D52B68226923F0F80343EAC203C5
:104F50002B6073E7FEF79CFE801B0228EFD9A7E7C2
:104F60001A60FEF795FE4A4E054633689F077FF5A7
:104F700065AFFEF78DFE401B0228F6D998E76269FF
:104F8000444B82B10122C3F8802EFEF781FE404ED1
:104F90000546736F9B073FF555AFFEF779FE401B43
:104FA0000228F6D984E7C3F8802EFEF771FE384E4A
:104FB0000546736F9F077FF545AFFEF769FE401BFF
:104FC0000228F6D974E7324B1A6C12F0805228D1BD
:104FD00001921A6C42F080521A641B6C03F08053E9
:104FE0000193019B01272C4D2B68D8051BD5A36885
:104FF000274D012B27D12B6F43F001032B67FEF7C1
:1050000047FE234E054641F28838336F9A0739D55B
:10501000002F3FF41BAF1E4A136C23F08053136420
:1050200014E70027DFE72B6843F480732B60FEF75B
:105030002FFE06462B68D905D9D4FEF729FE801B22
:105040000228F7D934E7052B04D12B6F43F0040372
:105050002B67D0E72A6F22F001022A672A6F22F01D
:1050600004022A67002BCAD1FEF712FE41F28838EB
:1050700006462B6F9B07CBD5FEF70AFE801B4045EB
:10508000F7D915E7FEF704FE401B4045BDD90FE7F1
:10509000003802400000474200700040374DAA68C7
:1050A00002F00C02082A3ED0022B354B4FF00002D2
:1050B0001A662BD1FEF7ECFD06462B6899011FD42A
:1050C000D4E907321343626A43EA8213E26A43EA8D
:1050D0000263A26A5208013A43EA02436B60284B1A
:1050E000264D01221A66FEF7D3FD04462B689A016D
:1050F0003FF5B0AEFEF7CCFD001B0228F6D9D7E68F
:10510000FEF7C6FD801B0228D7D9D1E6FEF7C0FD09
:1051100004462B689B017FF59DAEFEF7B9FD001B91
:105120000228F6D9C4E6012B3FF4ABAE6B68E26906
:1051300003F4800191427FF4A4AE216A03F03F02A0
:105140008A427FF49EAE616A47F6C0721A40B2EBA3
:10515000811F7FF496AEA26A520803F44031013AEF
:10516000B1EB024F7FF48DAEE26A03F07063B3EBF4
:10517000026F14BF012000209BE600BF00380240F0
:1051800000004742134908B58B6803F00C03042B59
:105190001CD0082B1CD14A684B68496813F4800363
:1051A00014BF0D480D48C1F3881118BF002302F049
:1051B0003F02A1FB0001FBF7A1FC064B5B68C3F3B8
:1051C000014301335B00B0FBF3F008BD0248FCE78C
:1051D0000248FAE70038024000127A000024F40086
:1051E0002DE9F0410D46044610B90120BDE8F081DB
:1051F000434B1A6802F00F028A4228D321688F07B6
:105200002DD4C80740D43E4B1A6802F00F02AA42C0
:1052100065D8226851076BD4130707D5394A21692D
:10522000936823F4604343EAC1039360FFF7AAFF46
:10523000344B354A9B68C3F30313D35CD840334BDC
:105240001860334B1868FDF785FB0020CEE7CAB223
:105250001A701B6803F00F038B42C6D1CEE7294BAF
:1052600011F0040F1EBF9A6842F4E0529A600E07D4
:1052700042BF9A6842F460429A609A68A06822F03D
:10528000F00202439A60BCE762681E4B012A1CD1FF
:105290001B6813F4003FA8D01A4EB36823F0030331
:1052A0001343B360FEF7F4FC41F288380746B36855
:1052B000626803F00C03B3EB820FA4D0FEF7E8FCA6
:1052C000C01B4045F3D9032090E7911E01291B68BC
:1052D00002D813F0007FDEE713F0020FDBE7EAB23B
:1052E0001A701B6803F00F03AB427FF47EAF90E7A8
:1052F0000449E0688B6823F4E05303438B608BE739
:10530000003C024000380240F44A020874000020C9
:105310007C000020044B054A9B68C3F38223D35CC6
:10532000034A1068D840704700380240EC4A02082F
:10533000740000200F2303600B4B9A6802F00302F5
:1053400042609A6802F0F00282609A6802F4E052C9
:10535000C2609B68DB0803F4E0530361034B1B68E6
:1053600003F00F030B60704700380240003C02401E
:10537000036813F0430FF7B5044640F088802368B4
:1053800013F00C0F45D08C4B8C4D00221A67FEF7A2
:105390007FFC06462B68990000F1CB8021684A0704
:1053A00015D5D4E90403D5F888201B0602F0E042A5
:1053B00043EA80131343C5F88830D5F88C30226A4D
:1053C00023F4F853013A43EA0223C5F88C300B0763
:1053D00014D57A4AA369D2F8881020691B0701F016
:1053E000706143EA80130B43C2F88830D2F88C30E6
:1053F000616A23F440330B43C2F88C306E4B6F4E1E
:1054000001221A67FEF744FC054633689F0040F10D
:1054100097802368980634D500230193674B684D25
:105420001A6C42F080521A641B6C03F08053019393
:10543000019B2B6843F480732B60FEF729FC064622
:105440002B68D80540F183805C4DA26A2B6F13F462
:10545000407340F08380A36A03F44072B2F5407F4A
:10546000564A40F09E80916823F0704021F4F81174
:1054700020F4407001439160116FC3F30B030B43A1
:1054800013672368DB0600F1908000204FE04A4B51
:105490004A4E00229A66FEF7FBFB054633681F0161
:1054A0003FD42168C80741BFD4E901231B0743EA61
:1054B0008213C6F884308A0715D5404AE368D2F8CB
:1054C000840065681B0600F0E04043EA851303434F
:1054D000C2F88430D2F88C00E36920F01F00013B51
:1054E0000343C2F88C304B060AD5E36862681B069A
:1054F00043EA8213A26843EA0273304AC2F8843056
:105500002D4B2E4E01229A66FEF7C2FB05463368EC
:105510001F013FF534AFFEF7BBFB401B0228F6D955
:1055200004E0FEF7B5FB401B0228B7D9032003B007
:10553000F0BDFEF7ADFB801B02287FF62BAFF5E731
:10554000FEF7A6FB401B02287FF65FAFEEE7FEF7F3
:105550009FFB801B02287FF673AFE7E702F44072DF
:1055600093423FF478AF2B6F134A0121C2F8401EDB
:1055700023F440730021C2F8401E2B672B6FD9071C
:105580007FF569AFFEF784FB41F2883706462B6F43
:105590009A073FF560AFFEF77BFB801BB842F6D958
:1055A000C4E7916821F4F81165E7064B94F82C20C4
:1055B000C3F8E02169E700BF00004742003802401D
:1055C000007000400010474238B50D460446C8B18F
:1055D00090F82C3003F0FF021BB980F82D20FDF766
:1055E0004DF9022384F82C30211D206800F022FDA3
:1055F00062682068294600F055FD012384F82C30AC
:10560000002038BD0120FCE770B590F82C30022B4B
:1056100005460E46D8B212D000F0FB04012C0FD183
:10562000022385F82C30286800F072FD3368022BC5
:1056300006BF052385F82C3085F82C40002070BD6E
:105640000120FCE738B590F82C30022B0446D8B284
:105650000DD094F82C30012BDDB209D10223206843
:1056600084F82C3000F078FD84F82C50002038BDF0
:105670000120FCE72DE9F3471F4689469046044682
:10568000FEF706FB0A9D3D442D1AFEF701FB264B53
:105690001E68C6F3CB366E43824601962268936835
:1056A00039EA03030CBF01230023434501D1002045
:1056B0002EE07B1CF3D0FEF7EBFAA0EB0A00A84229
:1056C00029D323685A6822F0E0025A606268B2F572
:1056D000827F0AD1A268B2F5004F02D0B2F5806F86
:1056E00003D11A6822F040021A60A26AB2F5005F84
:1056F00007D11A6822F400521A601A6842F4005264
:105700001A60012384F85130002384F850300320BC
:1057100002B0BDE8F087019A019B002A03F1FF3334
:10572000019308BF1546B9E774000020F0B585B0B5
:105730000B4600920E461746022101220446FFF74F
:1057400099FF054628B1636D43F020036365032587
:1057500015E0124B1868124BB0FBF3F04FF47A735C
:10576000584363680390B3F5827F0BD100973346AB
:105770002A4680212046FFF77DFF0028E3D12846F6
:1057800005B0F0BD039B002BF9D0039B013B0393B5
:1057900023689B681B06F5D4F1E700BF7400002066
:1057A00000366E0137B50B464168B1F5827F04467D
:1057B00008D0009201210022FFF75CFFD0B9002041
:1057C00003B030BD8168B1F5004F02D0B1F5806FF4
:1057D00007D125682868B1F5806F20F04000286067
:1057E00004D00092802100222046E5E700920121AA
:1057F0000022F9E7636D43F0200363650320DFE7D0
:1058000010B50446002855D0436A002B4ED142689B
:10581000B2F5827F00D0C3610023A36294F85130B7
:1058200003F0FF0223B984F850202046FCF7F0FF74
:105830002168A068A269022384F851300B6823F024
:1058400040030B60636800F4044003F48273034375
:10585000E06800F400600343206900F002000343A5
:10586000606900F00100034302F400700343E06943
:1058700000F038000343206A00F080000343A06A70
:1058800000F4005003430B60636A120C03F0100332
:1058900002F004021A434A60CB6923F40063CB612F
:1058A00000200123606584F8513010BD0023C0E959
:1058B0000433B1E70120F8E72DE9F74304461F461A
:1058C0000D469046FEF7E4F994F85130012B8146DD
:1058D000D8B240F09F80002D74D0B8F1000F71D085
:1058E00094F85030012B00F09580032384F8513058
:1058F00000236365C4E91033A4F83680A363A3874B
:10590000E387A368266884F85000B3F5004F256349
:10591000A4F8348007D1336823F040033360336840
:1059200043F4804333603368E2685B065EBF3368EC
:1059300043F040033360B2F5006F636845D113B1A3
:10594000B8F1010F07D135F8023BF3602563E38E10
:10595000013B9BB2E386E38E9BB2D3B94A463946FC
:105960002046FFF7E3FE002851D1A36833B9019325
:105970002368DA6801929B680193019B012384F8F4
:105980005130606D0023C01A84F8503018BF0120D8
:1059900018E022689368980705D5236B33F8021B3B
:1059A000D1602363D3E7FEF773F9A0EB0900B84297
:1059B000D1D3791CCFD0012384F85130002384F84F
:1059C0005030032003B0BDE8F08313B1B8F1010FEC
:1059D00008D12B783373236B01332363E38E013BB0
:1059E0009BB2E386E38E9BB2002BB7D023689A6804
:1059F000920703D5226B12781A73ECE7FEF748F989
:105A0000A0EB0900B842EDD37B1CEBD0D3E72023F9
:105A10006365AAE70220D5E72DE9F74304460D4662
:105A200091461E46DDF82880FEF732F994F8513091
:105A30006268012B0746D9B20AD0B2F5827F40F0E6
:105A4000E580A368002B40F0E180042940F0DE806F
:105A5000002D4BD0B9F1000F48D0002E46D094F85D
:105A60005030012B00F0D280012384F8503094F89C
:105A70005130C4F83890042B1CBF052384F85130F2
:105A800000236365C4E910332368E687E686196856
:105A9000A687490658BF1968256358BF41F04001E1
:105AA000A68658BF1960E168B1F5006F55D10AB1FB
:105AB000012E07D135F8022BDA60E38E2563013B16
:105AC0009BB2E3860125E38E9BB28BB9E38F9BB239
:105AD00073B93A4641462046FFF728FE002800F0F9
:105AE000818020236365002384F85030012031E059
:105AF00021688B689A070DD5E38E9BB253B145B1EF
:105B0000236B33F8022BCA602363E38E013B9BB205
:105B1000E38600258A6812F001020CD0E38F9BB265
:105B20004BB1A36BC96823F8021BA363E38F013B4E
:105B30009BB2E3871546FEF7ABF8C01B4045C2D3C6
:105B4000B8F1FF3FBFD0012384F85130002384F81F
:105B50005030032003B0BDE8F0830AB1012E08D114
:105B60002A781A73236B01332363E38E013B9BB2C4
:105B7000E38601252DE0226893689B070ED5E38E0E
:105B80009BB25BB14DB1236B1B781373236B013355
:105B90002363E38E013B9BB2E38600252268916874
:105BA00011F001010DD0E38F9BB253B1A36BD2680A
:105BB0001A70A36B0133A363E38F013B9BB2E387AE
:105BC0000D46FEF765F8C01B404502D3B8F1FF3F14
:105BD000B9D1E38E9BB2002BCDD1E38F9BB2002BCA
:105BE000C9D176E7A36833B901932368DA680192D3
:105BF0009B680193019B012384F85130606D002361
:105C0000C01A84F8503018BF0120A3E70220A1E792
:105C10002DE9F7431E4690F85130012B0446894682
:105C20001746DDB204D00225284603B0BDE8F08354
:105C30004368B3F5827F0BD183684BB9042380F8A6
:105C40005130134600960A46FFF7E6FE0546EBE79D
:105C5000FEF71EF88046B9F1000FE5D0002FE3D023
:105C600094F85030012BDED0A268C4F8389001239C
:105C7000002584F85030B2F5004F4FF0040384F84B
:105C80005130C4E9105565652368E787A787256308
:105C9000A586E58607D11A6822F040021A601A68C4
:105CA00022F480421A601A6855065EBF1A6842F0F4
:105CB00040021A60E368F3B1E38F9BB2FBB1236843
:105CC0009A68D2073CD5DA68A36B23F8022BA3634A
:105CD000E38F013B9BB2E387EEE723689A68D00726
:105CE0001ED5A26B1B7B1370A36B0133A363E38FE1
:105CF000013B9BB2E387E38F9BB2002BEDD1424681
:105D000031462046FFF74EFD18BB012384F8513081
:105D1000656D0023ED1A84F8503018BF012583E724
:105D2000FDF7B6FFA0EB0800B042E4D3711CE2D04F
:105D3000012384F85130002384F85030032573E7A1
:105D4000FDF7A6FFA0EB0800B042B5D3731CB3D09B
:105D5000EEE720236365D8E77047000090F83D30F8
:105D6000012B30D1022380F83D300368DA6842F01D
:105D70000102DA60154A93421AD0B3F1804F17D06E
:105D8000A2F57C42934213D002F5806293420FD079
:105D900002F5806293420BD002F57842934207D01D
:105DA00002F57052934203D0A2F59432934204D18B
:105DB0009A6802F00702062A03D01A6842F001022C
:105DC0001A60002070470120704700BF00000140AA
:105DD0007047704770477047036870B5DD681E698B
:105DE000B10704460DD5AA070BD56FF002021A6160
:105DF000012202779B699B0769D0FFF7EAFF002326
:105E00002377710710D56A070ED523686FF0040257
:105E10001A61022222779B6913F4407F20465CD0EE
:105E2000FFF7D7FF0023237733070FD528070DD5BA
:105E300023686FF008021A6104222277DB69990750
:105E4000204650D0FFF7C5FF00232377F20610D578
:105E5000EB060ED523686FF010021A610822227734
:105E6000DB6913F4407F204643D0FFF7B2FF0023E5
:105E70002377F00708D5E90706D523686FF00102FC
:105E80001A612046FCF726FB320608D52B0606D5FC
:105E900023686FF080021A61204600F0CAF870068D
:105EA00008D5690606D523686FF040021A612046BE
:105EB000FFF791FFB20622D5AB0620D523686FF01D
:105EC000200220461A61BDE8704000F0B1B8FFF72B
:105ED0007FFF2046FFF77EFF91E7FFF779FF20461F
:105EE000FFF778FF9EE7FFF773FF2046FFF772FF8B
:105EF000AAE7FFF76DFF2046FFF76CFFB7E770BD1D
:105F0000334A0368904212D0B0F1804F0FD0A2F50F
:105F10007C4290420BD002F58062904207D002F59D
:105F20008062904203D002F57842904219D14A68CB
:105F300023F070031343264A904229D0B0F1804FDA
:105F400026D0A2F57C42904222D002F58062904297
:105F50001ED002F5806290421AD002F5784290423B
:105F600016D01C4A904213D002F5806290420FD0A6
:105F700002F5806290420BD0A2F59832904207D091
:105F800002F58062904203D002F58062904203D114
:105F9000CA6823F4407313434A6923F08003134310
:105FA00003608B68C3620B688362094B984203D01D
:105FB00003F58063984201D10B69036301234361B8
:105FC0000369DB0742BF036923F0010303617047E4
:105FD000000001400040014010B5044630B390F885
:105FE0003D3003F0FF021BB980F83C20FFF7B4FE00
:105FF0000223206884F83D30211DFFF781FF012333
:1060000084F84630002084F83E3084F83F3084F82D
:10601000403084F8413084F8423084F8433084F8CA
:10602000443084F8453084F83D3010BD0120FCE751
:10603000704770472DE9F041D1E90738D1E9012CCB
:10604000D1E90376D1E90554D1F824E0096843EA9F
:10605000080391B943EA0E03134343EA0C030168B2
:106060003B4333432B4321F4FF41234321F07F0182
:106070000B4303600020BDE8F081016843EA0E0392
:1060800021F4F8410B43036042EA0C0341683B43AF
:1060900033432B4321F4FF42234322F07F02134377
:1060A0004360E7E7CB6803F1FF3C4B69F0B50F684D
:1060B0004C688E680D698969013B1B05013C013EF6
:1060C000013D0139013F240136022D04090643EA4E
:1060D0000C335AB93B432343826833432B430B436E
:1060E00002F07042134383600020F0BD826822F406
:1060F000700222F470421A43826044EA0603C268C6
:106100003B432B430B4302F070421343C360EBE766
:1061100070B5044615460269D1E900300343C868EA
:10612000920D43EA4023920513438A68013A43EAF9
:1061300042132361FDF7ACFD0646A06910F0200074
:1061400003D06B1CF9D00DB9032070BDFDF7A0FD85
:10615000801BA842F1D9F7E7436923F47F5323F06A
:106160003E0343EA410343610020704708B54FF006
:10617000E0231B6901F024FE012803D0BDE808409C
:1061800000F0F0BB08BD0000EFF305832BB9064B10
:10619000186828B901221A6070476FF0050070472F
:1061A0004FF0FF30704700BFE42D002010B5EFF333
:1061B00005845CB9084B1A68012A0AD1074AD477CA
:1061C00002221A6001F07AFB204610BD6FF0050034
:1061D000FBE74FF0FF30F8E7E42D002000ED00E092
:1061E000F0B587B0144600220B460592EFF3058206
:1061F000CAB9C0B16CB3A569002D08BF1825691EC6
:106200003729AC462AD86168C90727D466696EB1B8
:10621000B208D4E9027E216857B1BEF15F0F02D9FE
:10622000246904B1E6B9059807B0F0BD8022F0E713
:10623000BEF1000FF7D12469002CF4D105ACCDE9F3
:1062400000C492B201F00BFB01281CBF0023059390
:10625000E9E721464FF0180C8022EFE71046E3E70C
:10626000CDE90147009501F0C2FA0590DBE708B5DA
:10627000EFF3058222B908B101F07EFC002008BDD1
:106280006FF00500FBE7F7B504460E461546EFF341
:10629000058242B938B1884205D355B1D5E90237F4
:1062A0002BB14F2F22D80024204603B0F0BD002F81
:1062B000F9D1012C0CD02046314600F08DFD04466A
:1062C0000028F0D085B92946204601F0CBF8EBE74D
:1062D00003220021012000F036FD0EE01A4600F0F6
:1062E00059FD04460028DED02D68ECE70128F5D1E1
:1062F00003210091114600F0D8FC04460028D2D0BA
:10630000002EDFD000231A46194600F083FD012835
:10631000D8D0204601F0D0F8C5E713B50C4628B315
:10632000EFF30583CBB109BB01AA019101F02DF870
:10633000012803D06FF0020002B010BD019B0BB921
:106340000020F9E74FF0E0234FF08052C3F8042D0E
:10635000BFF34F8FBFF36F8FF2E700F059FF0128B3
:10636000EED0002CE6D06FF00100E5E76FF00300FF
:10637000E2E707B518B3EFF30583CBB1002301A91A
:10638000019300F056FE012804D06FF0020003B024
:106390005DF804FB019B4BB14FF0E0234FF08052BE
:1063A000C3F8042DBFF34F8FBFF36F8F0020EEE7CC
:1063B0001A46194600F02EFD0128F7D0E5E76FF0E8
:1063C0000300E4E730B1EFF305830BB101F03DB812
:1063D00001F028B87047F7B505460E461446EFF3AE
:1063E00005871FB10025284603B0F0BD0028F9D06D
:1063F0000029F7D0DAB1D2E9023283B14F2AF1D9BC
:106400002269002AEED066694D43AE42EAD3009776
:1064100000F04BFC05460028E4D0246811E0002A77
:10642000E0D12369002BDDD16369002BDAD1284646
:106430000022314600F087FC05460028D2D0002C0F
:10644000EBD12146284601F00DF8CCE773B51C4688
:10645000EFF30586DEB138B331B32BBB01AA01934C
:1064600000F08AFD012803D06FF0020002B070BD79
:10647000019B0BB90020F9E74FF0E0234FF0805269
:10648000C3F8042DBFF34F8FBFF36F8FF2E758B1FE
:1064900051B13346224600F0BDFC0128EAD0002C61
:1064A000E2D06FF00100E1E76FF00300DEE737B5FF
:1064B0001C46EFF30583DBB130B329B324BB01AA3B
:1064C000019400F062FF012803D06FF0020003B0D6
:1064D00030BD019B0BB90020F9E74FF0E0234FF0EE
:1064E0008052C3F8042DBFF34F8FBFF36F8FF2E7D5
:1064F00050B149B1224600F0EDFD0128EBD0002C4F
:10650000E3D06FF00100E2E76FF00300DFE7FFF791
:1065100059BF0000034B0360034B0B6080231360E3
:10652000704700BF842D0020842B0020034B0360A4
:10653000034B0B604FF4807313607047242B0020D3
:106540002427002010B5104B1A461B688342FBD34A
:1065500054681119884201BF4168104609195160F9
:10656000446801198B420CD1084909688B4203D059
:1065700059682144416019680160904218BF106059
:1065800010BD1946F8E700BF002E0020FC2D0020AA
:106590002DE9F041044601F0D7F94249424D0B681C
:1065A0000BBB424A56071FBFD01D20F0070002F563
:1065B0008032131A0CBF4FF48033024613443C4E12
:1065C000083B23F00703002070603260C3E900003D
:1065D000981AC2E900300B60364B1860364B1860D1
:1065E0004FF000432B602E68264255D1002C46D038
:1065F00004F1080360071CBF23F007030833002BD6
:106600004AD02D4F3C689C4246D3294A1568686899
:10661000984204D2D5F800C0BCF1000F15D109682A
:10662000A94239D02968D2F800801160C21A102A14
:1066300012D9E81841070BD04FF0500383F31188AB
:10664000BFF36F8FBFF34F8FFEE72A466546DEE745
:1066500042606B60FFF776FF6A681649A41A16431A
:10666000164A08683C6000232B6013686E60844201
:1066700003F1010338BF0C60136008F1080401F056
:1066800007FA63070AD04FF0500383F31188BFF372
:106690006F8FBFF34F8FFEE70024F0E72046BDE881
:1066A000F08100BFFC2D0020E82D0020082E0020E6
:1066B000002E0020F42D0020F82D0020F02D0020C9
:1066C00010B5044690B31A4A50F8043C12681342BD
:1066D00008D14FF0500383F31188BFF36F8FBFF3DE
:1066E0004F8FFEE750F8081C41B14FF0500383F381
:1066F0001188BFF36F8FBFF34F8FFEE723EA0203CA
:1067000040F8043C01F020F90A4A54F8043C1168AE
:10671000A4F108000B441360FFF714FF064A136846
:10672000BDE810400133136001F0B2B910BD00BFE5
:10673000E82D0020F82D0020EC2D002000F10803AA
:106740004FF0FF32C0E9022343600361002303607E
:10675000704700230361704743684B609A688A6002
:10676000516099600368086101330360704730B578
:106770000C68631C0AD103695A684A6091608B6097
:106780005960036808610133036030BD00F10802FD
:10679000134652681568A542FAD9EDE7D0E901120F
:1067A00003698A6051605968814208BF5A600022BB
:1067B00002611A68013A1A60186870470848006850
:1067C000006880F308884FF0000080F3148862B6F8
:1067D00061B6BFF34F8FBFF36F8F00DF00BF0000C4
:1067E00008ED00E0DFF80C00016841F47001016081
:1067F0007047000088ED00E082B0002301930D4B4C
:106800001B68013308D04FF0500383F31188BFF3A6
:106810006F8FBFF34F8FFEE74FF0500383F3118864
:10682000BFF36F8FBFF34F8F019B002BFCD002B0E3
:10683000704700BF800000204FF0807340F8043C98
:10684000074B40F80C3C21F001016FF0020340F8C7
:10685000081C40F8202C40F8243C4438704700BF06
:10686000F9670008000000000000000000000000C0
:10687000074B19680868B0E8F04F80F30988BFF348
:106880006F8F4FF0000080F311887047AFF30080E6
:10689000483301204FF0500383F31188BFF36F8F0B
:1068A000BFF34F8F0A4A13680133012B13600ED1D7
:1068B0004FF0E023D3F8043DDBB243B14FF0500377
:1068C00083F31188BFF36F8FBFF34F8FFEE77047DD
:1068D00080000020084A136843B94FF0500383F347
:1068E0001188BFF36F8FBFF34F8FFEE7013B13603B
:1068F0000BB983F31188704780000020000000006E
:10690000EFF30980BFF36F8F154B1A681EF0100F5D
:1069100008BF20ED108A20E9F04F10602DE9090032
:106920004FF0500080F31188BFF34F8FBFF36F8F8C
:1069300001F046F94FF0000080F3118809BC196896
:106940000868B0E8F04F1EF0100F08BFB0EC108AD6
:1069500080F30988BFF36F8F704700BFAFF30080EB
:106960004833012008B54FF0500383F31188BFF37B
:106970006F8FBFF34F8F00F0F5FF28B14FF0E0238A
:106980004FF08052C3F8042D002383F3118808BD13
:106990004FF0E022002313619361054B4FF47A71AD
:1069A0001B68B3FBF1F3013B53610723136170478D
:1069B000740000204FF0E02337B5D3F8001D384AAB
:1069C000914208D14FF0500383F31188BFF36F8FCA
:1069D000BFF34F8FFEE7D3F8002D324B9A4208D118
:1069E0004FF0500383F31188BFF36F8FBFF34F8FC6
:1069F000FEE72D4B1A78D2B20192FF221A701B7853
:106A00002A4ADBB28DF803309DF8033003F05003BF
:106A10001370274A072313609DF8031013680906B3
:106A20000AD4032B11D04FF0500383F31188BFF326
:106A30006F8FBFF34F8FFEE7013B13609DF803306C
:106A40005B00DBB28DF80330E6E74FF44073136070
:106A5000019B154A4FF0E024DBB21370D4F8203DBF
:106A600043F47003C4F8203DD4F8203D43F0704354
:106A7000C4F8203DFFF78CFF0E4B00251D60FFF78B
:106A8000B1FED4F8343F43F04043C4F8343FFFF73D
:106A900095FE01F095F8FFF7AFFE284603B030BD34
:106AA00071C20F4170C20F4100E400E00C2E0120C2
:106AB000082E012080000020EFF305830F2B0ED954
:106AC000114A9B5C114A12789A4208D94FF0500340
:106AD00083F31188BFF36F8FBFF34F8FFEE74FF043
:106AE000E0230B4AD3F80C3D126803F4E0639342B1
:106AF00008D94FF0500383F31188BFF36F8FBFF3B2
:106B00004F8FFEE7704700BFF0E300E00C2E01203E
:106B1000082E012010B50446FFF7BCFEA46BFFF75A
:106B2000D9FEB4FA84F0400910BD70B51646026C67
:106B3000856B044642B906689EB9806801F08EF9FB
:106B4000A6600135A56370BD6EB940681CF04FFAB0
:106B50006368226C1344A2686360934224BF236875
:106B600063600020EDE7C0681CF041FA226CE36826
:106B700051429B1A2268E36093423EBFA3685B18B0
:106B8000E360022EEDD10DB1013DEAE72846D8E7DA
:106B9000034610B41A6C08466AB1DC68996814445C
:106BA0008C4228BF1968DC6028BFD960D9685DF8BD
:106BB000044B1CF01CBA5DF8044B704770B50446DA
:106BC000FFF768FE94F8455004F124066DB2002DDD
:106BD00014DCFF2384F84530FFF77CFEFFF75AFEF4
:106BE00094F8445004F110066DB2002D12DCFF231E
:106BF00084F84430BDE87040FFF76CBE636A002B38
:106C0000E7D0304601F04EF808B101F0D3F8013D6D
:106C10006DB2DCE72369002BE9D0304601F042F881
:106C200008B101F0C7F8013D6DB2DEE738B50D4699
:106C3000044640B94FF0500383F31188BFF36F8FC0
:106C4000BFF34F8FFEE7FFF725FED4E90F3122682F
:106C500062604B43D0185B1A1A44A060FF230020E7
:106C6000A063E26084F8443084F84530A5B9236914
:106C700073B104F1100001F015F848B14FF0E023B2
:106C80004FF08052C3F8042DBFF34F8FBFF36F8FC7
:106C9000FFF720FE012038BD04F11000FFF74EFD84
:106CA00004F12400FFF74AFDF2E737B50D461C4614
:106CB00040B94FF0500383F31188BFF36F8FBFF3D8
:106CC0004F8FFEE743B94FF0500383F31188BFF3B2
:106CD0006F8FBFF34F8FFEE74AB191B94FF050036A
:106CE00083F31188BFF36F8FBFF34F8FFEE741B17E
:106CF0004FF0500383F31188BFF36F8FBFF34F8FB3
:106D0000FEE750230193019B502B08D04FF0500316
:106D100083F31188BFF36F8FBFF34F8FFEE701211D
:106D2000002D08BF2246C4E90F0584F846102260F2
:106D30002046019BFFF77AFF9DF8183084F84C300D
:106D4000204603B030BDF8B50D461746064640B99B
:106D50004FF0500383F31188BFF36F8FBFF34F8F52
:106D6000FEE748435030FFF713FC044670B10023A0
:106D700080F8463065B100F15003C4E90F65236027
:106D800001212046FFF752FF84F84C702046F8BDE1
:106D90000346F2E713B513460C4640B94FF05003D3
:106DA00083F31188BFF36F8FBFF34F8FFEE78842E5
:106DB00008D24FF0500383F31188BFF36F8FBFF3F6
:106DC0004F8FFEE70222009200221146FFF76DFF6F
:106DD00000B1846302B010BD10B50C4640B94FF04D
:106DE000500383F31188BFF36F8FBFF34F8FFEE71C
:106DF000884208D24FF0500383F31188BFF36F8F9E
:106E0000BFF34F8FFEE702220021FFF79CFF00B186
:106E1000846310BD2DE9FF410F4601921E460446D2
:106E200040B94FF0500383F31188BFF36F8FBFF366
:106E30004F8FFEE751B9036C43B14FF0500383F31A
:106E40001188BFF36F8FBFF34F8FFEE7022E0BD178
:106E5000E36B012B08D04FF0500383F31188BFF38D
:106E60006F8FBFF34F8FFEE700F0AAFF054630B3E8
:106E700000254FF00008FFF70DFDA26BE36B9A426F
:106E800001D3022E27D1324639462046FFF74DFE68
:106E9000636A1BB104F1240000F004FF48B14FF015
:106EA000E0234FF08052C3F8042DBFF34F8FBFF3A0
:106EB0006F8FFFF70FFD012004B0BDE8F081019B4B
:106EC000002BD6D04FF0500383F31188BFF36F8FA0
:106ED000BFF34F8FFEE7019B1BB9FFF7FBFC0020C0
:106EE000EAE715B902A800F01DFFFFF7F3FC00F078
:106EF0002BFDFFF7CFFC94F84430FF2B08BF84F83C
:106F0000448094F84530FF2B08BF84F84580FFF794
:106F1000E1FC01A902A800F011FF38BBFFF7BAFCA1
:106F2000A26BE36B9A420ED1FFF7D4FC019904F1F6
:106F3000100000F07FFE2046FFF740FE00F0A8FDA5
:106F400048B1012597E7FFF7C5FC2046FFF736FE5D
:106F500000F09EFDF5E74FF0E0234FF08052C3F8BC
:106F6000042DBFF34F8FBFF36F8FEAE72046FFF783
:106F700025FE00F08DFDB2E72DE9F843894617465E
:106F80001E46044640B94FF0500383F31188BFF307
:106F90006F8FBFF34F8FFEE751B9036C43B14FF0D2
:106FA000500383F31188BFF36F8FBFF34F8FFEE75A
:106FB000022E0BD1E36B012B08D04FF0500383F36B
:106FC0001188BFF36F8FBFF34F8FFEE7FFF774FD9C
:106FD000EFF311884FF0500383F31188BFF36F8FE5
:106FE000BFF34F8FA26BE36B9A4201D3022E1ED1E7
:106FF00094F84550A36B6DB2324649462046FFF7E0
:1070000094FD6B1C0ED1636A3BB104F1240000F0C7
:1070100049FE10B10FB101233B60012088F31188B4
:10702000BDE8F88301356DB284F84550F5E70020DE
:10703000F4E770B50D46044640B94FF0500383F3B2
:107040001188BFF36F8FBFF34F8FFEE7036C43B11F
:107050004FF0500383F31188BFF36F8FBFF34F8F4F
:10706000FEE7036853B9836843B14FF0500383F3DD
:107070001188BFF36F8FBFF34F8FFEE7FFF71CFD43
:10708000EFF311864FF0500383F31188BFF36F8F36
:10709000BFF34F8FA26BE36B934219D994F845105D
:1070A0000132FF294BB2A2630DD1636A3BB104F1F7
:1070B000240000F0F7FD10B10DB101232B60012079
:1070C00086F3118870BD01335BB284F84530F6E772
:1070D0000020F5E72DE9FF410E460192044640B934
:1070E0004FF0500383F31188BFF36F8FBFF34F8FBF
:1070F000FEE751B9036C43B14FF0500383F311889D
:10710000BFF36F8FBFF34F8FFEE700F059FE0546C8
:1071100018B300254FF00008FFF7BCFBA76B47B37F
:1071200031462046013FFFF733FDA763236973B162
:1071300004F1100000F0B6FD48B14FF0E0234FF02D
:107140008052C3F8042DBFF34F8FBFF36F8FFFF74B
:10715000C1FB012004B0BDE8F081019B002BD9D018
:107160004FF0500383F31188BFF36F8FBFF34F8F3E
:10717000FEE7019B1BB9FFF7ADFB0020EAE715B95D
:1071800002A800F0CFFDFFF7A5FB00F0DDFBFFF745
:1071900081FB94F84430FF2B08BF84F8448094F8B6
:1071A0004530FF2B08BF84F84580FFF793FB01A90A
:1071B00002A800F0C3FD00BB2046FFF7ABFCB0B156
:1071C000019904F1240000F035FD2046FFF7F6FC9C
:1071D00000F05EFC48B94FF0E0234FF08052C3F856
:1071E000042DBFF34F8FBFF36F8F012594E7204627
:1071F000FFF7E4FC00F04CFCF7E72046FFF7DEFC6D
:1072000000F046FC2046FFF785FC0028EDD0B4E7EF
:10721000F0B585B00446019140B94FF0500383F3B7
:107220001188BFF36F8FBFF34F8FFEE7056C45B139
:107230004FF0500383F31188BFF36F8FBFF34F8F6D
:10724000FEE700F0BDFD064620B32E460027FFF7FF
:1072500021FBA36B53B3013BA363236813B900F075
:107260008DFEA060236973B104F1100000F01AFDD7
:1072700048B14FF0E0234FF08052C3F8042DBFF324
:107280004F8FBFF36F8FFFF725FB012005B0F0BDD7
:107290003546DBE7019B002BFAD04FF0500383F318
:1072A0001188BFF36F8FBFF34F8FFEE7019B53B978
:1072B000002D66D04FF0500383F31188BFF36F8F1A
:1072C000BFF34F8FFEE716B902A800F02BFDFFF7C2
:1072D00001FB00F039FBFFF7DDFA94F84430FF2B97
:1072E00008BF84F8447094F84530FF2B08BF84F839
:1072F0004570FFF7EFFA01A902A800F01FFD50BB8F
:107300002046FFF707FC00B323683BB9FFF7C2FA3A
:10731000A06800F065FD0546FFF7DCFA019904F16D
:10732000240000F087FC2046FFF748FC00F0B0FB8B
:1073300048B94FF0E0234FF08052C3F8042DBFF35B
:107340004F8FBFF36F8F012681E72046FFF736FC92
:1073500000F09EFBF7E72046FFF730FC00F098FBBB
:107360002046FFF7D7FB0028EDD065B1FFF792FA72
:10737000616A19B1236B1968C1F13801A06800F086
:10738000AFFDFFF7A7FA002080E72DE9F843894613
:107390009046044640B94FF0500383F31188BFF381
:1073A0006F8FBFF34F8FFEE751B9036C43B14FF0BE
:1073B000500383F31188BFF36F8FBFF34F8FFEE746
:1073C000FFF77AFBEFF311874FF0500383F3118837
:1073D000BFF36F8FBFF34F8FA56B0DB394F844606D
:1073E000494676B22046FFF7D3FB013D731CA563E7
:1073F00011D1236953B104F1100000F053FC28B1FE
:10740000B8F1000F02D00123C8F80030012087F343
:107410001188BDE8F883013676B284F84460F5E758
:107420002846F4E710B5044640B94FF0500383F303
:107430001188BFF36F8FBFF34F8FFEE7FFF72AFA74
:10744000A46BFFF747FA204610BD40B94FF0500338
:1074500083F31188BFF36F8FBFF34F8FFEE7806B0D
:107460007047000030B5074A002352F8335002EB52
:10747000C3041DB942F83310606030BD0133082BDE
:10748000F3D1FAE7102E012010B5094A002352F873
:10749000331081424FEAC30406D1064A002142F864
:1074A00033102244516010BD0133082BEFD1FAE7AD
:1074B000142E0120102E012010B540B94FF05003BA
:1074C00083F31188BFF36F8FBFF34F8FFEE7FFF792
:1074D000DBFF90F846301BB9BDE81040FFF7F0B86D
:1074E00010BD70B504460D461646FFF7D3F994F863
:1074F0004430FF2B04BF002384F8443094F8453017
:10750000FF2B04BF002384F84530FFF7E3F9A36B9A
:107510002BB93246294604F1240000F0A5FB204691
:10752000BDE87040FFF74ABB2DE9F0410446FFF784
:10753000B1F9304B304E1A68304F01321A6035685D
:10754000002D4BD134601B68012B1FD1B84640463B
:107550000135FFF7F3F8382D08F11408F7D1DFF8FB
:10756000C480274D4046FFF7E9F82846FFF7E6F8C4
:107570002448FFF7E3F82448FFF7E0F82348FFF733
:10758000DDF8234BC3F80080224B1D60224A1368AC
:1075900001331360214A63641168E36A14208B424B
:1075A00000FB037004F1040188BF1360FFF7D4F8F7
:1075B000FFF790F91A4B1B6873B13368DA6AE36A14
:1075C0009A4209D24FF0E0234FF08052C3F8042DC5
:1075D000BFF34F8FBFF36F8FBDE8F081104B1A6878
:1075E000E36A002AD2D13268D26A9A4298BF3460E4
:1075F000CCE700BF742E012048330120E82E012083
:10760000C02E0120A42E0120902E0120782E0120D2
:10761000BC2E0120B82E0120582E01206C2E0120F6
:10762000682E0120D42E0120F8B5154B154D1C688D
:107630000646286804300F46FFF7B0F8731C07D1E0
:1076400037B129681048BDE8F8400431FFF784B825
:107650002B68A4195C6007D30C4B18682968BDE837
:10766000F8400431FFF783B8094B186829680431E2
:10767000FFF77DF8074B1A68A24288BF1C60F8BD6F
:10768000702E012048330120782E0120B82E0120D1
:10769000BC2E0120542E0120064A13681968064B9F
:1076A00019B94FF0FF321A6070471268D268D26879
:1076B0005268F8E7BC2E0120542E012010B590F836
:1076C0005D3004463BB9006BFEF7FAFF2046BDE88B
:1076D0001040FEF7F5BF012BF9D0022B08D04FF078
:1076E000500383F31188BFF36F8FBFF34F8FFEE713
:1076F00010BD000080B5134C134F144D236873B9AF
:10770000134B1B68012BF8D94FF0E0234FF0805248
:10771000C3F8042DBFF34F8FBFF36F8FEDE7FFF773
:10772000B9F8FB68DE68301DFFF738F82B68013BBD
:107730002B602368013B2360FFF7CCF83046FFF74E
:10774000BDFFDBE78C2E0120902E0120742E01203E
:10775000E82E01202DE9F047DDE909949600324634
:1077600007460D46206BA52198461BF070FB236B46
:10777000043E1E4426F00706B5B36B1E04F1330227
:107780000F3513F8011F02F8011F09B1AB42F8D100
:10779000002384F84330089D372D28BF37254FF04C
:1077A000000AE562E564201DC4F850A0FEF7D1FF91
:1077B000C5F1380504F11800FEF7CBFFC4F858A056
:1077C0002461A5616462C4F854A084F85CA04246B8
:1077D00039463046FFF730F82060B9F1000F01D08C
:1077E000C9F80040BDE8F08784F83450D3E770B59D
:1077F00086B0DDE90B5445B94FF0500383F311888F
:10780000BFF36F8FBFF34F8FFEE744B94FF05003C4
:1078100083F31188BFF36F8FBFF34F8FFEE76026AE
:107820000596059E602E08D04FF0500383F3118813
:10783000BFF36F8FBFF34F8FFEE72563022584F8F8
:107840005D5004AD01950A9D02940095059EFFF7D9
:1078500081FF2046FFF768FE049806B070BD2DE951
:10786000F043074685B09000884616469946FEF7D5
:107870008FFE054620B94FF0FF3005B0BDE8F0831C
:107880006020FEF785FE044698B1002380F85D3045
:107890000D9B056301930C9B0290009332464B466F
:1078A00041463846FFF756FF2046FFF73DFE0120D0
:1078B000E3E72846FEF704FFDDE7000010B588B0D7
:1078C000002407AA06A905A8CDE90544FEF722FE73
:1078D000059B0293069B079A16491748CDE900437A
:1078E0002346FFF784FF18B300F0A6FB012814D14C
:1078F0004FF0500383F31188BFF36F8FBFF34F8FA7
:107900000E4B4FF0FF321A600D4B18600D4B1C6090
:1079100008B0BDE81040FFF74DB8013008D14FF076
:10792000500383F31188BFF36F8FBFF34F8FFEE7D0
:1079300008B010BD044B0208F5760008542E012053
:10794000682E0120702E0120024A13680133136053
:10795000704700BF502E0120014B1868704700BFD0
:10796000702E01203F4B1B682DE9F74F002B72D181
:107970003D4B1C6801341C60BCB93C4B1A68126852
:1079800042B14FF0500383F31188BFF36F8FBFF301
:107990004F8FFEE7364A1968106818601160354A43
:1079A000136801331360FFF777FE334D334E2B68B6
:1079B000334F9C424FF0000B12D23A68D26A142126
:1079C0004A43B258022A2F4A126828BF4FF0010BCF
:1079D000002A18BF4FF0010B584603B0BDE8F08FE6
:1079E000DFF88890DFF8A4A0D9F8002012681AB94F
:1079F0004FF0FF322A60E0E7D9F80020D268D2F8D1
:107A00000C80D8F804108C4201D22960D5E708F127
:107A1000040318460193FEF7C1FED8F8281019B1E7
:107A200008F11800FEF7BAFED8F82C00DAF80010BA
:107A30001423884288BFCAF80000019903FB006044
:107A4000FEF78AFE3868D8F82C10C26A914228BF27
:107A50004FF0010BC8E70C4A1368013313604FF075
:107A6000000BB9E7502E0120702E0120BC2E012002
:107A7000B82E01205C2E0120542E0120E82E01207A
:107A800048330120602E0120642E01206C2E01203D
:107A90002DE9F041304C236843B94FF0500383F394
:107AA0001188BFF36F8FBFF34F8FFEE7FEF7F2FE33
:107AB0002368013B236024682CB10024FEF70AFFF1
:107AC0002046BDE8F081254B1B68002BF5D0244DE6
:107AD000244EDFF8A0801DE0EB68DC68271D04F170
:107AE0001800FEF75BFE3846FEF758FEE36A326880
:107AF0001420934200FB0380394688BF3360FEF7B1
:107B00002BFE194BE26A1B68DB6A9A4202D3174BC1
:107B100001221A602B68002BDED10CB1FFF7BCFDEF
:107B2000134D2C6844B1114E0127FFF71BFF00B124
:107B30003760013CF9D12C600C4B1B68002BBCD08A
:107B40004FF0E0234FF08052C3F8042DBFF34F8F66
:107B5000BFF36F8F0124B1E7502E0120742E012056
:107B6000A42E01206C2E012048330120602E01201C
:107B7000642E0120E82E012008B550B94FF0E02313
:107B80004FF08052C3F8042DBFF34F8FBFF36F8FB8
:107B900008BD0A4B196841B14FF0500383F31188B7
:107BA000BFF36F8FBFF34F8FFEE7FFF7CDFEFFF7F9
:107BB0003BFDFFF76DFF0028E0D0E9E7502E0120E4
:107BC000174B1A68174B70B512B101221A6070BDBD
:107BD000154D1A602A681549142606FB02F3C818C9
:107BE000CC588CB144680833646844600B449C42B0
:107BF00004BF63684360142303FB02114B68D96818
:107C00000B4B19602A60E2E742B94FF0500383F34F
:107C10001188BFF36F8FBFF34F8FFEE7013ADCE7A8
:107C2000502E0120602E01206C2E0120E82E012014
:107C30004833012010B50C4640B94FF0500383F390
:107C40001188BFF36F8FBFF34F8FFEE7054B1968A5
:107C50001831FEF78CFD20460121BDE81040FFF7EA
:107C6000E3BC00BF4833012038B50D46144640B987
:107C70004FF0500383F31188BFF36F8FBFF34F8F23
:107C8000FEE7074B19681831FEF766FD002C214608
:107C90000CBF28464FF0FF30BDE83840FFF7C4BCAA
:107CA0004833012038B5C368DC6844B94FF050034D
:107CB00083F31188BFF36F8FBFF34F8FFEE704F19B
:107CC00018052846FEF76AFD104B1B68DBB9251D19
:107CD0002846FEF763FD0E4AE36A11688B4288BFAF
:107CE00013600C4A1420294600FB0320FEF734FDE4
:107CF000094BE26A1B68DB6A9A4283BF074B01208B
:107D00001860002038BD06482946EFE7502E0120B4
:107D10006C2E0120E82E012048330120602E012026
:107D2000A42E0120034B1B680360034B1B684360B8
:107D3000704700BF5C2E0120702E012070B50C46EC
:107D4000054640B94FF0500383F31188BFF36F8F9E
:107D5000BFF34F8FFEE741B94FF0500383F3118813
:107D6000BFF36F8FBFF34F8FFEE7FEF793FD0F4B0F
:107D7000196823685A1C10D00D482E6800686A687C
:107D8000864201D08A420FD9881A83420AD95B1AE7
:107D9000134423602846FFF7C5FF0024FEF79AFD31
:107DA000204670BD002323600124F7E7702E0120D8
:107DB0005C2E0120014B01221A607047602E0120C9
:107DC000054B1B6833B1054B1868B0FA80F04009C9
:107DD0004000704701207047682E0120502E01207E
:107DE000F8B5044638B31A4DC36A2A68D26A93427A
:107DF00026D28269174E002AA1BF2A68D26AC2F130
:107E000038028261142202FB036342699A4213D151
:107E1000071D3846FEF7C2FC2B680F4ADB6A116863
:107E2000E36214208B4200FB0360394688BF136075
:107E3000FEF792FC0120F8BD2B68DB6AC362F9E70C
:107E40002B68C06CDB6A98422CBF00200120F2E74F
:107E500048330120E82E01206C2E012038B508B9E6
:107E6000002038BD1B4B1C68844208D04FF05003E3
:107E700083F31188BFF36F8FBFF34F8FFEE7236D3E
:107E800043B94FF0500383F31188BFF36F8FBFF3F3
:107E90004F8FFEE7E16AE26C013B91422365DFD040
:107EA000002BDDD1251D2846FEF778FCE36CE3624C
:107EB000C3F13802A261084A11688B4288BF13607F
:107EC000064A142000FB03202946FEF745FC01204A
:107ED000C7E700BF483301206C2E0120E82E0120A7
:107EE00070B50446002841D0026D42B94FF05003EE
:107EF00083F31188BFF36F8FBFF34F8FFEE7C36C1F
:107F0000994238BF1946C36A8B422FD0012A2DD11E
:107F1000174A1268824208D14FF0500383F3118848
:107F2000BFF36F8FBFF34F8FFEE78269114DC162C0
:107F3000002A4FF0140202FB03534269A4BFC1F1AF
:107F4000380181619A4211D1061D3046FEF726FCA8
:107F5000094AE36A116814208B4200FB0350314642
:107F6000BDE8704088BF1360FEF7F6BB70BD00BF70
:107F700048330120E82E01206C2E0120044B1A68A2
:107F80001AB119680A6D01320A651868704700BF96
:107F900048330120914208B5416000610AD8D21AE5
:107FA00083699A420DD2084B011D1868FEF7DFFB6A
:107FB000002008BD9A4201D2994202D2034B011D12
:107FC000F3E70120F5E700BF483401204C340120DD
:107FD000F7B5114CFEF75EFC2568BDB90F4F104E8A
:107FE0003846FEF7ABFB3046FEF7A8FB0D4B0E4ABA
:107FF0001F600E4B10211E600A200D4B0095FEF7EE
:1080000054FE206010B10B49FFF72CFA03B0BDE815
:10801000F040FEF75FBC00BF44340120643401200F
:10802000503401204C3401209C330120483401207D
:108030004C330120094B020810B588B0FFF7C8FF88
:10804000124B1B68B3B1002407AA06A905A8CDE905
:108050000544FEF76BFA059B0293069B01930223EE
:108060000093079A0A490B482346FFF7C0FB0A4BC7
:10807000186040B94FF0500383F31188BFF36F8F3E
:10808000BFF34F8FFEE7012008B010BD443401203C
:108090000E4B020899810008403401207FB5164636
:1080A00004461A4640B94FF0500383F31188BFF3DA
:1080B0006F8FBFF34F8FFEE70D4D286880B1052904
:1080C000CDE9001602940DDCFFF77AFE00230228AA
:1080D00008BF089A286818BF1A466946FEF79AFE34
:1080E00004B070BD00236946FEF746FFF8E700BF05
:1080F000443401202DE9F347DFF898800646FFF766
:108100002BFCD8F800308342054609D91F4F3B6845
:108110001A686AB91E4A116839601360012300E0C9
:10812000002328463360C8F8005002B0BDE8F0874D
:10813000DB68DC68D3F8009004F1040A5046FEF7CF
:108140002DFB236A2046984794F828305B07DED53C
:10815000A3694B44994506D238686360246151464F
:10816000FEF705FBD3E7002300934A461946204655
:10817000FFF794FF0028CAD14FF0500383F3118812
:10818000BFF36F8FBFF34F8FFEE700BF4C3401206A
:10819000483401203C3401202DE9F0436E4D6F4EF0
:1081A00089B02B68D3F80080B8F1000F35D0DB68B8
:1081B000D3F800800024FFF7C7FB04A8FFF79AFF5D
:1081C000049B8146002B69D1002C4CD1404550D3F3
:1081D000FFF75EFC2B68DB68DF68381DFEF7DEFA10
:1081E00097F8283058071AD5B96943464A4641449A
:1081F0003846FFF7CFFEB0B10094234642462146F1
:108200003846FFF74BFF70B94FF0500383F31188E6
:10821000BFF36F8FBFF34F8FFEE70124CBE723F04F
:10822000010387F828303B6A3846984730680022B7
:1082300004A9FEF74FFF0028B3D0049B0698002B3B
:108240002FDB069C6369002B32D103A8FFF752FF96
:10825000049B0246092BE9D8DFE803F02E2E2E57A7
:108260005E762E2E575E3E4B1B681C68B4FA84F473
:10827000640930682246A8EB0901FFF732F9FFF7DD
:1082800007FC0028D2D14FF0E0234FF08052C3F812
:10829000042DBFF34F8FBFF36F8FC7E7FFF7F8FBD6
:1082A000C4E7059B07999847049B002BBEDBC8E7F2
:1082B000201DFEF773FAC8E794F82830A16943F04F
:1082C000010384F82830059B20461944FFF762FE1D
:1082D0000028ABD0236A2046984794F828305907E5
:1082E000A4D5A269059900230A44009319462046A3
:1082F000FFF7D4FE002899D14FF0500383F3118883
:10830000BFF36F8FBFF34F8FFEE794F8283023F051
:10831000010384F8283089E794F8283043F00103FA
:1083200084F828300599A16141B94FF0500383F3D7
:108330001188BFF36F8FBFF34F8FFEE703460144F1
:108340002046FFF727FE71E794F828309A07DED41D
:108350002046FEF7B5F969E74C340120443401208A
:10836000483401208088704770B5036805460C4684
:108370005B6A002198472B6806461B6A2846984787
:10838000A41BA4B2B4FBF0F070BD0023838070473F
:1083900010B5036881885B6A04469847A388013357
:1083A000A38010BD03685B6A18477047024A0260E9
:1083B00000228280704700BF204B0208806A70470D
:1083C000836A00202BB120B95A1A504250419B6950
:1083D000F8E77047002348618B61836A13B98162B3
:1083E000704713469A69002AFBD1996170470022B1
:1083F000836A23B199698162C3E90522F8E770476E
:108400000023836270470022028042808280C28003
:10841000704770B5846A0D4616463CB12368204605
:108420005B6D324629469847A469F6E770BD38B5BA
:10843000846A0D4634B12B6821469B6828469847CC
:10844000A469F7E738BD704710B52C21044618F031
:108450007DFB204610BD836A9BB18B4209D19A698E
:1084600000215961826202B97047996170471346D1
:108470003AB19A698A42FAD18A699A610023C1E9BC
:108480000533704710B4836A04462BB903685DF85E
:10849000044B1B6E1146184741B9936182625461C7
:1084A0005DF8044B704703460028F9D0994298695B
:1084B000F9D190618A61F2E72DE9F0411F4690F809
:1084C00024300D46164603B13860846A14B394F81C
:1084D0002530EBB1B4F904108D4219DB238989B240
:1084E0000B441BB29D4213DAB4F9062096420FDB0F
:1084F000638992B213441BB29E4209DA2368B21A0E
:10850000691AD3F8248012B23B4609B22046C0470C
:10851000A469DBE7BDE8F0812DE9F04F6E4CA1B016
:1085200024682A9D94F84990039300242C802B9D65
:108530002C801C600646CDE90112FFF7BDFFB9F1A2
:10854000030F40F3C28031460CA807F04DFABDF985
:1085500030300693BDF932300793039BD3F800A067
:10856000BAF1000F00F0B480514610A807F03CFAB1
:10857000019B069ABDF944109D18BDF94030079A39
:10858000022091FBF0F119446D1A029BBDF94210D3
:108590001344BDF9462092FBF0F20A449B1A5B4358
:1085A00005FB05354D4F0FCF10AC0FC40FCF0FC4D7
:1085B0000FCF0FC497E80F00B9F10C0F84E80F003C
:1085C0004FF00303C8BF9846CDF800904FF0000469
:1085D000DCBF09F1FF3292FBF3F8631C10AA04F030
:1085E0000104089302EB4414009B93FBF8F39BB245
:1085F00004344FF0000B0493049A54F8043C13FB2A
:1086000002F3019A9BB299180593B6F9043009B2A6
:1086100099424DDB328913441BB2994248DA049BDC
:10862000276817FB03F7029BBFB2FA18B6F90630AA
:1086300012B29A423CDB708903441BB29A4237DA89
:1086400000230B9330460BABFFF736FF0B9A7AB340
:1086500052452DD011460EA8099207F0C5F9069A89
:10866000BDF93800019BBDF93C10BDF93EC0134473
:108670004FF0020E91FBFEF10144581A079A029B3B
:10868000BDF93A109CFBFEFC13448C44A3EB0C0395
:108690005B4300FB0033AB42099A08D203980B9965
:1086A00001602A99059808802B991D460F809246F3
:1086B0000BF1010BBBF1040F04F108049CD1009BEA
:1086C000089C4B444445009387D121B0BDE8F08F0E
:1086D0004FF0FF3566E700BF84340120983A020866
:1086E0002DE9F043B1F900708C88B0F900903C445A
:1086F000A4B20FFA84F8C1452FDA82884A4492B2B4
:108700000FFA82FE774528DAB1F90250CB88B0F92A
:1087100002602B441BB29E421FDAC38833449BB2D3
:108720000FFA83FC654518DA4F45B8BF4F46B5428E
:10873000B8BF3546F045D8BF2246D21B82804A8852
:10874000C98807800A4492B211B28C45A8BF13466B
:108750005B1BC3804580BDE8F0830023038043801A
:108760008380C380F7E7B0F90430002B06DDB0F951
:1087700006000028CCBF0020012070470120704770
:108780002DE9F04100238D6A0380044643808380F5
:10879000C380002D40D0281DFFF7E5FF88B9204693
:1087A000FFF7E1FFB5F90420B5F90630B5F908E0A7
:1087B000B5F90AC038B122806380A4F804E0A4F8B7
:1087C00006C0AD69E5E7B4F90000B4F90210B4F8E9
:1087D000048090420746A8BF17467244B4F806E0EA
:1087E000278099420E464044A8BF1E467144634408
:1087F00000B212B209B21BB29042ACBFC7EB00028A
:10880000C7EB02029942ACBFC6EB0103C6EB030300
:108810006680A280E380D4E72046BDE8F0812DE9A0
:10882000F34190F8253083B3846A74B3B1F90050F2
:10883000B1F90260B1F90470B1F9068094F82530FD
:1088400003B36846211DADF80050ADF80260ADF8E5
:108850000470ADF80680FFF743FF6846FFF783FF1B
:1088600080B9BDF80030A2889B1AADF80030E288CC
:10887000BDF802309B1AADF80230236869469B6848
:1088800020469847A469002CD8D102B0BDE8F081F9
:1088900073B590F825300D46164623B3846A14B399
:1088A00094F82530EBB1286869686B4603C36846C5
:1088B000211DFFF715FF6846FFF755FF88B9BDF882
:1088C0000030A2889B1AADF80030E288BDF8023073
:1088D0009B1AADF8023023683246DB6D69462046AC
:1088E0009847A469DBE702B070BD13B50368D3F8FD
:1088F000B4400023CDE900336B46A04702B010BD61
:10890000012380F84B3080F86D307047012380F8E8
:108910004B3080F86D307047436801225A724068CE
:1089200003681B691847406803689B68184730B59F
:108930008BB004689DF8585009959DF854500895DF
:108940009DF850500795BDF84C5006959DF848503D
:1089500005959DF844500495BDF840500395BDF829
:108960003C500295BDF83850CDE900351346246CD3
:108970000022A0470BB030BD044B1B7823B190F808
:108980006E0080F0010070470120704782340120A2
:1089900010B50446406803689B68984794F86D30AA
:1089A00013B1012384F86E3010BD10B50446F8F7FA
:1089B00087FCF8F78FFB60680368DB689847E0681E
:1089C00003689B689847236820469B6FBDE810406A
:1089D000184700007FB50368624DD3F8C0300446E5
:1089E0009847002800F09E8094F84830022B02D06F
:1089F0000120F8F7EDFA94F86A3084F86B3094F8B7
:108A00007930002684F86A6084F84B6033B12368BB
:108A10002046D3F8D430984784F8796094F84A30E7
:108A2000626883F00103537201262E7005F08EFDFB
:108A300003685B6B984794F86B300BB984F86B60F4
:108A400005F084FD03685B699847E06D03681B6966
:108A5000984794F86B3094F86C20013BDBB284F8B3
:108A60006B300AB1002BEBD13F4A94F968101378B0
:108A700001335BB29942137010DCE068002313707D
:108A8000036803AADB6802A998472368002859D025
:108A9000D3F8CC30DDE90212204698476069002304
:108AA0008DF8073058B103680DF10701DB6898476E
:108AB00028B1E06D9DF807100368DB68984704F162
:108AC0001C0017F023FA94F870300BB32069036888
:108AD0001B699847636F064603B96067636F234A53
:108AE000F31A934214D9206903689B699847636F0E
:108AF0006422F31AB3FBF2F3B0FBF3F0002826DC98
:108B000084F86920206903680021DB69984766675B
:108B100023682046D3F8E030984705F017FD036836
:108B20009B6B984723682046D3F8C430984794F845
:108B30004830022B02D00120F8F774FA00232B7082
:108B400004B070BDD3F8D03020469847A6E763281C
:108B5000CBBF0023C0F1640084F8693084F8690059
:108B6000D0E700BF883401208934012000E1F505F9
:108B700010B50446F8F7D4FB636800229A7210BD62
:108B8000C1651C3017F0C0B930B587B0044604A8E1
:108B9000CDE9041205F0C2FA049BADF80C3006A929
:108BA000059B21F80A3D03A805F00AFB94F86F1015
:108BB000BDF80C20BDF80E3004F11C0089B1B4F8EA
:108BC00064500093B4F8601013462A4617F0ACF9CD
:108BD00028B1BDF90C302366BDF90E30636607B0CD
:108BE00030BD17F0E1F9012384F86F30F1E710B5DB
:108BF000002B46D081EA0200C40708D50B44013A95
:108C00008B423ED912F8010F01F8010BF8E7D007AB
:108C100042BF12F8010B01F8010B03F1FF33012BE6
:108C200011D981EA0204A407104622D023F00104DE
:108C30000C448C42024604D9128821F8022B0230DF
:108C4000F7E703F0010323F00300084488421446C9
:108C500004D9246841F8044B0432F7E703F0030316
:108C60000B44013A8B420CD912F8010F01F8010BA9
:108C7000F8E79007E7D032F8020B21F8020B023B2D
:108C8000E1E7012010BD10B590F86F30044653B1F4
:108C9000B0F86430B0F8602001211C3017F084F97E
:108CA000002384F86F3010BD2DE9F04385B004AD8A
:108CB0000446002045F8040DA06906680195BDF83A
:108CC00030500095356899460F469046A847104D9C
:108CD0000646A5F80090FAF75DF80368DB6A984746
:108CE00028B101280BD0304605B0BDE8F0832B88B1
:108CF00008FB0372039BA3EB4203E363F3E72A88B9
:108D0000039B08FB027202EB42029A1AE263EAE753
:108D10007E340120F8B5154B90F87D401B88C56B5B
:108D200093FBF4F40F460646FAF734F80368DB6A5F
:108D3000984701280BD003D3022810D0F563F8BD63
:108D40000B4B19887C434C43A5EB4405F6E7084BD5
:108D500019887C434C4304EB44042D1BEEE7044B81
:108D600019887C434C43A5EB8405E7E78034012058
:108D70007E340120F0B58BB0174604460E461D46E2
:108D8000FAF708F80368DB6A98479DF854300790B3
:108D9000CDE908030D4B22681B8806939DF85030DF
:108DA00005939DF84C300493BDF848300393BDF80B
:108DB00044300293BDF84030CDE900533146156C84
:108DC0003B4600222046A8470BB0F0BD7E34012070
:108DD0002DE9F043984603681D6C154B8BB0174680
:108DE000B3F800900E460446F9F7D4FF0368DB6A37
:108DF00098479DF85830CDE908030223CDE9069342
:108E0000012305939DF854300493BDF8503003932B
:108E1000BDF84C300293BDF848300022CDE9008304
:108E200031463B462046A8470BB0BDE8F08300BF63
:108E30007E3401202DE9F04398460368DD6D114B27
:108E400087B0B3F800900E4617460446F9F7A2FF24
:108E50000368DB6A98479DF84430CDF80C90CDE963
:108E600004039DF840300293BDF83C300193BDF8F7
:108E7000383000933A46434631462046A84707B06B
:108E8000BDE8F0837E3401202DE9F04F04468FB019
:108E900010460D4691461E4608F026FD002800F0BB
:108EA0009D802368DFF898B1DB6ADFF898A1614FF5
:108EB00020469847236820461B6B9847BBF8003034
:108EC00001930DF13808BAF8003002933B8828F876
:108ED0001C9D0393584B05931A880492404608F052
:108EE00097FD3880404608F0C7FD059B80B218808A
:108EF000524B1B78002B74D13B88ABF80030AAF89A
:108F000000004846D4E90F8708F0EEFCC4E90F00E2
:108F1000002211462846B5F90490B5F906A0FAF7E3
:108F20003FF8012395F825B085F82530B6F90430CF
:108F3000002B5CDDB6F90630002B58DD2A460AAB63
:108F400052F8040F516803C331460AA8FFF7C8FB63
:108F5000384BB3F90020ADF8342000210AAA364B73
:108F60000C9192E80300B3F90030ADF8363008AB4D
:108F700083E8030018460CA9FFF7B2FBE36C002B53
:108F80003CD1002084F8580000262A686B696E6185
:108F90000593926808A928469047059B6B61524645
:108FA00084F858604946284685F825B0F9F7F8FF57
:108FB000234B019A1A80234B029A1A801D4B039A65
:108FC0001A801D4B049A1A80C4E90F872368204633
:108FD000DB6A9847236820461B6B98470FB0BDE8B3
:108FE000F08F3B88ABF80000AAF8003089E72A46EA
:108FF0000AAB52F8040F516803C3A9E707A808F0A9
:109000007DFE0646E06C0368DB6A98478642B8D16D
:10901000F9F7C0FE036806465B6B059307A808F0E6
:109020006DFE059B01463046984780F00100C0B2B6
:10903000A8E700BF783401207A3401207C34012075
:109040007E3401208034012010B5074B1B78044684
:109050003BB103685B6B9847E36B834201D1206CA3
:1090600010BDE06BFCE700BF823401202DE9F04128
:109070008AB01D464FF48063CDE90131BDF8403020
:10908000ADF81830BDF84430ADF81A300024BDF802
:109090004830BDF84C60ADF81C309046074604944B
:1090A0008DF82040FFF7D0FF06FB058500EB450556
:1090B00078680595ADF81E608DF822408DF8214046
:1090C0008DF823408DF82440036801A95B68984718
:1090D0000AB0BDE8F0812DE9F0438BB000241D46B5
:1090E0004FF4006388469146BDF8506004940746EB
:1090F000CDE90134FFF7A8FF06FB0595BDF8483020
:10910000ADF8183000EB4505BDF84C307868059592
:10911000ADF81A30ADF81C40ADF81E60CDF81080E7
:10912000ADF820408DF822408DF823408DF8244082
:10913000036801A95B6898470BB0BDE8F0830000A5
:109140002DE9F0418AB098469DF85C509DF854C0D6
:10915000BDF858709DF8604000230B2D064604931F
:109160009DF8500038D18023CDE90131BDF844305D
:10917000ADF81830BDF84830ADF81A308DF8200041
:10918000BDF84C30ADF81C3030460392FFF75CFF61
:109190000B2C98BF1B4BBDF8402098BF195DADF854
:1091A0001E7088BF002102FB0783C91001FB03006A
:1091B0009DF8643005908DF8233070688DF821504B
:1091C00000238DF822408DF82430036801A95B68E4
:1091D00098470AB0BDE8F081022D09D1FF2805D1DA
:1091E000BCF1000F14BF40232023BDE74023BBE7A1
:1091F000FF2805D1BCF1000F14BF04230123B3E7FE
:109200000423B1E7DC4B02082DE9F04F8BB01D467B
:109210009DF858909DF86060BDF85CA0B9F1FF0F13
:1092200014BF082302230024CDE901348846934665
:1092300004940746FFF708FF0B2E98BF154B9DF8C7
:10924000642098BF9C5DBDF85030ADF8183005FB28
:109250000AB5BDF85430ADF81A30E41004FB05042B
:10926000002378680594ADF81C30ADF81EA0CDF849
:1092700010808DF820908DF823208DF824308DF803
:1092800021608DF82260036801A95B6898470BB0E4
:10929000BDE8F08FDC4B02082DE9F0411E460A4B79
:1092A0000F461D889046F9F775FD0368DB6A9847FD
:1092B0000B289ABF054B1C5C002408FB0570E410CA
:1092C00004FB0060BDE8F0817E340120DC4B020825
:1092D000F0B58BB01F46BDF85430CDE90131BDF873
:1092E0004030ADF81830BDF84430ADF81A30BDF854
:1092F0004830ADF81C3000259DF850308DF82030F6
:10930000044616460495FFF79FFE3A46314603464B
:109310002046FFF7C1FF0E4B05901B88ADF81E30AD
:10932000F9F738FD0368DB6A9847139B8DF8220034
:109330008DF82100049360689DF858308DF8233033
:109340008DF82450036801A95B6898470BB0F0BD05
:109350007E340120F0B58DB06B4683E80600002313
:1093600006930368BDF800605B6BBDF802700125D1
:109370000395044698473A46314603462046FFF790
:109380008BFF636C0793BDF80430ADF82030BDF857
:109390000630ADF822300F4B04901B88ADF8243016
:1093A000ADF82630F9F7F6FC0368DB6A9847FF232F
:1093B0008DF829008DF82A0060688DF828308DF826
:1093C0002B508DF82C50036803A95B689847606C9C
:1093D0000DB0F0BD7E3401202DE9F0418CB01E4669
:1093E0006D46002385E8060006930368BDF800700B
:1093F0005B6BBDF802800125039504469847424601
:10940000394603462046FFF747FFBDF80430ADF864
:109410002030BDF80630ADF82230114B04901B8887
:10942000ADF82430129BADF826300796F9F7B2FC60
:109430000368DB6A9847FF238DF829008DF82A001E
:1094400060688DF828308DF82B508DF82C5003680B
:1094500003A95B68984730460CB0BDE8F08100BFB7
:109460007E340120F0B585B002AC84E806000546E4
:10947000BDF80860BDF80A70FFF7E6FD3A460346FE
:1094800031462846FFF708FF054A2B6812880092EC
:109490001E6F94E8060003462846B04705B0F0BDAD
:1094A0007E34012070B590F86E3004469BB10220E6
:1094B000F7F7E2FD002384F86E3084F86D302368FE
:1094C0002046D3F8C850FFF7BFFD2B460146204683
:1094D000BDE87040184770BD38B590F87B308B42BE
:1094E00004460D4606D0036829B9D3F8D83098470A
:1094F00084F87B5038BDD3F8DC30F8E710B50C4B5E
:109500001B78044653B990F848303BB9406800F0E6
:109510002BF918B16268537A002BFCD0F7F7F8FEEC
:1095200020460021FFF7D8FF2046FFF78DFD10BD34
:109530008234012070B50446036819B9DB6ABDE8BE
:1095400070401847002290F87B6080F87B20DB6A2F
:1095500098476368012105469972204684F87B602C
:10956000FFF7BAFF284670BDD0E90320131A58420E
:1095700058417047D0E903239B1A002BDCBF826857
:109580009B18012BCCBF0020012070470269436863
:10959000242000FB0230704703681B69184770B530
:1095A000012303720446406803689B699847036877
:1095B000402B05460CD010D8042B1DD004D8012B0D
:1095C00006D0022B2CD070BD082B1DD0202BFAD139
:1095D00023682046DB6B984713E0B3F5007FF7D094
:1095E00004D8802BF4D0B3F5807FF0E7B3F5806F1B
:1095F000EED0B3F5006FE5E72368017F9B6B204653
:10960000984723681B6B06E02368017F9B6B20460D
:10961000984723685B6B29462046BDE87040184791
:1096200023682046DB6B9847F3E770477047704725
:10963000D0E90332D21A002A10B5DCBF84681219AF
:10964000012A16DD4268242404FB032301F12002D1
:1096500051F8044B43F8044B9142F9D10A781A703F
:10966000C3688268BFF35B8F01339A42D8BF9B1AED
:10967000C36010BD03698268BFF35B8F01339A42F8
:10968000D8BF9B1A0361704770B504460E466068E8
:1096900003685B6898470028F9D10D4D2868036876
:1096A000D3F880309847F7F741FE28680121FFF78B
:1096B00013FF6068036831469B689847236820461B
:1096C000DB6A984728680368BDE87040DB6F18477D
:1096D0008434012008B5F7F71BFEBDE80840F7F712
:1096E0001FBE10B51421044617F030FA204610BDF5
:1096F00010B50446406803681B68984748B9637A08
:109700003BB1237A2BB9236820465B6ABDE8104041
:10971000184710BD70B50446406803681B68984739
:10972000054630B9237A23B1606803685B699847BE
:109730002572606803681B68984728B9236820462B
:109740005B6ABDE870401847BDE87040F7F7F6BDAA
:1097500010B5044C82600022C0E90041C0E9032238
:1097600010BD00BFF04B0208406803681B68184733
:109770002DE9F048204F9DF8185080FB0101A0FB17
:1097800007BC07FB01CC0BFB0CF7ABFB0B011C462A
:1097900001EB470100FB0CF30BFB0133A0FB0B01BA
:1097A0001646194412A3D3E90023F7F757F9F72E09
:1097B00090B29EBF02F00702B618F6B2FB2C9EBF15
:1097C000C0F3C103E418E4B2F72D9CBFC0F342100C
:1097D0002D180A484FEAC40400EA062004F4FC6489
:1097E00098BFEDB2044344EAD50080B2BDE8F088EA
:1097F000778D7A7900000000A74BEC0000F8FFFF9E
:109800002DE9F04F2DED028B01EB420487B0417C36
:10981000BDF94890BDF94C609DF850A0054600295F
:1098200000F09A80B0F9082090ED087AC0684A45A7
:1098300025DBB5EEC07AF1EE10FA40F6FC72C8BF37
:109840000022825800212D7C4FEA1228500908F48A
:10985000784E00F4FC60C2F3C40C04EB4607002D04
:1098600044D0BAF1FF0F41D161BB4EEA00004CEA8F
:109870000005BC4280F0178224F8025BF9E7B5F9D5
:109880000A704F4508DCB5EEC07AF1EE10FA40F6EA
:10989000FC72D8BF0022D4E7A9EB020207EE902A9F
:1098A000F8EEE77AB5EEC07A67EE877AF1EE10FA55
:1098B000FDEEE77A17EE902AD8BF02F2FF3292004F
:1098C0008258C0E7D5B25FFA88F8C2F3074A1E464D
:1098D000BC4280F0E88130460095434652464946F6
:1098E000FFF746FF013624F8020BF1E7120E02FBE8
:1098F0000AF2531C03EB2222121202FB0CF502FBAC
:109900000EF15043DFF8B0C3D24302F0FF02FF264E
:10991000BC4280F0C881B4F800E00EEA0C030EF4FB
:10992000FC6802FB031302FB080893FBF6F398FBA9
:10993000F6F803EA0C0308F4FC680EF01F0E43EA85
:10994000080302FB0E5E9EFBF6FE0EF01F0E43EABE
:109950000E0324F8023BDBE7827C002A4FD0B0F9EB
:10996000082007EE902AF8EEE77A07EE103AF8EEB4
:10997000C76A1F46F4EEE76AF1EE10FA00F295802E
:10998000B7EE007A37EE877A40F6FC7137EE667AEA
:1099900006EE906AF8EEE66AEA6895F810C0B4EE52
:1099A000E67AF1EE10FA4ABFBDEEC77A02968DED67
:1099B000027A95ED087AB5EEC07AF1EE10FAC8BFDA
:1099C0000021525802994FEA122B04EB4101500931
:1099D00003910BF4784B00F4FC60C2F3C401BCF1BA
:1099E000000F24D0BAF1FF0F21D14BEA000B41EA5E
:1099F0000B01039A944255D224F8021BF9E707EEB3
:109A0000109AD0ED067AD0ED056AB8EEC77A37EE37
:109A1000677AC7EE267A90ED087AB5EEC07AF1EE55
:109A200010FA44BF90ED077A77EEC77A9DE7120EE1
:109A300002FB0AF202F1010C0CEB2222121250433B
:109A4000514302FB0BFBDFF870820490D243059177
:109A500002F0FF024FF0FF0E03998C4222D22088C1
:109A600000F4FC610F46049900EA080C02FB0CBCF0
:109A700002FB07119CFBFEFC91FBFEF10CEA080CBB
:109A800001F4FC614CEA010100F01F0C059802FB97
:109A90000C0C9CFBFEFC0CF01F0C41EA0C0124F8A2
:109AA000021BD9E7029A1A4417461E4436B2BE4238
:109AB00040F3F98095ED077A06EE907A37EE877AD3
:109AC000F8EEE66AB4EEE67AF1EE10FA40F3B5800D
:109AD00006EE106AB8EEC66A9FED758A2B7CB4EE6E
:109AE000C67AF1EE10FAD8BFBDEEC77A9FED716A63
:109AF000D8BF17EE108A95ED087AB5EEC07AC8BFC8
:109B0000B04676EEE77AF1EE10FAA8EB0707D8BF79
:109B1000B0EE468A04EB4707A7EE278ADBB1BAF11D
:109B2000FF0F18D1BC4262D2FDEEC87AEB6817EE87
:109B3000900A53F82020D3B200934946C2F307237A
:109B4000C2F30742FFF714FE24F8020BD5ED087AA2
:109B500038EE278AE6E7DFF860B14FF0FF09BC4234
:109B600045D2FDEEC87AEB68B4F800E017EE902A13
:109B700053F82220130E03FB0AF3581C00EB23209A
:109B800000126FEA000C5FFA8CFC0BEA12210EEA5D
:109B90000B030CFB03F389B200FB013191FBF9F1DC
:109BA00001EA0B030293530903F4FC6319460EF414
:109BB000FC630CFB03F300FB01330EF01F0E029954
:109BC00093FBF9F3C2F3C40203F4FC630CFB0EFC39
:109BD000194300FB02C090FBF9F000F01F000143A5
:109BE00024F8021BD5ED087A38EE278AB7E74645F8
:109BF00059DDD5ED087AEA68297CF5EEC07AF1EEF8
:109C000010FA40F6FC73D8BF0023A6EB0806D25822
:109C1000100A530904EB460600F4784003F4FC6391
:109C2000C2F3C40759B1BAF1FF0F08D11843384342
:109C3000B44238D224F8020BFAE7B846D9E7120E3C
:109C400002FB0AF14A1C02EB2122121202FB07F569
:109C500050435343DFF860C0D24302F0FF02FF27B6
:109C6000B44220D2B4F800E00EEA0C010EF4FC6815
:109C700002FB010102FB083891FBF7F198FBF7F8B2
:109C800001EA0C0108F4FC680EF01F0E41EA08011D
:109C900002FB0E5E9EFBF7FE0EF01F0E41EA0E0168
:109CA00024F8021BDCE707B0BDEC028BBDE8F08FA7
:109CB00000000000FEFF7F4400F8FFFF7047704780
:109CC00010B52421044616F041FF204610BD0000C7
:109CD000064BC1604A0903EA112302F4FC621343F4
:109CE000C1F3C40119430182704700BF00F8FFFFB0
:109CF000A0F10800ECE700BF08B5054B1868036841
:109D0000D3F8AC309847431E5842584108BD00BFB5
:109D10008434012070470838704730B401EB4204A6
:109D2000BDF90C50028A02929DF81030C268294693
:109D3000204630BCF7F7CABCF7F7BCBC10B51421FD
:109D4000044616F003FF204610BDA0F10800F5E719
:109D50000023C384038543858385806910B103682C
:109D60001B691847704780ED0C0A704738B50B0E19
:109D700083770368DB6B04460D46984703682946E2
:109D80009B689847236820461B6C9847A06138BDA4
:109D90004177704730B50D4600F134040FCD0FC444
:109DA0000FCD0FC42B68236030BD38B50446031DAA
:109DB0000868496803C31368C4F826305368C4F8B8
:109DC0002A300025A56104F1340006F0FFF8FF23D6
:109DD0006377A3774FF07E532363012384F8243005
:109DE00084F8255038BD00002DE9F0432DED0A8B95
:109DF00070EE417A87B0F5EE407AF1EE10FA054642
:109E0000F0EE409AB0EE60AAB0EE419AF0EE618AB0
:109E1000B0EE42CAF0EE62CA9DF86060199F026817
:109E200012D170EEE17AF5EE407AF1EE10FA0BD134
:109E300001F180410139926A53F8211007B0BDEC5D
:109E40000A8BBDE8F0431047FF23AB77936BDFF835
:109E5000C4922846984705F13408B5F90830C38004
:109E6000F0EE4A0AB0EE690A0446404606F05DF993
:109E70004046B0EE40BAF0EE60BA8DED000ACDED8E
:109E8000010AB0EE490AF0EE680A06F04EF9B4EEA7
:109E900040BAF1EE10FAF4EE60BA0CBF01230023D1
:109EA000F1EE10FAB4EE40BA63740CBF0123002344
:109EB000F1EE10FAB0EE408AF0EE60AA8DED020AE3
:109EC000CDED030AA37430D0F4EE60BAF1EE10FACF
:109ED0002BD039EE699A78EECA8A89EE0C7A404620
:109EE000C8EEAC7AF0EE4A0AB0EE690AA7EECC0AE8
:109EF000ECEE870A06F019F999F80030CDED050A65
:109F000070EEEB0A012B8DED040A30EE4B0A02BF16
:109F1000F1EE607AF0EE400AB0EE670AB5EE400A64
:109F2000F1EE10FA34D10123A37499F80020637C78
:109F3000012A40F0A380002B72D03AEEEB7ADFEDDD
:109F4000736AC6EE877AF4EEEABAC4ED087AFDEEDB
:109F5000EA7AF1EE10FA17EE903AFDEEEB7A1AB2C9
:109F600017EE903A1BB247BF238162812281638141
:109F7000B4F90A30B4F908209B1A07EE903AF8EECB
:109F8000E77A00236374C4ED077A0123A3743FE0EA
:109F900080EE807AB5EE407AF1EE10FA84ED057A23
:109FA00002D101236374C0E7012B03BFB4F906207B
:109FB00007EE902AF8EEE77AF0EE6B7A0ABF77EEBA
:109FC000CB7AEBEE477AEBEEC77A012B38EE4B8A71
:109FD0007AEEEBAAC4ED067A02BFF1EE487AB0EE53
:109FE0006A8AF0EE67AACAEE877A9FED497A38EE60
:109FF000678AC7EE087AB5EEC08AF1EE10FA84EDF2
:10A00000078AC4ED087A03D5B1EE488A84ED078A41
:10A01000E7602674AC6107B0BDEC0A8BBDE8F08345
:10A02000A37C002BF4D0B4F90630DFED386A00EEE3
:10A03000103AB8EEC00A30EE488A30EE4B0A38EEDD
:10A04000407AB4EEC08AC6EE877AF1EE10FAC4ED1B
:10A05000087AFDEEC87A17EE903AFDEEC07A1AB291
:10A0600017EE903A1BB2CCBF238163814FF00103FE
:10A070006374CCBF62812281002387E7DBB13AEEB3
:10A08000EB7ADFED226AC6EE877AF4EEEABAC4ED27
:10A09000087AFDEEEA7AF1EE10FA17EE903AFDEE4C
:10A0A000EB7A1AB217EE903A1BB247BF2381628156
:10A0B00022816381ACE7A37C002BA9D038EE4B7AD8
:10A0C000DFED126AC6EE877AB4EEC8BAC4ED087A3C
:10A0D000FDEEC87AF1EE10FA17EE903AFDEECB7A6B
:10A0E0001AB217EE903A1BB247BF238162812281D8
:10A0F0006381B4F90A30B4F908209B1A07EE903A4C
:10A10000F8EEE77AC4ED077A82E700BFFEFF7F44EE
:10A11000000080447C34012010B500212DED028B1D
:10A12000F0EE628A0446B0EE428A16F07FFAF0EE54
:10A13000687AFEEEED7A236817EE902AF0EE487A00
:10A14000BDEC028BFEEEED7A20469B6817EE901A6E
:10A15000BDE81040184710B500212DED028BF0EE40
:10A16000638A0446B0EE438A16F022FBF0EE687A6A
:10A17000FEEEED7A236817EE902AF0EE487ABDECF9
:10A18000028BFEEEED7A20469B6817EE901ABDE832
:10A190001040184713B50446406F05F0C6FFF0EEB7
:10A1A000607AFEEEED7A204617EE902AF0EE407AC5
:10A1B000FEEEED7A17EE901A02B0BDE8104016F0F0
:10A1C0008FB913B50446406F05F0AFFFF0EE607A2B
:10A1D000FEEEED7A204617EE902AF0EE407AFEEE83
:10A1E000ED7A17EE901A02B0BDE8104016F0C5B92E
:10A1F000F0B5DDE9050C0024079F634426464FF0C7
:10A20000010E63452DD013F8015D062DF9D80EFA25
:10A2100005F515F0660F0DD115F0100F17D12D07AC
:10A22000EFD501381EB907EB80052D680D606CB9BC
:10A230000126E6E726B907EB800353F8083C0B60DC
:10A2400024B907EB800050F8043C1360F0BD0138DE
:10A250001CB907EB800424681460002EF6D1012499
:10A26000CFE70EB900230B60002CEFD10023ECE701
:10A2700038B504462DED0A8B0D46F0EE40BAB0EE2F
:10A2800060CAF0EE41AAB0EE61BAB0EE429AF0EECA
:10A29000629AB6EE00AA7BEE298A3AEE898A68EEC7
:10A2A0008A8A28EE0A8A3CEE680A7BEEC87A20EE9B
:10A2B000000AA7EEA70A16F0C9FCB5EE400AF1EEB7
:10A2C00010FA2ED179EE6A7A39EECB7AB0EE6A8A3C
:10A2D000F0EE4B8AA7EE8A8AE7EE0A8AA7EE0A8A90
:10A2E000E7EECA8A022D2FDC0135F0EE4B1AB0EEF4
:10A2F0006A1A2946F0EE682AB0EE482AF0EE4C0AB7
:10A30000B0EE6B0A2046FFF7B3FFF0EE680AB0EE3E
:10A31000480A2046FFF755FFB0EE68BAF0EE48AAAB
:10A32000B9E7D4ED1F7A38EE6B8A78EECC8A28EE46
:10A33000277A68EEA77A87EE008AC7EE808A3BEE1E
:10A34000888A7CEE288ACDE7F0EE680AB0EE480AEB
:10A350002046FFF736FFBDEC0A8B38BD10B52DED5A
:10A360000A8B90F88430022B0446B0EE40CAB0EE5F
:10A37000609AF0EE419AF0EE618AB0EE42BAF0EEE9
:10A3800062BAB0EE43AAF0EE63AAB0EE448AF0EEF1
:10A3900064CA2CD1F0EE620AB0EE420AFFF711FF58
:10A3A00079EECB9A7AEEECCA78EEEB8A3AEE488AEE
:10A3B00069EEAC9A28EE888AF4EEC89AF1EE10FAAB
:10A3C0000FDB0121F0EE6A2AB0EE4A2AF0EE6B1A9A
:10A3D000B0EE4B1AF0EE490AB0EE4C0A2046FFF7F9
:10A3E00047FFF0EE6A0AB0EE4A0A204635E0012B3C
:10A3F00038D131EEE24A33EE486A71EE427A73EEBA
:10A40000E46A26EE447AA7EEA67AB5EE407AF1EE3B
:10A4100010FA27D028EE638A61EEC28AA4EE838AFE
:10A42000E1EE228A68EE677A28EE448AE6EE287A20
:10A43000A6EEA88A87EE870AC8EE070A3CEE40CA55
:10A4400039EE609AD0ED207A29EE099AACEE0C9A9A
:10A45000F4EEC97AF1EE10FA04DBFFF7B2FEBDECC0
:10A460000A8B10BDF0EE6B0AB0EE4B0A2046FFF7E8
:10A47000A8FEB6E710B52DED0C8B90F8853004469C
:10A48000B0EE409AF0EE609AF0EE41AAB0EE61BAFA
:10A4900033B9FFF796FEF0EE4B0AB0EE6A0A15E00C
:10A4A00071EE408A31EEE08AF6EE007A022B68EE19
:10A4B000A78A28EE278A0FD170EEE80A30EE080A44
:10A4C000FFF77FFE7BEE680A3AEE880A2046FFF728
:10A4D00078FEBDEC0C8B10BDFFF773FEDFED4D7AFF
:10A4E000DFED4DBA9FED4DCADFED4DCA9FED4DDA60
:10A4F000F0EE690AB0EE490AE8EE270A2046A8EE17
:10A50000A70AB1EE68AAEAEE2B0AA8EE2B0AFFF71B
:10A5100058FEDFED457AF0EE690AB0EE490AE8EE42
:10A52000270A2046A8EEA70AEAEE0C0AA8EE0C0AB3
:10A53000FFF747FEDFED3D7AF0EE690AB0EE490A1B
:10A54000E8EE270A2046A8EEA70AEAEE2C0AA8EEB3
:10A550002C0AFFF736FEDFED367AF0EE690AB0EE30
:10A56000490AE8EE270A2046A8EEA70AEAEE0D0AF5
:10A57000A8EE0D0AFFF725FE79EE880A39EE280AC3
:10A5800070EEE80A30EE080A2046FFF71AFEDFED0B
:10A59000297AF0EE690AB0EE490AE8EE270A204669
:10A5A000A8EEA70AEAEE0D0AA8EE0D0AFFF709FECB
:10A5B000DFED217AF0EE690AB0EE490AE8EE270AEB
:10A5C0002046A8EEA70AEAEE2C0AA8EE2C0AFFF70E
:10A5D000F8FDDFED1A7AF0EE690AB0EE490AE8EE0E
:10A5E000270A2046A8EEA70AEAEE0C0AA8EE0C0AF3
:10A5F000FFF7E7FDDFED127AF0EE690AB0EE490AE7
:10A60000E8EE270A2046A8EEA70AEAEE2B0AA8EEF3
:10A610002B0A3EE70AD7233D295C8F3E9A99193FC2
:10A62000CDCC4C3F8FC2753FCDCC4C3ECDCCCC3E3B
:10A63000EC51383F0AD7A33FCDCCCC3F6666E63F0E
:10A6400048E1FA3F70B52DED068B90ED238A90ED31
:10A65000229A30EEC88A30EE499AF0EE40AA28EEEF
:10A66000080A0446A9EE090AB0EE60AA16F0EEFA4E
:10A67000B5EEC00AF1EE10FA36DDD4ED1F7AD4ED56
:10A68000230A94F87850C0EE276A002684F879608F
:10A6900094ED220AC8EE268A89EE268A70EE289A60
:10A6A00030EEC89A78EEAA8A3AEE488AFDB1C4ED37
:10A6B000249A84ED259AC4ED268A84ED278AF0EE4B
:10A6C000490AB0EE690A2046FFF764FD84F8786015
:10A6D000C4ED289A84ED299AC4ED2A8A84ED2B8A48
:10A6E000C4ED22AA84ED23AABDEC068B70BD94F8BC
:10A6F0007A3094ED2A2AD4ED2B2A6BB1F0EE491A68
:10A70000B0EE691AF0EE620AB0EE420A2046FFF798
:10A71000B1FE84F87A50DBE7F0EE484AB0EE684AC2
:10A72000F0EE493AB0EE693AD4ED291A94ED281AC0
:10A730002046FFF713FECBE707EE902A07EE101A2C
:10A74000F8EEE70AB8EEC70ADFED037A60EEA70A73
:10A7500020EE270AFFF776BF0000003D38B52DED4B
:10A76000028B90F8795004461DB3D0ED1F7A90ED1E
:10A77000238A90ED220A78EE678A38EE278AF0EE77
:10A78000680AFFF707FD94ED221AF0EE481AB0EEC2
:10A79000410AF0EE680A2046FFF76CFE94ED221A9B
:10A7A000F0EE681AF0EE480AB0EE410A2046FFF7D4
:10A7B00061FEBDEC028B284638BD10B52DED028B35
:10A7C0000446B0EE408AF0EE608AFFF7C7FFD0B9CA
:10A7D0002046D4ED274A94ED264AD4ED253A94ED4F
:10A7E000243AD4ED2B2A94ED2A2AD4ED291A94ED9B
:10A7F000281AF0EE680AB0EE480AFFF7AFFD012014
:10A80000BDEC028B10BD0020FAE7D0ED251A90EDCB
:10A81000241AD0ED2B0A90ED2A0AFFF72BBE000078
:10A820002DE9F04F89B01C460DF120089DF85030FD
:10A830000493159E05910023DDE91297069348F8CD
:10A84000043D049B86F87A3082461546059B9D425E
:10A850006DD9013D19F80530062BF7D801A252F841
:10A8600023F000BF83A800084DA8000881A80008B5
:10A87000A5A80008A5A80008A9A80008E9A800083C
:10A88000023C5046CDE9019700942B46424606A96A
:10A89000FFF7AEFCDDED070A9DED060A3046FFF737
:10A8A000D1FED3E7013CECE7A4F1040B023C07EB3B
:10A8B00084045046CDE90197CDF800B02B464246BE
:10A8C00006A9FFF795FCDDED072A9DED062A54ED5C
:10A8D000011A14ED021AD4ED010A94ED000A304673
:10A8E000FFF71AFC5C46B1E7A4F1060B023C07EB4C
:10A8F00084045046CDE90197CDF800B02B4642467E
:10A9000006A9FFF775FCDDED073A9DED063A54ED1B
:10A91000032A14ED042A54ED011A14ED021AD4EDA1
:10A92000010A94ED000A3046FFF715FCDAE7049BB4
:10A9300013B13046FFF769FF09B0BDE8F08F00BFE3
:10A94000F0EE607AFEEEED7A036817EE902AF0EEF4
:10A95000407AFEEEED7A9B6817EE901A18470000D9
:10A9600010B5044B044640F8143B01F08DFA204624
:10A9700010BD00BF945302082DE9F04F2DED048B5C
:10A98000D0ED0C7AB5B0F5EEC07AF1EE10FA0546CE
:10A990008B4606921E464FF0000440F24E81FF2384
:10A9A0000093021D8169439B9FEDA59A08A815F0AD
:10A9B0004BFCD5ED0C7AA34BD5ED086A0893F5EE68
:10A9C000C07AF1EE10FAB6EE007A48BFF1EE677A7F
:10A9D00067EE877A05F1340301222593002326EEE2
:10A9E000A77A8DF898308DF899208DF89A308DF8E7
:10A9F00064306A7FAB7FCDED277A5A4327EE267A03
:10AA0000531C03EB122367EE277A4FF0000895F8EA
:10AA1000240095F825102A94C3F307232B942C9433
:10AA20002D942E942F943094319432943394CDED10
:10AA3000287A8DF8A4008DF8A5108DF8A630F0EED8
:10AA4000499AB0EE498AF0EE498A4446C14608AFB9
:10AA50004FF0010A069B4B4500F0CC8009F1010341
:10AA600005931BF80930062B39D8DFE803F0043BC7
:10AA7000606F7C81A000C1452BD9F0EE490AB0EE91
:10AA8000690A3846FFF7DEFD3846FFF767FE814664
:10AA9000F8B9F0EE490AB0EE690A3846FFF78DFEC4
:10AAA0002846CDE90297CDE900B62346059ACDEDBB
:10AAB0002A9A41468DED2B9A8DF898A08DF899A091
:10AAC000FFF7AEFEF0EE490AB0EE690A3846FFF72E
:10AAD00074FEDDF81480B0EE498AF0EE698ADDF884
:10AAE0001490B7E7C1450DD93846FFF737FE48B98E
:10AAF000CDE902A7CDE900B623464A46414628469D
:10AB0000FFF78EFE06EB8403D3ED008A93ED018AF6
:10AB1000CDED2A8A8DED2B8A8DF898A08DF899A01D
:10AB20000234C846B0EE489AF0EE689AD7E706EBD2
:10AB30008403D3ED008A93ED018AB0EE680AF0EE4B
:10AB4000480A3846FFF77EFD0234C8E706EB840367
:10AB5000D3ED008AF0EE480AB0EE680A3846FFF7F7
:10AB600071FD0134BBE706EB840393ED008AF1E746
:10AB7000A30003F1080203F10C0932443344B14449
:10AB800092ED002AD9ED002AD3ED011A93ED001AB7
:10AB90000792F0EE480AB0EE680A3846FFF7BCFAB2
:10ABA000079A99ED008AD2ED008A043497E7A30052
:10ABB00003F1100203F1140932443344B14492ED1D
:10ABC000003AD9ED003AD3ED032A93ED022AD3EDF2
:10ABD000011A93ED001A0792F0EE480AB0EE680AE7
:10ABE0003846FFF7B8FA079A99ED008AD2ED008A45
:10ABF000063474E7069B434508AF0FD93846FFF784
:10AC0000ADFD58B90123CDE901630397CDF800B03C
:10AC10002346069A41462846FFF702FE9DF8A610F5
:10AC2000384615F0A5FB04463846FFF799FE204646
:10AC300035B0BDEC048BBDE8F08F0124F7E700BF11
:10AC4000000000006C4C020810B50446FFF788FEB7
:10AC50002046B02115F07AFF204610BD2DE9F047BF
:10AC60002DED068BAAB09846FF2307460093894630
:10AC700092468169399B9FED828A021D0DA815F0CD
:10AC8000E3FA3B7FDFED7E0A5A1E534207F134059B
:10AC90005341B0EE600A28468DF8783005F045FA49
:10ACA000CA44B0EE409AF0EE609AF0EE488A002472
:10ACB000CA4500F0CD8019F8013B062BF8D8DFE833
:10ACC00003F004082A3F53588A000DA815F02EFB04
:10ACD000EEE708EB8403D3ED008A93ED018AB0EE32
:10ACE000680AF0EE480A284605F01FFAF0EE607A8E
:10ACF000FEEEED7A0DA817EE902AF0EE407AFEEE09
:10AD0000ED7AB0EE409A17EE901AF0EE609A15F0D8
:10AD1000E7FB0234CCE708EB8403D3ED008A93ED24
:10AD2000018AB0EE680AF0EE480A284605F0FDF9FF
:10AD30000DA8B0EE409AF0EE609AFFF701FEE8E74A
:10AD400008EB8403D3ED008AF0EE480AB0EE680AFF
:10AD5000284605F0EAF90DA8B0EE409AF0EE609AA8
:10AD60000134FFF7EDFDA3E708EB840393ED008AC0
:10AD7000EAE7A31C08EB830353ED010A13ED020A73
:10AD8000D3ED008A93ED018A284605F0CEF92846D6
:10AD90008DED090ACDED0A0AB0EE680AF0EE480A18
:10ADA00005F0C3F9DDED0A1A9DED091AF0EE602AEF
:10ADB000B0EE402AB0EE40AAF0EE60AAB0EE490A2A
:10ADC000F0EE690A0DA8FFF7A7F90434F0EE6A9ACD
:10ADD000B0EE4A9A6CE7261D08EB860656ED030A8C
:10ADE00016ED040AD6ED008A96ED018A284605F094
:10ADF0009CF928468DED070ACDED080A16ED020AEA
:10AE000056ED010A05F091F928468DED090ACDEDC0
:10AE10000A0AB0EE680AF0EE480A05F086F9DDEDA0
:10AE20000A2A9DED092ADDED081A9DED071AF0EEBC
:10AE3000603AB0EE403AB0EE40AAF0EE60AAB0EE52
:10AE4000490AF0EE690A0DA8FFF785F90634BDE757
:10AE50007B7FB97F59434B1C03EB1121C1F30721C1
:10AE60000DA815F085FA074B0D93044612A801F0C2
:10AE70000BF820462AB0BDEC068BBDE8F08700BF7A
:10AE8000000000009453020810B4047F1CB15DF868
:10AE9000044BFFF7E3BE5DF8044BFFF76DBD000008
:10AEA0002DE9F04F91460246054652F8260F85B02F
:10AEB00088465168DDF838B09A4602AB03C3BDF945
:10AEC0000C30002B02AF08DDBDF90E40002C04DD74
:10AED0002E4A127822B1012A2DD005B0BDE8F08F9C
:10AEE000BDF80A301C44A4B226B2BDF90A30B34200
:10AEF000F3DACDE900B753464A4641462846FFF704
:10AF0000C3FF40B9BDF90E30012B04D001335B10F3
:10AF1000ADF80E30EDE7BDF80E20BDF80A30134451
:10AF20009BB21A4412B29642ADF80A30DDDAE31A47
:10AF3000ADF80E30D9E7BDF808401C44A4B226B2E3
:10AF4000BDF90830B342C8DACDE900B753464A46E6
:10AF500041462846FFF798FF40B9BDF90C30012B58
:10AF600004D001335B10ADF80C30EDE7BDF80C20D8
:10AF7000BDF8083013449BB21A4412B29642ADF8A1
:10AF80000830DDDAE31AADF80C30D9E77C34012063
:10AF9000704710B54821044615F0D8FD204610BD75
:10AFA00007B54FF4004201AB0968006805F0D6F917
:10AFB00003B05DF804FB00004FF4B47390FBF3F2B0
:10AFC00002FB13000028B8BFC0185A28094B02DC46
:10AFD00033F810007047B42802DCC0F1B400F7E782
:10AFE000B0F5877FD4BFB438C0F5B47033F8100023
:10AFF00040427047C44C02084FF4345373B590FB81
:10B00000F3F202FB13000028B8BFC018441100F08F
:10B010001F062046FFF7D0FF05460EB902B070BDEF
:10B02000601CFFF7C9FF01AB20223146401B05F031
:10B0300095F92844F2E708B5C0F53460FFF7DCFF66
:10B0400008BD000010B5044600F00AFD084B23605F
:10B050004FF434520023C4E90F234BF20542C4E9F4
:10B060000B33C4E90D33A4F84420A360204610BD7F
:10B07000844D02082DE9F04F8A42804610469946D9
:10B08000A6BF0A4603460B46991A85B0B1F5345F50
:10B09000D8F84040109DA4BF4FF434530022DDE99E
:10B0A0000E76009308F1340A02F1010B002C40F0F7
:10B0B000AF8010460192FFF79FFF03A9039050460F
:10B0C000FFF76EFFD8F82C10019A0844D9F8001049
:10B0D0008142C8BFC9F8000039688842C8BF3860DB
:10B0E0001046FFF7A8FF03A903905046FFF758FF4B
:10B0F000D8F83020101A32688242C8BF30602A68FF
:10B100004FF4346190429BFBF1F201FB12B2A1EBD0
:10B110000202C8BF286092FBF1F001FB10229344A9
:10B12000009B5B452ADB5846FFF766FF03A90390A7
:10B130005046FFF735FFD8F82C201044D9F80020EE
:10B140008242C8BFC9F800003A689042C8BF386060
:10B150005846FFF770FF03A903905046FFF720FF02
:10B16000D8F83020101A32688242C8BF30602A688E
:10B170009042C8BF28600BF5346BD1E7009BABF55C
:10B18000346B5B4527DD1846FFF736FF03A90390B4
:10B190005046FFF705FFD8F82C201044D9F80020BE
:10B1A0008242C8BFC9F800003A689042C8BF386000
:10B1B0000098FFF740FF03A903905046FFF7F0FE09
:10B1C000D8F83020101A32688242C8BF30602A682E
:10B1D0009042C8BF2860D8F82C20D9F800109142BE
:10B1E000C8BFC9F800203A68D8F82C309A42B8BFD6
:10B1F0003B603268D8F830309A42C8BF33602A6862
:10B20000D8F830309A4200DA2B6005B0BDE8F08FF4
:10B210000220013494FBF0F410460192FFF7ECFE9B
:10B2200003A903905046FFF7BBFED8F82C10019AF3
:10B230000844D9F80010031B9942C8BFC9F8003070
:10B2400039688B42C8BF3B60D9F800102044814266
:10B25000C8BFC9F8000039688842C8BF38601046C6
:10B26000FFF7E9FE03A903905046FFF799FED8F8CF
:10B270003020101A3268011B8A42C8BF31602A6828
:10B280009142C8BF2960326820448242C8BF306002
:10B290002A684FF4346190429BFBF1F201FB12B239
:10B2A000A1EB0202C8BF286092FBF1F001FB102263
:10B2B0009344009B5B4540DB5846FFF79DFE03A986
:10B2C00003905046FFF76CFED8F82C201044D9F8B4
:10B2D0000020011B8A42C8BFC9F800103A68914299
:10B2E000C8BF3960D9F8002020448242C8BFC9F8DD
:10B2F00000003A689042C8BF38605846FFF79BFE8E
:10B3000003A903905046FFF74BFED8F83020101ADF
:10B310003268011B8A42C8BF31602A689142C8BFA7
:10B320002960326820448242C8BF30602A68904257
:10B33000C8BF28600BF5346BBBE7009BABF5346BE3
:10B340005B457FF762AF1846FFF756FE03A90390EF
:10B350005046FFF725FED8F82C201044D9F80020DD
:10B36000011B8A42C8BFC9F800103A689142C8BFA1
:10B370003960D9F8002020448242C8BFC9F80000D3
:10B380003B689842C8BF38600098FFF754FE03A995
:10B3900003905046FFF704FED8F830303268181A90
:10B3A000031B9A42C8BF33602A689342C8BF2B6010
:10B3B00033680444A342C8BF34602B689C42C8BFB2
:10B3C0002C6022E730B50446084611461A46B0F90B
:10B3D000083089B05B010493B0F90A3000255B01A5
:10B3E000CDE9063507AB029306AB019305AB00939D
:10B3F00004AB0595FFF73EFE2025049A059892FBC5
:10B40000F5F290FBF5F092B20230801A069B079994
:10B4100093FBF5F391FBF5F19BB20231C91A013AA6
:10B42000013BA080204622806380E18009B030BDCE
:10B4300010B5D1E90E230446FFF7C4FF204610BD26
:10B440002DE9F04FD0E90E65B542A2BF2B46354637
:10B450001E46731B8A46016CB0F92C90B0F930B0CF
:10B46000426BB3F5345FAFB04FF020030446A4BF86
:10B470004FF43456002599FBF3F99BFBF3FB0029AD
:10B4800000F0FF80BAF90000BAF90230A9EB00071A
:10B4900087EAE77CACEBE77CBAF80470ABEB030817
:10B4A000074488EAE870A0EBE870BAF806803FB27B
:10B4B0009844A9EB07070FFA88F8ABEB0808002FB0
:10B4C000B8BF7F42B8F1000FB8BFC8F10008BC4553
:10B4D000CCBF0CF1010701374045C8BF00F101089E
:10B4E00094F8440000F101004FEA60004FF00203BD
:10B4F000C0F15A0091FBF3F1A2EB0102D8BF08F1B1
:10B50000010803930F92FFF757FD2EA908FB08F8D7
:10B5100041F8740D0FA8FFF743FD07FB07874FF0B5
:10B52000200C90FBFCF040438742039B04DA01248B
:10B5300020462FB0BDE8F08F606B216C91FBF3F2D9
:10B54000024492FBFCF2BAF90010BAF804300B4442
:10B550001BB24B45A8BF4B468B42ACBFA9EB0309BE
:10B56000A9EB0109BAF80630BAF902100B441BB274
:10B570005B45A8BF5B468B42ACBFABEB030BABEBB1
:10B58000010B01320BFB0BFB09FB09B9524391453F
:10B59000CDDC0DF13C0921464846A76A04F024FAA7
:10B5A000236820465B6E9847534600904A463946CA
:10B5B00011A814F049FE626B236C0B92B3EB420F9F
:10B5C0000C9307DD022193FBF1F313440C9393FBDF
:10B5D000F1F30B93DDE90B23284603EB42030D93B4
:10B5E00094F84470FFF708FD49460F900DA8FFF747
:10B5F000D7FCE36A4FF0020A90FBFAF000EB030B72
:10B600002846FFF718FD0DF1B8087F0148F8800DB6
:10B610000DA84146FFF7C4FC226B90FBFAF0594697
:10B62000121A11A814F05CFF05F1200A67BBAB46A3
:10B63000B2450C9A33DC0B99504602EB41020D9255
:10B64000FFF7DAFC41460E900DA8FFF7A9FCE26A6D
:10B65000022390FBF3F000EB020B5046FFF7EBFCEC
:10B6600049460F900DA8FFF79BFC226B0223594619
:10B6700090FBF3F0121A11A8D34614F07EFFBA44DF
:10B68000D6E792FBF3F25EE79AFBF7F207FB12A212
:10B69000BA1A92FBF7F107FB11229244C7E75E4505
:10B6A00023DD0B9B304602EB43020D92FFF7A4FC17
:10B6B00041460E900DA8FFF773FCE36A4FF0020AB3
:10B6C00090FBFAF0034430460393FFF7B4FC49467D
:10B6D0000F900DA8FFF764FC226B039B90FBFAF020
:10B6E0001946121A11A814F048FF0C9B9BB9751B40
:10B6F000B5F5345F04DAD4E90B1211A814F03DFF5C
:10B70000FF2111A814F034FE04468A4B119316A8A9
:10B7100000F0BAFB0CE7DDE917239A42C0F007817D
:10B72000731B94F845A00393B3F5345F4FEA4A1AAC
:10B7300043DA3046FFF760FC49460F900BA8FFF74D
:10B740002FFCE36AC31830460593FFF774FC4946A3
:10B750000F900BA8FFF724FC236B06F5B4521B1ABD
:10B760000493069206EB0A03069A934225DA1846DA
:10B770000893FFF741FC49460F900CA8FFF710FC17
:10B78000059B022290FBF2F0C3180793089B0992D5
:10B790001846FFF750FC2EA941F8800D0CA8FFF7C2
:10B7A000FFFB049B099A079990FBF2F211A89A1AE1
:10B7B00014F0E3FE089B5344D6E75E4525DDDDE942
:10B7C0000B233046C3EB42030D93FFF715FC4146B4
:10B7D0000E900DA8FFF7E4FBE36A022290FBF2F063
:10B7E00000EB030930460492FFF725FC2EA941F82F
:10B7F0007C0D0DA8FFF7D4FB236B049A90FBF2F2AB
:10B8000049469A1A11A814F0B8FED9460226A9454D
:10B8100025DBDDE90B234846C3EB42030D93FFF71D
:10B82000EBFB41460E900DA8FFF7BAFBE36A90FBD5
:10B83000F6F000EB030B4846FFF7FDFB0FA90F9056
:10B840000DA8FFF7ADFB226B90FBF6F05946121ADC
:10B8500011A8CB4614F091FEA9EB0709D7E75D4587
:10B8600022DADDE90B232846C3EB42030D93FFF7F1
:10B87000C3FB41460E900DA8FFF792FBE76A022634
:10B8800090FBF6F007442846FFF7D5FB2EA941F8B8
:10B890007C0D0DA8FFF784FB226B90FBF6F0394678
:10B8A000121A11A814F069FE039BB3F5345FBFF6BA
:10B8B00027AF2846FFF7A0FB2EAE4FF0020B46F84D
:10B8C0007C0D0BA83146FFF76BFBE36A00EB030925
:10B8D0002846FFF7B0FB31460F900BA8FFF760FB3F
:10B8E000236BA5F5B454A3EB00085444A5427FF79D
:10B8F00007AF2046FFF780FB31460F900CA8FFF7FB
:10B900004FFB90FBFBF000EB09072046FFF793FB92
:10B910000EA90E900CA8FFF743FB394690FBFBF2F3
:10B9200011A8A8EB020214F028FE5444DEE700241C
:10B93000EBE600BF945302087FB503680D4604464A
:10B9400001469B6E02A89847286869686B4603C346
:10B9500068461946FCF7C4FEA06A88B10368211D39
:10B96000DB68984760B1BDF90430002B08DDBDF9F4
:10B970000650002D04DD2B4A12781AB1012A29D075
:10B9800004B070BDBDF802301D44ADB22EB2BDF999
:10B990000230B342F4DA23686946DB6E20469847EA
:10B9A00040B9BDF90630012B04D001335B10ADF86E
:10B9B0000630F0E7BDF80620BDF8023013449BB214
:10B9C0001A4412B29642ADF80230E0DAEB1AADF842
:10B9D0000630DCE7BDF800501D44ADB22EB2BDF913
:10B9E0000030B342CCDA23686946DB6E20469847C4
:10B9F00040B9BDF90430012B04D001335B10ADF820
:10BA00000430F0E7BDF80420BDF8003013449BB2C9
:10BA10001A4412B29642ADF80030E0DAEB1AADF8F3
:10BA20000430DCE77C3401201FB50368044601467E
:10BA30009B6E684698470021B4F90820B4F90A3093
:10BA40000291684602A9ADF80C20ADF80E30FCF763
:10BA500047FE236869461B692046984704B010BD1D
:10BA6000012180F825100B4901600022FF2182800E
:10BA7000C280028142818281C28102824282C0E907
:10BA80000522C2610284428480F8242080F82610B6
:10BA900082627047FC4D020800238380C3800380CC
:10BAA000438091F82630FF2B01BF0B8983804B899F
:10BAB000C380704737B50446086849686B4603C3BE
:10BAC00023686946DB6A20469847084B1B6893F851
:10BAD00058200AB1D86C00B998680368A26A1D6A38
:10BAE00094F826306946A84703B030BD843401205D
:10BAF000704710B52C21044615F028F8204610BDDB
:10BB000090F826202AB190F8252012B103685B69CD
:10BB10001847704790F82C00704770B50B88C385A4
:10BB20000546138825F8303F0446284605F070FF87
:10BB30000646284605F0A0FF236805463146204604
:10BB40009B6B9847236829462046DB6BBDE8704015
:10BB5000184710B50446806A50B10368DB689847FF
:10BB600030B1A06A036821469B68BDE810401847C1
:10BB700010BD10B591F83230FF2B044606D00023DB
:10BB8000038043808380C380204610BD91F82C3011
:10BB90001BB1303105F0A4FFF6E72E31FAE70000C3
:10BBA0002DE9F04190F82C308AB004468846002BED
:10BBB00066D0038EADF8143005A805F029FF0746BE
:10BBC00005A805F059FFB8F90060B8F80420324420
:10BBD00092B200230FFA82FC9C45069352DDB742D5
:10BBE00050DDB8F90250B8F806302B449BB219B2B8
:10BBF000002947DDA84245DD6745B8BFBAB2884293
:10BC000026EAE67625EAE575B8BF83B2921B5B1B90
:10BC1000ADF81C20ADF81E30ADF81860ADF81A5024
:10BC2000BDF814204FF6FF739A4226D0BDF91C30A0
:10BC3000002B22DDBDF91E30002B1EDD0023CDE9D7
:10BC40000833236808A9DB6A204698470F4B1B6816
:10BC500093F858200AB1D86C00B998680168BDF90A
:10BC60002230BDF920200125029594F8324001943C
:10BC700006AC00948C6805A9A0470AB0BDE8F08125
:10BC8000C38D97E700230793CAE700BF84340120E0
:10BC900090F832202AB190F8252012B103685B6930
:10BCA00018477047704710B54821044614F04EFFFE
:10BCB000204610BD2DE9F0438DB004460F46FFF736
:10BCC0006FFF554A238F12889A4240F28280534D6B
:10BCD0002A6812F81320524B1B6853F82260B4F9FB
:10BCE00046300022CDE9032294F84420032A11D8DB
:10BCF000DFE802F002797289B4F90A20B4F9081079
:10BD0000D21A0220ADF8101092FBF0F2ADF812300A
:10BD1000ADF80E200DF10C0898E803000DF11409A0
:10BD200089E8030039464846FCF7DAFCBDF91830CB
:10BD3000002B4EDDBDF91A30002B4ADDBDF8143062
:10BD4000BDF80C209B1AADF81430BDF80E20BDF8DC
:10BD500016309B1AADF8163023684146DB6A204640
:10BD6000984794F82C30002B53D0226C218F2B68ED
:10BD700094F8320094F8444003EB41035B78099255
:10BD8000C3F30105C3F381038DF821300023ADF81F
:10BD900028308DF82B308DF82C30224B07961B68FD
:10BDA0008DF8205093F858208DF822408DF82A0005
:10BDB0000AB1DC6C04B99C681B4B1868F7F762FB8E
:10BDC00007AB0190009398E806004B462046F7F732
:10BDD0000BFB0DB0BDE8F083B4F90A20B4F90810EC
:10BDE000D21A01328DE7B4F90820B4F90A10D21A38
:10BDF00001320220ADF8103092FBF0F2ADF81210D3
:10BE0000ADF80C2086E7B4F90820B4F90A10D21A6C
:10BE1000EFE7E26BAAE700BFE0340120DC34012049
:10BE2000E434012084340120E834012010B50121DC
:10BE3000134C80F82510002280F8241004604FF67F
:10BE4000FF71104C8280C280028142818281C28156
:10BE500002824282C0E90522C26102844284826277
:10BE600080F82C20C185018680F832104463018758
:10BE7000C0E90F2280F84420A0F8462010BD00BF82
:10BE8000DC4E02084C430208704710B530210446CE
:10BE900014F05CFE204610BD10B5044600F096FE7E
:10BEA000E06000F099FEE3682361C008002247F6D5
:10BEB000FF7101386060A260198059809A80DA8031
:10BEC000636A23F0010343F00203636210BD0000C4
:10BED00010B50A4B03600023C0E90133C0E9033306
:10BEE000C0E90533C0E9073343626FF000430446FD
:10BEF000C0E90A33FFF7D0FF204610BD504F0208BB
:10BF00002DE9F04F93B056111C9C059304F01F05CA
:10BF10005311049565110393AE424FEA64130693DF
:10BF200002F01F0340F0F880049C059AA3424FEAF8
:10BF3000621E026925D1B2F900309E4503D1B2F9E3
:10BF400002309E4235D0D18893880B4310D0B2F98D
:10BF50000230002B0CDBC16A8B4209DAD0E90113F5
:10BF60008B4238BF083203F1010338BF026183609E
:10BF70000369039AA3F800E05A8000229A80DA80CD
:10BF800017E0059CB2F80480B2F806A004F01F0484
:10BF90004E110294049C764501F01F0CA4EB03049F
:10BFA0000AD1029B9C44A04404FB0CA4A2F8048088
:10BFB000D48013B0BDE8F08F059D691A5BBFCCF14A
:10BFC00020056C430025202544BF04FB0CF44942A6
:10BFD0000195019F94FBF1F501FB154454BF4FF00F
:10BFE00001094FF0FF39002CB8BF05F1FF35BC4403
:10BFF000A84405FB0CACA2F80480A2F806C0D0F857
:10C0000010C0BCF80680BCF80420B8BF641858EA19
:10C0100002024E4411D0BCF90280B8F1000F0CDBD3
:10C02000C26A904509DAD0E9012890453CBF0CF17D
:10C030000802026108F101028260D0F810C0BDF967
:10C040000C20ACF800600027B645ACF80220ACF834
:10C050000470ACF806702B444DD0049FFF1A3D4489
:10C060006D0195FBF1F801FB1855002DB8BF08F1E3
:10C07000FF3808F10107B8BF6D18641A03974FF035
:10C08000000AD0F810C0641958BF039FBCF804B070
:10C0900048BF4746BB44ACF804B0BCF806B00BEB55
:10C0A000471BACF806B0D0F810C03B44BCF806B053
:10C0B000BCF8047058BF641A5BEA07074E4411D0FD
:10C0C000BCF902B0BBF1000F0CDBC76ABB4509DA53
:10C0D000D0E9017BBB453CBF0CF1080707610BF1C0
:10C0E000010787600769B6453E807A80A7F804A0FB
:10C0F000A7F806A0C5D1049AD31A02699188D688F8
:10C1000019449180029901F1200C0199ACEB010CCA
:10C1100003FB0C63D3804CE7059DA21AA5EB010538
:10C120000895029240F12881039A002AFFF641AF58
:10C13000029A52420292069A42EAE2724FF0FF34A9
:10C1400006922A460B945A430024029D0194029CB5
:10C1500092FBF4F405FB1422002A0792BCBF52198B
:10C160000792019A0569B8BF04F1FF3404EB010995
:10C170009A424FEA691640F01281B5F900309E42AA
:10C1800004D1B5F90230039A9A421BD0EA88AB88F1
:10C19000134310D0B5F90220002A0CDBC36A9A427F
:10C1A00009DAD0E901329A4238BF083502F10102BA
:10C1B00038BF056182600369039A5A8000221E809D
:10C1C0009A80DA800B9B039A01691A44B1F9003016
:10C1D000B34203D1B1F902309A421AD0CC888B888D
:10C1E000234310D0B1F90240002C0CDBC36A9C42FF
:10C1F00009DAD0E901349C4238BF083104F1010466
:10C2000038BF01618460036900211E805A809980D3
:10C21000D980069B934200F08280089B029C029981
:10C220005B0193FBF1F104FB1133002B03910893A5
:10C2300004DA4B1E0393089B23440893079B02993F
:10C240005B1A0793019BC3F120030E930E99019B88
:10C250005B1A4F460A930026DDE907315B1858BF89
:10C26000029907935DBF5B1A0793039B039958BF1D
:10C27000591C8944002A4FEA691A2EDBC36A93428B
:10C280002BDD019C0569A0460E9CB5F904C0B5F9EB
:10C2900006E0A04540F04F81B5F90010514503D1AB
:10C2A000B5F90210914218D05CEA0E010FD0B5F931
:10C2B000021000290BDB8B4209DDD0E901319942E4
:10C2C00038BF083501F1010138BF0561816003699C
:10C2D000A3F800A05A809E80DE800B9B01691A445F
:10C2E000CC888B88234310D0B1F90240002C0CDBA2
:10C2F000C36A9C4209DAD0E901349C4238BF083154
:10C3000004F1010438BF016184600369A3F800A04F
:10C310005A809E80DE80069B93424F469CD1019BB3
:10C320000769C3F12006059B4FEA631E049B9E42EA
:10C3300040F0CC81B7F900309E4504D1B7F9023006
:10C340009A423FF436AEF988BB880B4310D0B7F958
:10C350000230002B0CDBC16A8B4209DAD0E90113F1
:10C360008B4238BF083703F1010338BF0761836090
:10C370000369A3F800E0FFE5C26A039CA242FFF64E
:10C3800018AE069CA242B8BF0132089CB8BF069204
:10C39000C3F12002624301240B942024D5E609F066
:10C3A0001F024FEA61180C92019AB5F804E0B5F843
:10C3B00006A0B04501F01F01A2EB030208D10C9BBF
:10C3C0001944964402FB01A1A5F804E0E980F9E6CE
:10C3D000002CC0F2A9800127C1F1200C0A9702FBB2
:10C3E0000CF22027099792FBF4FC099F04FB1C2206
:10C3F000002AB8BF0CF1FF3C39440CFB01A1E980D5
:10C40000E6440A99A5F804E008EB01050169B1F8D2
:10C410000680B1F804E0B8BF121958EA0E0710D030
:10C42000B1F902E0BEF1000F0BDBC76ABE4508DAC6
:10C43000D0E9017EBE453CBF083101610EF101012A
:10C4400081600169BDF90C800D804FF0000EAE4295
:10C45000A1F80280A1F804E0A1F806E0634454D0FA
:10C460000199C91A6144490191FBF4FE04FB1E11B4
:10C470000029B8BF0EF1FF3E0EF10107B8BF091940
:10C48000121B0D97D0F810A00A9FBAF804B05218EA
:10C4900054BFDDF834C0F446E344AAF804B0BAF857
:10C4A00006B00BEB4C1BAAF806B06344D0F810C0E2
:10C4B000BCF806B0BCF804A058BF121B3D445BEAB0
:10C4C0000A0714D0BCF902A0BAF1000F0FDBC76A4B
:10C4D000BA450CDAD0E9017ABA4538BF0CF1080C3C
:10C4E0000AF1010A38BFC0F810C0C0F808A0D0F89F
:10C4F00010C04FF00007AE42ACF80050ACF802801C
:10C50000ACF80470ACF80670BCD10469019A0C99BF
:10C51000D31AA2881A44A280099A2031891AE28883
:10C5200003FB0123E3804DE64FF0FF370A974A43B0
:10C530006442002756E74FEA671809F01F03D04509
:10C5400007F01F070F931FFA8CFC1FFA8EFE0AD10B
:10C550000A9B9C440F9BA5F804C01F440A9B03FB45
:10C5600007E7EF80B9E60029C0F2A8800A9CC7F16E
:10C570002003634301240D9420240C9493FBF1F4D5
:10C5800001FB143B0C9BBBF1000FB8BF04F1FF345F
:10C590001F4404FB07E7A444A5F804C0EF80D0F8CB
:10C5A00010C00D9BBCF806E0BCF80470B8BF8B440B
:10C5B00008EB03055EEA070311D0BCF902E0BEF107
:10C5C000000F0CDBC76ABE4509DAD0E9017EBE4523
:10C5D0003CBF0CF1080707610EF10107876007698E
:10C5E00013B210937B800E9B3D805545BE80FE802C
:10C5F00004EB030C51D0019BA3EB0C073C446401FA
:10C6000094FBF1F801FB1844002CB8BF08F1FF3887
:10C61000ABEB010308F10107B8BF64180993119748
:10C62000099BD0F810E01B1958BF119FBEF804B049
:10C63000099348BF4746BB44AEF804B0BEF806B005
:10C640000BEB471BAEF806B0D0F810E0BC440D9FD2
:10C65000BEF806B03D44BEF804705CBF5B1A099397
:10C660005BEA070311D0BEF902B0BBF1000F0CDB8F
:10C67000C76ABB4509DAD0E9017BBB453CBF0EF177
:10C68000080707610BF1010787600769109B3D8070
:10C6900055457B80BE80FE80C2D1019B0F9FA3EBDE
:10C6A0000C0C03699988614499800C9920377F1A92
:10C6B000D9880CFB071CA3F806C00EE60A9B4FF0B6
:10C6C000FF340D947B434942002456E70599B7F89F
:10C6D0000480B7F806A001F01F014FEA691B029120
:10C6E0000499F34509F01F0CA1EB060408D1029B45
:10C6F0009C44A04404FB0CA4A7F80480FC8058E4EC
:10C700000599B1EB09015BBFCCF120056C43002515
:10C71000202544BF04FB0CF449420195019B94FB86
:10C72000F1F501FB154454BF4FF001094FF0FF39FB
:10C73000002CB8BF05F1FF359C44A84405FB0CACA8
:10C74000A7F80480A7F806C0D0F810C0BCF806808F
:10C75000BCF80470B8BF641858EA07070BEB09036C
:10C7600011D0BCF90280B8F1000F0CDBC76AB845E4
:10C7700009DAD0E90178B8453CBF0CF10807076138
:10C7800008F10107876007694FF0000C12B29E455F
:10C790003B807A80A7F804C0A7F806C02E444DD08D
:10C7A000049FBF1B3D446D0195FBF1F801FB18553B
:10C7B0006545B8BF08F1FF3808F10107B8BF6D182B
:10C7C000641A03974FF0000AD0F810C0641958BFDC
:10C7D000039FBCF804B048BF4746BB44ACF804B064
:10C7E000BCF806B00BEB471BACF806B0D0F810C095
:10C7F0003E44BCF806B0BCF8047058BF641A5BEA4B
:10C8000007074B4411D0BCF902B0BBF1000F0CDBA1
:10C81000C76ABB4509DAD0E9017BBB453CBF0CF1D7
:10C82000080707610BF10107876007699E453B8098
:10C830007A80A7F804A0A7F806A0C5D1049B9E1B88
:10C8400003699A8832449A80029A02F1200C019A74
:10C85000ACEB020CDA8806FB0C26DE80FFF7A9BBE6
:10C86000436A9B07F7B50E46154611D5D0E9051268
:10C8700086EA010785EA02033B4309D03346009567
:10C88000FFF73EFB436AC0E9056543F001034362DD
:10C8900003B0F0BDF8B5436A15469A0704460E4644
:10C8A00001D4FFF7F9FA636ADB0704D5D4E907126C
:10C8B0002046FFF7D5FF2369B3F90020701190429D
:10C8C0004FEA651103D1B3F9022091421AD0DF88F3
:10C8D0009A883A4310D0B3F90220002A0CDBE76AA9
:10C8E000BA4209DAD4E90172BA4238BF083302F118
:10C8F000010238BF2361A260236900221880598099
:10C900009A80DA806661C4E906562562F8BD2DE991
:10C91000F047D0B06C4600EBC10127460D1A482DF8
:10C9200000F1080340F3D5802D1100EBC502B0F9EA
:10C9300000901668B0F9028006605668B0F906C02B
:10C94000B0F904E0466020F83590A2F80280A2F821
:10C9500004E0A2F806C031F9065CB0F90AC06545EA
:10C96000A1F1080206DB19D1B0F9086031F9085CC1
:10C97000AE4213DD0E46B0F9089056F8085DB0F9E6
:10C980000C80B0F90EE01D6075685D6021F8089CB0
:10C9900021F806CC21F8048C21F802ECB0F90260F1
:10C9A000B0F90A50AE4206DB16D1B0F900C0B0F9BA
:10C9B0000850AC4510DA1D68B0F9008005605D686C
:10C9C000B0F904E0B0F906C0A0F8088045604681DF
:10C9D000A0F80CE0A0F80EC031F9065CB0F902C076
:10C9E000654506DB19D131F9086CB0F90050AE424B
:10C9F00013DA0E46B0F9009056F8085D0560B0F9FC
:10CA00000480B0F906E07568456021F8089C21F8BB
:10CA100006CC21F8048C21F802EC0833B0F902C0EE
:10CA2000B3F902E0E645F8DB05D1B3F90060B0F9EF
:10CA30000050AE42F1DB1546083AB2F90260B44547
:10CA4000F9DB05D1B0F90080B2F90060B045F2DB46
:10CA50009342A5F1080616D8D6F800C0B3F900A095
:10CA6000C3F800C0B3F90490B3F90680D6F804C047
:10CA7000C3F804C025F808AC25F806EC25F8049C9A
:10CA800025F8028CC9E7D6F800E0B0F900A0C0F89C
:10CA900000E0B0F90490B0F90680D6F804E0C0F8E0
:10CAA00004E025F808AC25F806CC25F8049C25F808
:10CAB000028CCD1A161AED10B5EBE60FB5BFC4E91E
:10CAC0000002C4E900310A460346083418461146FC
:10CAD00024E7994228D9A3F11002B2F912C0B2F9A1
:10CAE0000A50AC4506DB1DD1B2F91060B2F908500E
:10CAF000AE4217DA1546B2F9109055F8086F166174
:10CB00006E68B2F91480B2F916E0A2F80890A84253
:10CB10005661A2F80AC0A2F80C80A2F80EE0A2F1B9
:10CB20000802DAD10833D4E7BC4203D954E9020140
:10CB3000083CF3E650B0BDE8F08710B5436ADA0769
:10CB4000044607D5D0E90712FFF78AFE436A23F0AF
:10CB500001034362636A9B0721D52369D9889A88B8
:10CB60000A4310D0B3F90220002A0CDBE16A8A42A2
:10CB700009DAD4E90112914288BF083302F10102B7
:10CB800088BF2361A260A16829B16368994202D875
:10CB9000E068FFF7BCFE636A23F002036362E068AB
:10CBA00010BD0000024B1860024B1960704700BFB7
:10CBB0008C34012090340120024A00231360024A81
:10CBC000136070478C34012090340120014B1868A9
:10CBD000704700BF8C340120014B1868704700BFBC
:10CBE0009034012010B50368DB6A0C469847031B9C
:10CBF0005842584110BD0000014B1960704700BFFA
:10CC0000943401202DE9F04F9646054614460E4611
:10CC10001F46BEE80F0097B00DF11C0CACE80F00EA
:10CC2000DEF80030CCF8003004F1140EBEE80F003E
:10CC30000DF1300CACE80F00DEF80030CCF800301D
:10CC400004F1280EBEE80F000DF1440CACE80F0013
:10CC50009DF88C90BDF890A0BDF88880DEF800307B
:10CC6000CCF80030219A2B680192CDE9039A209AE2
:10CC70000092CDF80880D3F83CB007AA3B46314675
:10CC80002846D847A646BEE80F000DF11C0CACE8BC
:10CC90000F00DEF80030CCF8003004F1280EBEE8BA
:10CCA0000F000DF1300CACE80F003C34DEF8003022
:10CCB000CCF800300FCC0DF1440CACE80F00236829
:10CCC000CCF800302B68CDE9039A219A0192209A82
:10CCD0000092CDF80880DC6B07AA3B463146284617
:10CCE000A04717B0BDE8F08F2DE9F04F8DB0884612
:10CCF0001699D3F800C00F68BDF8704092ED094A4C
:10CD0000D2ED0B4AD3ED076A1899DDF864A0B1F9AA
:10CD10000090BAF90010D3ED0A1A93ED0D2AA7EB93
:10CD20000C07BC42A8BF3C4607EE904AB8EEE75A53
:10CD3000D2ED0D7A25EE044A65EE244A25EE275AF7
:10CD4000F7EE007A87EEA67A09EB0C0E714571EECC
:10CD5000A40A32EE051A36EE840A61EE871A22EE34
:10CD6000072A40F38D80A1EB0E0696FBF4F507EE43
:10CD7000105AB8EEC77A002D04FB1566A7EE040A18
:10CD8000E7EE240AA7EE051A13DD70EE446A70EE92
:10CD9000E41AF5EE406AF1EE10FA18BF87EEA67AB3
:10CDA00031EE452A08BFB0EE677A61EE871A22EEAF
:10CDB000072A05FB04F2BF1A9444BAF80420114470
:10CDC00009EB0C023A4409B28A42C4BFA1EB090242
:10CDD000A2EB0C07002F50DD97FBF4F104FB11725E
:10CDE0000AB901392246C7EE803A40680B90D0F864
:10CDF00000A0179808909DF86CB01898CDF824B052
:10CE0000B0F902B05B690B985B44F0EE426A60EEE9
:10CE1000A32A21EE233A72EEE17AFEEEC86AFEEE14
:10CE2000C87A079317EE907A73EE427AB0EE617A81
:10CE3000FEEEC87A16EE903A97FBF4F717EE90CA1A
:10CE4000BEEEC87A9CFBF4FC0CFB0633029317EE93
:10CE5000103AB64404FB05E5CDE9037C07FB063731
:10CE6000CDE90585CDE900470029CCBFA146914613
:10CE7000A9EB0603DAF80840A0470DB0BDE8F08F33
:10CE800000252E4699E700002DE9F04FDBB01D4646
:10CE9000BDF898310A939DF89C310B93BDF8A031F1
:10CEA000109303680F915F6C099014462946DDE9E1
:10CEB0000A23DDF894B1B847099B5860002800F0B8
:10CEC000A1832B6814936B681593C44B94ED027A7D
:10CED0001978D5E90223F2EE047A0029B4EEE77A54
:10CEE00016BF194611461346F1EE10FA1691CDE918
:10CEF000173240F2878394ED077AB4EEE77AF1EEC9
:10CF000010FA40F27F8394ED0C7AB4EEE77AF1EEFA
:10CF100010FA40F277832268B14B9A42C0F27283D2
:10CF2000B04963698A4200F36D8303F51C33AE4850
:10CF3000FF33834200F26683A36AAC4D03F51C33D2
:10CF4000FF33AB4200F25E83626802F51C33FF33AD
:10CF5000834200F25783A16901F51C33FF338342FA
:10CF600000F25083E36A03F51C30FF30A84200F260
:10CF700049838A4280F210819A4200F319819942D2
:10CF800080F21D8102250127A946B8464FF0000A0C
:10CF9000214649A804F074FA2246534649A9CDF81F
:10CFA000009019A804F09CFB2246534649A9CDF8ED
:10CFB000008029A804F094FB4346224649A9CDF8F5
:10CFC000009039A804F08CFBAF42B5BF00230123C9
:10CFD0000E930E930F9B93E8030012AFB9BF29ADD8
:10CFE00019AC19AD29AC87E8030028B9804B186843
:10CFF0000368DB6A98473860649BBBF80600B3F9A6
:10D0000002300C930C9963692F9A0B44BBF9021000
:10D01000084400B283420D9080F2DD808B4208DA32
:10D02000002A06DDCB1A9A42C0F2E480002B00F3FE
:10D03000E28067690C9B3B441F460D9BDF1B9742B8
:10D04000A8BF17460DF15008002F40F36681649B7E
:10D050002968B3F90020BBF90030206811449942D7
:10D060001ADDBBF804100B4402441BB29A4213DCD5
:10D07000099B109A1B6806920B9A05920A9A0095D2
:10D08000CDE903B2649A0998CDE9018212A9D3F8D7
:10D09000489049AA2346C847D4E900231A44636943
:10D0A00094ED0A7AD4ED0B7AD4ED0E6AA16894ED72
:10D0B000086A226001336361A36937EE277A013B76
:10D0C000D4ED0D7AA361236984ED0A7A77EEA67A0E
:10D0D000D4ED076AC4ED0D7A0B44E168236176EE66
:10D0E000866A8B42C4ED076A15DB94ED096A76EE19
:10D0F000266A0132C4ED076AD4ED0C6A226036EE6E
:10D10000877A5B1A84ED0A7A94ED0F7A236177EEC1
:10D11000277AC4ED0D7AD5E900231A446B6995EDA1
:10D120000A7AD5ED0B7AD5ED0E6AA96895ED086AF5
:10D130002A6001336B61AB6937EE277A013BD5ED8D
:10D140000D7AAB612B6985ED0A7A77EEA67AD5ED7B
:10D15000076AC5ED0D7A0B44E9682B6176EE866AA5
:10D160008B42C5ED076A15DB95ED096A76EE266AF6
:10D170000132C5ED076AD5ED0C6A2A6036EE877A72
:10D180005B1A85ED0A7A95ED0F7A2B6177EE277A97
:10D19000C5ED0D7A013F57E7994213DC9A4214DA44
:10D1A00002250327A9464FF000084FF0010AEFE6D9
:10D1B00001250027A946B8464FF0020AE8E60125F6
:10D1C0000227E1E600250127F4E7022703254FF0B7
:10D1D0000009B846E9E7134628E700BF7C34012080
:10D1E000018FFDFF00710200FFE10400FEE1040079
:10D1F0008434012013462B991191DDE9290ADDE9D8
:10D200002C812E9FDDED344A9DED337A9DED374A1A
:10D21000DDED367ADDED313ADDED306A9DED325AE5
:10D22000DDED355A9DED386A9E469C464FF000096B
:10D23000BCF1000F47D103EB070CD71AB9F1000F6F
:10D2400009D0CDE92EC729908DED337ACDED367A10
:10D25000CDED306A2D911B991191DDE9190ADDE9B7
:10D260001EC7DDE91C91DDED244ADDED236A9DED4D
:10D27000274A9DED267ADDED213ADDED207A9DED00
:10D28000225ADDED255A9DED286A4FF00008BEF1C7
:10D29000000F31D0119E31444945504476EEA46AC6
:10D2A00037EE047A77EEA37A08DB77EE857A76EEAE
:10D2B000A56A37EE067A0130A1EB09010EF1FF3EB7
:10D2C0004FF00108E3E7119E31444145504437EEE9
:10D2D000247A77EE847A76EEA36A08DB76EE856AA6
:10D2E00037EE257A77EE867A0130A1EB08010CF152
:10D2F000FF3C4FF001099BE79C44FF1AB8F1000F77
:10D3000009D0CDE91EC71990CDED236A8DED267A9F
:10D31000CDED207A1D91D21A8BE60E9B3F9A002B01
:10D3200000F0D18019AD39AC649BBBF80600B3F9AD
:10D3300002300C930C9963690B44BBF9021008444A
:10D3400000B283420D9080F2C1808B4208DA002A3D
:10D3500006DDCB1A9A42C0F2BB80002B00F3B980E5
:10D3600067690C9B3B441F460D9BDF1B9742A8BF80
:10D3700017460DF15008002F40F33C81649B29684B
:10D38000B3F90020BBF900302068114499421ADD3E
:10D39000BBF804100B4402441BB29A4213DC099BF5
:10D3A000109A1B6806920B9A05920A9A0095CDE98D
:10D3B00003B2649A0998CDE9018212A9D3F8489082
:10D3C00049AA2346C847D4E900231A44636994ED67
:10D3D0000A7AD4ED0B7AD4ED0E6AA16894ED086A4E
:10D3E000226001336361A36937EE277A013BD4EDF4
:10D3F0000D7AA361236984ED0A7A77EEA67AD4EDDB
:10D40000076AC4ED0D7A0B44E168236176EE866A03
:10D410008B42C4ED076A15DB94ED096A76EE266A45
:10D420000132C4ED076AD4ED0C6A226036EE877AC9
:10D430005B1A84ED0A7A94ED0F7A236177EE277AEE
:10D44000C4ED0D7AD5E900231A446B6995ED0A7A8B
:10D45000D5ED0B7AD5ED0E6AA96895ED086A2A60BC
:10D4600001336B61AB6937EE277A013BD5ED0D7A5D
:10D47000AB612B6985ED0A7A77EEA67AD5ED076A5E
:10D48000C5ED0D7A0B44E9682B6176EE866A8B4216
:10D49000C5ED076A15DB95ED096A76EE266A01325D
:10D4A000C5ED076AD5ED0C6A2A6036EE877A5B1AFD
:10D4B00085ED0A7A95ED0F7A2B6177EE277AC5ED27
:10D4C0000D7A013F57E739AD19AC2DE7134644E714
:10D4D0001346DDE9390A3B9EDDF8F8C09DED437A3D
:10D4E000DDED444ADDED467A9DED474ADDED406ACB
:10D4F000DDED413A3D99DDF8F0809DED425ADDEDDC
:10D50000455A9DED486A0E969E461F464FF000090B
:10D51000002F46D19C44D71AB9F1000F09D0CDE9AC
:10D520003EC739903D91CDED406A8DED437ACDED0A
:10D53000467A1B990E91DDE9190ADDE91EC7DDE97E
:10D540001C91DDED244ADDED236A9DED274A9DED1A
:10D55000267ADDED213ADDED207A9DED225ADDEDD2
:10D56000255A9DED286A4FF00008BEF1000F30D01B
:10D570000E9E31444945504476EEA46A37EE047A53
:10D5800077EEA37A08DB77EE857A76EEA56A37EE3A
:10D59000067A0130A1EB09010EF1FF3E4FF00108C0
:10D5A000E3E70E9E31444145504437EE247A77EE4E
:10D5B000847A76EEA36A08DB76EE856A37EE257A02
:10D5C00077EE867A0130A1EB0801013F4FF00109A7
:10D5D0009EE79C44FF1AB8F1000F09D0CDE91EC7A1
:10D5E0001990CDED236A8DED267ACDED207A1D912F
:10D5F000D21AB5E60F9B1B6823B9044B1868036861
:10D600001B6B98475BB0BDE8F08F00BF84340120EE
:10D6100070B504469DF81C600598616000259DF872
:10D6200010106382BDF91830258021726672E060A7
:10D630002282A382E58225836583A583E5832584F1
:10D6400084F822502EB303685B699847064600B3FE
:10D65000E06803683146DB6898470546C8B1437BFC
:10D66000827A5B0003F4807313432384637A062B6E
:10D670000FD1E06803682A465B6C314698476B7BA4
:10D680005B0003F48072AB7A13431844238C184474
:10D690002084204670BD2DE9F04F002485B08146DE
:10D6A000884692469B4627462546264654452ADA12
:10D6B000002303934FF6FF639D4204D042F20B0315
:10D6C0009D4218BF2F4603AB42465946484603F0D9
:10D6D000EDFC0546B8B10A2815D0039A8AB1507BF3
:10D6E000937A9588400000F4807003430193D8F842
:10D6F000003039465B6C40469847019B184406440D
:10D70000B6B20134D2E7304605B0BDE8F08F022A48
:10D7100030B511D0032A1CD0012A0CD18B88018886
:10D72000B0F90420448804805B1A9B1AB0F90610F3
:10D7300043808180C28030BDCB8842889B1AC288DA
:10D740009B1A8A8801884380521A8188521A028063
:10D75000F1E7CB884188B0F90620B0F90050B0F964
:10D76000044045805B1A9B1A03808280C480E2E7F4
:10D770002DE9F04F9FB00F921293299A299B2A9D71
:10D7800012889B880E901344286817911BB211933E
:10D7900003689DF8ACB05B6D9DF8B84098472B6866
:10D7A00013901A7BDB7A15921693BDF9A060002CBA
:10D7B00067D02B7C2D9A062B14BF01230223134420
:10D7C0004FF000091093CDF834904C46CDF83090CE
:10D7D0000D9B109A934280F28B800023CDE91C337D
:10D7E0008DF86F304FF6FF639C4206D00C9B42F2DF
:10D7F0000B02944218BF23460C930D9B2D992A6867
:10D800008B4240DB136810465B69984704462868E2
:10D8100003681DAA9F6821460DF16F03B8471C904D
:10D820004FF6FF639C4200F0EA8042F20B039C42F9
:10D8300000F0E580002C00F00C810A2C5ED01C9AD0
:10D840006AB39488BBF1000F3AD092F80D904FEA7A
:10D85000490909F4807392F80A90BBF1010F49EA73
:10D86000030933D10C9BA6EB0906002B4DD1159A69
:10D8700009EB06031344299AB2F9002093424EDAC9
:10D8800036E02D9B9CE70DF16F0301931DAB0093D8
:10D8900059461CAB2C9803F052FC0446C0E728689C
:10D8A00003681B6998474FF6FF63984200F0A78012
:10D8B00042F20B03984200F0A280BBF1000F00D1AE
:10D8C0004E441C9A002AC0D1914698E00C9B002B34
:10D8D00000F0C180BBF1000F17D128680C990368D4
:10D8E0005B6C98470644169B119AF31A934216DD17
:10D8F000002C00F0AE800A2C40F09C800A24B4FA80
:10D9000084F040091FB0BDE8F08F28680C990368C7
:10D910005B6C9847BBF1010FA6EB0006A7D01C98E3
:10D92000299B90F90910B3F90080437B5B0103F454
:10D9300080728379314413430B4443455FDB119B71
:10D9400099425CDA28680368B045C8BFA8EB0608AE
:10D950001B6BCCBF1FFA88F84FF0000898471C9A41
:10D96000537BD90001F48077117A39435F06129F07
:10D9700044BFA1F5007109B2C7197F1A2999BFB236
:10D98000B1F902100FFA87FA51453CDD1B01D0793D
:10D9900003F4807303439A44514530DCCF1B3FB2FC
:10D9A0008A461992139A1D9B2868002A2DD1189334
:10D9B0000E9B1968CB6C01681493096C8847A97990
:10D9C0000B91A97B0A919DF86F100991A968189B8A
:10D9D0000693BFB2CDE90287299B0493B044CDE9F9
:10D9E00007010FFA88F30093199A0F9B0592CDF85F
:10D9F00004A01A6817995B680E98149FB8470D9B8E
:10DA000001330D93E4E60027CBE70E9AD2F808C065
:10DA1000129ADCF80010CDE90462AA790392AA7B7D
:10DA20000292AA68CDE90002299A8F680F99604690
:10DA3000B847E4E70D9D2D9B01359D42BFF65FAFD2
:10DA400059462C98F5F78CFC044610B10A28F2D1FF
:10DA500054E7002453E7BBF1000F3FF444AF5EE707
:10DA600030B5C48A458B43832C44E41AC482838B2B
:10DA7000048B22440C44591AC2830483818330BD31
:10DA80002DE9F04F0446478AC068036885B09B6B58
:10DA90009847B4F91460637A06EB4006B74203F185
:10DAA000FF33ACBF4FF000094FF00109052B04D83C
:10DAB000DFE803F054080E474C4C0025A9462E46DB
:10DAC0002F460DE0B742B4BF002601260025F7E738
:10DAD000B7424D464FF00009B4BF002601264F461D
:10DAE0004FF00008A4F81680A4F81880CDF8048040
:10DAF000002303932388202B34D042F20B015A1ABF
:10DB0000D2F1000A4AEB020A4FF6FF62934209D0B3
:10DB10008B42019A18BF1A4601920CBF4FF0010ABE
:10DB20004FF0000A03ABE268217A606803F0BEFAA6
:10DB30002080D8B9A28B002311462046FFF790FF22
:10DB40006EE00025A9462E460127C9E7B7424FF0EF
:10DB50000005B4BF002701272E46C1E70025A946CE
:10DB60000126ADE701934FF0010ADBE7638B0A283A
:10DB700003F101036383DDD0039A62BB4FF6FF63B9
:10DB8000984203D042F20B039842B1D12388A18B73
:10DB9000202B03D042F20B00834231D1BAF1000FA7
:10DBA0000ABF8846504601200A44238BB4F810C0AF
:10DBB00092B2A2831344B9F1000F02D1002D42D0DA
:10DBC00000B3218C19448C4537DAE18A002934D01E
:10DBD00063458DDD1DE09388238092F80DB0019997
:10DBE0004FEA4B0B0BF4807092F80AB04BEA000B33
:10DBF000E06803685B6C98470BEB000292B2C5E7E4
:10DC00000020D1E763457FF773AFE38A002B3FF431
:10DC10006FAF012384F82230228CE38B1344E3831B
:10DC2000E06803689B6B9847B4F914301844638A22
:10DC3000181A608205B0BDE8F08F00231146204617
:10DC4000FFF70EFF54E7634514DD17B101230A46C1
:10DC500072E7002E3FF44CAF00287FF449AFBAF1D1
:10DC6000000F02D00123424667E7E38A002B3FF40E
:10DC70003FAFD5E700287FF43BAFBAF1000F3FF488
:10DC800037AF01234246DAE72DE9F04FE3B01C46F7
:10DC90006C9B83468846002B00F012812368002B82
:10DCA00000F00E81A37B002B00F00A811068516800
:10DCB000B8F90420ADF834200AAD2B4603C3002187
:10DCC000B8F906300C91A279ADF836300CA9284687
:10DCD000FFF71DFD0CA90846A279FFF718FD17A84C
:10DCE00002F076FE20680368DB6C984706462068E1
:10DCF00003681B6D984733466D9A6C99009017A87E
:10DD000002F0B9FE206894F804A003689B6B984762
:10DD1000B4F90C6023680746064430A893F80990CC
:10DD200002F056FE237C7BB120680368DB6C9847C9
:10DD3000099020680268126D9047099B00906D9AC7
:10DD40006C9930A802F097FEBDF83410E27BBDF864
:10DD500036308A1A217C0391B4F90C1002912168A3
:10DD600001916179009192B230A90EA8FFF750FCA1
:10DD7000002E5BDC17AF4FF00009237C002B00F076
:10DD8000B1800EA8FFF77CFEBAF1000F00F0A5806D
:10DD9000237C09936422394649A815F028F9099B88
:10DDA000002B00F0A780BDF956302279012A40F0FF
:10DDB0008A80BDF93400C01A022390FBF3F000B250
:10DDC000237C002B00F08B80BDF84E209DF85A106C
:10DDD000BDF93230CDE90521BDF83020104400B244
:10DDE0000090CDE90397CDE9015442460021584601
:10DDF000FFF7BEFC002863D1BDF83230BDF8361005
:10DE0000B2B213448A1AADF836209DF85A201BB2DC
:10DE1000ADF83230002A53D122686988127A9B1AF1
:10DE2000EA880A4412B29342A7DD49E0237C4F44BA
:10DE3000C3B14FF6FF79BDF93230B5F902203B444A
:10DE4000934297DA0EA8FFF71BFEBDF84E30013B58
:10DE50009BB24B45099321D0617917A8F5F780FA59
:10DE6000099BF4E71FFA86F9BDF93230B5F90220B3
:10DE70003B449342BFF67EAF17A803F0E5F9F8B133
:10DE80000A28F1D1BDF832304B44ADF83230BDF83C
:10DE90003630A3EB0903ADF83630E5E7BDF83220A4
:10DEA000B3B21A44ADF83220BDF83620D31AADF81B
:10DEB0003630BDF838301BB19DF85A30002BBAD03F
:10DEC00063B0BDE8F08F022A05D1E27BBDF83400D3
:10DED000801AC01A73E7002072E7E07B70E747F60C
:10DEE000FF7273E7BAF1000FF7D06422394649A8F0
:10DEF00015F07DF8002347F6FF72216849A8FFF767
:10DF0000CAFB03B251E7032B18D8DFE803F002067F
:10DF10000D13B0F90020501870470388808818440A
:10DF200000B2801A0138704703888088184400B214
:10DF3000401AF7E7B0F9000010447047002070471E
:10DF4000032B17D8DFE803F002060910B0F902101E
:10DF500050187047B0F90220FAE74388C088184487
:10DF600000B2801A013870474388C088184400B254
:10DF7000401AF7E700207047014B00221A607047F3
:10DF8000943401200346C8B1020C1204A2B9030460
:10DF9000102013F07F4F04BF1B02083013F0704FA6
:10DFA00004BF1B01043013F0404F04BF9B0002303C
:10DFB000002B04DB013070470020EAE72020704787
:10DFC0002DE9F04F87B00D4616469846DDE910471B
:10DFD000014620B11AB11F2D01D81F2B04D90020F2
:10DFE000386007B0BDE8F08F7DB943B10246CDE996
:10DFF00000472B4641463046FFF7E2FFF1E74FF07E
:10E00000FF333B606FF00040EBE732FA05FA06D1D0
:10E010004643B6FBF4F004FB10663E60E1E70122E4
:10E02000AA40013A164000FA05FB3046BBFBF4F962
:10E030000AFB09F30393FFF7A5FF2B460A46CDE938
:10E04000004701463046FFF7BBFF04FB19B90646FF
:10E05000484605EB0801FFF795FF05ABCDE9004306
:10E060004A4603465046FFF7ABFF3968059A039BC3
:10E070001144B1FBF4F2D3181E4404FB12143044D3
:10E080003C60AEE72DE9F04385B0B0F100090C9C8F
:10E090001D46BFBF23685B42C9F100092360B4BFBE
:10E0A0004FF0FF360126002A174604DA23685B4248
:10E0B000574276422360002D3846BABF6D424FF07A
:10E0C000FF384FF00108FFF75DFF03ABCDE90053C8
:10E0D0003A4603464846FFF773FF2368039A4645CE
:10E0E0001A4492FBF5F3184418BF404205FB132372
:10E0F000721C236005D1002BC3F100020BDB2260F0
:10E1000006E0012E04D1002B02DA2B4401382360F3
:10E1100005B0BDE8F0830138521BF0E72DE9FF415F
:10E120001C4C0768A36905462BB94068C5E9007017
:10E1300004B0BDE8F081A268206804AE4FF0020888
:10E1400093FBF8F10A4446F8042DE16900963A463B
:10E15000FFF798FFA3696A68216A0096074660681E
:10E16000FFF790FF6269A36993FBF8F842440392BA
:10E17000616A2A6800960744E068FFF783FF00960B
:10E180008046A3696A68A16A2069FFF77BFF404463
:10E19000CCE700BF98340120074B1B78012B09D135
:10E1A000B1F90030B0F900200380044B1B88013B1B
:10E1B0009B1A0B80704700BF7C340120783401200B
:10E1C00010B5074B1B78012B08D1064B0C881B8818
:10E1D000B0F90020013B1B1B03800A8010BD00BF6B
:10E1E0007C3401207834012010B50A4B1B78012BB8
:10E1F0000ED1B0F906104388B0F900404480CA1827
:10E20000054B1B889B1A0380B0F90430C3808180C2
:10E2100010BD00BF7C34012078340120084B1B78EE
:10E22000012B0CD10388B0F90410428802805A18DF
:10E23000044B1B889B1A4380C3888380C18070472E
:10E240007C3401207834012010B5074B1B78012B5A
:10E2500008D1B1F90030B0F9004003809388013B48
:10E260001B1B0B8010BD00BF7C34012010B50A4B76
:10E270001B78012B0A460DD1818803880B44014687
:10E28000013B21F8023BFFF7DFFFB0F90430C28801
:10E290008280C38010BD00BF7C340120064BB3F9DF
:10E2A0000020064BA0F83421B3F90030A0F8363135
:10E2B0000021C0F830117047783401207A340120F1
:10E2C000034B186810B103689B691847704700BF7B
:10E2D000C83401207047000007B5094BB3F900208E
:10E2E000084BADF80420B3F90030ADF806300368F0
:10E2F000002100919B6C6946984703B05DF804FBD0
:10E30000783401207A340120094BB3F90020094BFD
:10E3100082B0B3F90030ADF804200021ADF806302A
:10E320000091036802AA12E906001B6C02B01847AC
:10E33000783401207A340120034B186810B1036847
:10E34000DB691847704700BFC8340120034B1868C9
:10E3500010B103681B6A1847704700BFC83401201A
:10E360000023A0F8EC307047034B186810B1036825
:10E370009B6A1847704700BFC8340120704710B52A
:10E380004FF49E71044612F0E1FB204610BD10B51B
:10E39000B1F900408A88B0F90030224412B29342A9
:10E3A00015DA828813441BB29C4210DAB1F90230AC
:10E3B000C988B0F90220194409B28A4207DAC08834
:10E3C000104400B28342ACBF0020012010BD0020E9
:10E3D000FCE7B0F90030002B10B504DA8488234440
:10E3E000838000230380B0F90040B0F90430091B9A
:10E3F0008B42B0F90230C8BF8180002B04DAC1889B
:10E400000B44C38000234380B0F90210B0F90630FA
:10E41000521A9342C8BFC28010BD000010B5104B05
:10E42000B3F900200F4B0C462046B3F90010FFF75C
:10E43000D0FF0D4B186890B1036821469B68984740
:10E440000A4B186818B1036821469B689847084B27
:10E45000186803682146DB69BDE81040184710BD05
:10E460007A34012078340120C8340120C4340120DA
:10E4700084340120F8B5064608460F46FAF773F9CA
:10E48000E8B9B7F90050B6F90040A54217DBB7F973
:10E490000220B6F902309A4211DBB9880D44B188E6
:10E4A0000C442DB224B2A54209DCF8881044F2884D
:10E4B000134400B21BB29842CCBF00200120F8BD2B
:10E4C000F8B5044608460D46FAF74DF978B92046E6
:10E4D000FAF749F9B5F9006050B12680B5F9023074
:10E4E0006380B5F90430A380B5F90630E380F8BD48
:10E4F000B4F90010B5F90220B4F90230B5F804C03F
:10E50000ED88B1420F46A8BF37469342184666448D
:10E51000A8BF1046B4F804C027802A44E58860806C
:10E5200061442B4436B209B212B21BB28E42ACBF68
:10E53000C7EB0601C7EB01019A42ACBFC0EB020278
:10E54000C0EB0302A180E280D1E70000014B186814
:10E55000704700BFD834012010B50023A0F8A430C4
:10E56000B0F88030A0F8A6300446B4F8A430B4F86F
:10E57000A6209A420ED9E21892F8842022B154F8CB
:10E58000230003681B6D9847B4F8A4300133A4F846
:10E59000A430EAE710BD0023A0F8803000F1840227
:10E5A000A43002F8013B8242FBD1704770B50B4C9E
:10E5B000054620680E4610B103685B699847281D20
:10E5C000FFF7E9FF266033683046DB6898472B6821
:10E5D00028465B6CBDE87040184700BFC834012076
:10E5E0000023B0F880C0B0F8A410F0B51A461C465D
:10E5F0001D469C451ADDC61896F884606EB19A4295
:10E6000008D01FFA82FE50F8237040F82E70871849
:10E6100087F8846001320133EBE7B0F8A6609942D5
:10E62000A8BF01359E42C8BF0134F4E7B0F8A63058
:10E63000491B1B1BA0F8A410A0F8A630B0F880302E
:10E64000934203DD013BA0F88030F7E7F0BD000006
:10E6500070B5164D0446286840B1037A33B984F882
:10E66000383103689B68BDE87040184794F838312A
:10E670000F4E73B968B1037A5BB1306810B10368AB
:10E680001B69984728680368DB689847012384F86A
:10E69000383104342046FFF75FFF2046FFF7A0FF24
:10E6A000306810B103685B6ADDE770BDCC340120CF
:10E6B000C8340120034600F1400100221A805A802C
:10E6C0009A80DA8008338B42F8D1A0F84020704756
:10E6D000F8B506461C4B46F8043B04460025A82224
:10E6E0000021304614F0B3FBA4F8845004F1AC00D0
:10E6F000FFF7E0FF04F1EE00FFF7DCFFA4F8305174
:10E70000A4F83251A4F83451A4F8365184F83851A1
:10E710000E490F480F4F11F085FB0F4B58B11D806C
:10E720000E4A002313600E4A3B6030461360FFF729
:10E7300032FF2046F8BD4FF4806202201A80386014
:10E7400001F0CCFFECE700BF604F0208CDB5E8B5A3
:10E75000C2A507F4C834012084000020D834012069
:10E76000CC340120B0F84030013B9BB28B4210B555
:10E77000A0F8403008D900EBC30300EBC1041A68CD
:10E7800040F831205A68626010BD00002DE9F04F5A
:10E79000924B8FB00AAC84E80600B3F90020904B8E
:10E7A0008346B3F900102046FFF713FE2046F9F721
:10E7B000DAFF002870D18B4B1B6893F84830022B8E
:10E7C0006AD00394BBF8EC400BF1AC030BEBC4052F
:10E7D000A43501935CB129460398FFF74BFE013C39
:10E7E00018B1A1B20198FFF7BDFF083DF2E7BBF8F1
:10E7F000ECA0CDF810A00AF1FF3302934FEACA0350
:10E8000003F1A40406935C4400252646CDF814A029
:10E810002F46059B002B73D003993046FFF7B7FDB9
:10E8200050B3BDF928E0B6F900C0BDF92A80B6F9A9
:10E830000290E64533DBBDF82C20B3887244634474
:10E8400012B21BB29A422ADCF388BDF82E101FFACE
:10E8500089F213449BB2C8451FFA88FC0FFA83FE65
:10E860000FDBA3EB0C03C91A09B20029ADF82E1077
:10E8700012DDADF82AE00546059B013B0593083EF5
:10E88000C7E7614409B2714538DCA2EB0C0212B251
:10E89000ADF82E20002AEEDC0FB0BDE8F08FC845A1
:10E8A0002CDBF3889944BDF82E3098440FFA89F98F
:10E8B0000FFA88F8C14521DBB388BDF82C101FFA88
:10E8C0008CF213449BB2E6451FFA8EF80FFA83F9D7
:10E8D0000ADBA3EB0803C91A09B20029ADF82C1012
:10E8E000DADDADF82890C6E7414409B2494505DCB8
:10E8F000A2EB080212B2ADF82C20CBE70746BBE72B
:10E90000002D81D1002F00F0DF81BDF92860BDF915
:10E910002A70BDF82EA0B3B20593059ABDF82C302D
:10E920001344BAB292449BB21FFA8AFA0FFA83F8E0
:10E930000FFA8AF9CDE90723049B002B54D00399E1
:10E940002046FFF724FDDDE90723C0B1B4F900E05C
:10E95000B4F90210764522DCB4F804C0F4440FFA8E
:10E960008CFCE0451BDB8F421FFA81FCE1880DDC4B
:10E97000AAEB0C0CA1EB0C01A4F80290E180284654
:10E98000049901390491083C0546D3E7614409B272
:10E990004945F5DCA2EB0C0CA4F806C0EFE78F426A
:10E9A000EEDCB4F806C0614409B28945E8DB76457F
:10E9B0001FFA8EFCA18807DCA3EB0C0CA1EB0C0169
:10E9C000A4F80080A180DAE7614409B28845D7DB6A
:10E9D0000599A1EB0C0CA4F804C0D0E77A3401200F
:10E9E0007834012084340120002D00F06D81069BD5
:10E9F0005B441C46029B013300F0668104F1A405D0
:10EA000029460398FFF736FD20B1BDF8081001989C
:10EA1000FFF7A8FE03992846FFF7B9FC002800F08D
:10EA20009C80B4F9A490B4F9A830BDF928000993EA
:10EA30001FFA89F101EB030C1FFA8CFABDF82CC008
:10EA4000BDF92AE0B4F9A62083B203EB0C05ADB200
:10EA50000595BDF9145004954845BBF8EC5040F3BA
:10EA600099805B1A9BB296450FFA8AF01EB22EDD92
:10EA7000029FBDF82E400BEBC708049F3F1AB8F861
:10EA8000B2001FFA8EFE92B2AEEB0201A64402441F
:10EA900089B20FFA8EFE12B20DB2AEEB02026F43D4
:10EAA0007243974209DBB8F8AC20A8F8B250ADF831
:10EAB00028209C44ADF82CC084E62144B8F8AE3040
:10EAC000A8F8B060ADF82E10ADF82A307AE6049FB1
:10EAD000B84227DA0299BDF82E500BEBC10405EBC2
:10EAE0000E011FFA81F8B4F8B2101144A1EB08012D
:10EAF00089B20FFA88F9A2EB0E020FFA81F83F1AD9
:10EB0000724308FB07F7BA4206DCA4F8AE90A4F8FB
:10EB1000B280B4F8AC20CAE7A4F8B0602944ADF8DC
:10EB20002E104FE60598AAEB000080B2062D0FFAD2
:10EB300080FE17D8049BA4F8A4306B1CB4F9AA106B
:10EB4000A4F8A8E0ABF8EC30019B019803EBC503F7
:10EB500020F835905A809E80D980029B013B029319
:10EB6000083C47E7029AB6454FEAC2020DDB9C44D7
:10EB70001FFA8CFC5A44ADF82CC08C44ADF8289098
:10EB8000A2F8ACC0A2F8B0E01CE65A448444A2F853
:10EB9000B0608FE7BDF82E601FFA8EF101EB06081A
:10EBA00093B21FFA88F806930FFA88F30793069F2B
:10EBB000B4F8AA303B449BB29645089324DA0599F1
:10EBC000A3EB0803AAEB0104A4B29BB225B219B2CD
:10EBD000A2EB0E02A9EB00006A4348438242029A6C
:10EBE0004FEAC2025A4406DC079BA2F8B210A2F810
:10EBF000AE30A4445EE70499A2F8B050A2F8AC107D
:10EC00003344ADF82E30DDE5069F049BC91B0FFA97
:10EC10008AF789B29F420FFA81FE23DD059ABDF97A
:10EC20002030079DAAEB020292B2A5EB030A14B2B0
:10EC3000A9EB0000029B0EFB00F004FB0AFADB00CC
:10EC400050455B4403DBA3F8B2E0944432E7049AF6
:10EC5000A3F8AC20A3F8B040B3F8AE30ADF82A303A
:10EC600031445CE7089BA3EB08039BB2062D18B266
:10EC700013D8079BA4F8A6306B1CA4F8AA00ABF825
:10EC8000EC30019B019903EBC50321F835905A80C4
:10EC9000099A9A80A3F806E05FE7029C70454FEA64
:10ECA000C4040DDB3144069BADF82A2089B25C44D4
:10ECB000ADF82E101944A4F8AE10A4F8B20081E506
:10ECC0005C44A4F8B2E09BE7BBF8EC40651EADB233
:10ECD0000BEBC4044FF6FF76B54244D0BDF92A20B1
:10ECE000B4F9A600BDF92810B4F9A47082421FD16E
:10ECF000BDF92EC0B4F9AA309C4519D1B4F8A8309A
:10ED0000BDF82C20D81900B2884209D1ADF828707E
:10ED10001344ADF82C3029460198FFF723FD03E09A
:10ED2000114409B2B942F3D0013DADB2083CD3E77A
:10ED3000B942F9D1BDF92C10B4F9A8309942F3D1F8
:10ED4000B4F8AA30BDF82E101F183FB2BA4205D150
:10ED5000ADF82A000B44ADF82E30DCE70A4412B2BD
:10ED60009042E1D1F6E7BBF8EC60072E4FEAC6040B
:10ED700012D8751CABF8EC50019DBDF92800BDF907
:10ED80002A10BDF92C20BDF92E3025F836002C4470
:10ED90006180A280E3807FE50BF1AC03013E5C441F
:10EDA0006FF0004A4FF0FF3700250593B4F9A83003
:10EDB0000293721EB4F9AA300493914604F1A4039D
:10EDC000B9F1FF3F14BF0599DDF80CE01868079210
:10EDD00018BF01EBC90E0DF1300CBEF80610BEF8DD
:10EDE0000480069318FB01F85968ACE803007146EB
:10EDF0000CA8FFF765FBBDF83610BDF83400049B86
:10EE0000029A10FB01F002FB0388A0EB08014FF00F
:10EE1000080C90FBFCF0884220DC5145DDE906320D
:10EE200003DAD9B18A464F46354609F1FF3919F15F
:10EE3000020FC5D116460132A4F10804B6D1019BD8
:10EE4000ACB2ED0058197B1C0BD101460398FFF7BB
:10EE500037FB21460198FFF785FCB3E44F46354662
:10EE6000EDE7019BFF00D919FFF72AFB039B03CBBA
:10EE70005F445D44C7F8AC00C7F8B01055F8AC0F5C
:10EE8000039B696803C3E4E72DE9F04F00F598762A
:10EE9000A1B004463046F9F766FC054648B9236838
:10EEA00096E806001B6C20469847C4F83051C4F819
:10EEB0003451B4F8EC30002B49D1B14B1B6893F8B6
:10EEC0004870BB1E5F425F41AE4B1B68002B40D0B9
:10EED000AD4D2846F9F747FC0646002839D12846AB
:10EEE000FFF782F9236829681B6C6A6820469847F7
:10EEF0002E806E80AE80EE800FAFA44E3846FFF7B6
:10EF0000D9FB3588B4F8ECC02B4604F1AC0063455E
:10EF100024D2BDF87C10072916D800EBC30230F9C3
:10EF20003390B2F902A0B2F90480B2F906E04A1CAB
:10EF3000ADF87C2007EBC10227F83190A2F802A0BF
:10EF4000A2F80480A2F806E001339BB2DFE70127B4
:10EF5000BAE7002FD0D121B0BDE8F08FB4F82E3140
:10EF6000AB420CD904EBC5032268D3F8EE10176C42
:10EF7000D3F8F22020460135B847ADB2EEE7804D18
:10EF8000286890F84830012B40F03B81804A338854
:10EF90001278B4F8EC00012A14D004EBC302AE32AC
:10EFA0004FF00009834202F1080280F2828032F8B9
:10EFB000041C32F8087C394409B28945B8BF894637
:10EFC0000133EFE7734F3A889346834208DA04EB44
:10EFD000C3010133B1F9AC108B45A8BF8B46F4E7F0
:10EFE00000230F2ADFF8B091ADF82C208CBF4FEA38
:10EFF000D2084FF00108ADF82E30ADF83030ADF842
:10F000003230BDF92C3028685B4540F3C780036877
:10F01000B7F800A0D3F8A8309847BDF92CC02B68EA
:10F02000AAEB000080B2ACEB080E704593F87C10A0
:10F0300093F86A2005DD584503DD01B992B35846BF
:10F0400006E00029FBD1002AF9D15845B8BF58463F
:10F05000B9F90030ADF82C000022ACEB0000B6F896
:10F0600000A0ADF82E20ADF83000ADF83230B4F885
:10F07000EC305345C5DD04EBCA020DAB52F8AC0FC2
:10F08000516803C30DA80BA9F9F72AFB0DA8F9F7DE
:10F090006AFB20B923680DA99B6C204698470AF1AA
:10F0A000010AE4E71A680121D2F8A4201846904723
:10F0B000A7E7394BDFF8DC801F880023CDE90B334D
:10F0C0000F2F8CBFFF080127BDF83230BDF82E206E
:10F0D000286813441BB24B4560DA0368D3F8A830A4
:10F0E0009847BDF82EE0BDF832302A6873441BB251
:10F0F00003EB070E704592F87CC092F86A100DDAA7
:10F1000048450BDABCF1000F38D1002936D113681D
:10F110000121D3F8A43010469847D5E7BCF1000F81
:10F120002CD159BB4845A8BF4846B8F90020B6F8CD
:10F1300000A0ADF82E300021C01AADF82C10ADF8AB
:10F140003020ADF83200B4F8EC305345BCDD04EBB0
:10F15000CA020DAB52F8AC0F516803C30DA80BA93E
:10F16000F9F7BEFA0DA8F9F7FEFA20B923680DA940
:10F170009B6C204698470AF1010AE4E74846D4E729
:10F1800084340120C4340120D034012084000020C4
:10F190007C340120783401207A3401202868036807
:10F1A0005B6A9847A54B1B78002B3FF4D4AE002335
:10F1B000A4F82E31A24BBDF87C601B880FA804F187
:10F1C000EE05B342BFF4C7AEB4F82E11072915D827
:10F1D00000EBC30230F93380B2F902E0B2F904C0A7
:10F1E000B2F906704A1CA4F82E2105EBC10225F8DD
:10F1F0003180A2F802E0A2F804C0D78001339BB2AC
:10F20000DFE7022B40F0D180B0F880300893B0F8EF
:10F210007E300793036890F87DB0D3F8A830984704
:10F22000884B1B880293884B1E88884B1B780BF1F8
:10F23000FF37012B1CBF029B0296BFB20FFA87F863
:10F2400082464FF0000018BF1E46F1F7C1FE96FB44
:10F25000FBFB0BFB08F8C2450CDA286803680A219F
:10F26000D3F89C30984728680368D3F8A8309847AB
:10F270008246F0E70020F1F7D5FE1FFA8BF317FB6B
:10F2800003F70493BBB205934FF000087309704F66
:10F2900006934546B54285D038680368D3F8A83050
:10F2A00098478245814607D9B8F1000F07D03868E2
:10F2B0000368D3F8B83074E7B8F1000F03D04D45B8
:10F2C000F5D34FF00108049A95FBFBF30393013348
:10F2D00013FB02F399B2B8F1000F4ED009EB0B0308
:10F2E000B342A8BF334607989BB28B4294BFC5EB8D
:10F2F0000302C5EB01028242A8BF024608981FFA2A
:10F3000082FA824505D215FA82F0864201D09942EE
:10F3100040D201200992F1F75BFE3868BDF90C106C
:10F320000368D3F898309847484B099A1B78BDF981
:10F330000810012B12B24FF0000022D1731BA3EB77
:10F340000A03ADF83430ADF83600ADF83820ADF82A
:10F350003A1023680DA99B6C204698473868039B98
:10F360005942036809B2D3F89830984755440120B0
:10F37000ADB2F1F757FECA468CE7059BA9EB030334
:10F38000B1E7ADF83400ADF83650ADF83810ADF84F
:10F390003A20DEE7386803689B6A98473868069920
:10F3A0000368D3F89C309847E5E7032B40F03081A1
:10F3B000264BB0F982901B78012B04F1AC0A00F0C7
:10F3C00093803288B4F8EC10013292B200293FF4F5
:10F3D000E9AEB4F8B250B4F8AE301D442DB2944644
:10F3E0004FF000081FFA8CF399424FEAC80740F229
:10F3F000BA80274404EBCC0EB7F9AE30BEF9AE00AC
:10F40000834240F39C80BEF8B25005442DB29D4229
:10F41000A8BF1D46E0460CF1010CE3E70AD1B7F99D
:10F42000B200BEF9B2106245B8BF62468842B8BFAA
:10F43000984682E08A42B8BF0A467EE082340120C4
:10F44000840000207A340120783401207C340120AB
:10F4500084340120E1190DAB51F8AC0F496803C3A6
:10F46000BDF93830BDF834104B45B8BFBDF9342074
:10F47000ADF834200B449B1A0DA8ADF83830FEF7D8
:10F48000CDFE0DA8F9F76FF970BBBDF93AC0286839
:10F49000BDF83830D0F800E0BDF83620BDF83410A3
:10F4A000CC45D4BF1FFA8CFC1FFA89FCCDF800C0F4
:10F4B000DEF894B0D8478346ADF83A000DA8FEF7C1
:10F4C00093FE2368274420469B6C0DA99847B7F804
:10F4D000B000A0EB0B0000B2A7F8B00020B91FFAF3
:10F4E00088F15046FFF73EF9B4F8ECB0BBF1000FDD
:10F4F0003FF458AE3388B4F9AC2001339BB24FF0DF
:10F50000000899B28B454FEAC807A3D9274404EBFA
:10F51000C30EB7F8B010B7F8AC00BEF9ACC00844E1
:10F52000BEF8B010614400B209B28842BFF676AFAF
:10F53000844562469846B8BF02460133E1E70ED1E2
:10F54000BEF9B000BEF8B2E0B7F9B07073441BB2B8
:10F550009D42A8BF1D468742B8BFE0465BE7854293
:10F56000A8BF054657E70AEB07002744CDE902216B
:10F57000B7F9B2B0CB45BEBFB7F8AE505D442DB2BF
:10F58000F9F7F1F8DDE9022100287FF41FAFB7F9A0
:10F59000AE20ADF83A002B48B7F9AC10B7F9B0304F
:10F5A0000068ADF83410AD1A4D45ADF83620ADF811
:10F5B0003830A8BF4D46D0F800C0ADB21FFA8BFB63
:10F5C0005D4594BF0095CDF800B092B2DCF8945040
:10F5D0009BB289B2A8472368ADF83A009B6C0DA98D
:10F5E00020469847BDF83A10B7F8B230B7F8AE20C9
:10F5F0005B1A0A441BB2A7F8AE20A7F8B230002B62
:10F600007FF4DFAE1FFA88F15046FFF7ABF8D8E67B
:10F610003588B4F8EC30AB427FF6C4AD04EBC502DC
:10F620000DAB52F8AC0F516803C30DA8F9F79BF866
:10F6300020B923680DA99B6C204698470135ADB2CF
:10F64000E7E700BF84340120034B00221A805A8070
:10F650009A80DA80704700BFD03401202DE9F04F46
:10F6600006469DB003A814468A461D4601F0B0F92F
:10F6700033683046DB6C9847336807461B6D30466D
:10F6800098472A46009021463B4603A801F0F3F92B
:10F6900000252C46A946A84642F20B0B00230293F4
:10F6A0004FF6FF639C4202D05C4518BF254602AB73
:10F6B0003246514603A801F0F9FC044608B10A2875
:10F6C0000AD1C14538BFC1464FF00008002CE5D132
:10F6D00048461DB0BDE8F08F029A002ADED0577B65
:10F6E000336894885B6C7F0007F48070977A2946B2
:10F6F000074330469847384480441FFA88F8E5E7C6
:10F7000008B50368DB68984728B1437B807A5B00C3
:10F7100003F48073184308BD0EB4F0B59EB023AB5C
:10F72000054653F8044B039305A801F051F92B68E3
:10F730002846DB6C98472B6806461B6D2846984781
:10F7400033461EAE21460090039A002405A801F01E
:10F7500092F946F8684D2A463346214605A801F03D
:10F76000A5FCF0B10A2818D0049FB7B1787B3B7A8A
:10F77000EA88C10001F480711943430644BFA1F532
:10F78000007319B20001FB7900F480700343134445
:10F790005B1A1BB29C42B8BF1C4633462A46002166
:10F7A000DCE7A0B21EB0BDE8F04003B07047437A7A
:10F7B0008088184480B2704703681B6B18470EB4EA
:10F7C00070B59DB021AB044653F8045B029303A8C7
:10F7D00001F0FEF823682046DB6C98472368064654
:10F7E0001B6D2046984733460090029A294603A88D
:10F7F00001F041F903A801F027FD0124A3B240B1B3
:10F800000A2808BF013303A808BF1CB201F01CFD81
:10F81000F4E718461DB0BDE8704003B070470EB461
:10F82000F0B59EB023AB044653F8045B039305A8E0
:10F8300001F0CEF823682046DB6C98472368064623
:10F840001B6D20469847334629460090039A05A829
:10F850001EAD01F010F9002145F8681D22462B4627
:10F8600005A801F023FC47F6FF76D8B10A2812D08C
:10F87000049880B1477BE288FB0003F48071037A2F
:10F880000B43790644BFA3F500731BB2D31A1BB216
:10F890009E42A8BF1E462B462246002105A801F025
:10F8A00005FCE2E730461EB0BDE8F04003B070470B
:10F8B00013B50368B0F90810B0F90A20ADF80410C8
:10F8C00000240094ADF806201B696946984702B0F1
:10F8D00010BD38B50B680C46DB68054698472368B1
:10F8E0002046DB6A29469847284638BD10B40A8866
:10F8F000848822440A80C4884A8822444A80406915
:10F9000020B103685DF8044BDB6A18475DF8044BCF
:10F91000704770B582880B8813440B80C2884B886F
:10F920000C4613444B800546011D2046F8F7D8FECF
:10F93000B4F90430002B0BDDB4F90630002B07DDE1
:10F94000686928B1036821469B6ABDE87040184782
:10F9500070BD000070B582880B8813440B80C2888C
:10F960004B880C4613444B800546011D2046F8F792
:10F97000B7FEB4F90430002B19DDB4F90630002BC2
:10F9800015DD686928B1036821461B69BDE8704030
:10F990001847074B1B6804339D4208D1FEF7D6FD7C
:10F9A0000368216862681B6CBDE87040184770BD31
:10F9B000C834012070B5044616460D4601B992B10F
:10F9C000236820469B699847E288A18832442944ED
:10F9D000204612B209B2F3F7E3FA236820469B6986
:10F9E000BDE87040184770BD10B5044608460023B6
:10F9F000238063800368B0F90A20B1F90810A18060
:10FA0000E280DB6A21469847204610BD704710B55A
:10FA10001C21044611F09AF8204610BD044A0260E9
:10FA20000022C0E90122C0E90322C0E90522704793
:10FA3000B44F02082DE9F04F044687B0458BB2F869
:10FA400000C00591E1680392681C01EB85011CF080
:10FA50000105B3F90020029580B27DD007EE902A0F
:10FA6000F8EEE76A6083C1ED006AB3F90220618BAA
:10FA700007EE102AE268B8EEC77A4FF0000E481C75
:10FA800002EB810206EE10EA608382ED007A218BA0
:10FA9000A2680125481C208355540022043307EE38
:10FAA000902A0093AA46134611462E460192F6EE7E
:10FAB000005AB4F818800598D4F808B008F1010786
:10FAC000A842BFB20BEB080940F3DB804CFA06F901
:10FAD00009F001095FFA89F30493009BB3F9001060
:10FAE000B3F90230B9F1000F7DD005EE101AF8EE2F
:10FAF000C54A05EE103A2783B8EEC55ABAF1000F91
:10FB000050D04FF002000BF80800B4F81A80E768F4
:10FB100008F1010907EB8807A4F81A90C7ED004A1D
:10FB2000B4F81A80E76808F1010907EB8807A4F820
:10FB30001A9087ED005A0136102E06D1019E0398C7
:10FB40000136019630F816C000260098DDF810A0A6
:10FB5000043001350090ACE706EE102AB3F904201A
:10FB6000B3F902E016EE105A2A4406EE902AB3F9D1
:10FB700006206083F8EEE66AF6EE007A724407EE3D
:10FB8000102A66EEA76AB8EEC77AC1ED006A618BEB
:10FB9000E26827EE277A481C02EB8102608382ED3F
:10FBA000007A74E74FF005000BF80800B4F81A80EB
:10FBB000E768B8EEE74A08F1010907EB8807A4F8FF
:10FBC0001A9087ED004A04EE102AB4F81A80E7680C
:10FBD000B8EEC44A08F1010907EB8807A4F81A90A7
:10FBE00087ED004A91E7BAF1000F46D14FF00500CA
:10FBF00027830BF80800B4F81A80E768B8EEE75AD4
:10FC000008F1010907EB880717EE900AA4F81A908B
:10FC100087ED005A05EE102AB4F81A80E768084408
:10FC2000B8EEC55A07EE900A08F1010907EB8807FC
:10FC3000A4F81A90F8EEE77A87ED005AB4F81A8023
:10FC4000E76867EEA57A08F1010907EB88071A440F
:10FC5000A4F81A90C7ED007A07EE902AF8EEE77A3A
:10FC6000B4F81A80E76867EEA57A08F1010907EB96
:10FC70008807A4F81A90C7ED007A1A4607EE901A82
:10FC800059E7BAF1000F45D005EE901AF8EEE55AA3
:10FC9000F4EE665AF1EE10FA08D105EE903AF8EE5D
:10FCA000E55AF4EE475AF1EE10FA33D0029B27835F
:10FCB000B3B1022389F80030628BE368511C03EB77
:10FCC00082036183C3ED006A628BE368511C03EB1E
:10FCD0008203618383ED007A009807B0BDE8F08F5E
:10FCE000052389F80030628BE368B8EEC66A511CC0
:10FCF00003EB8203618307EE90EA83ED006A628B77
:10FD0000E368F8EEE77A511C03EB82036183C3EDED
:10FD1000007AD1E705EE902A029927830523B8EEF1
:10FD2000E75AF8EEE55A89F8003081B1628BE36852
:10FD3000511C03EB8203618383ED005A628BE368FD
:10FD4000511C03EB82036183C3ED005AB4E7658B5A
:10FD5000E1686E1C01EB8501668381ED005A658BBD
:10FD6000E1686E1C01EB85016683C1ED005A658B6D
:10FD7000E1686E1C01EB850117EE900A16EE105A31
:10FD8000284407EE900AF8EEE77AF6EE005A67EE9E
:10FD9000A57A72446683C1ED007A07EE902AF8EEE8
:10FDA000E77A618BE56867EEA57A4E1C05EB810169
:10FDB0006683C1ED007A228BA168551C25838B5484
:10FDC00091E700002DE9F0478EB0044688461546BD
:10FDD0009946169E9DF864A01A9FF1F785FF606012
:10FDE000B9F1000F00F0E880002800F0E58005A8D8
:10FDF00000F0F9F8336830469B6D984705A8F0EE9F
:10FE0000400A00F0F4F86068BAF1030F3BD8DFE86D
:10FE10000AF00210719F03682A469B684146984782
:10FE2000DDED1B7AF8EEE70A07EE907AB8EEE70A06
:10FE300026E0B5F90620B8F804306988ADF810203E
:10FE40009B1A5B1AADF80C302B88ADF80E30AB88DE
:10FE5000ADF81230036803AA9B68414698479FEDAE
:10FE6000580A05A800F0E8F8B8F904301B9A07EE24
:10FE7000907A9B1A00EE103AF8EEE70AB8EEC00A44
:10FE800005A800F027F96068036805A95B6B98472F
:10FE900060681799036841F07F419B6A98476068E2
:10FEA0009DF860100368DB6A984760680368012169
:10FEB000DB6800259847B9F80070A56104F11003CC
:10FEC00004F1080204F1140104F10C0009F1020626
:10FED000F3F7FAFAAF4260DD318801F10F03B21C8B
:10FEE000C3F3071302EB43032046FFF7A3FD0135DD
:10FEF0000646EFE7B5F90420B8F804302988ADF8D4
:10FF000010209B1A5B1AADF80C30B5F90610B8F842
:10FF100006306D88ADF812105B1A5B1BADF80E3021
:10FF2000036803AA9B68414698479FED260A05A8E7
:10FF300000F082F8B8F906301B9A9B1A00EE903A4E
:10FF4000B8F90430DB1B00EE103AF8EEE00A95E752
:10FF50006B88ADF80C30B5F90420B8F80630298864
:10FF6000ADF812209B1A5B1AADF80E30EB88ADF895
:10FF70001030036803AA9B68414698479FED120A18
:10FF800005A800F059F8B8F90630DDED1B7ADB1B47
:10FF900000EE903AF8EEE00A48E76068228B0368CA
:10FFA00000210191618B00911D6AD4E90213A847D9
:10FFB00060680368DB6998470EB0BDE8F08700BF52
:10FFC0000000B442000034430000874300234FF098
:10FFD0007E52026043608360C3600261436183615B
:10FFE000C3610262704708B5FFF7F0FF08BDD0EDAE
:10FFF000007A67EE807AC0ED007AD0ED017A67EE84
:020000040801F1
:10000000807AC0ED017AD0ED027A27EE800AD0ED39
:10001000037A80ED020A67EEA07AC0ED037AD0ED94
:10002000047A67EEA07AC0ED047AD0ED057A67EE27
:10003000A00AC0ED050A704710B5DFED247A20EE66
:10004000270ADFED237A2DED028BC0EE278A0446C6
:10005000B0EE680A10F018FEB0EE408AB0EE680A02
:1000600010F056FED4ED036AD4ED004A94ED047A04
:1000700094ED015AD4ED025A60EE667A66EE886A13
:10008000E8EE247AE0EE246AC4ED007A60EE477A66
:1000900027EE087AE8EE057AA0EE057AC4ED017A3B
:1000A000D4ED057AC4ED036A20EE676A67EE887ABC
:1000B000A8EE256ABDEC028BE0EE257A84ED026A9B
:1000C00084ED047AC4ED057A10BD00BFDB0F494012
:1000D0000000344390ED066AD0ED007AD0ED076A57
:1000E00090ED087AE6EE007AC0ED007AD0ED017A64
:1000F000E6EE807AC0ED017AD0ED027AE7EE007A82
:10010000C0ED027AD0ED037AE6EE207AC0ED037AF4
:10011000D0ED047AE6EEA07AC0ED047AD0ED057A4F
:10012000E7EE207AC0ED057A7047D0ED016AD0ED98
:10013000047A90ED037A60EEA77A60EEA60AD0ED1D
:10014000006AE7EE007A84B0E6EE800A90ED057A68
:1001500090ED020A30EE800A77EE870A04B070470D
:1001600030B58380BDF80C30C3809DF81030037229
:100170009DF814309DF818504372837A416165F3FD
:1001800006039DF81C50028365F3C71383729DF824
:100190002030C3729DF824300373BDF82830C3812A
:1001A000BDF82C300382014B036030BDC84F0208FC
:1001B000F0B54469BCB3A388028BCB1A02F1FF32BD
:1001C00031D493420CDD0E2303FB02439B885B1A60
:1001D000D31A9A4227DB002BBCBF022392FBF3F316
:1001E00000250E2695421EDC06FB03408788B94297
:1001F0001AD00DD25A1E954215DC30F80A3C5B1A13
:10020000D31A9A420FDB9D42ECDD53195B10E9E7EC
:100210005D1CAA4207DB438ACB1A2B449D4202DCB9
:100220009A42DFDAF1E70020F0BDF8B50446174640
:100230001E4611B900252846F8BD0A29FAD04FF606
:10024000FF629142F6D042F20B029142F2D0FFF7E8
:10025000AFFF054650B9236820461B699847014601
:100260002046FFF7A5FF05460028E3D0236829466E
:10027000DB6D20469847386023682046DB6B984743
:100280003070D8E70346C8B1020C1204A2B90304C7
:10029000102013F07F4F04BF1B02083013F0704F83
:1002A00004BF1B01043013F0404F04BF9B00023019
:1002B000002B04DB013070470020EAE72020704764
:1002C0002DE9F3470F4615461E46014600B127B9F2
:1002D0000020306002B0BDE8F087FFF7D3FF80B99F
:1002E0003846FFF7CFFF002805DD33462A4638465B
:1002F000FFF7E6FFEEE74FF0FF3333606FF00040AB
:10030000E8E737FA00F807FB01F305D1B3FBF5F096
:1003100005FB10353560DDE7012301FA00FA03FA29
:1003200000F001382A4633463840FFF7C9FFBAFBD0
:10033000F5F92A46074601AB05FB19A14046FFF730
:10034000BFFF019B326808FB09F41A44B2FBF5F3C6
:100350001C443C44204405FB1325DBE773B500280F
:10036000BABF40424FF0FF3401240029BCBF4942CC
:100370006442002AB6BF65422546524288421E4664
:10038000C2BF03460846194601ABFFF799FF019B20
:1003900068435C43346002B070BD002070470120A8
:1003A000704702207047704770477047704710B51C
:1003B0000C21044610F0CAFB204610BD10B51021D8
:1003C000044610F0C3FB204610BD10B50C210446B6
:1003D00010F0BCFB204610BD10B53C21044610F0C7
:1003E000B5FB204610BD000030B50D46016B87B04F
:1003F000044601B301A8FFF7F7FA2A89BDF80430D3
:100400002879B5F906108DF81000D21AA38E206B4A
:10041000ADF812101A446B89BDF80650ADF81420DF
:100420005B1BE58E2B44054D0395ADF81630036834
:1004300003A99B6C984707B030BD00BF5850020815
:100440002DE9F041036B8AB004460D4613B10B79D8
:10045000002B44D004F10408414603A8FFF7C4FA76
:100460002B79BDF90C70BDF90E6083B92A89E98832
:1004700004F13603921BC91B019304F1340300936A
:1004800012B204F1300309B24046F8F745F8216B87
:1004900029B305A8FFF7A8FABDF814202B79206B23
:1004A0008DF82030BF1AEA881744A28E1744BDF891
:1004B0001620ADF82270B61A2A891644E28E164428
:1004C000ADF82460074A07920026ADF8266003685D
:1004D00007A95B6C98472B790BB1C4E90C660AB08D
:1004E000BDE8F081305002082DE9F0410C46016B67
:1004F00088B0054600296DD06846FFF775FAA98EC9
:10050000E388BDF90080BDF902700B441BB243457E
:1005100031DBBDF804C0C4440FFA8CFC63452ADA11
:10052000EA8E2689164436B2BE4224DBBDF80600A8
:10053000384400B286421EDA6389194409B2414543
:1005400008DB614506DAA3891A4412B2BA4201DB1C
:10055000824210DB214B049302238DF81430286B68
:100560000023ADF81630ADF81830ADF81A30036836
:1005700004A95B6C9847291D02A8FFF735FABDF85E
:100580000830E0882179B5F834C02289EE8E8DF8E4
:100590001410A3EB0808BDF80A30DF1BBBB21FFA2A
:1005A00088F86789A489404460441A44B8442344C5
:1005B000ADF8160033443244E044094C286B0494EF
:1005C000ADF81820ADF81A80ADF81C30036804A906
:1005D000DB6C984708B0BDE8F08100BF30500208DE
:1005E0004450020837B5044634F90C2F013212D1B9
:1005F0000368B0F90810B0F90A20ADF8041000251E
:1006000000956D462946ADF806209B6A984795E807
:10061000030084E80300204603B030BD13B5B0F9F1
:1006200020300133044609D101466846FFF7DCF962
:10063000BDF800302384BDF802306384B4F9200093
:1006400002B010BD13B5B0F922300133044609D110
:1006500001466846FFF7C8F9BDF800302384BDF8AD
:1006600002306384B4F9220002B010BD70B50546B3
:10067000164B45F8043B0023038143818381C381EA
:10068000038243828382C382C0E906330362838488
:10069000C38480F828300E4A4363C0E90B330D4B06
:1006A0004260B3F90060936B0B4A0446012180F865
:1006B000291080F83810B2F900102846984763686E
:1006C0002846DB6B31469847204670BD6C500208C7
:1006D000544B02087A3401207834012007B5094BC5
:1006E000B3F90020084BADF80420B3F90030ADF8A1
:1006F00006300368002100919B686946984703B063
:100700005DF804FB783401207A3401202DE9F04FA4
:10071000B1F90430002B89B080460C4615460EDD39
:10072000B1F90630002B0ADD2846FFF75BFF2146B2
:10073000FDF72DFEEB6928B91D46002BF4D109B059
:10074000BDE8F08F04AE002B00F0B5802B68294681
:10075000DB6802A898472846FFF760FFBDF80870DD
:1007600007442846FFF76EFFBDF80A30BDF90C209C
:10077000ADF8142018442146BDF90E30ADF8120032
:100780003FB23046ADF81630ADF81070F7F7A8FF5D
:100790002846FFF727FF024696E8030006AB83E8EA
:1007A000030011461846F7F79BFFBDF91830B4F95E
:1007B0000010BDF91AA0BDF91CB0BDF91E909942F8
:1007C0000BD1B4F90220524507D1B4F904205A459F
:1007D00003D1B4F906204A456DD0BBF1000F65DDA9
:1007E000B9F1000F62DDB4F902201FFA8AF0524518
:1007F000009012DA0193009BB4F90400ADF81220C6
:100800009A1AADF81010ADF81400ADF81620EA6988
:1008100031464046FFF77AFF019BB4F900209A4227
:100820009FB20DDAADF81020BA1AADF812A0ADF8EB
:100830001420ADF81690EA6931464046FFF766FF8E
:100840002288A3885F4413449BB2BFB23AB219B264
:1008500091420DDDDB1BADF81020ADF812A0ADF814
:100860001430ADF81690EA6931464046FFF74EFF66
:10087000E28863881344009A4A449BB21FFA82F9C3
:100880000FFA89F219B28A4215DAB4F90410B4F9F0
:100890000000ADF81410A3EB0903ADF81000ADF89B
:1008A0001220ADF81630EA69314601E0EA692146C6
:1008B0004046FFF72BFF2846FFF794FE616802468B
:1008C0002068334603C311463046F7F709FFBDF9E8
:1008D0001430002B7FF733AFBDF91630002B7FF7B4
:1008E0002EAF2846FFF79AFEBDF81030181AADF863
:1008F00010002846FFF7A6FEBDF81230181AADF812
:1009000012002B6831469B682846984717E770B558
:100910000C4686B0061D00233146054602A8019309
:10092000FFF762F8BDF808302288BDF80A10B4F964
:100930000400ADF81400D21A6388ADF810205B1AD9
:10094000B4F90610ADF8161001AA04A93046ADF8A6
:100950001230F7F79DFF019A1AB121462846FFF79A
:10096000D5FE06B070BD30B50246044652F8080FF9
:1009700085B00D4651686B4603C329466846F7F7B4
:10098000AFFE94F838302BB169462046FFF7BFFF21
:1009900005B030BD0434214602A8FFF725F8BDF8A4
:1009A0000030BDF808209B1AADF80030BDF80A20D1
:1009B000BDF8023069469B1A2046ADF80230F7F7C1
:1009C0002EFFE5E70A680B469269011D184610479D
:1009D00038B5002502230446C0E90055037445617B
:1009E0000576C5830584C5860587C587A0F8405070
:1009F000C0E911550E2229464C3012F028FA012385
:100A00002046A4F85A50A4F85C50A4F85E5084F82C
:100A1000603084F86150F2F7E5FC204638BD30B50F
:100A200000250124436813B9036813B34360037EB0
:100A300043B143692BB11A881AB19A1C42611888D4
:100A400030BD05764368198899B19A1C0229426025
:100A5000F5D1037C012BE5D85A1C0233027450F8FF
:100A600023304361002BDDD01B88002BDAD00476C5
:100A7000D8E70020E4E730B4016000214160156848
:100A8000856052684364029BC260017441610176D3
:100A900001870184A0F84010836430BCF2F7A2BC47
:100AA000F0B505460846E9B105F14C040B4601F1E5
:100AB0000807224618685968264603C60833BB4211
:100AC0003446F7D1186830609B88B38095F8593068
:100AD0005B0103F4807195F852300B435B4285F85B
:100AE00055301046F0BD38B50C4611681046CD683B
:100AF0001946A847002808BF204638BD2DE9F04117
:100B00008C460546144642B9A5F85A20A5F85C2043
:100B1000A5F85E202046BDE8F081507B9388060151
:100B200006F48072E6796FF4636116435A1891B245
:100B30001D29B7B27ED801228A408A490A424FEA6B
:100B4000E6062DD112F4607F74D005F14C022346E5
:100B500004F1080E1446186859689446ACE803007E
:100B6000083373456246F6D11868CCF800009B88BC
:100B7000ACF80430B5F85C1095F85900B3B2CA1A55
:100B800092B285F85420D21020F0600002F060028A
:100B90000243CF1B85F85920FB1AA5F85C30B9E752
:100BA00005F14C02234604F10808144618685968F8
:100BB0009646AEE80300083343457246F6D11868FE
:100BC000CEF800009B88AEF80430EB8E05EB4303B3
:100BD000598C40F63363994211D1DCF800306046FD
:100BE000DB689847417BCB0003F48072037A1343A0
:100BF0004A0644BFA3F500731BB2A5F85A30B5F8F6
:100C00005A3095F859203B4433449BB2A5F85A30EA
:100C100085F85430DB1022F0600203F060031343C8
:100C200085F8593095F85E2095F855309B1A85F86F
:100C300055306FE723F0040240F61B618A4203D06F
:100C400040F61D62934237D105F14C06224604F16D
:100C50000808344610685168B646AEE8030008320A
:100C600042457646F6D11068CEF800009288AEF87C
:100C70000420013B9BB2624621462846FFF733FF22
:100C8000417BCB0003F48072037A480643EA0203F7
:100C900044BFA3F500731BB2A5F85A3095F859303C
:100CA00095F856205B0003F4807313435A1102EB4E
:100CB0009303A5F85E3046E0C20002F48071227A08
:100CC0000A43410644BFA2F5007212B2A5F85A20A9
:100CD00040F6096123F010028A4203D040F6136205
:100CE00093423DD105F14C0204F108089646206874
:100CF0006168164603C6083444453246F7D1206879
:100D00003060A188B18095F85960760006F4807251
:100D100095F85660164340F6136293421ABF03F1EA
:100D2000FF339BB240F60C63624671462846744618
:100D3000FFF7D9FE437B827A5B0003F48073134391
:100D4000F61AA5F85E60617BCB0003F48072237A0B
:100D500013434A0644BFA3F500731BB2DB1B1CE719
:100D60000023A6E77900C03F2DE9F043044642B9CD
:100D70004FF40043A0F85A30A0F85C30A4F85E307D
:100D800047E0517B93880D0105F48070D5790543C8
:100D9000042DCCBF4FEA950E4FF0010EB3F5DD6F79
:100DA00000F2AB8040F2E760834216D240F25B6013
:100DB000834259D840F2576083420ED2B3F5CA6FCE
:100DC0004AD240F24E60834207D240F21A60834218
:100DD0002AD021D8B3F5C26F5BD3B4F95A3013F5DA
:100DE000004F40F0D080B4F95C0010F5004F40F0A7
:100DF000CA80CB0003F48070137A490643EA0003EB
:100E000044BFA3F500731BB2A4F85A305D1BA4F8CD
:100E10005C501046BDE8F08340F24B60834238D30B
:100E200040F24C608342D8D9B4F95A00B4F95C302E
:100E300010F5004F40F0F28013F5004F40F0EE80C7
:100E4000CB0003F48070137A4E0643EA000344BFDC
:100E5000A3F500731BB2D9E740F254608342E3D894
:100E6000B3F5CA6FE0D9B8E740F274608342B4D0FA
:100E70002DD840F25E60834204D840F25D60834228
:100E8000D2D3AAE740F25F608342CDD0B3F5CE6FF4
:100E9000A3D0CB0003F48070137A490643EA000321
:100EA00044BFA3F500731BB25D1BA4F85A30A4F82D
:100EB0005C50537B5B0103F4807193790B435B00BF
:100EC000052193FBF1F392F909100B4456E740F228
:100ED000E260834209D840F2DF608342BFF47DAF15
:100EE000A3F2D663052BD4D877E740F2E3608342C0
:100EF0009AD040F2E4608342CAE7B3F50F6F2BD279
:100F000040F6ED0083428FD240F6E500834216D8CA
:100F100040F6E4008342BFF460AF40F2EC608342ED
:100F20000AD840F2EB608342BFF457AF40F2EA6068
:100F300083423FF479AFACE740F2ED60F8E740F66A
:100F4000E800834202D840F6E70098E740F6E9005F
:100F500083427FF442AF67E740F6F60083423FF4F6
:100F600063AF02D840F6F200F2E740F6FA0083429F
:100F700005D840F6F9008342FFF42FAF54E740F65E
:100F8000FE008342AFE704F14C0C174602F108085B
:100F9000664638687968E646AEE803000837474594
:100FA000F446F6D13868CEF80000B988AEF80410DF
:100FB000B4F95E0010F5004F09D0517B92794901D8
:100FC00001F480711143A0EB510084F8550013F532
:100FD000004FADB20DD02B449BB294F8592084F849
:100FE0005430DB1022F0600203F06003134384F8F6
:100FF000593094F85910CB0003F4807294F85430AF
:101000004F0643EA020344BFA3F500731BB2A4F8E2
:101010005A305B1BA4F85C303246FAE604F14C0C03
:10102000174602F10809664638687968E046A8E87C
:10103000030008374F45C446F6D13868C8F80000A9
:10104000B988A8F80410B4F95E0010F5004F09D073
:10105000517B9279490101F480711143A0EB510059
:1010600084F8550013F5004F0ED0A3EB0E0394F84F
:1010700059209BB284F85430DB1003F0600322F057
:101080006002134384F8593094F85910CB0003F4EC
:10109000807294F85430480643EA020344BFA3F533
:1010A00000731BB25D1BA4F85C50B5E72DE9F0415D
:1010B0001E46C38E00EB430304461746B3F8228056
:1010C000F2F74EF9054618B930602846BDE8F081C0
:1010D0003B680146DB6838469847A8F5C063B3F51E
:1010E000407F0246306013D2434639462046FFF720
:1010F0003BFE3060336843B15A7B9B7A520002F466
:10110000807213430CBF0123002384F86130DCE7B5
:10111000A5F560639BB27F2B04D839462046FFF7C4
:10112000EDFCE6E794F86130002BE3D040F60213C3
:101130009D42DFD101462046FFF7B2FCD9E72DE9F9
:10114000F8431E46C38E00EB430304461746B3F82C
:101150002280F2F705F9054618B930602846BDE847
:10116000F8833B680146D3F808903846DDE9082348
:10117000C847A8F5C063B3F5407F0246306013D27C
:10118000434639462046FFF7EFFD3060336843B1F0
:101190005A7B9B7A520002F4807213430CBF0123E6
:1011A000002384F86130D9E7A5F560639BB27F2BFB
:1011B00004D839462046FFF7A1FCE6E794F86130F1
:1011C000002BE3D040F602139D42DFD101462046BA
:1011D000FFF766FCD9E710B50446B4F84010238F3A
:1011E000F1B10A2B2FD0E28F04EB42000139408F7E
:1011F000A4F84010511C89B2012984BF02F1FF32CA
:10120000E28703F101022287E28E98BFE18713444F
:101210009BB2092B88BF0A3B04EB43035884DCE7ED
:10122000238F0A2B0FD02046FFF7F9FB238F5A1C80
:101230002287E28E13449BB2092B88BF0A3B04EB42
:1012400043035884ECE710BD38B5C38E00EB43026E
:101250000446558C028F013A02875A1C92B2092A21
:1012600086BF093BC386C286FFF7B5FF238C012BDF
:101270009CBF01332384E38B0BB90223E383E38B0D
:10128000013B9BB2E38304EB43042846658338BDEE
:101290008A422DE9F047C78E31D9058FB0F84080DA
:1012A000B0F83EC0EE19541A013E1FFA84FEB4B2E3
:1012B000A4EB0E091FFA89F9092C264688BFA4F170
:1012C0000A06BCF1000F08BF4FF0020C00EB460607
:1012D0000CF1FF3C1FFA8CFC013CB6F822A0A4B232
:1012E00000EB4C064C45A6F83AA0E5D1A5EB0E055F
:1012F0000EEB08040587A0F84040A0F83EC0048F1C
:10130000641A394489B2092988BF0A390487C18619
:101310000A258AB1018F013A92B2013133F81240A5
:101320000187C18E01B9C586C18E013989B2C186D6
:1013300000EB41014C84ECE7BDE8F047FFF74BBF01
:1013400070B50025954211D0C48B31F8026B14445E
:10135000013C641BA4B2012C88BF023C00EB440496
:10136000648BB44217D10135ADB2EBE7BDF8102064
:1013700000241344A2B29A420FDAC68E31F81450F8
:10138000324492B2092A88BF0A3A00EB4202013481
:10139000528CAA42EED0002070BD0120FCE72DE95E
:1013A000F74F054616468C1C09884FEA113A34F867
:1013B0001A30B34224D1C1F30329C1F3031801F059
:1013C0000F07CDF800804B46524621462846FFF7CE
:1013D000B7FF834668B10AEB0901414404EB4103BE
:1013E0003A4649462846FFF753FF584603B0BDE842
:1013F000F08F07EB0A014944414404EB4101D2E775
:101400004FF0000BF1E770B51088984217D8481ECE
:1014100032F82000984212D300248C420FD2601878
:101420004010850032F82060B34202D9013084B206
:10143000F3E701D281B2F0E72A44508870BD002062
:10144000FCE72DE9F041456C6F8804467F080B26C8
:10145000013E13D0E38E04EB43032A46B3F8228007
:10146000394643462046FFF7CEFF38B105EB400131
:1014700042462046FFF793FF0028E9D1BDE8F081FE
:1014800070B54A698D6A4B68CE6A541B00F00681BC
:101490009B1B03D06343102293FBF2F30C688A6911
:1014A000651B00F0FD80921B03D06A43102492FB61
:1014B000F4F29B1A07EE903A9FED884AF8EEE77A2D
:1014C000B7EE007A67EE847A0A4687EE273A03463B
:1014D00000F10C04B1EE436AD2ED027AC7EE276A3E
:1014E0001432E3EC016A52ED027A67EEA67A9C426E
:1014F000C3ED027A52ED017A67EEA67AC3ED057A62
:10150000EAD1CA6A8B69D0ED024AD0ED003AD0ED3B
:10151000016A90ED055A90ED032AD0ED045A90ED42
:10152000071AD0ED062A9B1A07EE903A4B689B1AD1
:1015300007EE103AF8EEE77A76EEE46A67EE847A20
:1015400073EEE44AB8EEC77A64EEE77A27EE047ADF
:1015500075EEC55AE6EE877A32EE455A67EE837A23
:10156000C0ED097A8C6A4A69131B07EE103AB8EE8F
:10157000C77A0B6827EE047A1B1B64EEC74A07EE96
:10158000103AB8EEC77A27EE047AE6EE874A64EEA0
:10159000864AC0ED0A4ACA6A8B699B1A06EE903ADF
:1015A0004B689B1A07EE103AF8EEE66AB8EEC77A77
:1015B00066EE846A27EE047A65EE666AE5EE876A6F
:1015C00066EE836AC0ED0B6A8C6A4A69131B07EEEC
:1015D000103AB8EEC77A0B6827EE047A1B1B25EE8B
:1015E000475A07EE103AB8EEC77A27EE047AA5EE0E
:1015F000875AD0ED085A25EE065A31EE651A80ED6D
:101600000C5ACA6A8B699B1A07EE103A4B689B1AF0
:1016100001EE903AB8EEC77A72EEE55A27EE047AF8
:10162000F8EEE11A25EEC77A61EE841AA1EE217A6E
:1016300027EE037A80ED0D7A8C6A4A69131B03EE5C
:10164000103AB8EEC33A0B6823EE043A1B1B65EE62
:10165000C35A03EE103AB8EEC33A23EE044AE1EE61
:10166000045A25EE866A62EE675A80ED0E6AE3EE52
:10167000A65AF5EEC05AF1EE10FA13DD4FF400430E
:1016800062EEE77AC363E3EE877AF5EEC07AF1EEB5
:1016900010FA15DD4FF40043036470BD2346FDE6E8
:1016A0002A4606E702D547F6FF73E9E722EE642AE9
:1016B000A3EE852AB5EEC02AF1EE10FADEDAF2E7E3
:1016C00002D547F6FF73E7E762EEE44AE3EE864AA7
:1016D000F5EEC04AF1EE10FADCDAF2E70000803DE8
:1016E0002DE9F04714275F4302EB070CDCF80450A8
:1016F00015F10F0E00F1A2804FEA2E1E089CC0F8D3
:1017000014E01426664302EB0608D8F8045015F1DD
:101710000F0400F19F802411A4EB0E048461002CBF
:1017200000F08A80DCF80490D8F804409559A4EBC6
:101730000908D459A5EB040A4FEA0A150EFB05FE69
:101740000AFB19EE08FB04E44FEA0816013CA41951
:1017500000F18C8094FBF6FEC0F800E006FB1E440E
:101760000461002DC0F2958095FBF6F4446006FB01
:1017700014558560C660DCF804404569D259DFED38
:101780004D6A91ED0A6AC4EB051407EE104A04682D
:10179000C2EB041207EE902AB8EEC77AF8EEE77AA9
:1017A00001EB830327EE267A67EEA67AD3ED006A73
:1017B000E6EE076A91ED096AE6EE276AC0ED076A70
:1017C000D0ED016AD1ED095A91ED0A6AF8EEE66AA8
:1017D000A6EEA56A80ED086A4A6A4262D1ED0C5A0B
:1017E00093ED036AA5EE876AD1ED0B5AA5EEA76AC1
:1017F00080ED0A6AD1ED0B5A91ED0C6AA6EEA56A4E
:1018000080ED0B6ACA6A026393ED066AD1ED0E5A47
:10181000A5EE876AB0EE467A91ED0D6AA6EE277ABC
:1018200080ED0D7A91ED0D7AD1ED0E7AE6EE877AA4
:10183000C0ED0E7A4B6BC363BDE8F087C5F10105BF
:1018400015F00F0518BF012510249EFBF4FEAEEB2A
:10185000050E53E7C5F1010515F00F0518BF012569
:101860004FF0100994FBF9F4641B55E7644294FBB4
:10187000F6FECEF1000806FB1E44C0F800800461AD
:10188000002C3FF46EAF6FEA0E0EC0F800E0341B80
:1018900066E76D4295FBF6F4C4F1000E06FB1455A5
:1018A000C0F804E08560002D3FF464AFE443446079
:1018B000751B5EE70000803D014B1860704700BF5C
:1018C000EC340120064B1A88824207D8054B1B884E
:1018D00013449842ACBF002001207047002070479D
:1018E0000C3501201035012008B50146FFF7EAFF4D
:1018F00018B1024B1B6853F8210008BDF0340120D9
:10190000F0B5244C2368002B42D0234A234D118884
:10191000B5F800C0224861444A1C22F001028F0041
:101920001204DE19120C07EB420706601D4EDA198D
:1019300032600E2202FB0CF2033222F003023A4420
:10194000194F13443B60194F00233B80184F3F68E9
:10195000BA1A184F3A60184A9C4613804FF6FF7720
:101960008B420DD12D88306800230E249D420FD963
:1019700004FB03020133117B6FF345111173F5E78B
:10198000226842F823C0026822F813700133E7E7A7
:10199000F0BD00BFF03401200C35012010350120CE
:1019A00004350120F4340120FC3401200E350120DF
:1019B000F83401200835012000350120064B1B6852
:1019C00043B939B1054B1A80054B1960054B1860B6
:1019D000FFF796BF704700BFFC340120103501208F
:1019E000F8340120F034012070B4074C2668054615
:1019F0001046039A36B92560044C218070BC194604
:101A0000FFF7DCBF70BC7047143501200C35012096
:101A1000124A03881288934207D2114A126814218D
:101A200001FB0323B3F9080070470E4909881144EC
:101A30008B4204DA9B1A0C4A0E211268F0E74FF62B
:101A4000FE72934208D1094B1B781BB9084BB3F9BE
:101A500000007047074BFAE7002070470C35012063
:101A60001435012010350120F43401207C3401208C
:101A70007E34012080340120124A03881288934268
:101A800007D2114A1268142101FB0323B3F90A009B
:101A900070470E49098811448B4204DA9B1A0C4A9C
:101AA0000E211268F0E74FF6FE72934208D1094BFF
:101AB0001B781BB9084BB3F900007047074BFAE7D6
:101AC000002070470C35012014350120103501200D
:101AD000F43401207C340120803401207E34012044
:101AE00030B5224A0B881288934213D2204A1268DA
:101AF000142101FB03231A8AB3F90C40B3F90E1029
:101B00005B8A0480C2F30C02C3F30C034180828021
:101B1000C38024E01749098811448B4210DA9B1ACC
:101B20000E225343144A1168CA18CD5EB2F902401E
:101B3000B2F90410B2F90630058044808180E7E7ED
:101B40004FF6FE7293420BD10C4BB3F900100C4BC5
:101B50008180B3F90020C28000230380438030BD20
:101B60000023038043808380D2E700BF0C3501202F
:101B70001435012010350120F4340120783401207F
:101B80007A340120174A03881288934213D2164AE6
:101B90001268142101FB03231A8A1989C2F30C026B
:101BA0008A421DDB588AC0F30C005B899842ACBFA7
:101BB0000020012070470D49098811448B420DDA3D
:101BC0009B1A0B4A12680E2101FB0323B3F9041080
:101BD0001A89914204DBB3F90600E6E7002070475A
:101BE000012070470C3501201435012010350120EB
:101BF000F4340120124A038811888B420BD2114A17
:101C0000126812B152F82300C0B90F4A11681422A9
:101C10005343C85870470D4A12880A44934204DA65
:101C2000084A126852F8230070474FF6FE7293423A
:101C300003D1074B1B68586C70470020704700BFEA
:101C40000C350120F034012014350120103501201D
:101C500084340120244B02881888824221D2234BED
:101C60001968142303FB0213586800283AD020494E
:101C70000968002936D051F82210002932D01A897B
:101C8000588950435A7CDB7C5209C3F3421343EA20
:101C9000C2030B2B18BF4000033020F003000844A0
:101CA0007047144B1B8803449A421ADA124B1B6884
:101CB000101A0E2101FB0030037B03F01F030B2BD6
:101CC0000BD1038940895843094B1968033020F030
:101CD000030351F82200184470470D2B01D10D3039
:101CE00070470020704700BF0C35012014350120DB
:101CF000F034012010350120F434012010B51F4BC1
:101D000002881B889A421AD21D4B1B68142101FBC2
:101D100002314B7C5809CB7C1A49C3F34213096842
:101D200043EAC003D8B249B151F8222032B10E2B98
:101D300021D00F281DD0102808BF022010BD124945
:101D4000098819448A4209DAD31A104A12680E2106
:101D500001FB0323187B00F01F00EFE74FF6FE7333
:101D60009A4208D1F1F716F80368BDE81040DB6A23
:101D700018470120E2E70020E0E700BF0C35012012
:101D800014350120F034012010350120F4340120F5
:101D90001020704700207047024B1888400080B226
:101DA000704700BF7E340120FF2B5ED00B2A58D035
:101DB0000ED8032A4DD004D8012A4CD04DD9C36B7C
:101DC00031E0092A4DD04AD8082A48D000232AE019
:101DD0002F2A2CD011D82D2A18D031D82C2AF5D161
:101DE0004A6813785278002AF0D1012B1DD0002BBD
:101DF0002DD0022BEAD1C36815E0312A04D032D3AA
:101E0000322A30D0332AE1D1436F0CE04A6813788C
:101E10005278002ADAD1012B04D00FD3022BD5D16E
:101E2000436900E0436A18467047C369FBE74B68A3
:101E30001A785B78002BC9D1002AF4D1436BF2E702
:101E40004B681A785B78002BC0D1002AEBD1C36AAB
:101E5000E9E7C36CE7E7436DE5E7436CE3E7C36D90
:101E6000E1E7436EDFE7C36EDDE70B2A59D00ED8FA
:101E7000032A50D004D8012A4FD050D9036CD2E79E
:101E8000092A4ED001D8082AA0D1036ECBE72F2A09
:101E90002DD011D82D2A18D033D82C2A96D14A68A3
:101EA00013785278002A91D1012B1ED0002B30D00C
:101EB000022B8BD10369B6E7312A04D033D3322AFF
:101EC00031D0332A82D1836FADE74A6813785278D4
:101ED000002A7FF47BAF012B05D010D3022B7FF4B7
:101EE00075AF83699FE7836A9DE7036A9BE74B6849
:101EF0001A785B78002B7FF469AF002A93D1836B4B
:101F000091E74B681A785B78002B7FF45FAF002A6B
:101F100089D1036B87E7036D85E7836D83E7836C66
:101F200081E7836E7FE7036F7DE72DE9F04F87B090
:101F3000159805929DF864200292DDE9162401911E
:101F40004168DDF860E001FB0424026802EB440410
:101F5000DEF800200392DEF8042004320492029A94
:101F6000D643F6B2019A002A03DC059A002A40F310
:101F70002981119ABEF908C0BEF90C7002F5004122
:101F8000129A02F50042002B0EDD081405D46045BC
:101F900003DA101401D4B84207DB139801441498F3
:101FA000013B02440234EEE771D0139D581E05FB3D
:101FB00000152D145FD465455DDA149D05FB0020E6
:101FC000001458D4B84256DABDF808B09946A24673
:101FD000B9F1000F57DDBEF9087003984FEA224CA3
:101FE0000D1407FB0C0009F1FF39405D049D35F825
:101FF0001000BAF800502F124FEA202C07F0F80713
:1020000017FB06F74FEAE5080CF0F80CED000CFBA7
:102010000B7C08F0FC08C710EDB2C00018FB06F8F6
:1020200015FB06F507F0FC07C0B21FFA8CFC07FB96
:102030000B8700FB0B5080B2BFB20CF1010505EB22
:102040001C2C07F10108451C05EB102508EB17288F
:1020500013980CF4784CC5F3C4254FEA581845EA98
:102060000C0C08F4FC68014414984CEA080C2AF89B
:1020700002CB0244ACE7BDF808A04FF0000803EB28
:102080000800002841DC23EAE37304EB4304019BCE
:10209000002B40F3978030EE040AB7EE007AC7EECB
:1020A000007A109B70EEA40A31EE051A20EEA77A92
:1020B000F0EE626A61EE277AFEEEC86A77EE622A77
:1020C000CDED116AFEEEC82AF0EE436A37EEC33A50
:1020D00012EE902ABEEEC83A92FBF3F313EE102AEA
:1020E0001393109B92FBF3F31493019B059AFEEE5E
:1020F000C86A013B0193CDED126A109BB0EE673ABE
:1021000008BF1346F0EE472A2CE70F1453D4DEF82D
:102110000850BD424FDD5FEA224C4CD4DEF80C0083
:10212000604548DD03982DB20CFB0505E85D049D74
:1021300035F810006FF0010505FB08FB4FEA202C75
:1021400034F80B502F1207F0F80717FB06F74FEA89
:10215000E5090CF0F80CED000CFB0A7C09F0FC0919
:10216000C710EDB2C00019FB06F915FB06F507F024
:10217000FC07C0B21FFA8CFC07FB0A9700FB0A5051
:10218000BFB280B20CF1010505EB1C2C07F101096F
:10219000451C05EB102509EB17290CF4784CC5F309
:1021A000C4254FEA591945EA0C0C09F4FC694CEABC
:1021B000090C24F80BC013980144149808F1FF3857
:1021C00002445CE707B0BDE8F08F2DE9F04F85B021
:1021D0009346139E169D70680091DDE9142400FB60
:1021E0000424326802EB44042A6801926A68DDE93B
:1021F00011EC04320292F7EE006A009A002A03DC26
:10220000BBF1000F40F3A0800F9AB5F90890B5F923
:102210000C8002F50040109A02F50042002B0CDD04
:10222000061405D44E4503DA161401D4464505DBE1
:1022300070446244013B0234F0E70FD05E1E0EFB97
:1022400006073F1441D504EB430698460396B8F1C0
:10225000000F59DC23EAE37304EB4304009B002BDB
:1022600072DD30EE040A70EEA40AC6EE807A0E9B90
:1022700031EE051A20EEA77AB0EE626A61EE277A97
:10228000BEEEC86A77EE622A8DED0F6AFEEEC82AAE
:10229000B0EE436A37EEC33A12EE902ABEEEC83A69
:1022A00092FBF3FE13EE102A92FBF3FC009BBEEEB2
:1022B000C86A013B00938DED106A0E9BB0EE673A41
:1022C00008BF5B46F0EE472A97E74F45BBDA0CFBA9
:1022D00006263614B7D44645B5DA1E46A046002E6B
:1022E000B8DDB5F908A0019917144FEA20490AFB97
:1022F0000717029917F8097031F8177028F8027B50
:1023000070446244013EEAE75FEA204917D4AE68B0
:102310004E4514DD5FEA224A11D4EF6857450EDDC1
:10232000019F36B20AFB0676029F16F809606FF02D
:10233000010137F8167001FB08F603998F537044BA
:10234000624408F1FF3882E705B0BDE8F08F2DE95F
:10235000F04F87B0159C05929DF864200392DDE94B
:10236000162002916168DDF860C001FB0020226840
:1023700002EB40020092DCF800200492DCF804201A
:1023800004320192039AD543EDB2029A002A03DC8B
:10239000059A002A40F32C81119ABCF908E0BCF997
:1023A0000C7002F50041129A02F50042002B10DD7C
:1023B0000C1405D4744503DA141401D4BC4209DBAF
:1023C000139C00982144149C02302244013B00904D
:1023D000ECE771D0139E5C1E06FB041636145DD428
:1023E00076455BDA149E06FB0424241456D4BC42C2
:1023F00054DADDF80090BDF80CA09846B8F1000F53
:1024000054DDBCF908700498141407FB04040E147E
:10241000019814F806E0B9F800400EEB4E0E00EB00
:102420000E0B27129BF802609BF801B010F80EE02B
:10243000139816FB0AF607F0F80707FB0567E61086
:10244000E400E4B21BFB0AFB14FB05F406F0FC06F7
:10245000BFB206FB05B60EFB0A4EB6B21FFA8EFEE1
:102460007C1C04EB172706F1010B0EF1010404EBB1
:102470001E240BEB162B07F47847C4F3C4244FEA51
:102480005B1B27430BF4FC6B0144149847EA0B07D2
:1024900029F8027B024408F1FF38AFE7BDF80C9041
:1024A0004FF0000E03EB0E04002C43DC009A23EAED
:1024B000E37302EB43030093029B002B40F39880ED
:1024C00030EE040AB7EE007AC7EE007A109B70EE89
:1024D000A40A31EE051A20EEA77AF0EE626A61EEE8
:1024E000277AFEEEC86A77EE622ACDED116AFEEE1B
:1024F000C82AF0EE436A37EEC33A12EE902ABEEED7
:10250000C83A92FBF3F313EE102A1393109B92FB3D
:10251000F3F31493029B059AFEEEC86A013B029303
:10252000CDED126A109BB0EE673A08BF1346F0EE8D
:10253000472A2AE70F1454D4DCF80860BE4250DD65
:102540005FEA22484DD4DCF80C40444549DD049C48
:1025500036B208FB06466FF0010016F80780019CB2
:1025600000FB0EFA08EB4808009804EB080B30F863
:102570000A409BF8026001989BF801B010F80880AF
:102580000098271216FB09F607F0F80707FB056706
:10259000E610E400E4B21BFB09FB14FB05F406F0B3
:1025A000FC06BFB206FB05B608FB0948B6B21FFA27
:1025B00088F87C1C04EB172706F1010B08F10104D5
:1025C00004EB18240BEB162B07F47847C4F3C42450
:1025D0004FEA5B1B27430BF4FC6B47EA0B0720F821
:1025E0000A701398014414980EF1FF3E024459E713
:1025F00007B0BDE8F08F00002DE9F04F85B0F7EE91
:10260000006A139E0392DDE914247068169DDDF8BC
:1026100044C06F68019100FB0424326802EB44045B
:102620002A6802920437019A002A03DC039A002ADE
:1026300040F3CC800F9AB5F90890B5F90C8002F5FB
:102640000040109A02F50042002B0DDD061405D45F
:102650004E4503DA161401D4464506DB129E60444B
:102660003244013B0234EFE70FD05E1E0CFB060E36
:102670005FEA2E4E43D5984604EB430AB8F1000FAB
:1026800071DC23EAE37304EB4304019B002B40F36A
:102690009D8030EE040A70EEA40AC6EE807A0E9B8E
:1026A00031EE051A20EEA77AB0EE626A61EE277A63
:1026B000BEEEC86A77EE622A8DED0F6AFEEEC82A7A
:1026C000B0EE436A37EEC33A12EE902ABEEEC83A35
:1026D00092FBF3FC13EE102A92FBF3F31293019B8F
:1026E000039ABEEEC86A013B01938DED106A0E9B02
:1026F000B0EE673A08BF1346F0EE472A93E7CE459F
:10270000B9DA129901FB06263614B4D44645B2DA7A
:102710009846A246B8F1000FB3DDB5F908900299CA
:10272000161409FB06164FEA204E2A4916F80EE049
:102730000EEB4E0E07EB0E0B60449BF801609BF80E
:102740000290F60001EA092906F4FC6649EA060649
:1027500017F80E90129946EAD9062AF8026B0A4435
:1027600008F1FF38D6E75FEA204929D4AE684E4524
:1027700026DD5FEA224B23D4E968594520DD029922
:102780000FFA86FE0BFB0E1E6FF001011EF809E02A
:102790000EEB4E0E07EB0E0601FB08F996F802B0A1
:1027A0007678A1F2FE71F60001EA0B2B06F4FC66C6
:1027B0004BEA060617F80EB046EADB062AF809606F
:1027C000129960440A4408F1FF3857E705B0BDE8A4
:1027D000F08F00BF00F8FFFF2DE9F04F87B08B4668
:1027E000159804929DF864200592DDE9162441684D
:1027F000DDF860C001FB0424026802EB4404DCF84D
:1028000000200192DCF8042004320292F7EE006A04
:10281000BBF1000F03DC049A002A40F33881119ABF
:10282000BCF90870BCF90C6002F50040129A02F580
:102830000041002B0EDD021405D4BA4203DA0A145B
:1028400001D4B24207DB139A1044149A013B11449D
:102850000234EEE719D0139D5A1E05FB02052D1414
:1028600009D4BD4207DA149D05FB0212121402D4EA
:10287000B242C0F2AC804FF0000E03EB0E02002A11
:102880003EDC23EAE37304EB4304BBF1000F40F3A7
:10289000FE8030EE040A70EEA40AC6EE807A109B29
:1028A000BBF1010B31EE051A20EEA77AB0EE626A99
:1028B00061EE277ABEEEC86A77EE622A8DED116A64
:1028C000FEEEC82AB0EE436A37EEC33A12EE902A03
:1028D000BEEEC83A92FBF3F313EE102ABEEEC86ABE
:1028E0001393109B92FBF3F3049A14938DED126AE9
:1028F000109BB0EE673A08BF1346F0EE472A87E711
:1029000006145DD4DCF80850B54259DD0F1457D4D5
:10291000DCF80C20BA4253DD019A2DB207FB0525E5
:10292000AA5D029D55F822502E0E49D06FF001028B
:1029300002FB0EF2039234F80280059A5643721C91
:1029400002EB262212121FFA82F94FEA2827C5F35A
:102950000746D243D2B216FB09F607F0F80707FB89
:102960000267C5F3072A4FEAE806EDB24FEAC80846
:102970005FFA88F815FB09F508FB0255BFB21AFB90
:1029800009FAADB206F0FC0606FB02A67A1C05F1B8
:10299000010A02EB17270AEB152AB6B2CAF3C42ABA
:1029A00007F478474AEA070706F1010A0AEB162AF4
:1029B0004FEA5A1A0AF4FC6A039A47EA0A07A7522E
:1029C000139A1044149A0EF1FF3E114455E74FF04C
:1029D0000008A3EB0802002A7FF753AFBCF9086098
:1029E000019F0A14051406FB0272525D029D55F800
:1029F00022502E0E44D0059A34F818E05643721C2B
:102A000002EB262212121FFA82F94FEA2E27C5F393
:102A10000746D243D2B216FB09F607F0F80707FBC8
:102A20000267C5F3072A4FEAEE06EDB24FEACE0E73
:102A30005FFA8EFE15FB09F50EFB0255BFB21AFBBD
:102A400009FAADB206F0FC0606FB02A67A1C05F1F7
:102A5000010A02EB17270AEB152AB6B2CAF3C42AF9
:102A600007F478474AEA070706F1010A0AEB162A33
:102A70004FEA5A1A0AF4FC6A47EA0A0724F818705F
:102A8000139A1044149A08F101081144A1E707B001
:102A9000BDE8F08F2DE9F04F85B08B461398039277
:102AA000DDE914244168DDF858E001FB04240268E4
:102AB00002EB4404DEF800200092DEF80420043229
:102AC0000192F7EE006ABBF1000F03DC039A002AC3
:102AD00040F353810F9ABEF90870BEF90C6002F5FD
:102AE0000041109A02F50042002B0EDD081405D4B7
:102AF000B84203DA101401D4B04207DB1198014444
:102B00001298013B02440234EEE717D0119D581E83
:102B100005FB00152D1409D4BD4207DA129D05FBF3
:102B20000020001402D4B042C0F2BC8000269819E4
:102B300000283EDC23EAE37304EB4304BBF1000FFF
:102B400040F31B8130EE040A70EEA40AC6EE807AD0
:102B50000E9BBBF1010B31EE051A20EEA77AB0EE09
:102B6000626A61EE277ABEEEC86A77EE622A8DED60
:102B70000F6AFEEEC82AB0EE436A37EEC33A12EE91
:102B8000902ABEEEC83A92FBF3F313EE102ABEEE83
:102B9000C86A11930E9B92FBF3F3039A12938DED87
:102BA000106A0E9BB0EE673A08BF1346F0EE472A54
:102BB00089E70F1426D4DEF80850BD4222DD5FEA13
:102BC000224C1FD4DEF80C0060451BDD00982DB2AE
:102BD0000CFB0505E85D019D55F82000070EFF2F51
:102BE00016D16FF0010505FB06F7A5F2FE7505EAA3
:102BF000102C450905F4FC654CEA0505C0F3C4003A
:102C00000543E553119801441298013E02448EE7B2
:102C1000FDB2002FF6D06FF0010777431FFA85F958
:102C200034F8078002974FEA282CC0F30747ED439A
:102C3000EDB217FB09F70CF0F80C0CFB057CC0F3A8
:102C4000072A4FEAE807C0B24FEAC8085FFA88F8D7
:102C500010FB09F008FB050080B21FFA8CFC1AFB80
:102C600009FA07F0FC0707FB05A700F1010A0CF1C0
:102C700001050AEB102A05EB1C2CBFB2CAF3C42ACB
:102C80000CF4784C4AEA0C0C07F1010A0AEB172AFB
:102C90004FEA5A1A0AF4FC6A02984CEA0A0C24F821
:102CA00000C0AFE74FF00008A3EB080000287FF753
:102CB00041AFBEF90860009F10140D1406FB0070B0
:102CC000405D019D55F820502E0EFF2E12D12C484C
:102CD00000EA1526680900F4FC603043C5F3C4051A
:102CE000284324F8180011980144129808F10108AB
:102CF0000244D9E7F0B2002EF5D034F818C01FFA1C
:102D000080F94FEA2C27C5F30746C043C0B216FB33
:102D100009F607F0F80707FB0067C5F3072A4FEA33
:102D2000EC06EDB24FEACC0C5FFA8CFC15FB09F512
:102D30000CFB0055BFB21AFB09FAADB206F0FC0657
:102D400006FB00A6781C05F1010A00EB17270AEB29
:102D5000152AB6B2CAF3C42A07F478474AEA070725
:102D600006F1010A0AEB162A4FEA5A1A0AF4FC6A1B
:102D700047EA0A0724F81870B5E705B0BDE8F08FF8
:102D800000F8FFFF2DE9F04F87B08B46159C0492A9
:102D90009DF864200592DDE916206168DDF860E0A9
:102DA00001FB0020226802EB4000DEF800200192C7
:102DB000DEF804200292F7EE006ABBF1000F03DC9C
:102DC000049A002A40F34281119ABEF90870BEF9B4
:102DD0000C6002F50041129A02F50042002B0EDD54
:102DE0000C1405D4BC4203DA141401D4B44207DB3A
:102DF000139C2144149C013B22440230EEE719D07D
:102E0000139D5C1E05FB04152D1409D4BD4207DA81
:102E1000149D05FB0424241402D4B442C0F2B180F2
:102E20004FF0000803EB0804002C3EDC23EAE373B8
:102E300000EB4300BBF1000F40F3088130EE040AC1
:102E400070EEA40AC6EE807A109BBBF1010B31EE46
:102E5000051A20EEA77AB0EE626A61EE277ABEEE1E
:102E6000C86A77EE622A8DED116AFEEEC82AB0EECE
:102E7000436A37EEC33A12EE902ABEEEC83A92FB8E
:102E8000F3F313EE102ABEEEC86A1393109B92FB65
:102E9000F3F3049A14938DED126A109BB0EE673A27
:102EA00008BF1346F0EE472A87E70E1462D4DEF817
:102EB0000850B5425EDD17145CD4DEF80C40BC420D
:102EC00058DD2DB207FB0565029C665D002E51D0D2
:102ED000019C34F815906FF0010404FB08F403948E
:102EE000055B059C6643741C04EB16242412A7B2F0
:102EF0002E12E443E4B24FEA292C06F0F80616FB42
:102F000004F64FEAE50A0CF0F80CED000CFB076C38
:102F1000EDB24FEAE9064FEAC90915FB04F55FFA7D
:102F200089F90AF0FC0A09FB07551AFB04FA1FFA93
:102F30008CFCADB206F0FC0606FB07A60CF1010402
:102F400005F1010A04EB1C2C0AEB152AB6B2CAF3F0
:102F5000C42A0CF4784C4AEA0C0C06F1010A0AEB7C
:102F6000162A4FEA5A1A0AF4FC6A039C4CEA0A0C25
:102F700020F804C0139C2144149C08F1FF3822441B
:102F800050E74FF00009A3EB0904002C7FF74EAF88
:102F9000BEF908600D14141406FB0454029D2E5D46
:102FA000002E4CD0019D35F81480059C30F8195046
:102FB0006643741C04EB16242412A7B22E12E443B9
:102FC000E4B24FEA282C06F0F80616FB04F64FEAA6
:102FD000E50A0CF0F80CED000CFB076CEDB24FEAC3
:102FE000E8064FEAC80815FB04F55FFA88F80AF00E
:102FF000FC0A08FB07551AFB04FA1FFA8CFCADB259
:1030000006F0FC0606FB07A60CF1010405F1010A17
:1030100004EB1C2C0AEB152AB6B2CAF3C42A0CF432
:10302000784C4AEA0C0C06F1010A0AEB162A4FEA20
:103030005A1A0AF4FC6A4CEA0A0C20F819C0139CCC
:103040002144149C09F1010922449CE707B0BDE822
:10305000F08F2DE9F04F85B08B46139C0392DDE98C
:1030600014206168DDF8588001FB0020226802EB23
:103070004000D8F800200092D8F804200192F7EE22
:10308000006ABBF1000F03DC039A002A40F346817B
:103090000F9AB8F90870B8F90C6002F50041109A5F
:1030A00002F50042002B0EDD0C1405D4BC4203DAFD
:1030B000141401D4B44207DB119C2144129C013B3F
:1030C00022440230EEE717D0119D5C1E05FB04156B
:1030D0002D1409D4BD4207DA129D05FB04242414E3
:1030E00002D4B442C0F2B38000269C19002C3EDC0E
:1030F00023EAE37300EB4300BBF1000F40F30E81C2
:1031000030EE040A70EEA40AC6EE807A0E9BBBF184
:10311000010B31EE051A20EEA77AB0EE626A61EE7D
:10312000277ABEEEC86A77EE622A8DED0F6AFEEE50
:10313000C82AB0EE436A37EEC33A12EE902ABEEECA
:10314000C83A92FBF3F313EE102ABEEEC86A11934D
:103150000E9B92FBF3F3039A12938DED106A0E9B74
:10316000B0EE673A08BF1346F0EE472A89E70F141E
:1031700018D4D8F80850BD4214DD5FEA224C11D4AF
:10318000D8F80C4064450DDD2DB20CFB0575019C93
:10319000645DFF2C0CD1009C34F815506FF00104D5
:1031A00074430553119C2144129C013E22449CE728
:1031B000002CF7D0009F37F815906FF0010575438C
:1031C0000295455B1FFA84FC2F12E443E4B24FEAF8
:1031D000292E07F0F80717FB04F74FEAE50A0EF06F
:1031E000F80EED000EFB0C7EEDB24FEAE9074FEA58
:1031F000C90915FB04F55FFA89F90AF0FC0A09FB15
:103200000C551AFB04FA1FFA8EFEADB207F0FC074C
:1032100007FB0CA70EF1010405F1010A04EB1E2EB9
:103220000AEB152ABFB2CAF3C42A0EF4784E4AEA52
:103230000E0E07F1010A0AEB172A4FEA5A1A0AF48E
:10324000FC6A029C4EEA0A0E20F804E0AAE74FF05E
:103250000009A3EB0904002C7FF74AAFB8F9086016
:1032600014140D1406FB0455019C645DFF2C0BD156
:10327000009C34F8154020F81940119C2144129C00
:1032800009F101092244E4E7002CF6D0009E36F84B
:1032900015E030F81950A7B22E12E443E4B24FEA19
:1032A0002E2C06F0F80616FB04F64FEAE50A0CF0A1
:1032B000F80CED000CFB076CEDB24FEAEE064FEA9E
:1032C000CE0E15FB04F55FFA8EFE0AF0FC0A0EFB2B
:1032D00007551AFB04FA1FFA8CFCADB206F0FC0687
:1032E00006FB07A60CF1010405F1010A04EB1C2CF6
:1032F0000AEB152AB6B2CAF3C42A0CF4784C4AEA8F
:103300000C0C06F1010A0AEB162A4FEA5A1A0AF4C3
:10331000FC6A4CEA0A0C20F819C0AEE705B0BDE81B
:10332000F08F2DE9F04F85B0139803929DF85C2043
:103330000192DDE9142400914168DDF858E001FBB9
:103340000424026802EB4404DEF800200292019A91
:10335000D643F6B2009A002A03DC039A002A40F30F
:1033600024810F9ABEF908C0BEF90C7002F5004125
:10337000109A02F50042002B0EDD081405D46045BA
:1033800003DA101401D4B84207DB119801441298F3
:10339000013B02440234EEE76ED0119D581E05FB3E
:1033A00000152D145CD465455ADA129D05FB0020EA
:1033B000001455D4B84253DABDF804B09946A24679
:1033C000B9F1000F54DDBEF908700D14101407FB9D
:1033D0000050029D35F81000BAF800502F124FEA45
:1033E000202C07F0F80717FB06F74FEAE5080CF06A
:1033F000F80CED000CFB0B7C08F0FC08C710EDB2DC
:10340000C00018FB06F815FB06F507F0FC07C0B274
:103410001FFA8CFC07FB0B8700FB0B5080B2BFB27E
:103420000CF1010505EB1C2C07F10108451C05EB0F
:10343000102508EB172811980CF4784CC5F3C42517
:103440004FEA581845EA0C0C08F4FC68014412983D
:103450004CEA080C2AF802CB024409F1FF39AFE725
:10346000BDF804A04FF0000803EB0800002841DC81
:1034700023EAE37304EB4304009B002B40F39580A5
:1034800030EE040AB7EE007AC7EE007A0E9B70EEBB
:10349000A40A31EE051A20EEA77AF0EE626A61EE18
:1034A000277AFEEEC86A77EE622ACDED0F6AFEEE4D
:1034B000C82AF0EE436A37EEC33A12EE902ABEEE07
:1034C000C83A92FBF3F313EE102A11930E9B92FB72
:1034D000F3F31293009B039AFEEEC86A013B00933C
:1034E000CDED106A0E9BB0EE673A08BF1346F0EEC2
:1034F000472A2FE70F1451D4DEF80850BD424DDDA6
:103500005FEA224C4AD4DEF80C00604546DD2DB25D
:103510000CFB0575029830F815006FF0010505FBEE
:1035200008FB4FEA202C34F80B502F1207F0F80755
:1035300017FB06F74FEAE5090CF0F80CED000CFB61
:103540000A7C09F0FC09C710EDB2C00019FB06F9AE
:1035500015FB06F507F0FC07C0B21FFA8CFC07FB51
:103560000A9700FB0A50BFB280B20CF1010505EBCF
:103570001C2C07F10109451C05EB102509EB172947
:103580000CF4784CC5F3C4254FEA591945EA0C0CE4
:1035900009F4FC694CEA090C24F80BC011980144A9
:1035A000129808F1FF3802445EE705B0BDE8F08FDD
:1035B0002DE9F04F85B09346139E169D70680191DA
:1035C000DDE9142400FB04243268DDE911EC02EB90
:1035D00044042A680292F7EE006A019A002A03DC8A
:1035E000BBF1000F40F39A800F9AB5F90890B5F936
:1035F0000C8002F50040109A02F50042002B0CDD11
:10360000061405D44E4503DA161401D4464505DBED
:1036100070446244013B0234F0E70FD05E1E0EFBA3
:1036200006073F1441D504EB430698460396B8F1CC
:10363000000F56DC23EAE37304EB4304019B002BE9
:103640006CDD30EE040A70EEA40AC6EE807A0E9BA2
:1036500031EE051A20EEA77AB0EE626A61EE277AA3
:10366000BEEEC86A77EE622A8DED0F6AFEEEC82ABA
:10367000B0EE436A37EEC33A12EE902ABEEEC83A75
:1036800092FBF3FE13EE102A92FBF3FC019BBEEEBD
:10369000C86A013B01938DED106A0E9BB0EE673A4C
:1036A00008BF5B46F0EE472A97E74F45BBDA0CFBB5
:1036B00006263614B7D44645B5DA1E46A046002E77
:1036C000B8DDB5F908A0029917144FEA20490AFBA2
:1036D0000797704431F8177028F8027B6244013E66
:1036E000EDE75FEA204914D4AE684E4511DD5FEA8C
:1036F000224A0ED4EF6857450BDD36B20AFB069618
:10370000029F6FF0010137F8167001FB08F603996C
:103710008F537044624408F1FF3888E705B0BDE874
:10372000F08F2DE9F04F87B08B46159803929DF8E6
:1037300064200492DDE916254168DDF8609001FB04
:103740000525026802EB4505D9F800200192F7EE45
:10375000006ABBF1000F03DC039A002A40F3598191
:10376000119AB9F90870B9F90C6002F50040129A83
:1037700002F50041002B0EDD021405D4BA4203DA33
:103780000A1401D4B24207DB139A1044149A013B85
:1037900011440235EEE717D0139C5A1E04FB0204B5
:1037A000241409D4BC4207DA149C04FB021212143C
:1037B00002D4B242C0F2BF800027DA19002A3EDCF0
:1037C00023EAE37305EB4305BBF1000F40F32181CE
:1037D00030EE040A70EEA40AC6EE807A109BBBF1AC
:1037E000010B31EE051A20EEA77AB0EE626A61EEA7
:1037F000277ABEEEC86A77EE622A8DED116AFEEE78
:10380000C82AB0EE436A37EEC33A12EE902ABEEEF3
:10381000C83A92FBF3F313EE102ABEEEC86A139374
:10382000109B92FBF3F3039A14938DED126A109B95
:10383000B0EE673A08BF1346F0EE472A89E7061450
:103840002DD4D9F80840B44229DD5FEA214C26D4B2
:10385000D9F80C20624522DD24B2019A0CFB0464E5
:1038600052F82440220E1AD0049E7243561C06EBD6
:1038700022221212260AFF2A059616D16FF00102A3
:1038800002FB07FC26F4FF66620902F4FC6226F0E4
:1038900007061643C4F3C404264325F80C60139AA4
:1038A0001044149A013F114487E76FF001067E43EC
:1038B0001FFA82FA35F8068002964FEA282EC4F3E2
:1038C000074CD243D2B21CFB0AFC0EF0F80E0EFBE2
:1038D00002CEE4B24FEAE80C4FEAC8089DF8146043
:1038E0005FFA88F814FB0AF408FB02441FFA8EFE04
:1038F00016FB0AF6A4B20CF0FC0C0CFB026C0EF1E9
:103900000102661C02EB1E2E06EB14261FFA8CFC2D
:10391000C6F3C4260EF4784E46EA0E0E0CF10106EC
:1039200006EB1C26760906F4FC66029A4EEA060EA1
:1039300025F802E0B3E74FF00008A3EB0802002AE5
:103940007FF73EAFB9F9086004140A1406FB02427F
:10395000019C54F82240220E16D0049E7243561C3D
:1039600006EB22221212FF2A4FEA142613D1620913
:1039700026F4FF6602F4FC6226F007061643C4F341
:10398000C404264325F81860139A1044149A08F1C9
:1039900001081144D1E735F818E01FFA82FA4FEA1E
:1039A0002E2CC4F30747D243D2B217FB0AF70CF010
:1039B000F80C0CFB027CE4B24FEAEE074FEACE0EA5
:1039C0005FFA8EFE14FB0AF40EFB0244F6B21FFAF5
:1039D0008CFC16FB0AF6A4B207F0FC0707FB026793
:1039E0000CF10102661C02EB1C2C06EB1426BFB284
:1039F000C6F3C4260CF4784C46EA0C0C7E1C06EB8D
:103A00001726760906F4FC664CEA060C25F818C061
:103A1000BAE707B0BDE8F08F2DE9F04F85B08B46CF
:103A200013980392DDE914244168DDF8588001FB06
:103A30000424026802EB4404D8F800200192F7EE57
:103A4000006ABBF1000F03DC039A002A40F34F81A8
:103A50000F9AB8F90870B8F90C6002F50041109A95
:103A600002F50042002B0EDD081405D4B84203DA3B
:103A7000101401D4B04207DB119801441298013BA5
:103A800002440234EEE717D0119D581E05FB0015C5
:103A90002D1409D4BD4207DA129D05FB0020001445
:103AA00002D4B042C0F2BA800026981900283EDC49
:103AB00023EAE37304EB4304BBF1000F40F31781E7
:103AC00030EE040A70EEA40AC6EE807A0E9BBBF1BB
:103AD000010B31EE051A20EEA77AB0EE626A61EEB4
:103AE000277ABEEEC86A77EE622A8DED0F6AFEEE87
:103AF000C82AB0EE436A37EEC33A12EE902ABEEE01
:103B0000C83A92FBF3F313EE102ABEEEC86A119383
:103B10000E9B92FBF3F3039A12938DED106A0E9BAA
:103B2000B0EE673A08BF1346F0EE472A89E70F1454
:103B300024D4D8F80850BD4220DD5FEA224C1DD4C1
:103B4000D8F80C00604519DD2DB20CFB0575019805
:103B500050F82500070EFF2F16D16FF0010505FB69
:103B600006F7A5F2FE7505EA102C450905F4FC657B
:103B70004CEA0505C0F3C4000543E5531198014420
:103B80001298013E024490E7FDB2002FF6D06FF08C
:103B9000010777431FFA85F934F807E002974FEAE7
:103BA0002E2CC0F30747ED43EDB217FB09F70CF0DD
:103BB000F80C0CFB057CC0F3072A4FEAEE07C0B2F5
:103BC0004FEACE0E5FFA8EFE10FB09F00EFB0500E9
:103BD00080B21FFA8CFC1AFB09FA07F0FC0707FBFE
:103BE00005A700F1010A0CF101050AEB102A05EB0B
:103BF0001C2CBFB2CAF3C42A0CF4784C4AEA0C0C51
:103C000007F1010A0AEB172A4FEA5A1A0AF4FC6A6A
:103C100002984CEA0A0C24F800C0AFE74FF0000EFF
:103C2000A3EB0E0000287FF743AFB8F908600D142E
:103C3000101406FB0050019D55F820502E0EFF2E4B
:103C400012D12C4800EA1526680900F4FC603043C4
:103C5000C5F3C405284324F81E00119801441298A6
:103C60000EF1010E0244DBE7F0B2002EF5D034F87D
:103C70001EC01FFA80F94FEA2C27C5F30746C04340
:103C8000C0B216FB09F607F0F80707FB0067C5F39B
:103C9000072A4FEAEC06EDB24FEACC0C5FFA8CFC37
:103CA00015FB09F50CFB0055BFB21AFB09FAADB2C2
:103CB00006F0FC0606FB00A6781C05F1010A00EBE5
:103CC00017270AEB152AB6B2CAF3C42A07F47847B5
:103CD0004AEA070706F1010A0AEB162A4FEA5A1ABE
:103CE0000AF4FC6A47EA0A0724F81E70B5E705B033
:103CF000BDE8F08F00F8FFFF2DE9F04F87B08B464D
:103D0000159803929DF864200492DDE91624416819
:103D1000DDF8609001FB0424026802EB4404D9F84A
:103D20000820013222F001020092D9F8002001920D
:103D3000F7EE006ABBF1000F03DC039A002A40F3A0
:103D40006981119AB9F90870B9F90C6002F500405F
:103D5000129A02F50041002B0EDD021405D4BA427E
:103D600003DA0A1401D4B24207DB139A1044149AFE
:103D7000013B11440234EEE717D0139D5A1E05FB98
:103D800002052D1409D4BD4207DA149D05FB021269
:103D9000121402D4B242C0F2C7800027DA19002AF6
:103DA0003EDC23EAE37304EB4304BBF1000F40F372
:103DB000318130EE040A70EEA40AC6EE807A109BC0
:103DC000BBF1010B31EE051A20EEA77AB0EE626A64
:103DD00061EE277ABEEEC86A77EE622A8DED116A2F
:103DE000FEEEC82AB0EE436A37EEC33A12EE902ACE
:103DF000BEEEC83A92FBF3F313EE102ABEEEC86A89
:103E00001393109B92FBF3F3039A14938DED126AB4
:103E1000109BB0EE673A08BF1346F0EE472A89E7D9
:103E2000051435D4D9F80820AA4231DD0E142FD458
:103E3000D9F80C20B2422BDD009A06FB02556A0825
:103E4000019EB25CEE0754BF02F00F02121102EBAA
:103E50000212D2B2E2B1049D6A43551C05EB222244
:103E60006E4D2D6812122E0AFF2A059616D16FF09C
:103E7000010202FB07FC26F4FF666A0902F4FC62F9
:103E800026F007061643C5F3C4052E4324F80C603C
:103E9000139A1044149A013F11447FE76FF0010612
:103EA0007E431FFA82FA34F8068002964FEA282EE3
:103EB000C5F3074CD243D2B21CFB0AFC0EF0F80E3D
:103EC0000EFB02CEEDB24FEAE80C4FEAC8089DF8AF
:103ED00014605FFA88F815FB0AF508FB02551FFA13
:103EE0008EFE16FB0AF6ADB20CF0FC0C0CFB026C5D
:103EF0000EF101026E1C02EB1E2E06EB15261FFAB8
:103F00008CFCC6F3C4260EF4784E46EA0E0E0CF175
:103F1000010606EB1C26760906F4FC66029A4EEAB8
:103F2000060E24F802E0B3E74FF00008A3EB080206
:103F3000002A7FF736AF009E02140D1406FB0525FC
:103F40006A08019EB25CED0754BF02F00F02121125
:103F500002EB0212D2B2C2B1049D6A43551C05EBBA
:103F600022222E4D12122E68FF2A4FEA162513D157
:103F7000720925F4FF6502F4FC6225F0070515437C
:103F8000C6F3C406354324F81850139A1044149A03
:103F900008F101081144C9E734F818E01FFA82FA61
:103FA0004FEA2E2CC6F30747D243D2B217FB0AF7CB
:103FB0000CF0F80C0CFB027CF6B24FEAEE074FEA6D
:103FC000CE0E5FFA8EFE16FB0AF60EFB0266EDB20F
:103FD0001FFA8CFC15FB0AF5B6B207F0FC0707FBCD
:103FE00002570CF10102751C02EB1C2C05EB162587
:103FF000BFB2C5F3C4250CF4784C45EA0C0C7D1C0B
:1040000005EB17256D0905F4FC654CEA050C24F851
:1040100018C0BAE707B0BDE8F08F00BF94340120A4
:104020002DE9F04F87B0DFF80C8315980592DDE994
:10403000162401914168DDF860B001FB0424026898
:1040400002EB4404DBF80820013222F00102029264
:10405000DBF800200392F7EE006A019A002A03DCE5
:10406000059A002A40F36281119ABBF90870BBF9E6
:104070000C6002F50040129A02F50041002B0EDDA3
:10408000021405D4BA4203DA0A1401D4B24207DB9F
:10409000139A1044149A013B11440234EEE717D0EE
:1040A000139D5A1E05FB02052D1409D4BD4207DAE3
:1040B000149D05FB0212121402D4B242C0F2C38056
:1040C00000255A19002A3FDC23EAE37304EB43047A
:1040D000019B002B40F32A8130EE040A70EEA40A03
:1040E000C6EE807A109B31EE051A20EEA77AB0EE6C
:1040F000626A61EE277ABEEEC86A77EE622A8DEDBB
:10410000116AFEEEC82AB0EE436A37EEC33A12EEE9
:10411000902ABEEEC83A92FBF3F313EE102A1393E3
:10412000109B92FBF3F31493019B059ABEEEC86AB1
:10413000013B01938DED126A109BB0EE673A08BF08
:104140001346F0EE472A88E706142CD4DBF8082043
:10415000B24228DD0F1426D4DBF80C20BA4222DD4F
:10416000029A07FB02667208039FBA5CF60754BF07
:1041700002F00F02121102EB0212D2B2FF2A18D182
:10418000D8F800206FF0010606FB05F7A6F2FE76D0
:1041900006EA122C560906F4FC664CEA0606C2F33F
:1041A000C4021643E653139A1044149A013D114475
:1041B00087E7002AF7D06FF001066E43D8F800C0F9
:1041C00034F806E004961FFA82F94FEA2E27CCF362
:1041D0000746D243D2B216FB09F607F0F80707FBF1
:1041E0000267CCF3072A4FEAEE065FFA8CFC4FEA2F
:1041F000CE0E5FFA8EFE1CFB09FC0EFB02CCBFB29A
:104200001AFB09FA1FFA8CFC06F0FC0606FB02A654
:104210007A1C0CF1010A02EB17270AEB1C2AB6B232
:10422000CAF3C42A07F478474AEA070706F1010AE5
:104230000AEB162A4FEA5A1A0AF4FC6A049A47EA69
:104240000A07A752AFE74FF0000EA3EB0E02002AB9
:104250007FF73AAF029E02140D1406FB05256A088B
:10426000039EB25CED0754BF02F00F02121102EB85
:104270000212D2B2FF2A15D1D8F80050A2F6FF02DE
:1042800002EA15266A0902F4FC623243C5F3C4054A
:104290002A4324F81E20139A1044149A0EF1010E9A
:1042A0001144D2E7002AF6D0D8F8007034F81EC0C6
:1042B0001FFA82F94FEA2C26C7F30745D243D2B240
:1042C00015FB09F506F0F80606FB0256C7F3072AA8
:1042D0004FEAEC05FFB24FEACC0C5FFA8CFC17FBFF
:1042E00009F70CFB0277B6B21AFB09FABFB205F068
:1042F000FC0505FB02A5721C07F1010A02EB16265C
:104300000AEB172AADB2CAF3C42A06F478464AEA81
:10431000060605F1010A0AEB152A4FEA5A1A0AF4B1
:10432000FC6A46EA0A0624F81E60B4E707B0BDE856
:10433000F08F00BF9434012070477047704770477A
:1043400070477047704770477047704770477047B5
:1043500070477047704770477047704770477047A5
:104360007047704770477047704770477047704795
:10437000704770477047704770472DE9F04788B025
:1043800008AC064624F80C3D204688469146FDF7C9
:1043900031FC3368054620469F69FDF739FB8246AC
:1043A0002046FDF769FB0095CDE901A04B4606A824
:1043B00042463146B847284608B0BDE8F0870000BD
:1043C0002DE9FF47002300933D4B1B78002B37D18D
:1043D0003C4AB2F90020ADF80420002B32D13A4B10
:1043E000B3F9003008684968ADF8063002AC02AB9A
:1043F00003C369462046F9F739FF6846F9F70EFF0F
:10440000BDF80830BDF80020304D1344ADF8083039
:10441000BDF80220BDF80A3028681344ADF80A3010
:104420000368DB6B984710F0010F2F460CD028680B
:10443000036894E806001B6E984704B0BDE8F08757
:10444000214AC6E71F4BCBE73868BDF90C800368EB
:10445000BDF90E505B6B9847BDF90830BDF80A20D6
:10446000BDF8046016FB023600EB460638680368A8
:10447000DB6A9847134ABDF90A401388BDF9081052
:1044800003FB041400EB44045D4304EB45054FEAD1
:10449000480891463868AC4203680ED2D3F838A079
:1044A000324643462146D047B9F8003004EB430476
:1044B000BDF9043006EB4306ECE71B6B9847BCE7FD
:1044C0007C3401207E34012080340120843401209A
:1044D0002DE9F04F8BB00F469DF850B09DF8544039
:1044E0001646BBF1000F4AD01068516806AD03C5EF
:1044F0001868596808AD03C506A8F9F78FFE31465C
:1045000008A8F9F7B3FEBDF92020BDF92230BDF8A7
:104510001C60BDF92480BDF9265016FB032107EB72
:104520004106BDF818105F4F0A44ADF82020BDF8D1
:104530001A2038681344ADF822300368DB6B9847C3
:10454000BBF1FF0FB9461DD1FCB910F0010F1CD013
:10455000D9F80000BDF822300168CDF80CB0002772
:10456000CDE90447BDF81C400294ADB21FFA88F4AF
:10457000019500948C6CBDF820203146A0470BB00B
:10458000BDE8F08F10F0040FE1E7D9F800000368F0
:10459000DB6A9847444BBDF922401A88BDF92010C8
:1045A000BBF1FF0F02FB041400EB44049A4605FB29
:1045B00002F54FEA480759D0CBF1FF0904EB450556
:1045C0001FFA8BF21FFA89F99E46AC4264D204EBC3
:1045D000070A54453DD2218836F8023B08124FEABB
:1045E000232C00F0F80010FB09F04FEAE10B0CF06F
:1045F000F80CC9000CFB020C0BF0FC0BD810C9B274
:10460000DB001FFA8CFC1BFB09FB00F0FC00DBB29B
:1046100011FB09F100FB02B003FB02130CF1010BCB
:104620009BB20BEB1C2C80B20CF4784B03F1010C09
:104630000CEB132C431C03EB1020CCF3C42C4009CF
:104640004CEA0B0C00F4FC604CEA000C24F802CBA2
:10465000BFE7BEF80030A3EB080304EB4304BDF949
:104660001C30A3EB080306EB4306AEE704EB45055D
:10467000D9F80000AC4203680ED2D3F83880324635
:104680003B462146C047BAF8003004EB4304BDF96D
:104690001C3006EB4306EBE7024B186803681B6B04
:1046A00098476CE7843401207E34012010B58C21BA
:1046B00004460CF04BFA204610BD10B50421044608
:1046C0000CF044FA204610BD10B5042104460CF04D
:1046D0003DFA204610BD10B540F6440104460CF0EA
:1046E00035FA204610BD10B54FF4827104460CF027
:1046F0002DFA204610BD10B5042104460CF026FA10
:10470000204610BD10B5042104460CF01FFA2046C7
:1047100010BD10B5042104460CF018FA204610BD57
:1047200010B5042104460CF011FA204610BD10B556
:10473000042104460CF00AFA204610BD10B50421ED
:1047400004460CF003FA204610BD10B504210446BF
:104750000CF0FCF9204610BD10B5042104460CF005
:10476000F5F9204610BD10B5042104460CF0EEF911
:10477000204610BD10B5042104460CF0E7F9204690
:1047800010BD10B5042104460CF0E0F9204610BD20
:1047900010B5042104460CF0D9F9204610BD10B51F
:1047A000042104460CF0D2F9204610BD10B50421B6
:1047B00004460CF0CBF9204610BD10B50421044688
:1047C0000CF0C4F9204610BD10B5042104460CF0CD
:1047D000BDF9204610BD10B5042104460CF0B6F911
:1047E000204610BD10B5042104460CF0AFF9204658
:1047F00010BD10B5042104460CF0A8F9204610BDE8
:1048000010B5042104460CF0A1F9204610BD10B5E6
:10481000042104460CF09AF9204610BD10B504217D
:1048200004460CF093F9204610BD10B5042104464F
:104830000CF08CF9204610BD10B5042104460CF094
:1048400085F9204610BD10B5042104460CF07EF910
:10485000204610BD10B5042104460CF077F920461F
:1048600010BD10B5042104460CF070F9204610BDAF
:1048700010B5042104460CF069F9204610BD000073
:104880002DE9F04F8FB016469DF8602005928246C4
:104890000D46002A00F0B782306871680AAC03C484
:1048A000186859680CAC03C40AA8F9F7B7FC31467C
:1048B0000CA8F9F7DBFCBDF92C20B2F5806FD7BF4F
:1048C00093B201234FF4806191FBF3F3009305F160
:1048D000080300990693BDF92E300B44013B93FB6E
:1048E000F1F30699013B9BB201EB83030793009917
:1048F000BDF9323093FBF1F084B20294029D009C2A
:10490000BDF8301005FB143414FB02F40C44A4B2BF
:10491000002D6CD06A1E069850F82260079A36BAAD
:104920001644BDF82820BDF93650DFF83493114401
:10493000BDF82A20ADF830101344ADF83230BDF97F
:1049400034300193C44B18680368DB6A9847C34B43
:10495000BDF930201B88BDF9328003FB082800EB2D
:1049600048086B4308EB430309930025BDF92C303D
:1049700094FBF3F304930AF104034FF48072294685
:10498000184608930EF063FA099B434540F23682BD
:10499000032207210B20002C00F031813378DBB299
:1049A000FE2B26D196F801E096F802C096F803B0E7
:1049B0005FFA8EFE5FFA8CFC6EF307056CF30F2531
:1049C0005FFA8BFB0CEB8C0C6BF3174512FB0BCCDB
:1049D0002B0E11FB0ECC10FB03C303F03F030AEBBD
:1049E0008303013C371DA4B25D603E46D3E7079EBA
:1049F00097E7FF2B27D196F801C0B37896F803E02C
:104A000096F804B05FFA8CFCDBB26CF3070563F335
:104A10000F255FFA8EFE03EB830312FB0E335FFA62
:104A20008BFB6EF3174511FB0C336BF31F6510FB0B
:104A30000B3B0BF03F0B0AEB8B0B013C771DA4B239
:104A4000CBF80450D1E75FEAA31C06F1010707D1B8
:104A500003F03F030AEB83035D68013CA4B2C4E7A3
:104A6000BCF1010F2CD103F0030EAEF1020E05EBE9
:104A7000CE0E5FFA8EFE03F00C0C6EF30705ACF160
:104A8000080C0CEB152C0CF0FF0C6CF30F25C3F38A
:104A90000113C5F30746023B06EBC303DBB20CEB85
:104AA0008C0C63F3174512FB03CC2E0E11FB0ECCBE
:104AB00010FB06C606F03F060AEB86067560CCE7DB
:104AC000BCF1020F03F03F032AD1B71C7678F6B28F
:104AD00006F00F0C203BACF1080C9C4405EBCC0C11
:104AE0005FFA8CFC6CF30705C5F3072E0EEB830E03
:104AF0005FFA8EFE36116EF30F25083E3344C5F380
:104B0000074606EBC303DBB20EEB8E0E63F31745CD
:104B100012FB03EE2E0E11FB0CEE10FB06E6C9E7AE
:104B20005E1CA6424EDD361B002E4EDCDDF804B0C6
:104B30000024BBF1000F40F322817B1C03933B78E0
:104B4000DBB2FE2B60D17978BA78F878C9B261F31C
:104B50000705D2B23B1D62F30F25C0B2039302EBEF
:104B60008202032313FB002260F31745072313FB84
:104B700001212E0E0B2313FB061303F03F030AEB58
:104B800083035D60012637462B0EABEB070BA6EBCC
:104B9000070640F0D3808CB14846A100ECF794FDA5
:104BA000059B224649464046ECF7DCFD2C4B2D4A3E
:104BB000994508BF134608EB4408994608EB470897
:104BC0000024DAE0A61BB4B20FE7019B019AB342BE
:104BD000A8BF33462C0EA2EB030BA6EB03060BD0AB
:104BE000A9F104011A46002A02DC23EAE374A0E7D3
:104BF00041F8045F013AF6E708EB430899E73746C6
:104C0000DDF804B0264694E7FF2B1DD17878BA78FA
:104C1000FE787B1DC0B203933B7960F30705D2B2E7
:104C2000D9B262F30F25F6B2032302EB820213FB23
:104C30000622072313FB002066F317450B2361F3BD
:104C40001F6513FB010398E79E110DD103F03F038D
:104C50000AEB83035D6895E7843401207E340120EC
:104C60008001002080020020012E4FEA15612BD127
:104C700003F00300023805EBC000C0B203F00C02E1
:104C800060F30705083A02EB152202F0FF0262F317
:104C90000F25C3F301139F1EC5F3074303EBC7039F
:104CA000DBB2032702EB820217FB0322072763F321
:104CB000174517FB00200B2313FB010101F03F01F7
:104CC0000AEB81014D605EE7022E03F03F032FD116
:104CD0007878BA1CC0B2039200F00F02203B083A69
:104CE0001A4405EBC202D2B262F30705C5F30726E8
:104CF00006EB8306F6B2001166F30F25083803446D
:104D0000C5F3074000EBC303DBB2032006EB8606C6
:104D100010FB0366072063F3174510FB02620B23A9
:104D200013FB012101F03F010AEB81014D6029E7EE
:104D30005E1CB3455F46A8BF374625E73B19402BAD
:104D400013DD4846A100ECF7BFFC4946059B22460F
:104D50004046ECF707FD2D4B99450CBFDFF8B890A6
:104D6000DFF8A89008EB4408002409EB84023B46D6
:104D7000013B42F8045BFBD13C44039FD9E65CB1A4
:104D8000A1004846ECF7A0FC4046059B2246494658
:104D9000ECF7E8FC08EB44081D4B019A1B889B1AB2
:104DA00008EB4308049B01330493049A009B93424D
:104DB0001DD1029B029ABDF83040BDF828600898CA
:104DC00003F1010B069B53F82270079B00253FBAA5
:104DD000A41B4FF4807229461F44A4B20EF037F88A
:104DE000CDF808B00495ECF765FC3E46CCE5BDF87F
:104DF0002C40019BE41AA41BA4B2F4E7054B1868ED
:104E000003681B6B98470FB0BDE8F08F800100204E
:104E10007E34012084340120800200202DE9F04FEF
:104E20008FB01C4605929DF864200091189B01925A
:104E3000002A00F01581206861680AAA03C2186878
:104E400059680CAA03C20AA8F9F7E8F921460CA888
:104E5000F9F70CFABDF92C60BDF92E50BDF8300001
:104E6000B6F5806FDEBFB3B24FF4806292FBF3F30E
:104E7000BDF93220C8BF012392FBF3F11FFA81FC78
:104E80000CFB132414FB06F41D4404446146013D4D
:104E9000A4B295FBF3F531B1059B009953F82C3082
:104EA0001BBA19440091BDF82830BDF93480BDF912
:104EB00036601844BDF82A30ADF830001A446A4B09
:104EC000ADF8322018680368DB6A98476749BDF976
:104ED00032200B88BDF930C0099103FB02C200EB00
:104EE00042007343ADB200EB4303AD0006932B1DAC
:104EF0000793019BBDF804100391C3F1FF02002C3E
:104F00000CBFC6464FF0000E002392B21FFA8EFE71
:104F100002930492069A824240F29D8063B9009BFC
:104F20001A78930902F03F0202925A1E022A15D8FB
:104F3000009A013200929BB2B4B19C4295BF1C1BF7
:104F4000E41A1FFA84FAA4B287BF71464FF0000A30
:104F50001FFA88F1002453468E46DBE7009A009B37
:104F600002325B780092E7E7022215460799029A1F
:104F700015FB02120599734531F802C0019A2BBF47
:104F8000A3EB0E0AAEEB0301F146994627BF1FFAC9
:104F90008AFA214689B2A246FF2A4FEA490905D179
:104FA0008144814545D020F802CBFAE7039D4FEAC2
:104FB0002C224FEAEC0B02F0F8024FEACC0C6A43C9
:104FC0000BF0FC0B5FFA8CFC08920BFB05FB0CFB57
:104FD00005FC814481452CD00288049D049F161253
:104FE00006F0F80616FB05F6089D2E44D510D200F3
:104FF000D2B212FB07F2B6B205F0FC05624415FB13
:1050000007F592B2771C07EB1626571C5D4407EB99
:105010001222ADB2C2F3C42206F4784616436A1CCB
:1050200002EB15256D0905F4FC652E4320F8026B93
:10503000D0E773458FD3BDF82C40099B1FFA88F148
:10504000641A1B88A4B2002CA3EB080318BF00212C
:1050500000EB43007FE7044B186803681B6B98471D
:105060000FB0BDE8F08F00BF843401207E340120F2
:105070002DE9F04F9FB0CDE913129DF8A4200992BD
:105080001D460446289B002A00F0EB8128686968C9
:105090001AAA03C2186859681CAA03C21AA8F9F709
:1050A000BDF829461CA8F9F7E1F8BDF96C30BDF947
:1050B0006E80BDF97660B3F5806FD7BF9AB20122DA
:1050C0004FF4806191FBF2F202920298BDF97220D6
:1050D00092FBF0F080B2109002990298109D8844E3
:1050E00005FB102515FB03F508F1FF38BDF8683006
:1050F00098FBF1F8BDF870100D441944BDF86A3002
:10510000ADF870101A44BDF974300493954BADF8A6
:10511000722018680368DB6A9847934BBDF97210D8
:105120001A88BDF97070189302FB017100EB410001
:10513000564300EB460208F101080A92149ABDF8A2
:1051400024300F931FFA88F802EB880808F1040254
:105150001192099A854BC2F1FF02ADB21592002D52
:10516000049A4FF0000118BF00221B1B92B20D9150
:10517000199310990D9B11FA83F3149901EB830392
:10518000043306930A9B834240F266810299BDF87C
:105190006C30B5FBF3F3CB1A9BB21693069B069EBD
:1051A00059789B78367812961B0243EA0143069998
:1051B000C9780B4313990136194405964E1C039682
:1051C0004978139E0902F35C01F4FF7119438BB215
:1051D0000C9300234FF0010A07939C46BDF854300E
:1051E00084F80418D34657460E93002D7ED0AF4264
:1051F0006ED20A9B0192ED1B8342ADB202D873E0DE
:10520000002B5FD1039B5B78CBF1070293405B00DF
:1052100003F4FF72039B1B7843FA0BF3DBB21343D7
:105220000BF101025FFA82FB039ABBF1080F15BF75
:105230000132023203920392129A9FB208BF4FF0DA
:10524000000BBA4209D384F804380123059AB2F559
:10525000007F0ED39A46002635E0059B9F4218D367
:1052600004EB0A0394F8042883F804280AF10103E4
:105270009BB2059A94F804680C9904EB82021671AB
:105280000AF10106D1805671059A013292B2059257
:10529000E0E704EB87033A465B7903F6040626440D
:1052A000199901EB060CBCF1000F07DD04EB82023B
:1052B00092F804C006F801CDD288F1E784F80428FA
:1052C0009BB2C3E70C9F0C97019AB4461F468CE72C
:1052D0007B1BBDF8102001920CEB05069BB2B6B209
:1052E00000250A9A82428BD8019A4BE7974232D323
:1052F000BB1A9BB2089201950999FF2908990CEBFA
:10530000010635D1A0F1020EB6B2B44540F08C8052
:105310000899974200EB4100E2D3189A0499128849
:10532000521A00EB4200079A169901328A420792FC
:1053300040F08780BDF87050BDF86870049BED1B8D
:10534000ADB2002D08BF1A460D9B18BF00220133D5
:105350000D9392B20DE7D11B8BB2019308972B46A8
:10536000CAE700BF843401207E340120FBF7FFFF31
:10537000B6B20B90B445CBD00CF10101A444179107
:105380009CF80458119931F815500B99B1F800C0E8
:105390000E994FEA2C2E0EF0F80E1EFB01FE4FEA7E
:1053A00025280F9908F0F80808FB01E84FEAEC09F6
:1053B0000E9909F0FC0919FB01F94FEAE50E0F9966
:1053C0000EF0FC0E0EFB019E4FEACC0C0E995FFA1C
:1053D0008CFC1CFB01FCED000F99EDB205FB01C537
:1053E0001FFA88F81FFA8EFEADB208F1010C0CEB23
:1053F00018280EF1010905F1010C0CEB152C09EB35
:105400001E29CCF3C42C08F478484FEA59194CEA09
:1054100008080B99BDF85CC009F4FC6948EA090862
:1054200021F8028B0B91A5E70CF10108A444119916
:105430009CF8045831F815502EF8025F1FFA88FCCA
:1054400063E7BDF81020BDF86C50AD1AADB2002D69
:1054500018BF0022019244E7034B186803681B6BD6
:1054600098471FB0BDE8F08F843401202DE9F04F3C
:1054700093B016469DF8702003900D460192002AC5
:1054800000F00483306871680EAC03C41868596872
:1054900010AC03C40EA8F8F7C1FE314610A8F8F707
:1054A000E5FEBDF93C20B2F5806FD7BF93B2012372
:1054B0004FF4806191FBF3F3049305F10803049921
:1054C0000893BDF93E300B44013B93FBF1F308997F
:1054D000013B9BB201EB830309930499BDF9423070
:1054E00093FBF1F084B20594DDE90445BDF840106A
:1054F00005FB143919FB02F989441FFA89F9002DBB
:105500005DD06A1E089850F822A0099A9AFA8AFA81
:105510009244BDF83820BDF946501144BDF83A20F8
:10552000ADF840101344ADF84230BDF94430029359
:10553000CB4B18680368DB6A9847CA4BBDF940201B
:105540001B88BDF9424003FB042400EB44046B4379
:1055500004EB43030D93BDF93C3099FBF3F3069341
:10556000019BDB43DBB20A93039B04331846802282
:1055700000210B930DF06BFCBB4B009300234FF00D
:10558000000607930D9BA34240F27B824FF0070E6B
:10559000B9F1000F00F059819AF80050EDB2AA114C
:1055A0000AF101070ED1039B05F03F0503EB45050A
:1055B000AE8809F1FF391FFA89F9BA46E8E7DDF844
:1055C00024A0A6E7012A29D1C6F3040305F00302AB
:1055D000023B134403F01F03C5F3810263F3040687
:1055E000023A02EB561202F03F02C5F3011562F3D4
:1055F0004A16023D05EBD62505F01F0502EB820297
:10560000032111FB05221EFB0323039A03F03F0332
:1056100002EB430365F3CF269E80CAE705F03F0502
:10562000022AABB236D1012112FB051292443A464E
:1056300052451CD094464FF0030B1CF8021B5278C5
:1056400041EA0221C1F345104FEAD12800EB800066
:1056500001F01F021BFB08001EFB0200039A00F072
:105660003F0002EB40000E4681806246E0E799452C
:105670000BD2A5EB0905002D07EB490700F30982C2
:10568000DDF80880012307930CE007EB4507A9EB41
:10569000030990E79945FAD2A5EB0905002D1DDC19
:1056A000DDF808804FF0000BB8F1000F40F3A18146
:1056B0003B78DBB29A1107F1010A40F0D780039AD8
:1056C00003F03F0302EB43039E88019BFF2B40F056
:1056D000E981268008F1FF380234BEE0029B029A7D
:1056E000AB42A8BF2B46A2EB0308079AED1A002A8B
:1056F0005AD0019AFF2A04EB430349D0BDF804E0D5
:10570000BDF82890A34240F2A580BC4620881CF832
:10571000022B797842EA012212B291B24FEA202A92
:105720000F120AF0F80A1AFB09FA07F0F80707FB4C
:105730000EA74FEAE00AC000C9100AF0FC0AD20026
:10574000C0B21AFB09FA10FB09F001F0FC01D2B259
:10575000BFB201FB0EA102FB0E0289B292B2781C0D
:1057600000EB172701F1010A501C00EB12200AEB95
:10577000112A07F47847C0F3C4204FEA5A1A0743A6
:105780000AF4FC6A47EA0A0724F8027B6746B9E78D
:10579000A3425FD93A4612F8021B787841EA002109
:1057A00024F8021B1746F3E70199FF2904EB430392
:1057B000B2B244D0BDF80410BDF828A04FEA2229A7
:1057C0004FEAE20E09F0F8090EF0FC0E084609FB5C
:1057D00001F90EFB01FED100C9B241439C42BFF466
:1057E00061AF228810124FEAE20C00F0F800D200FC
:1057F00000FB0A90D2B280B20CF0FC0C02FB0A1241
:1058000092B200F1010B0CFB0AEC1FFA8CFC0BEBC3
:10581000102B501C00EB12200CF1010202EB1C2C8F
:105820000BF4784BC0F3C4204FEA5C1C40EA0B0B2E
:105830000CF4FC6C4BEA0C0B24F802BBCEE79C4248
:10584000BFF430AF24F8022BF9E7DDF808805746A3
:105850004D4627E7002316E7BB44574624E700BF21
:10586000843401207E34012080010020012A2AD1C5
:10587000C6F3040103F003020239114401F01F01D1
:10588000C3F3810061F30406023800EB561000F008
:105890003F00C3F3011360F34A16023B03EBD62229
:1058A00002F01F0300EB8000032263F3CF2612FBFC
:1058B0000303072212FB0133039A03F03F0302EBB9
:1058C00043039E8001E703F03F05A8454746A8BF74
:1058D0002F46022A54D1019BFF2B1AD00BEB070352
:1058E000402B16DD4FEA4B0949460098EBF7ECFEDA
:1058F0005A46019B00992046EBF710FF009B1A4681
:105900006C4B9A420CBF6C4B6A4B00934C444FF06B
:10591000000B52460021A9422CDA94464FF00309AD
:105920001CF8023B527843EA0223C3F345104FEAC6
:10593000D32E00EB800003F01F0219FB0E004FF086
:10594000070E1EFB0200039A00F03F0002EB40002E
:10595000B9421E4683800ADA019AFF2A15BF009ACF
:10596000238022F81B30023418BF0BF1010B0131E8
:105970006246D0E70AEB450AA8EB0708ED1B6CE787
:10598000019BFF2BA8EB0708A5EB07051FFA86F97B
:1059900027D00BEB0703402B18DD4FEA4B031946CA
:1059A00000980C93EBF790FE5A46019B0099204615
:1059B000EBF7B4FE0C9B1C44009B1A463D4B9A42ED
:1059C0000CBF3D4B3B4B00934FF0000B009B03EB98
:1059D0004B023B46002B3FF43FAF22F8029B013BBA
:1059E000F8E704EB4707A7427FF637AF24F8029B9E
:1059F000F9E7BBF1000F0CD04FEA4B084146009885
:105A0000EBF762FE2046019B00995A46EBF786FEB3
:105A100044442A4B029A1B889B1A04EB4304069BBE
:105A200001330693069A049B934220D1059B059A65
:105A3000BDF84090BDF838500B9803F10108089B61
:105A400053F82270099B3FBA802200211F44A9EB22
:105A500005090DF0FCF900231FFA89F94FF0000643
:105A6000CDF814800693EBF725FEBA468AE5BDF81B
:105A70003C90029BA9EB0309A9EB05051FFA85F9E8
:105A8000F1E70F4B186803681B6B984713B0BDE82C
:105A9000F08F029B029AAB42A8BF2B46A2EB0308F1
:105AA000ED1A26E608F1FF381FFA86F900250127CE
:105AB0006FE700BF80010020800200207E340120BB
:105AC000843401202DE9F04F8FB01C4603929DF8DD
:105AD0006420189B02920F46002A00F0288120685B
:105AE00061680AAA03C2186859680CAA03C20AA806
:105AF000F8F794FB21460CA8F8F7B8FBBDF92C6029
:105B0000BDF92E50BDF83000B6F5806FDEBFB3B2E0
:105B10004FF4806292FBF3F3BDF93220C8BF01233A
:105B200092FBF3F11FFA81FC0CFB132414FB06F427
:105B30001D4404446146013DA4B295FBF3F521B137
:105B4000039B53F82C301BBA1F44BDF82830BDF915
:105B50003490BDF936601844BDF82A30ADF83000F5
:105B60001A44744BADF8322018680368DB6A984712
:105B7000714ABDF932101388BDF930C0099203FB98
:105B800001C100EB41007343ADB200EB4303AD0034
:105B9000002C049305F1040305930CBFC8464FF095
:105BA000000800231FFA88F80193049A824240F209
:105BB000B9805BB93A78930902F03F0201925A1E0C
:105BC000022A8DBF7B7801379BB2023784B19C4299
:105BD00095BF1C1BE41A1FFA84FAA4B287BFC446FF
:105BE0004FF0000A1FFA89FC00245346E046DCE728
:105BF000042215460599019A15FB021203998A5849
:105C0000434527BFA3EB080AC646A8EB030C9E46F4
:105C10004FEA126127BF1FFA8AFAA4461FFA8CFCCA
:105C2000A2464FEA4E0E002966D0FF294FEA1226FF
:105C300014D1029DFF2D11D1510926F4FF6601F404
:105C4000FC6126F007060E43C2F3C4021643B6B247
:105C50008644864551D020F8026BFAE7029D6943DD
:105C60004D1C05EB21252D126FEA050BC2F30741F0
:105C7000ADB2F6B2D2B211FB05F116FB05F612FB7E
:105C800005F289B2B6B292B206910796089286449E
:105C90005FFA8BFB864530D002880699161206F013
:105CA000F806D51046EA561606FB0B1605F0FC055D
:105CB0000799D20045EA951505FB0B15D2B2089954
:105CC00042EA5212B6B202FB0B1292B2711C01EB05
:105CD0001626511C01EB1222ADB2C2F3C42206F407
:105CE000784616436A1C02EB15256D0905F4FC6520
:105CF0002E4320F8026BCDE770444345FFF475AFA7
:105D0000BDF82C40099B1FFA89FCA4EB0C041B88EE
:105D1000A4B2002CA3EB090318BF4FF0000C00EB5A
:105D2000430062E7034B186803681B6B98470FB08A
:105D3000BDE8F08F843401207E3401202DE9F04F3E
:105D400093B01C4605929DF8742001911C9B029211
:105D5000002A00F02C81206861680EAA03C218682E
:105D6000596810AA03C20EA8F8F758FA214610A8DD
:105D7000F8F77CFABDF93C60BDF93E50BDF8400033
:105D8000B6F5806FDEBFB3B24FF4806292FBF3F3DF
:105D9000BDF94220C8BF012392FBF3F11FFA81FC39
:105DA0000CFB132414FB06F41D4404446146013D1E
:105DB000A4B295FBF3F531B1059B019953F82C3052
:105DC0001BBA19440191BDF83830BDF944B0BDF992
:105DD00046601844BDF83A30ADF840001A44754B9F
:105DE000ADF8422018680368DB6A98477249BDF92C
:105DF00040C00B88BDF942200D9103FB02C200EBAD
:105E000042007343ADB200EB4303AD0008932B1D7A
:105E10000993029BBDF808100691DA43002C0CBFD1
:105E2000DC464FF0000C0023D2B21FFA8CFC039327
:105E30000792089A824240F2B58063B9019B1A78B2
:105E4000930902F03F0203925A1E022A15D8019AC2
:105E5000013201929BB2B4B19C4295BF1C1BE41A63
:105E60001FFA84F8A4B287BF66464FF000081FFAF5
:105E70008BF600244346B446DBE7019A019B0232CD
:105E80005B780192E7E7032215460999039A15FB0F
:105E900002120599634501EB0205029929BFA3EBA4
:105EA0000C08ACEB03061FFA88F8E1462FBF264624
:105EB000B6B29946A046FF294AD0069FA978049019
:105EC00079430A91697879430B9105998A5C7A4301
:105ED0000C92CA46BAF1000F3DD0049A079F12886F
:105EE0001512BE4605F0F8050A9FD11045EA551572
:105EF00005FB0E7501F0FC010B9FD20041EA9111E8
:105F000001FB0E71D2B20C9F42EA5212ADB202FBFB
:105F10000E7292B205F1010E0EEB152502F1010E83
:105F20000EEB122289B2C2F3C42205F47845154360
:105F30004A1C02EB11214909049A01F4FC610D434A
:105F400022F8025B0AF1FF3A04921FFA8AFAC1E7CB
:105F50004946864699B9634500EB49008AD3BDF8A6
:105F60003C400D9B1FFA8BF6A41B1B88A4B2002C8F
:105F7000A3EB0B0318BF002600EB43007AE7AA78D7
:105F80000E4F07EA022A6A78D20002F4FC624AEA5B
:105F9000020295F800A0013942EADA022EF8022B3B
:105FA00089B2D7E7034B186803681B6B984713B097
:105FB000BDE8F08F843401207E34012000F8FFFF1B
:105FC0002DE9F04F9DB0CDE911129DF89C200E9265
:105FD0001C468346269B002A00F0E0812068616809
:105FE00018AA03C2186859681AAA03C218A8F8F7B1
:105FF00015F921461AA8F8F739F9BDF96430BDF949
:106000006640BDF96E60B3F5806FD7BF9AB20122CA
:106010004FF4806191FBF2F202920298BDF96A207E
:1060200092FBF0F080B20F90029902980F9D0C4401
:1060300005FB102515FB03F5013CBDF8603094FB12
:10604000F1F4BDF868100D441944BDF86230ADF8A4
:1060500068101A44BDF96C300693B34BADF86A2052
:1060600018680368DB6A9847B04BBDF96A101A8854
:10607000BDF96870169302FB0171013400EB410811
:10608000A4B2564308EB4602A4000A92221DADB208
:106090001392A74B069A002D0CBF11460021002237
:1060A000A3EB0B0389B20D9217930F9A0D9B12FA73
:1060B00083F3129A02EB8303043308930A9B43454C
:1060C00040F26781029ABDF86430B5FBF3F3D31A4E
:1060D0009BB21493089B08985A789B78007810908C
:1060E0001B0243EA0243089AD2781343119A013003
:1060F0001A440790501C0590527811981202C35C04
:1061000002F4FF721A4393B20B9300230993012305
:106110000193049300238BF8042803934FF0010E9E
:10612000002D7CD0AE456BD20A9BA5EB0E054345F6
:10613000ADB20C4602D870E0002B5CD1059B049AEE
:106140005B780499C2F1070293405B0003F4FF728D
:10615000059B1B780B410131C9B2082904910599AF
:106160000ABF023101310591DBB20ABF002105915E
:106170000491134310999AB291420AD38BF80438D0
:1061800001230799B1F5007F0FD3002101930391FB
:1061900032E0079B9A4218D3019B9BF804185B449A
:1061A00083F80418019B01339BB207999BF80408FC
:1061B0000BEB810108710B98C88001980130487180
:1061C0000799013189B20791DFE70BEB8203114692
:1061D0005B7903F604005844179E0644002E06DD42
:1061E0000BEB81010E7900F8016DC988F4E78BF89B
:1061F00004189BB2C5E70B9A0B9221469E468FE787
:10620000039ABDF818402A44AEEB050392B29BB244
:10621000039200250A9A42458ED821464EE78E45C4
:1062200029BFAEEB0103A1EB0E049BB20C912FBF73
:106230002C46A4B2CDF830E02B464FF00009039A6B
:106240000C984A44484592B274D05A4404200546FA
:1062500092F80428139815FB0202129880585FEAFE
:10626000106A14D0BAF1FF0F4FEA102512D10E9A1E
:10627000FF2A0FD1420925F4FF6502F4FC6225F0E4
:1062800007051543C0F3C400054328F8195009F168
:106290000109D4E738F819C04FEAEC0606F0FC0211
:1062A00015920E9A02FB0AFA0AF1010202EB2A2267
:1062B0004FEA2C2712121FFA82FAC0F3074607F0A2
:1062C000F8074FEACC0CD243D2B216FB0AF65FFABB
:1062D0008CFC47EA5717C0B207FB02674CEA5C1C0C
:1062E000159E10FB0AF00CFB0200EDB2BFB215FBCD
:1062F0000AF580B246EA961606FB02567A1C451C41
:1063000002EB172705EB1025B6B2C5F3C42507F439
:1063100078472F43751C05EB16256D0905F4FC65C0
:106320002F4328F81970B2E7843401207E3401200D
:10633000FBF7FFFF03920C9A8E4508EB4208FFF42F
:1063400068AF169A06991288521A08EB4208099A01
:10635000149901328A42099211D1BDF86850BDF8F2
:106360006090069BA5EB0905ADB2002D08BF19464C
:106370000D9B18BF002101330D9389B295E6BDF83E
:106380001840BDF864502D1BADB2002D18BF00247D
:1063900040E7044B186803681B6B98471DB0BDE8C5
:1063A000F08F00BF843401202DE9F04F9FB0CDE97C
:1063B00013129DF8A4200A921D460446289B002A29
:1063C00000F0FA81286869681AAA03C21868596837
:1063D0001CAA03C21AA8F7F721FF29461CA8F7F741
:1063E00045FFBDF96C30BDF96E60BDF97670B3F54F
:1063F000806FD7BF9AB201224FF4806191FBF2F215
:1064000001920198BDF9722092FBF0F080B21090D9
:1064100001990198109D0E4405FB102515FB03F50D
:10642000013EBDF8683096FBF1F6BDF870100D44E2
:106430001944BDF86A30ADF870101A44BDF97430D3
:106440000493964BADF8722018680368DB6A98478E
:10645000934BBDF972101A88BDF970C0189302FBF6
:1064600001C100EB410B57430BEB470201360B9286
:10647000149A8C4BB6B202EB8606321D06920A9A2B
:10648000D243D2B2ADB21592049A002D0CBF114680
:10649000002100221B1B89B20D921993109A0D9BAB
:1064A00012FA83F3149A02EB8303043307930B9BD2
:1064B0005B4540F27C81019ABDF86C30B5FBF3F38B
:1064C000D31A9BB21693079B07985A789B7800784B
:1064D00011901B0243EA0243079AD2781343139A9E
:1064E00001301A440590501C039052781398120200
:1064F000C35C02F4FF721A4393B20C93002384F836
:10650000042808931A46BDF828300E934FF001086E
:10651000BDF85430CDF80880C4460F93002D7CD0D0
:10652000AC456CD20B9BA5EB0C055B45ADB20846A8
:1065300002D870E0002B5CD1039B029A5B78029931
:10654000C2F1070293405B0003F4FF72039B1B78C8
:106550000B410131C9B20829029103990ABF0231E6
:1065600001310391DBB20ABF002103910291134371
:1065700011999AB291420AD384F8043801230599FB
:10658000B1F5007F0FD300219846009132E0059BC2
:106590009A4218D304EB080394F8041883F80418FB
:1065A00008F101039BB2059994F8046804EB81019A
:1065B0000E710C9ECE8008F101064E7105990131D5
:1065C00089B20591DFE704EB820311465B7903F69C
:1065D00004062644199F3744002F06DD04EB810191
:1065E0000F7906F8017DC988F4E784F804189BB296
:1065F000C5E70C9A0C920146009A9C468EE7571903
:10660000ACEB0503BAB2BDF8100000929BB20025B6
:106610000B9A5A458ED8014649E78C452CBF28462F
:106620002B460A9D27BF0991ACEB0103A1EB0C009F
:10663000CDF824C02CBF9BB280B2FF2D099D02EB88
:106640000507BDB200952FD15E46009DAA4240F0DD
:106650008480099A8C450BEB420BD8D3189A049985
:106660001288521A0BEB420B089A169901328A4291
:10667000089240F09280BDF87050BDF868C0049B4D
:10668000A5EB0C05ADB2002D08BF19460D9B18BF38
:10669000002101330D9389B200E700BF843401204B
:1066A0007E340120FBF7FFFFD946009DAA42D0D0DF
:1066B000551C2244179592F804E8069A0EEB4E0EEC
:1066C00072441292129FB9F8002097F802A00E9F10
:1066D00016121AFB07FA06F0F8060F9F46EA56163E
:1066E00006FB07A6129F97F801A00E9FD5101AFB74
:1066F00007FA05F0FC050F9F45EA951505FB07A570
:10670000069F17F80EE00E9FD2001EFB07FED2B2C6
:106710000F9F42EA5212B6B202FB07E292B2ADB24A
:1067200006F1010A0AEB162602F1010E05F1010A33
:106730000EEB122E0AEB152A06F47846CEF3C42E81
:106740004FEA5A1A4EEA06060AF4FC6A46EA0A06B4
:1067500029F8026BBDF85C20A7E702F1010E224484
:10676000069F92F80458069A05EB450502EB050AC8
:10677000134A9AF8029002EA09299AF80120D200F5
:1067800002F4FC6249EA020217F8059042EAD902D3
:1067900026F8022B1FFA8EF257E7BDF81000BDF85D
:1067A0006C502D1AADB2002D18BF002030E7054BFC
:1067B000186803681B6B98471FB0BDE8F08F00BFD7
:1067C00000F8FFFF843401202DE9F04F91B09B4683
:1067D0000DF128081646BDF96C90B3F90020BDF9FB
:1067E0007070B3F90230ADF8282004460D464046DB
:1067F0005946ADF82A30ADF82C90ADF82E70F1F76F
:106800006FFF31464046F1F76BFF744B1888744BAD
:106810001988BDF92830002B02B20EB207DABDF894
:106820002CC06344ADF82C300023ADF82830BDF9FE
:106830002830BDF92CC0D21A9445C4BFC21AADF895
:106840002C20BDF92A20002A07DABDF82EC06244A8
:10685000ADF82E200022ADF82A20BDF92AA0BDF9FE
:106860002E20A6EB0A06B242C4BFA1EB0A02ADF885
:106870002E205C4A1278A2B9BDF92C6086424046AF
:10688000039314BF00260126F1F76DFF039B60B14F
:10689000002323806380A3802046E38011B0BDE8FD
:1068A000F08FBDF92E608E42E9E7BDF92C200592EC
:1068B000BDF92E200692BBF800200E909B1A1BB249
:1068C0000393BBF80230ADF83C90AAEB030A0FFA31
:1068D0008AF30493039BADF83030049BADF832305B
:1068E000059BADF834300EA9069BADF836300CA8E8
:1068F000ADF83E70F7F7BAFC4046F7F78FFC0EA8EC
:10690000F7F78CFC384BBDF93CA01B8807932B682C
:10691000DFF8D8B01B6B28469847BDF83250BDF958
:10692000303081461AFB0533DBF800001A9D05EB79
:10693000430503685B6B98470746DBF80000BDF929
:1069400028100368BDF92A2009910892DB6B98474B
:1069500010F0010FDDE9082112D0DBF80000BDF9CD
:106960003420036800921E6F98E806002B46B0475B
:10697000039B2380049B6380059BA380069B8BE77E
:1069800009FB02F202EB41010F44BDF9363066B15A
:10699000079A924509D1DBF80000026809FB03F36E
:1069A000966B29463A46B047E2E70AFB03F3DFF865
:1069B0003CB005EB43084FEA4A064545D8D2DBF820
:1069C0000000BDF9343002682946D2F838A05B00D7
:1069D0003A46D0474F443544EFE700BF78340120B2
:1069E0007A3401207C3401207E340120843401205B
:1069F000F0B5064687B00C4617461D4633B3084629
:106A0000F1F7B1FE10BB206861681C4C04AB03C3F6
:106A100004A8F7F703FC20680368DB6B9847FF2D99
:106A200016D010F0080F206815D000240168BDF8BA
:106A30001230BDF81020CDE90254BDF81640019483
:106A4000BDF8144000944C6E3946A04707B0F0BD25
:106A500010F0020FE7E70368DB6A9847084B1A88D3
:106A60003368CDE9007501465D6A304604ABA8473E
:106A7000206803681B6B9847E8E700BF8434012057
:106A80007E3401202DE9F0479DF82470089E884649
:106A900014461D46002F00F0A9801846F1F763FE4A
:106AA000002840F0A380B5F90010B5F90230B5F91F
:106AB0000400B5F9065004FB031308EB43016543DA
:106AC000FF2FA4EB000201EB45054FEA16284AD040
:106AD000BCB2C7F1FF0CC6F3074E5FFA88F7F3B2FA
:106AE00040000EFB04FE674363434FEA42081FFA6F
:106AF0008CFCA9427AD201EB0009494531D20A88BF
:106B00001412D61004F0F804D200D2B244EA54149D
:106B100014FB0CF442EA5212744412FB0CF2A4B2BD
:106B200006F0FC061A4492B204F1010A46EA9616EF
:106B30000AEB142416FB0CF602F1010A3E440AEBA0
:106B40001222B6B204F47844C2F3C4222243741C65
:106B500004EB1626760906F4FC66324321F8022B74
:106B6000CBE74144C5E7224F730908EA070703F45E
:106B7000FC633B43C6F3C4063343E7079BB20BD524
:106B800040005200A94231D20C18A14202D221F891
:106B9000023BFAE71144F5E78E0708D066000A4683
:106BA000AA4202D213803244FAE702310138C20706
:106BB0000BD500F10042013A01EB42026600AA4205
:106BC00002D213803244FAE7013878B1401043EA28
:106BD000034380006400A94208D20E180A46B2425C
:106BE00002D242F8043BFAE72144F4E7BDE8F0871B
:106BF00000F8FF00002212490160C0E90122C0E94B
:106C00000322C0E90522C0E90722C0E90922C0E940
:106C10000B22C0E90D22C0E90F22C0E91122C0E910
:106C20001322C0E91522C0E91722C0E91922C0E9E0
:106C30001B22C0E91D22C0E91F22C0E921227047A2
:106C40003C5302082DE9F04F0D468DB0044608680C
:106C50004968994608AB03C3106851680AAB03C37F
:106C600008A8F7F7DBFA29460AA8F7F7FFFABDF9F3
:106C70002820BDF92A30BDF82410634DBDF92C80C1
:106C80002868BDF92E6011FB032104EB8104BDF8D7
:106C900020100A44ADF82820BDF822201344ADF896
:106CA0002A300368DB6B9847B9F1FF0F19D110F058
:106CB000200F286818D000250168BDF82A30BDF8DB
:106CC0002820CDE90395BDF824500295B6B21FFAED
:106CD00088F5019600954D6D2146A8470DB0BDE899
:106CE000F08F10F0400FE4E70368DB6A98474749EC
:106CF000BDF92A200B88BDF9285003FB025200EB96
:106D00004200734300EB430307934FEA48030693A3
:106D10008A46079B984270D2069B214600EB030BE4
:106D200058455DD251F8044B230E14D0FF2B4FEA87
:106D3000142C12D1B9F1FF0F0FD163092CF4FF6CA1
:106D400003F4FC632CF0070C43EA0C0CC4F3C404FA
:106D50004CEA040404800230E2E709FB03F30788ED
:106D60005A1C02EB232212123E1293B2C4F3074EB6
:106D700006F0F806D243D2B2FD101EFB03FEFF0060
:106D800046EA561606FB02E605F0FC05FFB25FFA7E
:106D90008CFCE4B2B6B21CFB03FC45EA951547EA4D
:106DA000571714FB03F405FB02C506F1010E07FBA0
:106DB0000247ADB2BFB20EEB162606F4784E05F1CF
:106DC000010C7E1C06EB17260CEB1525C6F3C4261A
:106DD0006D0946EA0E0605F4FC652E430680BAE707
:106DE000BAF80030BDF92440A3EB0803A4EB080473
:106DF00000EB430001EB84048BE7034B1868036846
:106E00001B6B98476AE700BF843401207E34012061
:106E10002DE9F0430C4685B0106851686D4603C5F6
:106E200018685968164603C56846F7F7F7F93146FA
:106E300002A8F7F71BFABDF90820BDF90A30BDF822
:106E40000410284D284E2868BDF90C70BDF90E803D
:106E500011FB032104EB8104BDF800100A44ADF8D6
:106E60000820BDF802201344ADF80A300368DB6A3D
:106E700098473388BDF90A20BDF90810DFF86CE0A7
:106E800003FB021200EB420008FB03F300EB430399
:106E90004FEA470C98421DD200EB0C0840450FD238
:106EA00054F8041B4FEA51190EEA112209F4FC6947
:106EB00042EA0902C1F3C4010A4320F8022BEDE7BC
:106EC0003288D21B00EB4200BDF90420D21B04EB38
:106ED0008204DFE7286803681B6B984705B0BDE8AC
:106EE000F08300BF843401207E34012000F8FFFFCE
:106EF0002DE9F0470E468EB0044608684968DFF871
:106F0000D881DFF8D8911D460AAB03C310685168D9
:106F10000CAB03C30AA8F7F781F931460CA8F7F7C1
:106F2000A5F9BDF93020BDF93230BDF82C10D8F8E4
:106F30000000BDF93470BDF9366011FB032101EB8F
:106F400041010C44BDF828100A44ADF83020BDF8CA
:106F50002A201344ADF832300368DB6B9847FF2DCD
:106F600024D110F0010FD8F8000022D00021D0F871
:106F700000C0BDF83230BDF83020CDE907114FF028
:106F8000010ECDF818E0B9F800E00395CDE9041E34
:106F9000B6B2BDF82C100291BFB201960097DCF892
:106FA00044502146A8470EB0BDE8F08710F0040F0A
:106FB000D9E70368DB6A9847B9F80030BDF9322099
:106FC000BDF93010BDF92CC003FB0212ACEB070C6D
:106FD00000EB42005E434FEA470EFF2DA3EB07078D
:106FE00000EB46060CEB4C0C4FEA470749D0EB434D
:106FF0001FFA85F9DBB2B04266D200EB0E0A5045AB
:10700000214604F103045BD2028814F8011C4FEA04
:10701000222808F0F80811FB09F148EA5818D510A1
:1070200008FB031814F8021C05F0FC0511FB09F11C
:1070300045EA951505FB0315D20014F8031CD2B2DE
:1070400011FB09F142EA52121FFA88F802FB0312FF
:1070500092B208F10101ADB201EB1828511C01EB0D
:107060001222691C01EB152508F47848C2F3C422EA
:107070006D0942EA080205F4FC652A4320F8022B58
:10708000BDE7144AB0421FD200EB0E05A8422146CC
:1070900004F1030410D214F8023C14F8011CDB00C4
:1070A00002EA012103F4FC630B4314F8031C43EAD6
:1070B000D10320F8023BE9E7384401EB0C04E1E797
:1070C000384401EB0C0496E7034B186803681B6B0C
:1070D000984768E700F8FFFF843401207E340120E0
:1070E000F0B41646012E1C460D46049A9DF8143045
:1070F0009DF8187012D003D3022E0AD0F0BC70474E
:107100000568CDE90437ED681346AC462246F0BC6D
:10711000604721462846F0BCFFF794BD214628462B
:10712000F0BCFFF7E5BE00002DE9F04F814693B0BB
:1071300010689DF870A06D4F884651680EAC03C46E
:107140001868596810AC164603C40EA8F7F766F81D
:10715000314610A8F7F78AF8BDF94020BDF9423052
:10716000BDF83C10624EBDF944403068BDF9465050
:1071700011FB03218944BDF838100A44ADF84020C2
:10718000BDF83A201344ADF842300368DB6B9847F2
:1071900010F0800F30681DD000220168BDF840302B
:1071A000CDE908220B2207923A8806920122CDE906
:1071B00004A2BDF83C200392A4B2BDF84220009284
:1071C000ADB2029501940C6C42464946A04713B0FB
:1071D000BDE8F08F0368DB6A98473B88BDF9422021
:1071E000BDF9401003FB02125D4300EB420000EBCF
:1071F00045020C92BDF93C20121B0D9262001C1B33
:1072000063000A920B934FF0040E0C9B984266D2D7
:107210000A9B00EB030B58455CD219F8013B1EFB9F
:1072200003E358F80320110E12D0FF294FEA12276A
:1072300010D1BAF1FF0F0DD1530927F4FF6703F402
:10724000FC6327F007071F43C2F3C4023A430280DE
:107250000230E0E70AFB01F106884B1C03EB212317
:107260003512F4101B12F60099B2C2F3074C05F068
:10727000F805F6B2DB43D2B2DBB21CFB01FC45EAF7
:10728000551546EA561612FB01F205FB03C504F03C
:10729000FC04FFB206FB0322ADB217FB01F792B26A
:1072A00044EA941404FB037405F1010C571C0CEB25
:1072B000152507EB1227A4B2C7F3C42705F47845B8
:1072C0003D43671C07EB1424640904F4FC64254364
:1072D0000580BDE70B9B18440D9B994495E7044B33
:1072E000186803681B6B984771E700BF7E34012064
:1072F000843401202DE9F04F87B080469DF840602E
:107300000D461446002E00F0B9801068516802AF97
:1073100003C71868596804AF03C702A8F6F77EFFD1
:10732000214604A8F6F7A2FFBDF91020BDF91230DE
:10733000BDF80C40BDF9167014FB032108EB0104E5
:10734000BDF80810BDF914800A44ADF81020BDF84E
:107350000A201344ADF812304A4B18680368DB6A00
:107360009847494BBDF912101A88BDF910C0FF2E7D
:1073700002FB01C100EB410002FB07F205F1040131
:107380004FEA480A1D465AD0C6F1FF0E00EB4202F2
:10739000B6B21FFA8EFE019382426AD900EB0A0B45
:1073A000834540D914F8013B058831F813302F127A
:1073B0004FEA232C07F0F80717FB0EF74FEAE50911
:1073C0000CF0F80CED000CFB067C09F0FC09DF105A
:1073D000EDB2DB001FFA8CFC19FB0EF907F0FC077D
:1073E000DBB215FB0EF507FB069703FB06530CF10A
:1073F00001099BB209EB1C2C0CF4784903F1010C38
:107400000CEB132CBFB2CCF3C42C4CEA090C07F1E3
:10741000010909EB17277F0907F4FC674CEA070C01
:1074200020F802CBBCE7019B1B88A3EB080300EB11
:107430004300BDF90C30A3EB08031C44ACE700EBA0
:107440004202824215D900EB0A06864206D914F898
:10745000013B31F8133020F8023BF6E72B88A3EB11
:10746000080300EB4300BDF90C30A3EB08031C44F8
:10747000E7E7044B186803681B6B984707B0BDE843
:10748000F08F00BF843401207E3401202DE9F04FBD
:1074900091B080469DF868500F461446002D51D09B
:1074A00010685168DFF800920CAE03C6186859687E
:1074B0000EAE03C60CA8F6F7B1FE21460EA8F6F7ED
:1074C000D5FEBDF93820BDF93A30BDF83410D9F8F1
:1074D0000000BDF93C60BDF93EA011FB032108EBA3
:1074E0000104BDF83010DFF8C4810A44ADF838203B
:1074F000BDF832201344ADF83A300368DB6B98478F
:1075000010F0800FD9F800001FD000220168BDF8EC
:107510003830CDE908220B220792B8F800200692F5
:107520000122CDE90452BDF8342003921FFA8AF2F9
:107530000292B6B2BDF83A20009201960D6C3A461E
:107540002146A84711B0BDE8F08F0368DB6A984771
:10755000B8F80020BDF93A30BDF93810FF2D02FB14
:10756000031300EB43004FEA46090AFB02FA62D01C
:107570006FEA050C00EB4A030A93ADB25FFA8CFC8C
:10758000CDF82C800A9B984280F0858000EB090B97
:10759000584546D214F801EB0323042213FB0E2EA8
:1075A00007EB0E0A03889AF8028017F80EE019120A
:1075B00001F0F80118FB05F841EA5111DA1001FB5E
:1075C0000C81DB009AF8018002F0FC02DBB218FBB0
:1075D00005F81EFB05FE42EA921243EA531389B2F4
:1075E00002FB0C8203FB0CE392B29BB201F1010897
:1075F00008EB112103F1010E02F101080EEB132E2D
:1076000008EB122801F47841CEF3C42E4FEA581843
:107610004EEA010108F4FC6841EA080120F8021B67
:10762000B6E70B9B1B889B1B00EB4300BDF9343076
:107630009B1B1C44A6E71B4900EB4A0A03220425B6
:10764000504528D200EB090C6045234619D293F827
:1076500000E012FB0E5E07EB0E0B17F80EE09BF836
:1076600002309BF801B04FEACB0B01EA03230BF485
:10767000FC6B43EA0B0343EADE03013420F8023BD0
:10768000E2E7B8F800309B1B00EB4300BDF9343053
:107690009B1B1C44D4E7044B186803681B6B98477A
:1076A00050E700BF00F8FFFF843401207E34012042
:1076B000F0B40C4611469DF814500F784E78012F07
:1076C0001A46049B38D01FD3022F4DD1032E4BD81E
:1076D000DFE806F00207141704952046F0BCFFF718
:1076E00009BEC06F00283FD00668CDE90435B568F3
:1076F0001346AC460A462146F0BC6047D0F88000ED
:10770000F0E7D0F88400EDE7032E2DD8DFE806F08F
:1077100002070E1104952046F0BCFFF705BDC06FAF
:1077200010B30668CDE90435F568E1E7D0F88000CC
:10773000F6E7D0F88400F3E7032E15D8DFE806F06B
:1077400002070E1104952046F0BCFFF79FBEC06FE4
:1077500050B10668CDE904353569C9E7D0F8800035
:10776000F6E7D0F88400F3E7F0BC70472DE9F04F5E
:10777000044687B010689DF840A0DFF838920E46A6
:10778000516802AD03C51868596804AD174603C5B2
:1077900002A8F6F743FD394604A8F6F767FDBDF9E0
:1077A0001020BDF91230BDF80C10BDF91480BDF9E0
:1077B000165011FB032104EB41040E44BDF80810E0
:1077C0000A44ADF81020BDF80A201344ADF8123079
:1077D000774B18680368DB6A9847B9F800B0BDF9C1
:1077E0001230BDF910200BFB032300EB4300BAF16C
:1077F000FF0F4FEA480305FB0BF5009369D000EB40
:10780000450B584580F0CC80009BC318019331464E
:10781000019B98424FD211F8012B002A48D00AFB55
:1078200002F2531C03EB12231B1241D00288B4F85E
:1078300000C09EB21512DB43DBB24FEA2C2705F0E5
:10784000F80515FB03F54FEAE20E07F0F807D20042
:1078500007FB06570EF0FC0E4FEAEC05D2B24FEADA
:10786000CC0CBFB21EFB03FE05F0FC055FFA8CFCDE
:1078700012FB03F205FB06E50CFB062C07F1010EDB
:107880001FFA8CFC0EEB172707F4784E0CF101075A
:1078900007EB1C27ADB2C7F3C42747EA0E0705F173
:1078A000010E0EEB15256D0905F4FC652F430780CD
:1078B00002300234ACE7B9F80030BDF90C60A3EB3C
:1078C0000803A6EB080604EB460400EB43000E4455
:1078D00097E700EB4505A84262D2009B314600EBDA
:1078E000030B58454ED211F8013B2BB1FF2BB4F8D6
:1078F00000E004D1A0F800E002300234F1E7028891
:107900009FB21612DB43DBB24FEA2E2C06F0F806CC
:1079100016FB03F64FEAE20A0CF0F80CD2000CFB5F
:10792000076CD2B24FEAEE060AF0FC0A4FEACE0E1E
:107930001AFB03FA1FFA8CFC12FB03F306F0FC0699
:107940005FFA8EFE06FB07A60CF101020EFB073361
:10795000B6B29BB202EB1C2C0CF4784206F1010A81
:1079600003F1010C0CEB132C0AEB1626CCF3C42C00
:1079700076094CEA020C06F4FC664CEA060CA0F808
:1079800000C0B9E7B9F80030BDF90C60A3EB0803FB
:10799000A6EB080604EB460400EB43000E449AE70E
:1079A000034B186803681B6B984707B0BDE8F08F5E
:1079B000843401207E3401202DE9F04F89B0074640
:1079C0009DF84C60129C884692469946002E48D0FD
:1079D0000846FAF71DF805464046FAF74DF8ADF8A7
:1079E0000E004046ADF808A0ADF80C50ADF80A9076
:1079F000FAF700F905464046FAF72CF98246404668
:107A0000FAF77CF910282CD8DFE810F0CA00BA0089
:107A100011002B002B002B002B002B002B002B0028
:107A20002B00C1002B002B0080012B007301BC4BED
:107A300018680368DB6B9847FF2E01D1830606D5D3
:107A40003346224602A92846FFF7FCF809E04046E3
:107A5000FAF798F840B9234602AA29463846FFF7B4
:107A6000D7F909B0BDE8F08F0DF118094146484635
:107A7000FAF736F899E803000DF1100888E80300DA
:107A800040462146F0F72CFE4046F0F76CFE0028F9
:107A9000D6D1BDF91230B4F90220934212DD9B1AFF
:107AA000B4F90000B4F90410ADF81800ADF81A20CC
:107AB000ADF81C10ADF81E304A46334602A92846E0
:107AC000FFF7C0F8BDF91030B4F90020934212DD81
:107AD0009B1ABDF91200BDF91610ADF81820ADF8CB
:107AE0001A00ADF81C30ADF81E10FF234A4602A95B
:107AF0002846FFF7A7F8434602AA29463846FFF76B
:107B000087F9A2882388BDF814101344BDF810200B
:107B10000A449BB292B211B218B2884212DD9B1A8B
:107B2000BDF91600BDF91260ADF81810ADF81C30A3
:107B3000ADF81E00FF234A4602A92846ADF81A6098
:107B4000FFF780F8E2886388BDF816101344BDF88B
:107B500012200A449BB292B211B218B2884280DD60
:107B60009B1AB4F90060B4F90400ADF81E30ADF80A
:107B70001860ADF81A10ADF81C00FF234A4661E703
:107B80003346224602A92846FFF7B2F969E7CDE954
:107B9000004602AB524629463846FFF789FD60E7AA
:107BA0004046F9F7EFFF48B93B68CDE9006002AA0B
:107BB000DE68294623463846B04752E70DF11809DA
:107BC00041464846F9F78CFF99E803000DF110088B
:107BD00088E8030040462146F0F782FD4046F0F772
:107BE000C2FD38B10096234602AA51462846FFF747
:107BF000BDFD36E73B68CDE9006002AAD3F80CB0C2
:107C0000294643463846D847BDF91230B4F9022018
:107C1000934213DDB4F90000B4F90410ADF8180074
:107C20009B1AADF81A20ADF81C10ADF81E30009666
:107C30004B4602AA51462846FFF798FDBDF9103081
:107C4000B4F90020934213DD9B1ABDF91200BDF96F
:107C50001610ADF81820ADF81A00ADF81C30ADF8CC
:107C60001E1000964B4602AA51462846FFF77EFD9D
:107C7000A2882388BDF814101344BDF810200A44CC
:107C80009BB292B211B218B2884213DD9B1ABDF9B1
:107C90001600BDF91270ADF81810ADF81C30ADF833
:107CA0001E0000964B4602AA51462846ADF81A70AF
:107CB000FFF75CFDE2886388BDF816101344BDF839
:107CC00012200A449BB292B211B218B288427FF7D6
:107CD000C8AEB4F90070B4F90400ADF818709B1A7E
:107CE000ADF81E30ADF81A10ADF81C0000964B46EA
:107CF0007AE7D7F8880000283FF4B3AE036800960F
:107D0000DE68234602AA2946B047AAE6D7F88800CB
:107D100000283FF4A6AE036800969E68F1E700BF16
:107D20008434012080B103291CD8DFE801F0021D52
:107D3000081F104B1888C0F30E00404270470D4BCF
:107D40001888C0F30E00704703290BD801A353F81D
:107D500021F000BF697D01083F7D01086D7D0108AC
:107D6000337D010800207047012070474FF0FF303D
:107D7000704700BF7E34012080B103291CD8DFE8A2
:107D800001F01D021F07104B1888C0F30E0070474A
:107D90000D4B1888C0F30E004042704703290BD8E2
:107DA00001A353F821F000BF877D0108C17D0108C0
:107DB000917D0108BD7D01080020704701207047BA
:107DC0004FF0FF30704700BF7E3401202DE9F04FA7
:107DD00099B00D9114A981E80C00BDF98C300B937A
:107DE000DDE926219DF8A43010939DF8AC3008936E
:107DF0009DF8B03009934B7BBDF98840BDF8905099
:107E0000BDF89460289FDDF8A8909DF8B4A04FEAD3
:107E1000431808F4807091F8068058EA000800F0D2
:107E2000CE811B01C87903F4807303430C9300F0E7
:107E3000C68191F909309BB2002D00F02C81ED1A1A
:107E4000ADB2290402D5641B24B20025B2F90000AA
:107E50009188844283B2B8BFED180B441BB20A93D9
:107E6000D388528813441BB20F930C9B0E93B8BF58
:107E70002C1BB54B0B9A93F800B0BCBFA5B20446BF
:107E80005346214614A8F6F73EF82146ADF85C00AB
:107E900053460B9A14A8F6F753F818A921F8020DC7
:107EA00017A8F6F779F9BAF1000F40F0F780BBF1A7
:107EB000010F40F0FB80109B002B40F0A8811FFABF
:107EC00088F205B95EB1089806FB02534343314678
:107ED00007EBD30703F007060C9B5B1A0E930BF11D
:107EE000FF314B424B41184651460C93FFF71AFFA6
:107EF0000C9B83461846FFF73FFF0F9903460B98EC
:107F0000A1EB000A0E998A45A8BF8A46BAF1000F74
:107F100040F355810A99641B0C1B4445D4BFC5EB43
:107F20000405C5EB0805002D40F349810899521B53
:107F30004A430E920D9A002A40F07581834A0A93B3
:107F400010680268D26A90470A9B089901228A4009
:107F5000013A7F49D2B20C880C92BDF95C10BDF990
:107F60005E2004FB021200EB42024FEA19240A923F
:107F7000C9F307421292E2B211925FFA89F21092AB
:107F8000744A4FEA591101F4FC6122400A43C9F3D3
:107F9000C40942EA09024FEA4B0192B205FB1B3BBE
:107FA0000F920B463A780B916B43324103EB4B0334
:107FB000D2B213931AF1FF3AC0F04981DDF828805C
:107FC000A94619F1FF39C0F032810C9B134054D0FF
:107FD000FF200C9990FBF1F14B43FE2B03DD099937
:107FE000814200F022810999B8F80040129811FBF3
:107FF00003F39BB2591C01EB1323C3F307231FFAAE
:1080000083FE211210FB0EFB01F0F8011198DB43F7
:10801000DBB241EA511101FB03B14FEAE40C10FB62
:108020000EFBE4001098E4B244EA541410FB0EFE78
:1080300004FB03E40CF0FC0C89B2A4B24CEA9C1CD7
:108040000CFB03BC4B1C04F1010B03EB11210BEBEC
:10805000142B1FFA8CFCCBF3C42B01F478414BEAB0
:1080600001010CF1010B0BEB1C2B4FEA5B1B0BF41A
:10807000FC6B41EA0B01A8F80010089B1E44B6B245
:10808000072E98BF1A410B9B89BF7A78D2B201376D
:108090000026984495E71C4424B2D7E6BAF1010FB4
:1080A0007FF409AFBBF1010F7FF405AF0F9B0B9A73
:1080B000991A0C9B9B1B9942A8BF19460029129143
:1080C0007DDD224A119210680368DB6B984710F43B
:1080D0008073129906D0089B042B33D1109B003378
:1080E00018BF012382051FFA88FC40F1B980089867
:1080F000082840F0B580002B64D00CF1010C2CF066
:1081000001039BB245BB0A9A08EB0400904223DCB2
:10811000119ABDF85EE01068BDF85C200468069511
:108120004FF480750595099D029389B2CDE9003120
:10813000CDE903954FEA5C0CA46D734606FB0C7108
:10814000A0473CE00023CDE77C34012084340120AB
:108150007E34012000F8FF000A9AA4EB050EA2EB82
:108160000E0EC645D4BFC5EB0E0EC5EB080EBEF114
:10817000000F24D0E8073FF59EAE1EF001007FF40B
:108180009AAE119ABDF85E801468BDF85C206D0847
:108190004FEA5C0C06FB0C56256806904FF4807085
:1081A000059009980293CDE9039089B21FFA8EF3E6
:1081B00001910093AD6D4346B9192046A84719B007
:1081C000BDE8F08F284ABDF85EE01068BDF85C207D
:1081D000D0F800A006934FF400730593099BCDF8E7
:1081E00008C0CDE903930A9B641B1C1B06FB0856C1
:1081F0004445D4BFC5EB0405C5EB080589B2ADB253
:1082000001910095DAF858407346B91998E70822A9
:10821000089B92FBF3F35A1E424492FBF3F212FBCB
:1082200003F292B24DE60D988FE60F9923E70E9B6D
:1082300043B11E44B6B207EBD60706F007063A78FC
:108240003241D2B20A99139B19440A91B2E60D9BAE
:10825000002BB4D1044B186803681B6B9847AEE73A
:10826000002B7FF44AAF26E68434012038B5154C44
:108270002378BFF35B8FDA0705460BD4204608F05E
:1082800067FC38B1204608F06FFC0F4A0F491048D0
:1082900008F057FC0F4C2378BFF35B8FDB070BD440
:1082A000204608F055FC38B1204608F05DFC064A2F
:1082B00009490A4808F045FC054B6B61074BAB6167
:1082C00038BD00BF6835012000000020754301085B
:1082D000D00000206C35012073430108D400002039
:1082E00038B5154C2378BFF35B8FDA0705460BD4FE
:1082F000204608F02DFC38B1204608F035FC0F4A26
:108300000F49104808F01DFC0F4C2378BFF35B8F1A
:10831000DB070BD4204608F01BFC38B1204608F0E0
:1083200023FC064A09490A4808F00BFC054BEB60A0
:10833000074B2B6138BD00BF4035012000000020F5
:1083400079430108A8000020443501207743010843
:10835000AC00002010B50446FFF788FF2046BDE8BA
:108360001040FFF7BDBF000038B5154C2378BFF3B0
:108370005B8FDA0705460BD4204608F0E9FB38B1DD
:10838000204608F0F1FB0F4A0F49104808F0D9FBCE
:108390000F4C2378BFF35B8FDB070BD4204608F02C
:1083A000D7FB38B1204608F0DFFB064A09490A48E6
:1083B00008F0C7FB054B6B62074BAB6238BD00BFD3
:1083C00070350120000000206D430108D800002016
:1083D000743501206B430108DC00002038B5154CD2
:1083E0002378BFF35B8FDA0705460BD4204608F0ED
:1083F000AFFB38B1204608F0B7FB0F4A0F491048D1
:1084000008F09FFB0F4C2378BFF35B8FDB070BD487
:10841000204608F09DFB38B1204608F0A5FB064A2F
:1084200009490A4808F08DFB054BEB61074B2B62AD
:1084300038BD00BF4835012000000020714301080D
:10844000B00000204C3501206F430108B40000202B
:1084500010B50446FFF788FF2046BDE81040FFF73F
:10846000BDBF000038B5154C2378BFF35B8FDA072A
:1084700005460BD4204608F06BFB38B1204608F0C7
:1084800073FB0F4A0F49104808F05BFB0F4C237831
:10849000BFF35B8FDB070BD4204608F059FB38B1E4
:1084A000204608F061FB064A09490A4808F049FBE2
:1084B000054B6B63074BAB6338BD00BF80350120B4
:1084C0000000002065430108E800002084350120F9
:1084D00063430108EC00002038B5154C2378BFF346
:1084E0005B8FDA0705460BD4204608F031FB38B124
:1084F000204608F039FB0F4A0F49104808F021FBCD
:108500000F4C2378BFF35B8FDB070BD4204608F0BA
:108510001FFB38B1204608F027FB064A09490A48E4
:1085200008F00FFB054BEB62074B2B6338BD00BF18
:10853000503501200000002069430108B8000020E8
:108540005435012067430108BC00002010B50446E3
:10855000FFF788FF2046BDE81040FFF7BDBF0000D1
:1085600038B5154C2378BFF35B8FDA0705460BD47B
:10857000204608F0EDFA38B1204608F0F5FA0F4A27
:108580000F49104808F0DDFA0F4C2378BFF35B8FDA
:10859000DB070BD4204608F0DBFA38B1204608F0A0
:1085A000E3FA064A09490A4808F0CBFA054B6B651D
:1085B000074BAB6538BD00BF8835012000000020A7
:1085C00055430108F00000208C3501205343010879
:1085D000F400002038B5154C2378BFF35B8FDA0721
:1085E00005460BD4204608F0B3FA38B1204608F00F
:1085F000BBFA0F4A0F49104808F0A3FA0F4C237832
:10860000BFF35B8FDB070BD4204608F0A1FA38B12B
:10861000204608F0A9FA064A09490A4808F091FAE2
:10862000054BEB64074B2B6538BD00BF903501202F
:108630000000002059430108F80000209435012073
:1086400057430108FC00002038B5154C2378BFF3D0
:108650005B8FDA0705460BD4204608F079FA38B16B
:10866000204608F081FA0F4A0F49104808F069FACD
:108670000F4C2378BFF35B8FDB070BD4204608F049
:1086800067FA38B1204608F06FFA064A09490A48E5
:1086900008F057FA054B6B64074BAB6438BD00BF5D
:1086A00058350120000000205D430108C000002073
:1086B0005C3501205B430108C400002038B5154C2F
:1086C0002378BFF35B8FDA0705460BD4204608F00A
:1086D0003FFA38B1204608F047FA0F4A0F491048D0
:1086E00008F02FFA0F4C2378BFF35B8FDB070BD416
:1086F000204608F02DFA38B1204608F035FA064A2F
:1087000009490A4808F01DFA054BEB63074B2B6437
:1087100038BD00BF7835012000000020614301080A
:10872000E00000207C3501205F430108E4000020C8
:1087300010B50446FFF714FF2046FFF785FF2046DB
:10874000FFF748FF2046BDE81040FFF7B7BF000025
:1087500038B5154C2378BFF35B8FDA0705460BD489
:10876000204608F0F5F938B1204608F0FDF90F4A27
:108770000F49104808F0E5F90F4C2378BFF35B8FE1
:10878000DB070BD4204608F0E3F938B1204608F0A7
:10879000EBF9064A09490A4808F0D3F9054B6B661C
:1087A000074BAB6638BD00BF6035012000000020DC
:1087B0004D430108C8000020643501204B430108E7
:1087C000CC00002038B5154C2378BFF35B8FDA0757
:1087D00005460BD4204608F0BBF938B1204608F016
:1087E000C3F90F4A0F49104808F0ABF90F4C237832
:1087F000BFF35B8FDB070BD4204608F0A9F938B133
:10880000204608F0B1F9064A09490A4808F099F9E2
:10881000054BEB65074B2B6638BD00BF3835012093
:108820000000002051430108A00000203C35012039
:108830004F430108A400002010B50446FFF788FF4D
:108840002046BDE81040FFF7BDBF000038B5154C0D
:108850002378BFF35B8FDA0705460BD4204608F078
:1088600077F938B1204608F07FF90F4A0F491048D0
:1088700008F067F90F4C2378BFF35B8FDB070BD44D
:10888000204608F065F938B1204608F06DF9064A2F
:1088900009490A4808F055F9054B6B67074BAB6768
:1088A00038BD00BF303501200000002045430108DD
:1088B0009800002034350120434301089C0000202B
:1088C00038B5154C2378BFF35B8FDA0705460BD418
:1088D000204608F03DF938B1204608F045F90F4A26
:1088E0000F49104808F02DF90F4C2378BFF35B8F28
:1088F000DB070BD4204608F02BF938B1204608F0EE
:1089000033F9064A09490A4808F01BF9054BEB669A
:10891000074B2B6738BD00BF283501200000002021
:1089200049430108900000202C35012047430108ED
:108930009400002010B50446FFF788FF2046BDE8EC
:108940001040FFF7BDBF10B50446FFF7F3FF204608
:10895000FFF772FF2046FFF7F9FD2046FFF7FAFC0C
:108960002046FFF775FD2046BDE81040FFF7E0BE4A
:1089700038B50B4C2378BFF35B8FDB0705460BD470
:10898000204608F0E5F838B1204608F0EDF8054A31
:108990000549064808F0D5F8044BEB6738BD00BF21
:1089A0001C35012000000020414301088800002000
:1089B00038B50B4C2378BFF35B8FDB0705460BD430
:1089C000204608F0C5F838B1204608F0CDF8054A31
:1089D0000549064808F0B5F8044BC5F8803038BDA5
:1089E00020350120000000203F4301088C000020BA
:1089F00070B50D4D0D4C2B78BFF35B8F13F0010F4D
:108A000006460DD1284608F0A3F848B1084B23606C
:108A1000284608F0A9F8074A0749204608F091F8C7
:108A2000C6F8844070BD00BF243501209C3601206B
:108A3000D8500208000000203D43010810B504464C
:108A4000FFF796FF2046FFF7B3FF2046BDE8104032
:108A5000FFF7CEBF70B50D4D0D4C2B78BFF35B8F7C
:108A600013F0010F06460DD1284608F071F848B101
:108A7000084B2360284608F077F8074A0749204644
:108A800008F05FF8C6F8884070BD00BF18350120B7
:108A900098350120F4500208000000203B430108F3
:108AA0002DE9F04FDDE90B45BDF924E0BDF928B013
:108AB0009DF834909DF838709DF83C60088805FB5F
:108AC0000E4C002D02EB0C0AC0F2B080AB4540F317
:108AD000AD80002CC0F2A880A64540F3A58012F816
:108AE0000C2033F81280621C00F1A380964540F3FD
:108AF000A080B9F1000F00F09C809AF8012033F8B3
:108B000012C0013500F19980AB4540F39680002FEB
:108B100000F09380002CC0F28E80A64540F38B803D
:108B20001AF80E2033F81250013400F18980A6455E
:108B300040F38680B9F1000F00F08280D6449EF8A1
:108B4000012033F812304FEA084404F0FC6428F4A2
:108B5000FC6819FB07FE44EA08084FEA0C44CEF310
:108B6000C70EC7F1100204F0FC642CF4FC6C44EA5C
:108B70000C0CA2EB0902CEEB49040EEB420204FB03
:108B80000CF402FB08481A0402F0FC6223F4FC63B4
:108B900013432A0402F0FC6225F4FC650EFB0383F8
:108BA0002A43CEEB470707FB0232530D520903F469
:108BB000FC6322F4FC621A4393B2B4B20212F6438D
:108BC000F6B21D1202F0F80212FB06F2C71005F011
:108BD000F805C00005FB0425C0B2DA10DB00DBB2EB
:108BE00007F0FC0710FB06F0ADB203FB040002F037
:108BF000FC0217FB06F780B26B1C02FB047292B2F8
:108C000003EB1525431C03EB1023501C00EB122231
:108C100005F47845C3F3C42352092B4302F4FC62E4
:108C200013430B80BDE8F08F80465CE784468046A6
:108C300067E7844665E7054676E70346054682E72B
:108C4000034680E72DE9F04F99B0DDE923A51592A1
:108C50000993279A9DF8AC300D930C91DDE9281308
:108C600016905068126800FB031302EB43082A9B1E
:108C70001B680B932A9B5E680D9BDB43DBB20436BB
:108C80000A930C9B002B03DC159B002B40F32582E1
:108C90002A9BB3F90810B3F90C20481E571E099BF4
:108CA000002B40F3E3805FEA2A4C4FEA254306D4C9
:108CB000844504DA002B02DBBB42C0F2D8801CF1F1
:108CC000010C00F1C9806145C0F2C680013300F19A
:108CD000C3809A42C0F2C080DDF824B04746BBF1A1
:108CE000000F40F3E3802A9A2A9BD2F80CE09B689D
:108CF0005FEA2A424FEA254CCAF30330C5F3033139
:108D000000F1218103F1FF394A4580F21C81BCF159
:108D1000000FC0F218810EF1FF39CC4580F21381AB
:108D20001BB20CFB03220B9C04EB0209A25C36F87D
:108D300012E0002800F0FE8099F8012036F8122099
:108D4000119251B109EB030219F8033036F81330D0
:108D50000F93537836F813301293119B129C4FEAFD
:108D6000034C0CF0FC6C23F4FC634CEA030C129BE8
:108D70001B0410FB01F224F4FC6403F0FC63D2102A
:108D80002343C2EB4009534309FB0C334FEA0E4C1B
:108D90000CF0FC6C2EF4FC6E4CEA0E0EC1F1100CC3
:108DA000ACEB000C02EB4C0C0CFB0E3C0F9B0A9C3A
:108DB000180400F0FC6023F4FC631843C2EB41028A
:108DC00002FB00C2530D5209388803F4FC6322F4FD
:108DD000FC621A4392B20112BDF834304FEA222CE1
:108DE00001F0F80111FB04F14FEAE00E0CF0F80C71
:108DF000C0000CFB031C0EF0FC0ED110C0B2D20060
:108E0000D2B201F0FC011EFB04FE10FB04F01FFABD
:108E10008CFC01FB03E102FB03039AB20CF101039A
:108E200089B203EB1C2C531C03EB12234A1C02EBEC
:108E300011210CF4784CC3F3C423490943EA0C0311
:108E400001F4FC610B433B80259B9A44269B02372F
:108E50001D440BF1FF3B42E7259B9A44269B1D4492
:108E6000099B013B099308F1020818E723D0099BED
:108E70002598013B00FB03A000143FF52DAF0139FD
:108E80008842BFF629AF269901FB03531B143FF517
:108E900023AF013A9342BFF61FAFDDF824E0BDF8DF
:108EA0003490CDF83880BEF1000F6CDC099B23EACA
:108EB000E37408EB44080C9B002B40F30E8130EE6A
:108EC000040AB7EE007AC7EE007A229B70EEA40A7D
:108ED00031EE051A20EEA77AF0EE626A61EE277A8B
:108EE000FEEEC86A77EE622A16EE90AAFEEEC82A57
:108EF000F0EE436A37EEC33A12EE902ABEEEC83A5D
:108F000092FBF3F313EE102A2593229B92FBF3F3CB
:108F100026930C9B159A013BFEEEC86A0C93229B8C
:108F200008BF134616EE905A0993B0EE673AF0EE7A
:108F3000472AA6E600293FF410AF19F8033036F8A7
:108F400013300F9309E712F101093FF57DAF4B454F
:108F5000FFF67AAF1CF101093FF576AFCE45FFF67B
:108F600073AF0D9C02921BB20FFA8EF2CDE905147D
:108F7000CDE903C0019200930B9A16983346394607
:108F8000FFF78EFD60E72A9B0B9CB3F908304FEA90
:108F90002A42291403FB01210B9A0A44615CCAF39B
:108FA000033CC5F3033036F81110BCF1000F00F09C
:108FB0008C80577836F81740139440B1D718D35C9B
:108FC00036F8133010937B7836F813301493139BD4
:108FD000149C1CFB00F21F04D21023F4FC6307F066
:108FE000FC671F43C2EB4C031793149B1B0424F430
:108FF000FC6B03F0FC6343EA0B03179C53434FEAFB
:10900000014B04FB073721F4FC610BF0FC6343EADE
:10901000010BC0F11001109B0A9CA1EB0C0C02EBA0
:109020004C0C0CFB0B774FEA034C23F4FC6B0CF05D
:10903000FC6CC2EB40024CEA0B0C02FB0C770E9A64
:10904000790D7F09128801F4FC6127F4FC670F4356
:10905000BBB21112181201F0F80111FB04F1D71084
:1090600000F0F800D20000FB091007F0FC07D9104F
:10907000D2B2DB0017FB04F712FB04F201F0FC0193
:10908000DBB280B201FB097103FB09239BB289B2F9
:10909000421C02EB10204F1C5A1C02EB132207EB60
:1090A000112100F47840C2F3C42249090E9B1043F9
:1090B00001F4FC61084323F8020B0E93259B9A44AC
:1090C000269B0EF1FF3E1D44EDE600283FF47FAFE6
:1090D000D35C36F81330109379E719B0BDE8F08F00
:1090E0002DE9F047DDE90A48BDF920E0BDF924A0EB
:1090F0009DF830509DF83460088808FB0E47B8F1A1
:10910000000F02EB070967DBC24565DD002C61DB60
:10911000A6455FDDD25D33F812C0621C5FD4964570
:109120005DDD002D5BD099F8012033F8127018F145
:10913000010858D4C24556DD002E54D0002C50DB17
:10914000A6454EDD19F80E2033F81220013407D45D
:10915000A64505DD25B1CE449EF8010033F8100088
:109160004FEA0C4315FB06F403F0FC634FEA074E8D
:109170002CF4FC6CC4F3C70443EA0C0C0EF0FC6E38
:10918000C6F1100327F4FC675B1B4EEA0707C4EB2C
:10919000450504EB43037D4303FB0C5C030403F030
:1091A000FC6320F4FC601843130403F0FC6322F416
:1091B000FC62134304FB00C0C4EB460606FB03003D
:1091C000430D400903F4FC6320F4FC60184308805D
:1091D000BDE8F0878446A0E707468446A7E7074630
:1091E000A5E70246B2E70246BAE72DE9F04F93B091
:1091F000DDE91D460F92219A08910693DDE92213BD
:1092000010905068126800FB031302EB4309249B83
:109210001B680793249B5F68F7EE006A0437089B7E
:10922000002B03DC0F9B002B40F3B281249BB3F98E
:109230000810B3F90C20481E02F1FF3C069B002BDE
:1092400040F3A9805FEA244E4FEA264306D48645C0
:1092500004DA002B02DB6345C0F29E801EF1010E92
:1092600000F18F807145C0F28C80013300F189805C
:109270009A42C0F28680DDF818B0C846BBF1000FF4
:1092800040F3A680249A249BD2F80CE09B68221419
:109290004FEA264CC4F30330C6F3033100F1E380F8
:1092A00003F1FF3A524580F2DE80BCF1000FC0F2BC
:1092B000DA800EF1FF3AD44580F2D5801BB20CFB68
:1092C0000322079D05EB020AAA5C37F812E000288A
:1092D00000F0C0809AF8012037F812200B9251B1AB
:1092E0000AEB03021AF8033037F813300993537866
:1092F00037F813300C930B9B0C9D4FEA034C0CF08A
:10930000FC6C23F4FC634CEA030C0C9B1B0410FB69
:1093100001F203F0FC6325F4FC65D2102B43C2EB91
:10932000400A53430AFB0C334FEA0E4C0CF0FC6C22
:109330002EF4FC6E4CEA0E0EC1F1100CACEB000CDE
:1093400002EB4C0C0CFB0E3C099B180400F0FC607B
:1093500023F4FC631843C2EB410202FB00C2530D2D
:10936000520903F4FC6322F4FC621A43A8F80020BB
:109370001F9B1C44209B08F102081E440BF1FF3B7D
:109380007CE71F9B1C44209B1E44069B013B0693CD
:1093900009F1020952E720D0069B1F98013B00FB10
:1093A000034000143FF567AF01398842BFF663AF51
:1093B000209901FB03631B143FF55DAF013A934213
:1093C000BFF659AFDDF81880CA46B8F1000F67DC68
:1093D000069B23EAE37509EB4509089B002B40F344
:1093E000D78030EE040A70EEA40AC6EE807A1C9B89
:1093F00031EE051A20EEA77AB0EE626A61EE277AA6
:10940000BEEEC86A77EE622A16EE104AFEEEC82A51
:10941000B0EE436A37EEC33A12EE902ABEEEC83A77
:1094200092FBF3F313EE102A1F931C9B92FBF3F3B2
:109430002093089B0F9A013BBEEEC86A08931C9BC1
:1094400008BF134616EE106A0693B0EE673AF0EEC8
:10945000472AE4E600293FF44EAF1AF8033037F804
:109460001330099347E712F1010A81D45345FFF6FF
:109470007FAF1CF1010A3FF57BAFD645FFF678AF11
:10948000CDE9022C1BB20FFA8EF2CDE90401019254
:109490000093079A10983B464146FFF721FE67E785
:1094A000249B079DB3F908302214311403FB0121DA
:1094B000079A0A44695CC4F3033EC6F3033037F8E5
:1094C0001110BEF1000F5CD092F801C037F81C50AB
:1094D0000D9550B102EB030CD35C37F813300A93AF
:1094E0009CF8013037F813300E930D9B0E9D1EFB38
:1094F00000F24FEA034CD21023F4FC630CF0FC6C36
:109500004CEA030CC2EB4E0311930E9B1B0425F493
:10951000FC6B03F0FC6343EA0B03119D53434FEADA
:10952000014B05FB0C3C21F4FC610BF0FC6343EAAE
:10953000010BC0F110010A9BA1EB0E0E02EB4E0EC7
:109540000EFB0BCC4FEA034B23F4FC6E0BF0FC6BD1
:109550004BEA0E0EC2EB400202FB0ECC4FEA5C530C
:109560004FEA5C1C03F4FC632CF4FC6C43EA0C0C27
:109570001F9B2AF802CB1C44209B08F1FF381E4495
:1095800023E70028B1D0D35C37F813300A93ACE757
:1095900013B0BDE8F08F2DE9F04F0D8887B0EF10C4
:1095A0004FEA252A07F0FC07ED000197EDB202957E
:1095B000019D0391DDE91206BDF940900299BDF9C4
:1095C00044B09DF850409DF854E09DF858800AF052
:1095D000F80A2D0245EA0A4506FB09070D43002E4D
:1095E00002EB070C0595C0F2B680B34540F3B3809B
:1095F0000028C0F2AE80814540F3AB80D75D07EB19
:1096000047071F44421C00F1A980914540F3A68002
:10961000002C00F0A3809CF8015005EB45051D448B
:10962000013600F19F80B34540F39C80BEF1000FEE
:1096300000F098800028C0F29380814540F390802C
:109640001CF8096006EB46061E44013000F18D80CF
:10965000814540F38A80002C00F08780E14499F82E
:10966000012002EB42021344A4B21FFA8EFE04FB57
:109670000EFB2401CBEB0E1EC4F58079A4EB0B048A
:109680001FFA8EF0A2B2AC7897F802C00199A9EB4C
:1096900000091FFA89F9544309FB0C4496F802C0EB
:1096A00000FB0C4493F802C01FFA88FE6FEA08081A
:1096B0005FFA88F80BFB0C4C1AFB08FACCF3072C6A
:1096C0000CFB0EAC95F801A07C782D783F7802FB5E
:1096D0000AFA09FB04AA74786A43357800FB04AAE5
:1096E00009FB07225C781B7800FB05200BFB04A418
:1096F0000BFB030B029B11FB08FA1FFA8CFC13FBFC
:1097000008F8CBF3072BC4F3072404FB0EA40CF1D9
:1097100001030BFB0E8E1FFA8EFEA4B203EB1C2C72
:109720000CF4784304F1010A0EF1010C0CEB1E2C31
:109730000AEB1424CCF3C42C64094CEA030C04F4A3
:10974000FC64039B4CEA040CA3F800C007B0BDE81E
:10975000F08F05AF56E705AD2F4661E705AD5FE732
:1097600005AE72E705AB1E467EE705AB7CE72DE94B
:10977000F04F95B012920993239A9DF89C300F9365
:109780000E91DDE9241313905068126800FB031357
:1097900002EB43030A93269B1B680D93269B5C6890
:1097A0000F9BDB43DBB204340B930E9B002B03DCDB
:1097B000129B002B40F35582269BB3F90810B3F996
:1097C0000C20481E551E099B002B40F3F9801F9E5C
:1097D000209B36144FEA234306D4864204DA002B3A
:1097E00002DBAB42C0F2ED80013600F1DA80B1421B
:1097F000C0F2D780013300F1D4809A42C0F2D18008
:10980000099B11930A9B0C93119B002B40F3FA8048
:109810002698209B209AC6681F981D14C2F3033116
:109820001F9B269A0014C3F30333926800F13E8114
:10983000571EB84280F23A81002DC0F23781771E60
:10984000BD4280F2338112B205FB02000D9D15F876
:1098500000A00AEB4A0A2E1804EB0A05002B00F0C0
:10986000178196F801C00CEB4C0CA444002900F0C1
:109870001781B018B25C407802EB420200EB400066
:10988000224420449BB289B203FB01F9C9EB0111C8
:109890001B0189B29CF8027095F802B00C9E14F876
:1098A0000AA0B6F800E0BDF83C60C3F58078A3EBF1
:1098B00009039BB2A8EB01081FFA88F85F4308FB75
:1098C0000B7792F802B0109301FB0B7790F802B07F
:1098D0000B9B09FB0B774FEA2E2B0BF0F80B1BFBB6
:1098E00003FBC7F3072707FB06B7109B95F801B0EA
:1098F0009CF801509CF800C05D4308FB0B5592F8A2
:1099000001B00B9B01FB0B5590F801B009FB0B5507
:109910004FEAEE0B0BF0FC0B1BFB03FB109B03FB56
:109920000CF392F800C008FB0A3301FB0C3390F8EB
:1099300000C04FEACE0E09FB0C3C0B9B5FFA8EFE7B
:10994000BFB21EFB03FEC5F30725CCF3072C05FBB6
:1099500006B57B1C0CFB06E6ADB2B6B203EB1727CF
:1099600007F4784305F1010B771C07EB16270BEB87
:109970001525C7F3C4276D091F4305F4FC650C9B2F
:109980003D431D800C9B219A02330C931F9B134473
:109990001F93229A209B13442093119B013B119308
:1099A00032E71F9B219E33441F93229E209B33440A
:1099B0002093099B013B09930A9B02330A9302E718
:1099C00027D0099B21981F9D013B00FB03500014E9
:1099D0003FF516AF01398842BFF612AF22992098A1
:1099E00001FB03031B143FF50BAF013A9342BFF693
:1099F00007AF099B1193BDF83CA00A9B0C93119BE8
:109A0000002B70DC099B0A9A23EAE37302EB430301
:109A10000A930E9B002B40F3248130EE040AB7EE2C
:109A2000007AC7EE007A1E9B70EEA40A31EE051A8A
:109A300020EEA77AF0EE626A61EE277AFEEEC86A3F
:109A400077EE622ACDED1F6AFEEEC82AF0EE436A79
:109A500037EEC33A12EE902ABEEEC83A92FBF3F309
:109A600013EE102A21931E9B92FBF3F322930E9B7D
:109A7000129A013BFEEEC86A0E931E9BCDED206A42
:109A800008BF13460993B0EE673AF0EE472A8CE61A
:109A900049B1B25C02EB420222442846AC46F1E6F0
:109AA00028462A46EEE628462A46F7E7471C3FF5B1
:109AB00069AFBA42FFF666AF6F1C3FF563AFBE42B7
:109AC000FFF660AF0F9F029036B212B2CDE90517D4
:109AD000CDE90353009201962346DDE90C12139859
:109AE000FFF759FD4EE7209A20981F9D1F9BC2F358
:109AF0000331269AB2F908202D14001402FB0050FD
:109B00000D9D15F80090C3F3033309EB49092E1896
:109B100004EB0905002B00F09680777807EB4707E8
:109B20002744002900F09780B018B25C407802EB1F
:109B3000420200EB4000224420449BB289B203FB66
:109B400001F80C9E95F802B0B6F800C0BE7814F883
:109B500009901B01C8EB011189B2C3F5807EA3EB0C
:109B600008039BB2AEEB010E1FFA8EFE5E430EFBA6
:109B70000B6692F802B0109301FB0B6690F802B0EE
:109B80000B9B08FB0B664FEA2C2B0BF0F80B1BFB17
:109B900003FBC6F3072606FB0AB6109B95F801B037
:109BA0007D783F785D430EFB0B5592F801B00B9B1F
:109BB00001FB0B5590F801B008FB0B554FEAEC0B7D
:109BC0000BF0FC0B1BFB03FB109B7B4317780EFB7E
:109BD000093301FB073307784FEACC0C08FB073742
:109BE0000B9B5FFA8CFC1CFB03FCC5F30725C7F33A
:109BF000072705FB0AB507FB0AC7B6B2ADB2BFB26D
:109C0000731C7A1C05F1010B03EB162602EB1722DD
:109C10000BEB1525C2F3C42206F478466D090C9BA4
:109C2000164305F4FC652E4323F8026B219A0C932E
:109C30001F9B13441F93229A209B13442093119B34
:109C4000013B1193DBE649B1B25C02EB42022244D4
:109C500028462F4671E728462A466EE728462A46B8
:109C6000F7E715B0BDE8F08F2DE9F74F0F88BDF984
:109C700030E0BDF934909DF840009DF844603C020E
:109C8000DDE90EC504F4780B7C0104F47C44FF008C
:109C90004BEA0404FFB205FB0ECA2743002D02EB7A
:109CA0000A0801977EDBA9457CDDBCF1000F77DB5C
:109CB000E64575DD12F80A7007EB47071F441CF1F3
:109CC000010272D4964570DD00286ED098F80140EC
:109CD00004EB44041C4401356BD4A94569DD002E16
:109CE00067D0BCF1000F62DBE64560DD18F80E506E
:109CF00005EB45051D441CF101025DD496455BDD75
:109D0000002859D0C6449EF8012002EB42021344B9
:109D100080B2B2B200FB02F60001C6EB0212C0F53F
:109D20008078801B1FFA82FC82B2A07897F802E04C
:109D300097F800907F78A8EB0C081FFA88F850433A
:109D400008FB0E0EA8780CFB00E093F802E006FB7F
:109D50000E0E0EF4784094F800E002FB0EFE08FBB5
:109D600009E995F800E00CFB0E9993F800E05B78A8
:109D700006FB0E9ECEF3C42E4EEA000E60785043D2
:109D80006A7808FB07000CFB020206FB03235B0951
:109D900003F4FC634EEA03030B8003B0BDE8F08FCD
:109DA00001AF8CE701AC274695E701AC93E701AD25
:109DB000A1E701AB1D46ABE701ABA9E72DE9F04FE9
:109DC0008FB0DDE919B50C921D9A0A910693DDE971
:109DD0001E130D905068126800FB031302EB43033F
:109DE0000793209B1B680893209B5C6804340A9BA4
:109DF000002B03DC0C9B002B40F3D681209BB3F996
:109E00000810B3F90C20481E561E069B002B40F389
:109E1000B7805FEA2B474FEA254306D4874204DA2E
:109E2000002B02DBB342C0F2AC80013700F19D8011
:109E3000B942C0F29A80013300F197809A42C0F291
:109E40009480069B0B93079B09930B9B002B40F37D
:109E5000B5802098209AC76892685FEA2B404FEA45
:109E60002546CBF30333C5F3033100F1FB8002F148
:109E7000FF3C604580F2F680002EC0F2F38007F1CF
:109E8000FF3C664580F2EE8012B206FB0200089E9F
:109E90003718305C00EB400804EB080C002B00F096
:109EA000D3807E7806EB46062644002900F0D48055
:109EB000B818BA5C407802EB420200EB4000224442
:109EC00020449BB289B203FB01F9C9EB01111B01CC
:109ED00089B2B7789CF802A09CF801C0C3F5807ED7
:109EE000A3EB09039BB2AEEB010E1FFA8EFE5F439C
:109EF0000EFB0A7792F802A001FB0A7790F802A005
:109F000009FB0A7A14F8087096F80080767803FB4B
:109F100008F80EFB0788177801FB0788077809FB0C
:109F200007870AF4784AC7F3C42747EA0A07734346
:109F300092F801A00EFB0C3301FB0A3190F801A04E
:109F4000099B09FB0A1A4FEA5A1A0AF4FC6A47EA03
:109F50000A071F80099B023309931B9B9B441C9B90
:109F60001D440B9B013B0B936FE71B9B9B441C9B6E
:109F70001D44069B013B0693079B0233079344E76E
:109F800023D0069B1B98013B00FB03B000143FF558
:109F900058AF01398842BFF654AF1C9901FB0353F7
:109FA0001B143FF54EAF013A9342BFF64AAF069BF2
:109FB0000993079B0B93099B002B70DC069B079A68
:109FC00023EAE37302EB430307930A9B002B40F35E
:109FD000EB8030EE040AB7EE007AC7EE007A189BE9
:109FE00070EEA40A31EE051A20EEA77AF0EE626A4E
:109FF00061EE277AFEEEC86A77EE622A16EE90BA14
:10A00000FEEEC82AF0EE436A37EEC33A12EE902A0B
:10A01000BEEEC83A92FBF3F313EE102A1B93189B83
:10A0200092FBF3F31C930A9B0C9A013BFEEEC86A69
:10A030000A93189B08BF134616EE905A0693B0EE8B
:10A04000673AF0EE472AD2E649B1BA5C02EB420227
:10A0500022446046664634E76046624631E7604621
:10A060006246F7E710F1010C3FF574AF6245FFF669
:10A0700071AF16F1010C3FF56DAF6745FFF66AAFA2
:10A080003FB212B2CDE90431CDE902060092019748
:10A090002346DDE908210D98FFF7E6FD5AE7209AEF
:10A0A000B2F908204FEA2B46281402FB0060089EF4
:10A0B00016F80080CBF3033308EB4808C5F30331EF
:10A0C000371804EB080C002B60D07E7806EB4606B0
:10A0D0002644002962D0B818BA5C407802EB4202EC
:10A0E00000EB4000224420449BB289B203FB01F9FB
:10A0F000C9EB01111B0189B2B7789CF802A09CF84A
:10A1000001C0C3F5807EA3EB09039BB2AEEB010E49
:10A110001FFA8EFE5F430EFB0A7792F802A001FB46
:10A120000A7790F802A009FB0A7A14F8087096F8EA
:10A130000080767803FB08F80EFB0788177801FB90
:10A140000788077809FB07870AF4784A7343C7F33F
:10A15000C427567847EA0A070EFB0C3390F801A093
:10A1600001FB063309FB0A3A4FEA5A1A0B9B0AF421
:10A17000FC6A47EA0A0723F8027B0B931B9B9B446C
:10A180001C9B1D44099B013B099314E749B1BA5C30
:10A1900002EB4202224460466646A5E760466246FC
:10A1A000A2E760466246F7E70FB0BDE8F08F2DE901
:10A1B000F04F85B0DDE91074BDF938C00291002C74
:10A1C00004FB0C71BDF93C809DF848609DF84C0083
:10A1D00002EB010EC0F22281A04540F31F81002F47
:10A1E000C0F21A81BC4540F31781525C53F82250EB
:10A1F0007A1C00F11681944540F31381002E00F083
:10A2000012819EF8012053F82210013400F10F81D1
:10A21000A04540F30C81002800F00C81002FC0F213
:10A220000481BC4540F301811EF80C2053F8224004
:10A23000013700F10281BC4540F3FF80002E00F0A1
:10A24000FE80F4449CF8012053F82220B6B280B27C
:10A2500000FB06FECEEB00103601A6EB0E0780B227
:10A26000C6F580734FEA116ABFB21B1A4FEA156B2D
:10A270009BB20AFB07F64FEA14690BFB03664FEA31
:10A28000126800FB09660EFB0866C6F307260096F7
:10A29000002E00F0BE8005F0FF1C0BFB0CFC05F44B
:10A2A0007F450BFB05F54FEA1C2B0BF0FF1B0CF158
:10A2B000011CDC444FEA1C2C01950CF0FF150395A2
:10A2C000019D029E05F5807C0CEB152501F0FF1C1D
:10A2D0000AFB0CFC4FEA152B4FEA1C2505F0FF1575
:10A2E0000CF1011C654404F0FF1C04F47F4409FBDD
:10A2F0000CFC09FB04F909F5807404EB192902F040
:10A30000FF1408FB04F401F47F4102F47F4208FBD0
:10A3100002F80AFB01FA220A0AF5807102F0FF1224
:10A3200004F1011401EB1A2A14444FEA1C2108F528
:10A3300080722D0A02EB182805F0FF15039A368863
:10A3400001F0FF110CF1011C7D436144240A02FB62
:10A350000355090A04F0FF1404FB0E5401F0FF1129
:10A3600001FB00414FEA1A2A090A0AF47F4A01F068
:10A37000FF1407FB0AF74FEA18280BF47F4103FB91
:10A3800001714FEA192908F47F480EFB081E09F4F1
:10A390007F4100FB01E19DF85000009A87B27A43AB
:10A3A000090A531C01F47F41214303EB12233512A8
:10A3B0000A0C6FEA1323DBB212FB07F205F0F80573
:10A3C00005FB0325C1F30724F210C8B2F60014FB05
:10A3D00007F402F0FC02F6B210FB07F002FB0342A6
:10A3E000ADB206FB030399B294B26B1C03EB1525C7
:10A3F000621C4B1C03EB112302EB142205F478457D
:10A40000C3F3C423520902F4FC622B431343029AA0
:10A41000138005B0BDE8F08F0025E9E600210D4668
:10A42000F3E60021F1E63146EFE6002400E70022E2
:10A4300014460BE70246044608E7002206E73246C8
:10A4400004E72DE9F04F9FB01B9209932D9A9DF8D8
:10A45000C4301C931991DDE92E131D9050681268C9
:10A460002A9D00FB031302EB43030C93309B1B68F4
:10A470001293309B5E68BDF870300D930436199BC3
:10A48000002B03DC1B9B002B40F38883309BB3F92C
:10A490000810B3F90C20481E571E099B002B40F3EF
:10A4A0009581299C5FEA244C4FEA254306D48445D4
:10A4B00004DA002B02DBBB42C0F289811CF1010CE3
:10A4C00000F177816145C0F27481013300F171813F
:10A4D0009A42C0F26E81099B0C9F1A931A9B002B23
:10A4E00040F39381299BC3F30332309BD3E9020EDF
:10A4F000299B1B144FEA254CC5F3033100F1D6818B
:10A5000000F1FF38434580F2D181BCF1000FC0F269
:10A51000CD810EF1FF38C44580F2C88100B20CFB3A
:10A520000033129C04EB0308E35C56F823304FEA37
:10A53000136E002A00F0AF8198F801C056F82C4045
:10A540000E94240E159479B108EB000C18F8000055
:10A5500056F820000A90000E13909CF8010056F85F
:10A5600020000F90000E169092B289B202FB01F902
:10A57000C9EB01111201A2EB090889B2C2F5807280
:10A580001598139C1FFA88F8521A92B208FB00F033
:10A5900002FB0E0001FB0400169C09FB0400C0F343
:10A5A0000720002800F0FA80BEF1FF0F1BD003F057
:10A5B000FF1A0EFB0AFA03F47F430EFB03FE4FEA79
:10A5C0001A2303F0FF130AF1011A0EF5807C53449D
:10A5D0000CEB1E2C1B0A4FEA1C2C03F0FF130CF48F
:10A5E0007F4C43EA0C03159CFF2C21D00E9C04F0F9
:10A5F000FF1B159C04FB0BFB0E9C04F47F4A159C6F
:10A600004FEA1B2E04FB0AFA0EF0FF1E0BF1011B92
:10A610000AF5807CDE440CEB1A2A4FEA1E2E4FEA24
:10A620001A2A0EF0FF1E0AF47F4A4EEA0A040E941C
:10A63000139CFF2C21D00A9C04F0FF1B139C04FBED
:10A640000BFB0A9C04F47F4A139C4FEA1B2E04FB6D
:10A650000AFA0EF0FF1E0BF1011B0AF5807CDE44A6
:10A660000CEB1A2A4FEA1E2E4FEA1A2A0EF0FF1E92
:10A670000AF47F4A4EEA0A040A94169CFF2C21D061
:10A680000F9C04F0FF1B169C04FB0BFB0F9C04F4B7
:10A690007F4A169C4FEA1B2E04FB0AFA0EF0FF1E9F
:10A6A0000BF1011B0AF5807CDE440CEB1A2A4FEA01
:10A6B0001E2E4FEA1A2A0EF0FF1E0AF47F4A4EEAB7
:10A6C0000A040F940E9C04F0FF1C0A9C03F0FF1E6A
:10A6D00008FB0CFC02FB0ECC04F0FF1E0F9C01FBE0
:10A6E0000ECC04F0FF1E0E9C09FB0ECC04F47F4E32
:10A6F00008FB0EF803F47F4302FB03830A9A0D9CC8
:10A7000002F47F4A0F9A01FB0A3302F47F410D9A4B
:10A7100009FB013942434FEA1C2C4FEA19293B88B7
:10A72000501C0CF0FF1C09F47F494CEA090C00EBAB
:10A73000122019124FEA1C426FEA1020C0B212FB1D
:10A7400004F201F0F80101FB0021CCF3072EDA102E
:10A750005FFA8CFCDB001CFB04FCDBB289B203FB60
:10A7600000C31FFA83FC4B1C03EB112102F0FC0217
:10A770001EFB04FE0CF1010302FB00E203EB1C23B1
:10A7800092B201F47841C3F3C4230B43511C01EB93
:10A790001222520902F4FC6213433B802B9B299A3C
:10A7A0001A442C9B29921D441A9B013B02371A9391
:10A7B00094E62B9B299C1C442C9B29941D44099BAB
:10A7C000013B09930C9B02330C9366E624D0099B52
:10A7D0002B98299C013B00FB034000143FF57BAE06
:10A7E00001398842BFF677AE2C9901FB03531B1445
:10A7F0003FF571AE013A9342BFF66DAEDDF824B07D
:10A80000DDF83090BBF1000F70DC099B23EAE374A4
:10A810000C9B03EB44030C93199B002B40F3BE816C
:10A8200030EE040AB7EE007AC7EE007A289B70EE8D
:10A83000A40A31EE051A20EEA77AF0EE626A61EE04
:10A84000277AFEEEC86A77EE622ACDED296AFEEE1F
:10A85000C82AF0EE436A37EEC33A12EE902ABEEEF3
:10A86000C83A92FBF3F313EE102A2B93289B92FB2A
:10A87000F3F32C93199B1B9A013BFEEEC86A1993C4
:10A88000289B08BF134616EE905A0993B0EE673A1C
:10A89000F0EE472AF3E500293FF466AE18F8000011
:10A8A00056F820000A90000E13905DE613F101089F
:10A8B0003FF574AF4045FFF671AF1CF101083FF55D
:10A8C0006DAFC645FFF66AAF1C9C029300B20FFA4B
:10A8D0008EF3CDE90514CDE903C201930090334610
:10A8E000129A1D983946FFF762FC57E7299B299C6D
:10A8F000C3F30332309BB3F9081027142B1401FB68
:10A900000373129CE718E35C56F82330C5F3033059
:10A910004FEA136C002A00F0378197F801E056F8EF
:10A920002E401094240E179470B107EB010E795C41
:10A9300056F821100B91090E14919EF8011056F84B
:10A9400021101191090E189192B280B202FB00F809
:10A95000C8EB00101201A2EB080E80B2C2F58072A3
:10A960001799149C1FFA8EFE121A92B20EFB01F177
:10A9700002FB0C1100FB0411189C08FB0411C1F32D
:10A980000721002900F0F580BCF1FF0F19D003F07A
:10A99000FF1A0CFB0AFA03F47F430CFB03FC4FEA9B
:10A9A0001A2303F0FF130AF1011A0CF580775344C0
:10A9B00007EB1C271B0A3F0A03F0FF1307F47F472E
:10A9C0003B43179CFF2C20D0109C04F0FF17179CD2
:10A9D0006743109C04F47F4A179C4FEA172C04FB32
:10A9E0000AFA07F101170CF0FF1CBC440AF5807746
:10A9F00007EB1A2A4FEA1C2C4FEA1A2A0CF0FF1C0C
:10AA00000AF47F4A4CEA0A041094149CFF2C20D0CC
:10AA10000B9C04F0FF17149C67430B9C04F47F4AC3
:10AA2000149C4FEA172C04FB0AFA07F101170CF0EB
:10AA3000FF1CBC440AF5807707EB1A2A4FEA1C2C4E
:10AA40004FEA1A2A0CF0FF1C0AF47F4A4CEA0A0467
:10AA50000B94189CFF2C20D0119C04F0FF17189C1D
:10AA60006743119C04F47F4A189C4FEA172C04FB9F
:10AA70000AFA07F101170CF0FF1CBC440AF58077B5
:10AA800007EB1A2A4FEA1C2C4FEA1A2A0CF0FF1C7B
:10AA90000AF47F4A4CEA0A041194109C04F0FF1750
:10AAA0000B9C03F0FF1C0EFB07F702FB0C7704F076
:10AAB000FF1C119C00FB0C7704F0FF1C109C08FB92
:10AAC0000C7704F47F4C0EFB0CFE03F47F4302FB77
:10AAD00003E30B9A0D9C02F47F4A119A00FB0A33A0
:10AAE00002F47F4C08FB0C3C0D9BB9F800004B4373
:10AAF0003F0A4FEA1C2C0CF47F4C591C07F0FF173F
:10AB000047EA0C0701EB132102123B0C6FEA1121FB
:10AB1000C9B213FB04F302F0F80202FB0132C7F3DF
:10AB2000072CC310FFB2C00092B21CFB04FC03F060
:10AB3000FC03C0B217FB04F703FB01C300FB017069
:10AB400002F1010C80B20CEB122202F4784C421C90
:10AB500002EB10229BB2C2F3C42242EA0C0203F1C0
:10AB6000010C0CEB13235B0903F4FC631A43A9F8F3
:10AB700000202B9B299A1A442C9B299209F1020947
:10AB80001D440BF1FF3B3DE600283FF4DDAE795C50
:10AB900056F821100B91090E1491D5E61FB0BDE8AF
:10ABA000F08F2DE9F04F89B001910198BDF948C0AF
:10ABB0000088BDF94C809DF858509DF85C40061205
:10ABC000DDE9141706F0F8060296C610C000C0B200
:10ABD00006F0FC060490002F07FB0C10039602EB16
:10ABE000000EC0F20A81B84540F307810029C0F287
:10ABF00002818C4540F3FF80125C53F822004A1C0E
:10AC000000F1FE80944540F3FB80002D00F0FA80B7
:10AC10009EF8012053F82260013700F1F780B84513
:10AC200040F3F480002C00F0F48000290EEB0C02BD
:10AC3000C0F2EA808C4540F3E7801EF80C7053F8B0
:10AC40002770013100F1E8808C4540F3E580002D4C
:10AC500000F0E480527853F822100B0E4FEA106A8D
:10AC60000093A4B2ABB200F0FF1503FB04F90AFB9A
:10AC700005F51B01A3EB090EC3F5807200F47F43B9
:10AC8000280A00F0FF1005F1011505442D0A0AFB02
:10AC900003F305F0FF10059003F5807000EB13231C
:10ACA0001B0A4FEA166B069306F0FF130BFB03F328
:10ACB0001D0A06F47F464FEA17680BFB06F603F100
:10ACC000011307F0FF1C05F0FF1507F47F4708FB91
:10ACD00007F71D4406F5807303EB162607F580730E
:10ACE00003EB172308FB0CFC1B0A07934FEA1C20FD
:10ACF0000B0E01F0FF175F430CF1011C00F0FF1079
:10AD0000C9EB041460444FEA172CA4B207F10117F1
:10AD10002D0A01F47F410CF0FF1C1FFA8EFE5943EF
:10AD2000121B059BBC4405F0FF1592B205FB0EF506
:10AD30004FEA1C2C03FB02550CF0FF1C069B01F58F
:10AD40008077360A000A0CFB095500F0FF1007EB6C
:10AD5000112106F47F4600FB04550EFB06F603F4B2
:10AD60007F40090A079B02FB006001F47F4109FB59
:10AD7000010003F47F430EFB0BFE04FB030002FB08
:10AD80000AE2009B04FB082409FB03496FEA292916
:10AD9000029B049A5FFA89F903FB09F1039B2D0AD0
:10ADA000000A03FB09F300F47F4005F0FF1505439B
:10ADB00002FB09F9581C4A1C00EB132002EB11217D
:10ADC0002B0A2A0C03EB102302EB1122DB001202E8
:10ADD00002F4784203F4FC63134309F1010202EB2D
:10ADE000192905EB1925C5F3C4051D43019B1D80D9
:10ADF00009B0BDE8F08F002001E7002630460BE7E0
:10AE0000002609E72E4607E700271AE700210F462C
:10AE100023E72146274620E700211EE729461CE7B5
:10AE20002DE9F04F9BB01892299A16910793DDE90E
:10AE30002A13199050681268269D00FB031302EB39
:10AE400043030A932C9B1B680F932C9B5E6804366C
:10AE5000169B002B03DC189B002B40F373832C9B69
:10AE6000B3F90810B3F90C20481E571E079B002B9E
:10AE700040F39081259C5FEA244C4FEA254306D499
:10AE8000844504DA002B02DBBB42C0F284811CF152
:10AE9000010C00F172816145C0F26F81013300F154
:10AEA0006C819A42C0F26981079B0A9F1793179B96
:10AEB000002B40F38E81259BC3F303322C9BD3E9F7
:10AEC000021E259B1B144FEA254CC5F3033000F1ED
:10AED000D18101F1FF38434580F2CC81BCF1000FF4
:10AEE000C0F2C8810EF1FF38C44580F2C38109B2B7
:10AEF0000CFB01330F9C04EB0308E35C56F8233092
:10AF00004FEA136E002A00F0AA8198F801C056F8A3
:10AF10002C400B94240E129478B108EB010C18F815
:10AF2000011056F821100891090E10919CF801109B
:10AF300056F821100C91090E139192B280B202FBC7
:10AF400000F9C9EB00101201A2EB090880B2C2F5AA
:10AF500080721299109C1FFA88F8121A92B208FB9C
:10AF600001F102FB0E1100FB0411139C09FB0411FB
:10AF7000C1F30721002900F0F580BEF1FF0F1BD0BF
:10AF800003F0FF1A0EFB0AFA03F47F430EFB03FEE5
:10AF90004FEA1A2303F0FF130AF1011A0EF5807C21
:10AFA00053440CEB1E2C1B0A4FEA1C2C03F0FF131E
:10AFB0000CF47F4C43EA0C03129CFF2C21D00B9C19
:10AFC00004F0FF1B129C04FB0BFB0B9C04F47F4A58
:10AFD000129C4FEA1B2E04FB0AFA0EF0FF1E0BF127
:10AFE000011B0AF5807CDE440CEB1A2A4FEA1E2E68
:10AFF0004FEA1A2A0EF0FF1E0AF47F4A4EEA0A04AC
:10B000000B94109CFF2C21D0089C04F0FF1B109C7B
:10B0100004FB0BFB089C04F47F4A109C4FEA1B2E98
:10B0200004FB0AFA0EF0FF1E0BF1011B0AF5807CEF
:10B03000DE440CEB1A2A4FEA1E2E4FEA1A2A0EF0B3
:10B04000FF1E0AF47F4A4EEA0A040894139CFF2C60
:10B0500021D00C9C04F0FF1B139C04FB0BFB0C9CED
:10B0600004F47F4A139C4FEA1B2E04FB0AFA0EF0ED
:10B07000FF1E0BF1011B0AF5807CDE440CEB1A2A43
:10B080004FEA1E2E4FEA1A2A0EF0FF1E0AF47F4ADC
:10B090004EEA0A040C940B9C04F0FF1C089C03F07D
:10B0A000FF1E08FB0CFC02FB0ECC04F0FF1E0C9CE8
:10B0B00000FB0ECC04F0FF1E0B9C09FB0ECC04F42D
:10B0C0007F4E08FB0EF803F47F4302FB0383089ACC
:10B0D000B7F8008002F47F4A0C9A00FB0A3302F4AE
:10B0E0007F4009FB0039C9434FEA28225FFA81FEFD
:10B0F0004FEA1C2C4FEA192902F0F80202FB0EF26B
:10B100000CF0FF1C09F47F494CEA090C531C03EBBB
:10B1100012224FEAE8004FEA1C4303EB122300F02F
:10B12000FC00634A00FB0EF0DBB202EA0322431C80
:10B1300003EB10204FEA1C234FEAC80103EB102356
:10B14000C9B2DB0001FB0EF103F4FC6313434A1C9C
:10B1500002EB11210CEB112CCCF3C40C4CEA030CC8
:10B16000A7F800C0279B259A1A44289B25921D44C6
:10B17000179B013B0237179399E6279B259C1C449C
:10B18000289B25941D44079B013B07930A9B023390
:10B190000A936BE624D0079B2798259C013B00FB74
:10B1A000034000143FF580AE01398842BFF67CAE03
:10B1B000289901FB03531B143FF576AE013A9342E5
:10B1C000BFF672AEDDF81CB0DDF82890BBF1000FC1
:10B1D00070DC079B23EAE3740A9B03EB44030A93A6
:10B1E000169B002B40F3AE8130EE040AB7EE007AD6
:10B1F000C7EE007A249B70EEA40A31EE051A20EE09
:10B20000A77AF0EE626A61EE277AFEEEC86A77EE00
:10B21000622ACDED256AFEEEC82AF0EE436A37EECB
:10B22000C33A12EE902ABEEEC83A92FBF3F313EE45
:10B23000102A2793249B92FBF3F32893169B189ACA
:10B24000013BFEEEC86A1693249B08BF134616EE18
:10B25000905A0793B0EE673AF0EE472AF8E50028D7
:10B260003FF46BAE18F8011056F821100891090E42
:10B27000109162E613F101083FF574AF4145FFF606
:10B2800071AF1CF101083FF56DAFC645FFF66AAF1F
:10B29000CDE9023C09B20FFA8EF3CDE90420019307
:10B2A000009133460F9A19983946FFF77AFC59E70F
:10B2B00000F8FFFF259B259CC3F303322C9BB3F9B9
:10B2C000081027142B1401FB03730F9CE718E35C91
:10B2D00056F82330C5F303304FEA136C002A00F010
:10B2E000278197F801E056F82E400D94240E14940F
:10B2F00070B107EB010E795C56F821100991090E27
:10B3000011919EF8011056F821100E91090E159119
:10B3100092B280B202FB00F8C8EB00101201A2EB5F
:10B32000080E80B2C2F58071149A119C1FFA8EFE2D
:10B33000091A89B20EFB02F201FB0C2200FB042267
:10B34000159C08FB0422C2F30722002A00F0E580C6
:10B35000BCF1FF0F19D003F0FF1A0CFB0AFA03F43B
:10B360007F430CFB03FC4FEA1A2303F0FF130AF19F
:10B37000011A0CF58077534407EB1C271B0A3F0A80
:10B3800003F0FF1307F47F473B43149CFF2C20D0AE
:10B390000D9C04F0FF17149C67430D9C04F47F4A36
:10B3A000149C4FEA172C04FB0AFA07F101170CF062
:10B3B000FF1CBC440AF5807707EB1A2A4FEA1C2CC5
:10B3C0004FEA1A2A0CF0FF1C0AF47F4A4CEA0A04DE
:10B3D0000D94119CFF2C20D0099C04F0FF17119CA8
:10B3E0006743099C04F47F4A119C4FEA172C04FB25
:10B3F0000AFA07F101170CF0FF1CBC440AF580772C
:10B4000007EB1A2A4FEA1C2C4FEA1A2A0CF0FF1CF1
:10B410000AF47F4A4CEA0A040994159CFF2C20D0B8
:10B420000E9C04F0FF17159C67430E9C04F47F4AA2
:10B43000159C4FEA172C04FB0AFA07F101170CF0D0
:10B44000FF1CBC440AF5807707EB1A2A4FEA1C2C34
:10B450004FEA1A2A0CF0FF1C0AF47F4A4CEA0A044D
:10B460000E940D9C04F0FF17099C03F0FF1C0EFBCB
:10B4700007F701FB0C7704F0FF1C0E9C00FB0C7718
:10B4800004F0FF1C0D9C08FB0C7704F47F4C0EFBB2
:10B490000CFE03F47F4301FB03E3099901F47F4AA7
:10B4A0000E9900FB0A3301F47F4C08FB0C3CB9F801
:10B4B0000030D2431812D2B2D9103F0A4FEA1C2CE6
:10B4C00000F0F800DB00504307F0FF170CF47F4C4E
:10B4D00001F0FC01DBB247EA0C0751435343421C25
:10B4E00002EB10203A0C02EB1020184AC0B202EA1C
:10B4F00000204A1C02EB11213A0A02EB1121C9007B
:10B5000001F4FC610143581C00EB132007EB1027EA
:10B51000C7F3C4000843A9F80000279B259A1A44E2
:10B52000289B259209F102091D440BF1FF3B4DE6D2
:10B5300000283FF4EDAE795C56F821100991090E10
:10B540001191E5E61BB0BDE8F08F00BF00F8FFFFEA
:10B550002DE9F04F85B0DDE91070BDF93860039139
:10B5600000FB067402EB44050028BDF93CB09DF8D1
:10B5700048109DF84CE0019503EB0409C0F250819E
:10B58000834540F34D81002FC0F24681BE4240F317
:10B59000438113F804C032F814304FEAEC0223F46C
:10B5A000FC65554303F4FC634FF61F040CFB03F2E8
:10B5B00004EA551305F601051D4402F1200303EBCF
:10B5C00012231B0A04EA551403F4FC631C437B1C7E
:10B5D00000F12B819E4240F32881002900F0288150
:10B5E000019A99F8013055884FEAE30825F4FC6286
:10B5F00008FB02F805F4FC654FF61F0202EA581A30
:10B600005D4308F60108D04405F1200A0AEB152530
:10B610002D0A02EA581205F4FC652A43013000F1B4
:10B620000D81834540F30A81BEF1000F00F00B81CC
:10B63000002FC0F20081BE4240F3FD80019819F84E
:10B64000065030F816804FEAE50A28F4FC600AFB41
:10B6500000FA4FF61F0B08F4FC680BEA5A1005FBC2
:10B6600008F80AF6010A824408F1200000EB1820CD
:10B67000000A0BEA5A1B00F4FC604BEA000B01378E
:10B6800000F1E680BE4240F3E380002900F0E38051
:10B690000136019819F8067030F816004FEAE709EC
:10B6A00020F4FC6600F4FC6009FB06F907FB00F8D7
:10B6B0004FF61F0000EA591A09F60109D14400EAC1
:10B6C000591608F1200000EB1820000A00F4FC6075
:10B6D00030438EB21FFA8EF906FB09F84FEA044A8E
:10B6E000C8EB091936010AF0FC6A24F4FC640196DF
:10B6F0004AEA04041FFA89F64FEA024A11FB0EF9DE
:10B70000C9F3C70902960AF0FC6A264622F4FC62D5
:10B71000CEF11004641A4AEA0202C9EB41014FEA71
:10B72000004A4A4309EB44040AF0FC6A20F4FC6036
:10B7300004FB06244AEA000009FB00424FEA0B44DE
:10B7400004F0FC642BF4FC6B44EA0B0B019C029E9E
:10B750000399C4F58074A41B019E08889DF85010BD
:10B76000A6EB0806B6B2A4B273430CFB0433029CEA
:10B7700004FB053508FB0757C9EB4E0E89B20EFBDB
:10B780000B2EC7F307274F434FEA5E524FEA5E1E68
:10B7900002F4FC627B1C2EF4FC6E42EA0E0E03EBFC
:10B7A00017271FFA8EF203126FEA1727FFB215123E
:10B7B00003F0F80313FB07F305F0F80505FB01356B
:10B7C000C310D41003F0FC0313FB07F304F0FC04D4
:10B7D00004FB0134C300D200DBB213FB07F3D2B287
:10B7E00002FB0131ADB289B2A4B26B1C03EB15258B
:10B7F000621C4B1C03EB112302EB142405F4784567
:10B80000C3F3C42364092B4304F4FC64039A234365
:10B81000138005B0BDE8F08F4FF0000C6446D6E60B
:10B8200000239C461A461C46F8E600231A46F5E615
:10B830000B460A46F2E60025AB4620E700273D46C8
:10B840003846BB4645E7774675467046F34640E7BF
:10B85000002738463DE70F4608463AE72DE9F04F06
:10B8600097B014920893259A9DF8A43012931191E1
:10B87000DDE9261315905068126800FB031302EBF4
:10B8800043030993289B1B680B93289B5B680C93CD
:10B89000BDF848300A93119B002B03DC149B002B4E
:10B8A00040F3CB83289BB3F90810B3F90C20481E52
:10B8B000551E089B002B40F3A381219E229B36142A
:10B8C0004FEA234306D4864204DA002B02DBAB4264
:10B8D000C0F29781013600F18481B142C0F28181CA
:10B8E000013300F17E819A42C0F27B81089B099F5F
:10B8F00013934FF61F06139B002B40F3A481229B4A
:10B90000219D1814219BC3F30331229BC3F3033CF5
:10B91000289B2D14D3E9022300F1F88102F1FF3EA8
:10B92000754580F2F3810028C0F2F08103F1FF3EFB
:10B93000704580F2EB810C9B12B200FB02501FFAA3
:10B9400081FE03EB000A4FEA0E1513F800909AF8F7
:10B950000180C5F580739BB2BCF1000F00F0B98186
:10B960001AF802400D940AEB020B1FFA8CFA0AFB3C
:10B970000EFECEEB0A1A1FFA8AFAA5EB0E059BF80B
:10B9800001400E94A3EB0A03ADB20D9C9BB208FBE1
:10B9900005F509FB03530AFB04330E9C0EFB04332D
:10B9A000C3F30723002B00F00F810B9CB9F1FF0FAD
:10B9B00004EB400534F8100000F0908120F4FC6E98
:10B9C0004FEAE90A00F4FC6009FB00F00AFB0EFEF6
:10B9D00006EA5E1900F1200B0EF6010ECE440BEBC9
:10B9E00010294FEA192906EA5E1E09F4FC694EEA9D
:10B9F0000909B8F1FF0F688819D020F4FC6E4FEAEE
:10BA0000E80A00F4FC6008FB00F80AFB0EFE06EAF8
:10BA10005E1008F1200B0EF6010E86440BEB182089
:10BA2000000A06EA5E1E00F4FC604EEA00004FEADF
:10BA3000094E4FEA004A0EF0FC6E29F4FC690AF048
:10BA4000FC6A20F4FC604EEA09094AEA0000BCF1F5
:10BA5000000F00F0458102F10042013A52000D9CB6
:10BA60000232FF2C05EB020EAA5A18D022F4FC6514
:10BA700002F4FC6204FB02FA4FEAE40808FB05F852
:10BA80000AF1200506EA581205EB1A2508F6010806
:10BA900042442D0A06EA521205F4FC652A430E9C24
:10BAA000BEF80250FF2C1AD025F4FC6E05F4FC659C
:10BAB00004FB05FA4FEAE40808FB0EF80AF1200E31
:10BAC00006EA58150EEB1A2E08F6010845444FEA0F
:10BAD0001E2E06EA55150EF4FC6E45EA0E051CFBFB
:10BAE00001FE4FEAEE0ECCF11008A8EB01084FEA78
:10BAF000024ACEEB41010EEB48084FEA054B4143A9
:10BB00000AF0FC6A22F4FC624AEA0202CEEB4C0C18
:10BB100009FB08110BF0FC6B25F4FC650CFB021112
:10BB20004BEA05050EFB051E4FEA5E524FEA5E1E0C
:10BB300002F4FC622EF4FC6E42EA0E0E1FFA8EF244
:10BB4000FF2B03D11299FF2900F0DE800A99388873
:10BB50000A9C4B4303F1010C0CEB23236FEA2323D4
:10BB60005FFA83FC0312151203F0F80313FB0CF3C6
:10BB700005F0F80505FB0135C310D11003F0FC03F7
:10BB800013FB0CF301F0FC0101FB0431C300D200F4
:10BB9000DBB2D2B213FB0CF3ADB202FB04339AB2A8
:10BBA0006B1C89B203EB1525531C03EB12234A1CB3
:10BBB00002EB112105F47845C3F3C42349092B4353
:10BBC00001F4FC610B433B80219B239A1344219396
:10BBD000229A249B1A44139B2292013B023713930F
:10BBE00089E6219B239E229C33442193249B1C4461
:10BBF000089B2294013B0893099B0233099358E662
:10BC000028D0089B2398219D013B00FB0350001482
:10BC10003FF56CAE01398842BFF668AE2499229890
:10BC200001FB03031B143FF561AE013A9342BFF6DB
:10BC30005DAE089BDDF824E013934FF61F06139BBF
:10BC4000002B00F38280089B23EAE374099B03EB3B
:10BC500044030993119B002B40F3EF8130EE040A5B
:10BC6000B7EE007AC7EE007A209B70EEA40A31EEA0
:10BC7000051A20EEA77AF0EE626A61EE277AFEEEF0
:10BC8000C86A77EE622ACDED216AFEEEC82AF0EE90
:10BC9000436A37EEC33A12EE902ABEEEC83A92FBE0
:10BCA000F3F313EE102A2393209B92FBF3F32493D8
:10BCB000119B149A013BFEEEC86A1193209BCDEDB7
:10BCC000226A08BF13460893B0EE673AF0EE472A9F
:10BCD000E1E508FB05F509FB035361E6814688E6CB
:10BCE000C1F11002414309FB02194FEA49094FEA29
:10BCF00059524FEA591902F4FC6229F4FC6942EAEC
:10BD000009091FFA89F21BE73A805DE715F1010E78
:10BD10003FF55AAF7245FFF657AF10F1010E3FF5F0
:10BD200053AF7345FFF650AF129C02951BB212B28F
:10BD3000CDE9030101930092CDE905C4DDE90B23B0
:10BD400039461598FFF704FC3EE7219BC3F3033205
:10BD5000229BC3F30335289BB3F90810229B1F14C1
:10BD6000219B1B1401FB07370C9B1FFA82FC03EB82
:10BD7000070A4FEA0C1013F807909AF80180C0F5F3
:10BD800080739BB2002D00F03D811AF801400F94A2
:10BD90000AEB010B1FFA85FA0AFB0CFCCCEB0A1A22
:10BDA0001FFA8AFAA0EB0C00A3EB0A0380B208FB8F
:10BDB00000F09BB209FB03030F989BF8014010941D
:10BDC0000AFB00330CFB0433C3F30723002B00F002
:10BDD0000B810B980B9CB9F1FF0F00EB470034F877
:10BDE000177000F0148127F4FC6C4FEAE90A07F49D
:10BDF000FC6709FB07F70AFB0CFC06EA5C1907F174
:10BE0000200B0CF6010CCC440BEB17294FEA192937
:10BE100006EA5C1C09F4FC694CEA0909B8F1FF0F59
:10BE2000478819D027F4FC6C4FEAE80A07F4FC674E
:10BE300008FB07F80AFB0CFC06EA5C1708F1200B6C
:10BE40000CF6010CBC440BEB18273F0A06EA5C1CFD
:10BE500007F4FC674CEA07074FEA094C4FEA074A28
:10BE60000CF0FC6C29F4FC690AF0FC6A27F4FC670E
:10BE70004CEA09094AEA0707002D00F0CA8001F1DF
:10BE8000004101394900023100EB010C415A0F9881
:10BE9000FF2819D00F9C21F4FC6001F4FC6104FB25
:10BEA00001FA4FEAE40808FB00F80AF1200006EA6C
:10BEB000581100EB1A2008F601084144000A06EA6E
:10BEC000511100F4FC600143109CBCF80200FF2CEF
:10BED0001AD020F4FC6C00F4FC6004FB00FA4FEA7A
:10BEE000E40808FB0CF80AF1200C06EA58100CEBE9
:10BEF0001A2C08F6010840444FEA1C2C06EA5010A0
:10BF00000CF4FC6C40EA0C0015FB02FC4FEAEC0C54
:10BF1000C5F11008A8EB02084FEA014ACCEB420237
:10BF20007A434FEA004B0CEB48080AF0FC6A21F414
:10BF3000FC6109FB08224AEA0101CCEB45050BF044
:10BF4000FC6B20F4FC6005FB01224BEA00000CFBBB
:10BF50000022570D520907F4FC6722F4FC623A43B1
:10BF6000FF2B92B202D11299FF2963D00A98BEF832
:10BF700000100A9C4343581C00EB23236FEA232341
:10BF80000812DBB2151200F0F80010FB03F0CF101E
:10BF900005F0F805C90005FB0405C9B2D010D200B0
:10BFA00011FB03F1D2B207F0FC0702FB041217FBEE
:10BFB00003F7ADB292B200F0FC0000FB04706B1C02
:10BFC000571C03EB152507EB122780B2C7F3C427D4
:10BFD00005F478453D43471C07EB10277F0907F41C
:10BFE000FC673D43AEF80050219B239A13442193F4
:10BFF000229A249B1A44139B2292013B0EF1020EBB
:10C0000013931CE608FB00F009FB0303DCE6B946CA
:10C0100004E7C2F110017A4309FB01294FEA4909FB
:10C020004FEA59504FEA591200F4FC6022F4FC62C6
:10C03000024395E7AEF80020D6E717B0BDE8F08FD1
:10C040002DE9F04F85B0DDE91070BDF9386003913E
:10C0500000FB067403EB44050028BDF93CB09DF8D5
:10C0600048109DF84CE0019502EB0409C0F24181B3
:10C07000834540F33E81002FC0F23781BE4240F33A
:10C08000348112F804C033F814304FEAEC0223F480
:10C09000FC65554303F4FC634FF61F040CFB03F2ED
:10C0A00004EA551305F601051D4402F1200303EBD4
:10C0B00012231B0A04EA551403F4FC631C437B1C83
:10C0C00000F11C819E4240F31981002900F0198182
:10C0D000019A99F8013055884FEAE30825F4FC628B
:10C0E00008FB02F805F4FC654FF61F0202EA581A35
:10C0F0005D4308F60108D04405F1200A0AEB152536
:10C100002D0A02EA581205F4FC652A43013000F1B9
:10C11000FE80834540F3FB80BEF1000F00F0FC8001
:10C12000002FC0F2F180BE4240F3EE80019819F872
:10C13000065030F816804FEAE50A28F4FC600AFB46
:10C1400000FA4FF61F0B08F4FC680BEA5A1005FBC7
:10C1500008F80AF6010A824408F1200000EB1820D2
:10C16000000A0BEA5A1B00F4FC604BEA000B013793
:10C1700000F1D780BE4240F3D480002900F0D48083
:10C180000136019819F8067030F816004FEAE709F1
:10C1900020F4FC6600F4FC6009FB06F907FB00F8DC
:10C1A0004FF61F0000EA591A09F60109D14400EAC6
:10C1B000591608F1200000EB1820000A00F4FC607A
:10C1C00030438EB21FFA8EF906FB09F84FEA044A93
:10C1D000C8EB091936010AF0FC6A24F4FC640196E4
:10C1E0004AEA04041FFA89F64FEA024A11FB0EF9E3
:10C1F000C9F3C70902960AF0FC6A264622F4FC62DB
:10C20000CEF11004641A4AEA0202C9EB41014FEA76
:10C21000004A4A4309EB44040AF0FC6A20F4FC603B
:10C2200004FB06244AEA000009FB00424FEA0B44E3
:10C2300004F0FC64019803992BF4FC6B44EA0B0BAB
:10C24000029C0988C0F58070001B019CA4EB0806C5
:10C25000B6B280B273430CFB00330298C9EB4E0EAA
:10C2600000FB05350EFB0B2E08FB07574FEA5E520D
:10C270000B124FEA5E1E6FEA2727FFB202F4FC6240
:10C28000C8102EF4FC6E03F0F803C9007B4342EAA9
:10C290000E0EC9B200F0FC001FFA8EF278434F4335
:10C2A000591C01EB1321131223F0070303EB112395
:10C2B000411C01EB1020D11021F0030101EB1021F2
:10C2C0001B02C90001F4FC6103F478430B43791CA1
:10C2D00001EB1727D20002EB1722C2F3C4021A4364
:10C2E000039B1A8005B0BDE8F08F4FF0000C644648
:10C2F000E5E600239C461A461C4607E700231A463B
:10C3000004E70B460A4601E70025AB462FE7002766
:10C310003D463846BB4654E7774675467046F34679
:10C320004FE7002738464CE70F46084649E700002C
:10C330002DE9F04F93B01092219A0E910693DDE90A
:10C34000221311905068126800FB031302EB4303A1
:10C350000793249B1B680893249B5B6809930E9B9F
:10C36000002B03DC109B002B40F3B483249BB3F918
:10C370000810B3F90C20481E551E069B002B40F3F5
:10C3800063811D9E1E9B36144FEA234306D48642CA
:10C3900004DA002B02DBAB42C0F25781013600F118
:10C3A0004481B142C0F24181013300F13E819A42A1
:10C3B000C0F23B81069B079F0F934FF61F060F9B12
:10C3C000002B40F364811E9B1D9D18141D9BC3F31D
:10C3D00003311E9BC3F3033C249B2D14D3E902239A
:10C3E00000F1EE8102F1FF3E754580F2E9810028FF
:10C3F000C0F2E68103F1FF3E704580F2E181099BC6
:10C4000012B200FB02501FFA81FE03EB000A4FEA52
:10C410000E1513F800909AF80180C5F580739BB251
:10C42000BCF1000F00F079811AF802400A940AEB7F
:10C43000020B1FFA8CFA0AFB0EFECEEB0A1A1FFA49
:10C440008AFAA5EB0E059BF801400B94A3EB0A03B7
:10C45000ADB20A9C9BB208FB05F509FB03530AFB2E
:10C4600004330B9C0EFB0433C3F30723002B00F0B3
:10C47000CF80089CB9F1FF0F04EB400534F81000A1
:10C4800000F0508120F4FC6E4FEAE90A00F4FC60F1
:10C4900009FB00F00AFB0EFE06EA5E1900F1200B14
:10C4A0000EF6010ECE440BEB10294FEA192906EACD
:10C4B0005E1E09F4FC694EEA0909B8F1FF0F6888AD
:10C4C00019D020F4FC6E4FEAE80A00F4FC6008FB87
:10C4D00000F80AFB0EFE06EA5E1008F1200B0EF6CD
:10C4E000010E86440BEB1820000A06EA5E1E00F4DB
:10C4F000FC604EEA00004FEA094E4FEA004A0EF097
:10C50000FC6E29F4FC690AF0FC6A20F4FC604EEA37
:10C5100009094AEA0000BCF1000F00F0058102F1B0
:10C520000042013A52000A9C0232FF2C05EB020E37
:10C53000AA5A18D022F4FC6502F4FC6204FB02FA49
:10C540004FEAE40808FB05F80AF1200506EA58124C
:10C5500005EB1A2508F6010842442D0A06EA521294
:10C5600005F4FC652A430B9CBEF80250FF2C1AD040
:10C5700025F4FC6E05F4FC6504FB05FA4FEAE408BB
:10C5800008FB0EF80AF1200E06EA58150EEB1A2EDB
:10C5900008F6010845444FEA1E2E06EA55150EF42A
:10C5A000FC6E45EA0E051CFB01FE4FEAEE0ECCF1D7
:10C5B0001008A8EB01084FEA024ACEEB41010EEB4E
:10C5C00048084FEA054B41430AF0FC6A22F4FC623A
:10C5D0004AEA0202CEEB4C0C09FB08110BF0FC6B93
:10C5E00025F4FC650CFB02114BEA05050EFB051E4C
:10C5F0004FEA5E524FEA5E1E02F4FC622EF4FC6EBD
:10C6000042EA0E0E1FFA8EF2FF2B40F0A1803A8014
:10C610001D9B1F9A13441D931E9A209B1A440F9B27
:10C620001E92013B02370F93C9E61D9B1F9E1E9C65
:10C6300033441D93209B1C44069B1E94013B069390
:10C64000079B0233079398E628D0069B1F981D9DF1
:10C65000013B00FB035000143FF5ACAE01398842AA
:10C66000BFF6A8AE20991E9801FB03031B143FF5EB
:10C67000A1AE013A9342BFF69DAE069BDDF81CE0E9
:10C680000F934FF61F060F9B002B00F3B680069BFF
:10C6900023EAE374079B03EB440307930E9B002BF1
:10C6A00040F3188230EE040AB7EE007AC7EE007A43
:10C6B0001C9B70EEA40A31EE051A20EEA77AF0EE6C
:10C6C000626A61EE277AFEEEC86A77EE622ACDEDE5
:10C6D0001D6AFEEEC82AF0EE436A37EEC33A12EE48
:10C6E000902ABEEEC83A92FBF3F313EE102A1F9382
:10C6F0001C9B92FBF3F320930E9B109A013BFEEEE2
:10C70000C86A0E931C9BCDED1E6A08BF13460693A4
:10C71000B0EE673AF0EE472A21E608FB05F509FB83
:10C720000353A1E68146C8E6C1F11002414309FB6B
:10C7300002194FEA49094FEA59524FEA591902F4CE
:10C74000FC6229F4FC6942EA09091FFA89F25BE7F5
:10C75000B7F800C0DB434FEA2C205FFA83FE00F0FD
:10C76000F80000FB0EF0411C01EB102011124FEA03
:10C77000EC0521F0070101EB102105F0FC05D7487D
:10C7800005FB0EF5C9B200EA0120691C01EB152575
:10C79000D11021F003014FEACC0301EB1521DBB2EC
:10C7A000C90003FB0EF301F4FC610143581C00EBCC
:10C7B0001323D20002EB1322C2F3C4020A4326E77A
:10C7C00015F1010E3FF524AF7245FFF621AF10F1D0
:10C7D000010E3FF51DAF7345FFF61AAF1BB212B243
:10C7E000CDE9041CCDE90250019300923946DDE900
:10C7F00008321198FFF724FC0AE71D9BC3F30332AC
:10C800001E9BC3F30335249BB3F908101E9B1F1412
:10C810001D9B1B1401FB0737099B1FFA82FC03EBCE
:10C82000070A4FEA0C1013F807909AF80180C0F538
:10C8300080739BB2002D00F0FE801AF801400C942A
:10C840000AEB010B1FFA85FA0AFB0CFCCCEB0A1A67
:10C850001FFA8AFAA0EB0C00A3EB0A0380B208FBD4
:10C8600000F09BB209FB03030C989BF801400D9468
:10C870000AFB00330CFB0433C3F30723002B00F047
:10C88000CC800898089CB9F1FF0F00EB470034F802
:10C89000177000F0D58027F4FC6C4FEAE90A07F422
:10C8A000FC6709FB07F70AFB0CFC06EA5C1907F1B9
:10C8B000200B0CF6010CCC440BEB17294FEA19297D
:10C8C00006EA5C1C09F4FC694CEA0909B8F1FF0F9F
:10C8D000478819D027F4FC6C4FEAE80A07F4FC6794
:10C8E00008FB07F80AFB0CFC06EA5C1708F1200BB2
:10C8F0000CF6010CBC440BEB18273F0A06EA5C1C43
:10C9000007F4FC674CEA07074FEA094C4FEA074A6D
:10C910000CF0FC6C29F4FC690AF0FC6A27F4FC6753
:10C920004CEA09094AEA0707002D00F08B8001F163
:10C93000004101394900023100EB010C415A0C98C9
:10C94000FF2819D00C9C21F4FC6001F4FC6104FB6D
:10C9500001FA4FEAE40808FB00F80AF1200006EAB1
:10C96000581100EB1A2008F601084144000A06EAB3
:10C97000511100F4FC6001430D9CBCF80200FF2C37
:10C980001AD020F4FC6C00F4FC6004FB00FA4FEABF
:10C99000E40808FB0CF80AF1200C06EA58100CEB2E
:10C9A0001A2C08F6010840444FEA1C2C06EA5010E5
:10C9B0000CF4FC6C40EA0C0015FB02FC4FEAEC0C9A
:10C9C000C5F11008A8EB02084FEA014ACCEB42027D
:10C9D0007A434FEA004B0CEB48080AF0FC6A21F45A
:10C9E000FC6109FB08224AEA0101CCEB45050BF08A
:10C9F000FC6B20F4FC6005FB01224BEA00000CFB01
:10CA00000022570D520907F4FC6722F4FC623A43F6
:10CA1000FF2B92B227D1AEF800201D9B1F9A134422
:10CA20001D931E9A209B1A440F9B1E92013B0EF1F0
:10CA3000020E0F9327E608FB00F009FB03031BE738
:10CA4000B94643E7C2F110017A4309FB01294FEAD5
:10CA500049094FEA59504FEA591200F4FC6022F498
:10CA6000FC620243D4E7BEF800701C4CDB43381272
:10CA70005FFA83FC00F0F800FD1000FB0CF005F0FD
:10CA8000FC0505FB0CF1451C05EB1020151225F0EB
:10CA9000070505EB10204D1C05EB1125D11021F0E9
:10CAA0000301FB0001EB1521DBB2C0B2C90003FB9F
:10CAB0000CF301F4FC6104EA00200843591C01EB6B
:10CAC0001323D20002EB1323C3F3C4031843AEF8BD
:10CAD0000000A2E713B0BDE8F08F00BF00F8FFFF31
:10CAE0002DE9F047DDE9094505FB034C002DBDF9B3
:10CAF00020A09DF82C909DF830709DF83460088837
:10CB000002EB4C0EC0F2A780AA4540F3A480002C93
:10CB1000C0F29F80A34240F39C8032F81C80621CCC
:10CB200000F19C80934240F39980B9F1000F00F02E
:10CB30009580BEF802C0013500F19480AA4540F30B
:10CB40009180002F00F08E80002CC0F28980A342DB
:10CB500040F386803EF81350013400F18680A342F2
:10CB600040F38380B9F1000F7FD001333EF81330DA
:10CB70004FEA084404F0FC6428F4FC6819FB07FE43
:10CB800044EA08084FEA0C44CEF3C70EC7F110027E
:10CB900004F0FC642CF4FC6C44EA0C0CA2EB0902DB
:10CBA000CEEB49040EEB420204FB0CF402FB0848F6
:10CBB0001A0402F0FC6223F4FC6313432A0402F01B
:10CBC000FC6225F4FC650EFB03832A43CEEB47078A
:10CBD00007FB0232530D520903F4FC6322F4FC629A
:10CBE0001A4393B2B4B20212F643F6B21D1202F027
:10CBF000F80212FB06F2C71005F0F805C00005FBAD
:10CC00000425C0B2DA10DB00DBB207F0FC0710FB32
:10CC100006F0ADB203FB040002F0FC0217FB06F7BE
:10CC200080B26B1C02FB047292B203EB1525431C0D
:10CC300003EB1023501C00EB122205F47845C3F3DC
:10CC4000C42352092B4302F4FC6213430B80BDE85A
:10CC5000F087804663E7844680466CE784466AE74F
:10CC6000054679E70346054682E7034680E72DE956
:10CC7000F04F93B01D461092219B9DF894200B928B
:10CC8000DDE922270A9159681B68119001FB0727EB
:10CC900003EB47030793249B1B6809930B9BDDE978
:10CCA0001D46DB43DBB208930A9B002B03DC109B81
:10CCB000002B40F30382249BB3F90810B3F90C2036
:10CCC000481E02F1FF3C002D40F3DA805FEA244E5B
:10CCD0004FEA264306D4864504DA002B02DB63457F
:10CCE000C0F2CF801EF1010E00F1C1807145C0F28B
:10CCF000BE80013300F1BB809A42C0F2B880DDF8FB
:10CD00001C80A946B9F1000F40F3D880249B211460
:10CD10004FEA2640C4F30332C6F3033CD3E902E3EF
:10CD200000F111810EF1FF3A514580F20C8100288B
:10CD3000C0F2098103F1FF3A504580F204810FFAF5
:10CD40008EF300FB0311099800EB410A30F811E063
:10CD5000BAF80210BCF1000F07D05B000AEB030029
:10CD60003AF803300C9343880D934FEA0E4012FBC0
:10CD70000CF32EF4FC6E4FEA014A00F0FC60DB106D
:10CD800040EA0E000AF0FC6ACCF1100E21F4FC61BE
:10CD9000AEEB020E4AEA0101C3EB420251430D9A87
:10CDA000089F03EB4E0E0EFB001E100400F0FC600B
:10CDB00022F4FC6210430C9A0C99120403FB00E06D
:10CDC00002F0FC6221F4FC6E42EA0E02C3EB4C035B
:10CDD00003FB02035A0D5B09B8F8000002F4FC6281
:10CDE00023F4FC6313439BB20112BDF82C204FEADD
:10CDF000232C01F0F80111FB07F14FEAE00E0CF0D3
:10CE0000F80CC0000CFB021CC0B2D910DB000EF005
:10CE1000FC0EDBB210FB07F01FFA8CFC03FB0203D5
:10CE200001F0FC011EFB07FE01FB02E19AB20CF1CE
:10CE3000010389B203EB1C2C531C03EB12234A1C85
:10CE400002EB11210CF4784CC3F3C423490943EAE3
:10CE50000C0301F4FC610B43A8F800301F9B1C4439
:10CE6000209B08F102081E4409F1FF394AE71F9B85
:10CE70001C44209B1E44079B0233013D079322E77D
:10CE800022D01F986B1E00FB034000143FF537AF04
:10CE900001398842BFF633AF209901FB03631B14AD
:10CEA0003FF52DAF013A9342BFF629AFDDF81C9054
:10CEB000BDF82CA0A846B8F1000F5EDC079B25EA60
:10CEC000E57503EB450307930A9B002B40F3F680BF
:10CED00030EE040AB7EE007AC7EE007A1C9B70EEC3
:10CEE000A40A31EE051A20EEA77AF0EE626A61EE2E
:10CEF000277AFEEEC86A77EE622A16EE904AFEEEB8
:10CF0000C82AF0EE436A37EEC33A12EE902ABEEE1C
:10CF1000C83A92FBF3F313EE102A1F931C9B92FB6B
:10CF2000F3F320930A9B109A013BFEEEC86A0A9322
:10CF30001C9B16EE906A14BF1D461546B0EE673A6C
:10CF4000F0EE472AB0E611F1010A87D4D64585DB19
:10CF500010F1010A82D4534580DB0B9F01911BB273
:10CF6000CDE902020093CDE904C70FFA8EF3099AC6
:10CF700011984146FFF7B4FD70E7249B099FB3F970
:10CF800008103014231401FB0030099B37F810C03F
:10CF900003EB4003C6F3033EC4F303325888BEF1EB
:10CFA000000F0BD001F1004101394900023103EBC0
:10CFB000010B5B5A0E93BBF802300F934FEA0C4102
:10CFC00012FB0EF32CF4FC6C4FEA004B01F0FC61F9
:10CFD000DB1041EA0C010BF0FC6BCEF1100C20F4DD
:10CFE000FC60ACEB020C4BEA0000C3EB4202504386
:10CFF0000F9A089F03EB4C0C0CFB010C4FEA024B01
:10D0000022F4FC610E9A0E980BF0FC6B12044BEAB2
:10D01000010120F4FC6002F0FC6203FB01C1024349
:10D02000C3EB4E0303FB02124FEA525B520922F498
:10D03000FC630BF4FC6BB9F800204BEA03039BB2D2
:10D040001112181201F0F80111FB07F14FEAE20C7E
:10D0500000F0F800D20000FB0A100CF0FC0CD91014
:10D06000D2B2DB001CFB07FC12FB07F201F0FC0153
:10D07000DBB280B201FB0AC103FB0A239BB289B277
:10D08000421C02EB102001F1010C5A1C02EB13228E
:10D090000CEB112C1F9B00F47840C2F3C4224FEA22
:10D0A0005C1C10430CF4FC6C1C44209B40EA0C00FC
:10D0B00029F8020B1E4408F1FF38FCE613B0BDE866
:10D0C000F08F2DE9F043DDE9084E0EFB0347BEF17A
:10D0D000000FBDF91C909DF828509DF82C60088821
:10D0E00002EB470860DBF1455EDD002C5ADBA34212
:10D0F00058DD32F817C0621C59D4934257DD002D19
:10D1000055D0B8F802701EF1010E54D4F14552DD2D
:10D11000002E50D0002C4CDBA3424ADD38F81320FF
:10D12000013405D4A34203DD15B1013338F81300EF
:10D130004FEA0C4315FB06F403F0FC634FEA074E7D
:10D140002CF4FC6CC4F3C70443EA0C0C0EF0FC6E28
:10D15000C6F1100327F4FC675B1B4EEA0707C4EB1C
:10D16000450504EB43037D4303FB0C5C030403F020
:10D17000FC6320F4FC601843130403F0FC6322F406
:10D18000FC62134304FB00C0C4EB460606FB03002D
:10D19000430D400903F4FC6320F4FC60184308804D
:10D1A000BDE8F0838446A6E707468446ABE707461A
:10D1B000A9E70246B4E70246BAE72DE9F04F8FB07F
:10D1C0001D461D9B0C92DDE91E27079159681B68BF
:10D1D0000D9001FB072703EB4707209BDDE919466C
:10D1E000D3F80080079B002B03DC0C9B002B40F343
:10D1F0008181209BB3F90810B3F90C20481E02F17D
:10D20000FF3C002D40F39B805FEA244E4FEA26430B
:10D2100006D4864504DA002B02DB6345C0F2908019
:10D220001EF1010E00F184807145C0F2818001334E
:10D230007ED49A427CDBAA46B946BAF1000F40F38D
:10D240009980209B21144FEA2640C4F30332C6F391
:10D25000033CD3E902E300F1D0800EF1FF3B5945D6
:10D2600080F2CB800028C0F2C88003F1FF3B584514
:10D2700080F2C3800FFA8EFE00FB0E1108EB410016
:10D2800038F811B04188BCF1000F0BD00EF100430B
:10D29000013B5B00023300EB030EC35A0893BEF858
:10D2A000023009934FEA0B4000F0FC602BF4FC6B5A
:10D2B00040EA0B0012FB0CF34FEA014BDB10CCF100
:10D2C000100E0BF0FC6B21F4FC61AEEB020E4BEA8E
:10D2D0000101C3EB42025143099A03EB4E0E0EFBD0
:10D2E000001E100400F0FC6022F4FC621043089A57
:10D2F0000899120403FB00E002F0FC6221F4FC6ECA
:10D3000042EA0E02C3EB4C0303FB02035A0D5B0916
:10D3100002F4FC6223F4FC631343A9F800301B9B66
:10D320001C441C9B09F102091E440AF1FF3A84E7E0
:10D330001B9B1C441C9B013D1E44023761E71DD012
:10D340001B986B1E00FB034000143FF574AF0139BE
:10D350008842BFF670AF1C9901FB03631B143FF5B5
:10D360006AAF013A9342BFF666AFA946BA46B9F131
:10D37000000F5ADC25EAE57507EB4507079B002BF4
:10D3800040F3B88030EE040AB7EE007AC7EE007AB8
:10D39000189B70EEA40A31EE051A20EEA77AF0EE83
:10D3A000626A61EE277AFEEEC86A77EE622A16EEAE
:10D3B000904AFEEEC82AF0EE436A37EEC33A12EE08
:10D3C000902ABEEEC83A92FBF3F313EE102A1B9399
:10D3D000189B92FBF3F31C93079B0C9A013BFEEE08
:10D3E000C86A0793189B16EE906A14BF1D4615462F
:10D3F000B0EE673AF0EE472AF4E611F1010B8ED455
:10D40000DE458CDB10F1010B89D45B4587DB1BB259
:10D41000CDE90110CDE9032C009342460FFA8EF3BB
:10D4200049460D98FFF74DFE79E7209BB3F9083088
:10D430002014311403FB010108EB4100C6F3033E45
:10D4400038F811C04188C4F30332BEF1000F0BD08D
:10D4500003F10043013B5B00023300EB030BC35AB3
:10D460000A93BBF802300B934FEA0C4012FB0EF309
:10D470002CF4FC6C4FEA014B00F0FC60DB1040EA3E
:10D480000C000BF0FC6BCEF1100C21F4FC61ACEB4A
:10D49000020C4BEA0101C3EB420251430B9A03EB2E
:10D4A0004C0C0CFB001C4FEA024B22F4FC600A9A65
:10D4B0000A990BF0FC6B12044BEA000002F0FC62CC
:10D4C00021F4FC6B03FB00C042EA0B0BC3EB4E03E1
:10D4D00003FB0B00430D400903F4FC6320F4FC60E4
:10D4E00018431B9B2AF8020B1C441C9B09F1FF39B3
:10D4F0001E443CE70FB0BDE8F08F2DE9F04F85B03A
:10D50000DDE90F740291002C04FB0371BDF938E0D2
:10D510009DF844609DF8480002EB810CC0F21B812D
:10D52000A64540F31881002FC0F21381BB4240F39F
:10D53000108152F821507A1C00F11081934240F37F
:10D540000D81002E00F00C81DCF80410013400F194
:10D550000B81A64540F30881002800F00881002FC8
:10D56000C0F20081BB4240F3FD805CF823400137EC
:10D5700000F10081BB4240F3FD80002E00F0FC80F2
:10D5800001335CF82320B6B280B200FB06FECEEB7E
:10D5900000103601A6EB0E0780B2C6F580734FEA85
:10D5A000116ABFB21B1A4FEA156B9BB20AFB07F652
:10D5B0004FEA14690BFB03664FEA126800FB096629
:10D5C0000EFB0866C6F307260096002E00F0BE800C
:10D5D00005F0FF1C0BFB0CFC05F47F450BFB05F570
:10D5E0004FEA1C2B0BF0FF1B0CF1011CDC444FEA33
:10D5F0001C2C01950CF0FF150395019D029E05F56D
:10D60000807C0CEB152501F0FF1C0AFB0CFC4FEA9B
:10D61000152B4FEA1C2505F0FF150CF1011C654484
:10D6200004F0FF1C04F47F4409FB0CFC09FB04F923
:10D6300009F5807404EB192902F0FF1408FB04F4C7
:10D6400001F47F4102F47F4208FB02F80AFB01FA71
:10D65000220A0AF5807102F0FF1204F1011401EBB5
:10D660001A2A14444FEA1C2108F580722D0A02EB95
:10D67000182805F0FF15039A368801F0FF110CF108
:10D68000011C7D436144240A02FB0355090A04F08E
:10D69000FF1404FB0E5401F0FF1101FB00414FEA9F
:10D6A0001A2A090A0AF47F4A01F0FF1407FB0AF755
:10D6B0004FEA18280BF47F4103FB01714FEA192947
:10D6C00008F47F480EFB081E09F47F4100FB01E1CE
:10D6D0009DF84C00009A87B27A43090A531C01F462
:10D6E0007F41214303EB122335120A0C6FEA132307
:10D6F000DBB212FB07F205F0F80505FB0325C1F3C9
:10D700000724F210C8B2F60014FB07F402F0FC0282
:10D71000F6B210FB07F002FB0342ADB206FB0303B7
:10D7200099B294B26B1C03EB1525621C4B1C03EBE6
:10D73000112302EB142205F47845C3F3C4235209E4
:10D7400002F4FC622B431343029A138005B0BDE838
:10D75000F08F0025EFE600210D46F7E60021F5E603
:10D760003146F3E6002402E7002214460BE70246A6
:10D77000044608E7002206E7324604E72DE9F04FA9
:10D780009DB0DDE92746199207932B9A9DF8BC308E
:10D790001A931791DDE92C131B905068126800FB57
:10D7A000031302EB43030A932E9B1B681093BDF8EF
:10D7B00068300B93179B002B03DC199B002B40F365
:10D7C00075832E9BB3F90810B3F90C20481E571E21
:10D7D000079B002B40F38E815FEA244C4FEA2643DF
:10D7E00006D4844504DA002B02DBBB42C0F28381FD
:10D7F0001CF1010C00F173816145C0F270810133AD
:10D8000000F16D819A42C0F26A81079B0A9F1893CA
:10D81000189B002B40F38C812E9A2E9BD2F80CE0A3
:10D820009B6822144FEA264CC4F30330C6F303313D
:10D8300000F1CD8103F1FF38424580F2C881BCF18F
:10D84000000FC0F2C4810EF1FF38C44580F2BF81E1
:10D850001BB20CFB0322109D05EB820855F8222019
:10D860004FEA126E002800F0A981D8F804500C95F8
:10D870002D0E139581B103F18043013B9B000433CE
:10D8800008EB030C58F8033008931B0E1193DCF8D7
:10D8900004300D931B0E149380B289B200FB01F982
:10D8A000C9EB01110001A0EB090889B2C0F5807332
:10D8B0001398119D1FFA88F85B1A9BB208FB00F0C1
:10D8C00003FB0E0001FB0500149D09FB0500C0F3DE
:10D8D0000720002800F0FA80BEF1FF0F1BD002F0F5
:10D8E000FF1A0EFB0AFA02F47F420EFB02FE4FEA19
:10D8F0001A2202F0FF120AF1011A0EF5807C52443E
:10D900000CEB1E2C120A4FEA1C2C02F0FF120CF436
:10D910007F4C42EA0C02139DFF2D21D00C9D05F097
:10D92000FF1B139D05FB0BFB0C9D05F47F4A139D0C
:10D930004FEA1B2E05FB0AFA0EF0FF1E0BF1011B2E
:10D940000AF5807CDE440CEB1A2A4FEA1E2E4FEAC1
:10D950001A2A0EF0FF1E0AF47F4A4EEA0A050C95B9
:10D96000119DFF2D21D0089D05F0FF1B119D05FB8A
:10D970000BFB089D05F47F4A119D4FEA1B2E05FB0A
:10D980000AFA0EF0FF1E0BF1011B0AF5807CDE4443
:10D990000CEB1A2A4FEA1E2E4FEA1A2A0EF0FF1E2F
:10D9A0000AF47F4A4EEA0A050895149DFF2D21D0FE
:10D9B0000D9D05F0FF1B149D05FB0BFB0D9D05F454
:10D9C0007F4A149D4FEA1B2E05FB0AFA0EF0FF1E3C
:10D9D0000BF1011B0AF5807CDE440CEB1A2A4FEA9E
:10D9E0001E2E4FEA1A2A0EF0FF1E0AF47F4A4EEA54
:10D9F0000A050D950C9D05F0FF1C089D02F0FF1E09
:10DA000008FB0CFC03FB0ECC05F0FF1E0D9D01FB7B
:10DA10000ECC05F0FF1E0C9D09FB0ECC05F47F4ECD
:10DA200008FB0EF802F47F4203FB0282089B0B9D69
:10DA300003F47F4A0D9B01FB0A2203F47F4109FB9B
:10DA400001290B9A3B8842434FEA1C2C4FEA1929C3
:10DA5000501C0CF0FF1C09F47F494CEA090C00EB48
:10DA6000122019124FEA1C426FEA1020C0B212FBBA
:10DA700005F201F0F80101FB0021CCF3072EDA10CA
:10DA80005FFA8CFCDB001CFB05FCDBB289B203FBFC
:10DA900000C31FFA83FC4B1C03EB112102F0FC02B4
:10DAA0001EFB05FE0CF1010302FB00E203EB1C234D
:10DAB00092B201F47841C3F3C4230B43511C01EB30
:10DAC0001222520902F4FC6213433B80299B1C443E
:10DAD0002A9B1E44189B013B0237189398E6299B0A
:10DAE0001C442A9B1E44079B013B07930A9B02335D
:10DAF0000A936DE623D0079B2998013B00FB034066
:10DB000000143FF582AE01398842BFF67EAE2A99F5
:10DB100001FB03631B143FF578AE013A9342BFF655
:10DB200074AEDDF81CB0DDF82890BBF1000F6CDCA2
:10DB3000079B23EAE3750A9B03EB45030A93179BB4
:10DB4000002B40F3B38130EE040AB7EE007AC7EE43
:10DB5000007A269B70EEA40A31EE051A20EEA77A11
:10DB6000F0EE626A61EE277AFEEEC86A77EE622A0C
:10DB700016EE904AFEEEC82AF0EE436A37EEC33A3C
:10DB800012EE902ABEEEC83A92FBF3F313EE102A7F
:10DB90002993269B92FBF3F32A93179B199A013B37
:10DBA000FEEEC86A1793269B08BF134616EE906ACE
:10DBB0000793B0EE673AF0EE472AFBE500293FF401
:10DBC0006BAE58F8233008931B0E119364E612F1E4
:10DBD00001083FF57BAF4345FFF678AF1CF1010824
:10DBE0003FF574AFC645FFF671AF1A9D01920FFA6B
:10DBF0008EF2CDE90415CDE902C000921BB2109A55
:10DC00001B983946FFF779FC60E72E9B109DB3F90E
:10DC100008102714331401FB037305EB830755F831
:10DC20002330C4F30332C6F303304FEA136C002AE7
:10DC300000F033817D680E952D0E159578B101F1B8
:10DC4000804101398900043107EB010E79580991AF
:10DC5000090E1291DEF804100F91090E169192B27E
:10DC600080B202FB00F8C8EB00101201A2EB080E14
:10DC700080B2C2F580721599129D1FFA8EFE121A9B
:10DC800092B20EFB01F102FB0C1100FB0511169D77
:10DC900008FB0511C1F30721002900F0F580BCF154
:10DCA000FF0F19D003F0FF1A0CFB0AFA03F47F43AD
:10DCB0000CFB03FC4FEA1A2303F0FF130AF1011ACD
:10DCC0000CF58077534407EB1C271B0A3F0A03F02F
:10DCD000FF1307F47F473B43159DFF2D20D00E9D7A
:10DCE00005F0FF17159D6F430E9D05F47F4A159DA6
:10DCF0004FEA172C05FB0AFA07F101170CF0FF1C7D
:10DD0000BC440AF5807707EB1A2A4FEA1C2C4FEA2D
:10DD10001A2A0CF0FF1C0AF47F4A4CEA0A050E95F9
:10DD2000129DFF2D20D0099D05F0FF17129D6F4316
:10DD3000099D05F47F4A129D4FEA172C05FB0AFA4C
:10DD400007F101170CF0FF1CBC440AF5807707EBC4
:10DD50001A2A4FEA1C2C4FEA1A2A0CF0FF1C0AF46C
:10DD60007F4A4CEA0A050995169DFF2D20D00F9D8C
:10DD700005F0FF17169D6F430F9D05F47F4A169D12
:10DD80004FEA172C05FB0AFA07F101170CF0FF1CEC
:10DD9000BC440AF5807707EB1A2A4FEA1C2C4FEA9D
:10DDA0001A2A0CF0FF1C0AF47F4A4CEA0A050F9568
:10DDB0000E9D05F0FF17099D03F0FF1C0EFB07F7F2
:10DDC00002FB0C7705F0FF1C0F9D00FB0C7705F0A4
:10DDD000FF1C0E9D08FB0C7705F47F4C0EFB0CFE20
:10DDE00003F47F4302FB03E3099A0B9D02F47F4A8D
:10DDF0000F9A00FB0A3302F47F4C08FB0C3C0B9B90
:10DE0000B9F8000059433F0A4FEA1C2C0CF47F4C30
:10DE10004B1C07F0FF1747EA0C0703EB1121021216
:10DE20003B0C6FEA1121C9B213FB05F302F0F802B3
:10DE300002FB0132C7F3072CC310FFB2C000C0B20F
:10DE400017FB05F700FB017092B21CFB05FC80B2CA
:10DE500003F0FC0303FB01C3511C00F1010C01EBB7
:10DE600012220CEB102C9BB2CCF3C42C02F478429F
:10DE70004CEA020203F1010C0CEB13235B0903F4DF
:10DE8000FC631A43A9F80020299B1C442A9B09F132
:10DE900002091E440BF1FF3B47E600283FF4DFAECA
:10DEA00057F821100991090E1291D8E61DB0BDE86E
:10DEB000F08F2DE9F04F85B0DDE90F740291002C51
:10DEC00004FB0371BDF938E09DF844609DF84800FB
:10DED00002EB810CC0F20C81A64540F30981002FB2
:10DEE000C0F20481BB4240F3018152F821507A1CF8
:10DEF00000F10181934240F3FE80002E00F0FD808E
:10DF0000DCF80410013400F1FC80A64540F3F980F0
:10DF1000002800F0F980002F0CEB8302C0F2EF80A4
:10DF2000BB4240F3EC805CF82340013700F1EF8006
:10DF3000BB4240F3EC80002E00F0EB805268B6B29A
:10DF400080B200FB06FECEEB00103601A6EB0E07FA
:10DF500080B2C6F580734FEA116ABFB21B1A4FEA4E
:10DF6000156B9BB207FB0AF64FEA14690BFB0366BD
:10DF70004FEA126800FB09660EFB0866C6F3072627
:10DF80000096002E00F0AF8005F0FF1C0BFB0CFC90
:10DF900005F47F450BFB05F54FEA1C2B0BF0FF1B2F
:10DFA0000CF1011CDC444FEA1C2C01950CF0FF1510
:10DFB0000395019D029E05F5807C0CEB152501F073
:10DFC000FF1C0AFB0CFC4FEA152B4FEA1C2505F041
:10DFD000FF150CF1011C654404F0FF1C04F47F44A0
:10DFE00009FB0CFC09FB04F909F5807404EB192901
:10DFF00002F0FF1408FB04F401F47F4102F47F42B5
:10E0000008FB02F80AFB01FA220A0AF5807102F005
:10E01000FF1204F1011401EB1A2A14444FEA1C21E7
:10E0200008F580722D0A02EB182805F0FF15039AF7
:10E03000368801F0FF110CF1011C7D436144240A74
:10E0400002FB0355090A04F0FF1404FB0E5401F00F
:10E05000FF1101FB00414FEA1A2A090A0AF47F4A1C
:10E0600001F0FF144FEA18280BF47F4107FB0AF771
:10E0700003FB01714FEA1929009B08F47F480EFB4E
:10E08000081E09F47F4100FB01E1DA433312D2B2EA
:10E09000F010090A03F0F803F600534301F47F413E
:10E0A00000F0FC00F6B22143504356435A1C02EBE9
:10E0B00013220B0C03EB1223421C02EB10200A0A62
:10E0C00002EB10221B02D20002F4FC6203F478433C
:10E0D0001343721C02EB162601EB1621C1F3C40197
:10E0E0001943029B198005B0BDE8F08F0025FEE6BC
:10E0F00000210D4606E7002104E7314602E700242F
:10E1000013E7002214461AE70246044617E70022E6
:10E1100015E7324613E700002DE9F04F9BB0DDE92B
:10E1200025461892299A16910793DDE92A1319902A
:10E130005068126800FB031302EB43030A932C9B05
:10E140001B680F93169B002B03DC189B002B40F3DE
:10E1500086832C9BB3F90810B3F90C20481E571E78
:10E16000079B002B40F366815FEA244C4FEA26436D
:10E1700006D4844504DA002B02DBBB42C0F25B818B
:10E180001CF1010C00F14B816145C0F24881013363
:10E1900000F145819A42C0F24281079B0A9F179382
:10E1A000179B002B40F365812C9A2C9BD2F80CE036
:10E1B0009B6822144FEA264CC4F30331C6F30330A4
:10E1C00000F1D58103F1FF38424580F2D081BCF1E6
:10E1D000000FC0F2CC810EF1FF38C44580F2C78138
:10E1E0001BB20CFB03220F9D05EB820855F8222081
:10E1F0004FEA126E002900F08281D8F804500B9586
:10E200002D0E129580B103F18043013B9B00043336
:10E2100008EB030C58F8033008931B0E1093DCF83E
:10E2200004300C931B0E139389B280B201FB00F9EA
:10E23000C9EB00100901A1EB090880B2C1F580719A
:10E24000129B109D1FFA88F8091A89B208FB03F384
:10E2500001FB0E3300FB0533139D09FB0533C3F3AC
:10E260000723002B00F0D280BEF1FF0F1BD002F07D
:10E27000FF1A0EFB0AFA02F47F420EFB02FE4FEA7F
:10E280001A2202F0FF120AF1011A0EF5807C5244A4
:10E290000CEB1E2C120A4FEA1C2C02F0FF120CF49D
:10E2A0007F4C42EA0C02129DFF2D21D00B9D05F000
:10E2B000FF1B129D05FB0BFB0B9D05F47F4A129D76
:10E2C0004FEA1B2E05FB0AFA0EF0FF1E0BF1011B95
:10E2D0000AF5807CDE440CEB1A2A4FEA1E2E4FEA28
:10E2E0001A2A0EF0FF1E0AF47F4A4EEA0A050B9521
:10E2F000109DFF2D21D0089D05F0FF1B109D05FBF3
:10E300000BFB089D05F47F4E109D05FB0EFA4FEAAE
:10E310001B2E0EF0FF1E0BF1011B0AF5807CDE4464
:10E320000CEB1A2A4FEA1E2E4FEA1A2A0EF0FF1E95
:10E330000AF47F4A4EEA0A050895139DFF2D21D065
:10E340000C9D05F0FF1B139D05FB0BFB0C9D05F4BD
:10E350007F4A139D4FEA1B2E05FB0AFA0EF0FF1EA3
:10E360000BF1011B0AF5807CDE440CEB1A2A4FEA04
:10E370001E2E4FEA1A2A0EF0FF1E0AF47F4A4EEABA
:10E380000A050C950B9D05F0FF1C089D02F0FF1E71
:10E3900008FB0CFC01FB0ECC05F0FF1E0C9D00FBE6
:10E3A0000ECC05F0FF1E0B9D09FB0ECC05F47F4E35
:10E3B00002F47F4208FB0EF801FB0282089901F487
:10E3C0007F4A0C9900FB0A2201F47F4009FB0029D7
:10E3D0004FEA1C2C4FEA19290CF0FF1C09F47F4965
:10E3E0004CEA090CFF2B4FEA1C2240F091804FEAC7
:10E3F0005C1322F4FF6203F4FC6322F007021A4369
:10E40000CCF3C40C4CEA020CA7F800C0279B1C44B8
:10E41000289B1E44179B013B02371793C0E6279B9E
:10E420001C44289B1E44079B013B07930A9B023315
:10E430000A9395E624D0079B2798013B00FB0340F5
:10E4400000143FF5AAAE01398842BFF6A6AE28995E
:10E4500001FB03631B143FF5A0AE013A9342BFF6E4
:10E460009CAEDDF81CB0DDF82880BBF1000F00F396
:10E470009A80079B23EAE3750A9B03EB45030A9303
:10E48000169B002B40F3EB8130EE040AB7EE007AC6
:10E49000C7EE007A249B70EEA40A31EE051A20EE36
:10E4A000A77AF0EE626A61EE277AFEEEC86A77EE2E
:10E4B000622A16EE904AFEEEC82AF0EE436A37EE64
:10E4C000C33A12EE902ABEEEC83A92FBF3F313EE73
:10E4D000102A2793249B92FBF3F32893169B189AF8
:10E4E000013BFEEEC86A1693249B08BF134616EE46
:10E4F000906A0793B0EE673AF0EE472A22E60028CA
:10E500003FF492AE58F8233008931B0E10938BE61D
:10E510003988D44DDB434FEA212E5FFA83F80EF0A1
:10E52000F80E0EFB08FEC810CB0000F0FC000EF148
:10E53000010101EB1E2E00FB08F04FEA1C4101EB2C
:10E540001E2100F1010E0EEB102002EB1022DBB2B7
:10E55000C9B2D20003FB08F305EA012102F4FC6210
:10E560000A43591C01EB13230CEB132C48E712F15F
:10E5700001083FF54BAF4345FFF648AF1CF10108DA
:10E580003FF544AFC645FFF641AFCDE9012C0FFA88
:10E590008EF2CDE9031000921BB20F9A19983946FA
:10E5A000FFF787FC32E72C9B0F9DB3F9087021140D
:10E5B000331407FB03130F9901EB830155F8233044
:10E5C000C4F30332C6F303304FEA136C002A00F0A1
:10E5D00007814D680D952D0E149578B107F1804790
:10E5E000013FBF00043701EB070EC9590991090E1D
:10E5F0001191DEF804100E91090E159192B280B2BD
:10E6000002FB00F9C9EB00101201A2EB090E80B267
:10E61000C2F58071149A119D1FFA8EFE091A89B2F3
:10E620000EFB02F201FB0C2200FB0522159D09FBEB
:10E630000522C2F30722002A00F0C980BCF1FF0FB7
:10E6400019D003F0FF1A0CFB0AFA03F47F430CFB0A
:10E6500003FC4FEA1A2303F0FF130AF1011A0CF529
:10E660008077534407EB1C271B0A3F0A03F0FF1374
:10E6700007F47F473B43149DFF2D20D00D9D05F0EF
:10E68000FF17149D6F430D9D05F47F4A149D4FEABB
:10E69000172C05FB0AFA07F101170CF0FF1CBC440C
:10E6A0000AF5807707EB1A2A4FEA1C2C4FEA1A2A40
:10E6B0000CF0FF1C0AF47F4A4CEA0A050D95119DE7
:10E6C000FF2D20D0099D05F0FF17119D6F43099D77
:10E6D00005F47F4C119D05FB0CFA4FEA172C0CF04A
:10E6E000FF1C07F10117BC440AF5807707EB1A2AD3
:10E6F0004FEA1C2C4FEA1A2A0CF0FF1C0AF47F4A3E
:10E700004CEA0A050995159DFF2D20D00E9D05F0B8
:10E71000FF17159D6F430E9D05F47F4A159D4FEA27
:10E72000172C05FB0AFA07F101170CF0FF1CBC447B
:10E730000AF5807707EB1A2A4FEA1C2C4FEA1A2AAF
:10E740000CF0FF1C0AF47F4A4CEA0A050E950D9D59
:10E7500005F0FF17099D03F0FF1C0EFB07F701FBF7
:10E760000C7705F0FF1C0E9D00FB0C7705F0FF1CDD
:10E770000D9D09FB0C7705F47F4C0EFB0CFE03F49A
:10E780007F4301FB03E3099901F47F4A0E9900FBE3
:10E790000A3301F47F4C09FB0C3C3F0A4FEA1C2C66
:10E7A00007F0FF170CF47F4C47EA0C07FF2A4FEAEB
:10E7B00017231ED17A0923F4FF6302F4FC6223F0CD
:10E7C00007031343C7F3C4071F43A8F80070279B30
:10E7D0001C44289B08F102081E440BF1FF3B44E651
:10E7E00000283FF40BAF51F827100991090E119141
:10E7F00004E7B8F80010D2434FEA212C5FFA82FEFA
:10E800000CF0F80C0CFB0EFCC810CA000CF1010156
:10E8100001EB1C2C390C01EB1C2C00F0FC00114905
:10E8200000FB0EF05FFA8CFC01EA0C2CD2B2411C0A
:10E8300002FB0EF201EB102003EB1020511CC00074
:10E8400001EB122200F4FC6007EB12274CEA000CEB
:10E85000C7F3C40747EA0C0CA8F800C0B7E71BB021
:10E86000BDE8F08F00F8FFFF2DE9F047DDE90A056C
:10E87000002DBDF92080BDF924909DF830709DF8E1
:10E8800034C005FB030EC0F28C80A94540F389809B
:10E890000028C0F28480804540F381804FEA5E0406
:10E8A0001EF0010F165D0CBF06F00F06361106EBC9
:10E8B0000616F6B2441C77D4A04575DD002F75D03E
:10E8C0000EF1010A4FEA5A041AF0010F145D0CBF51
:10E8D00004F00F04241104EB0414E4B2013569D4EC
:10E8E000A94567DDBCF1000F67D0002860DB8045DB
:10E8F0005EDD03EB0E094FEA590519F0010F555D76
:10E900000CBF05F00F052D1105EB0515EDB201301B
:10E9100056D4804554DD002F54D001339E444FEA35
:10E920005E031EF0010FD05C0CBF00F00F00001161
:10E9300000EB0010C3B2BAB21FFA8CFC02FB0CF061
:10E94000C0EB0C1C12011FFA8CFCC2F58077121A66
:10E95000A7EB0C0792B2BFB2624306FB07220CFB87
:10E96000052500FB0353C3F30723B3B19DF83820FB
:10E970005A43531C03EB12232D4A1B121268FF2B20
:10E980004FEA122620D12B4B500900F4FC60334093
:10E990001843C2F3C40202430A80BDE8F087002690
:10E9A00088E70024264699E7002497E73C4695E748
:10E9B0000025ACE700231D46BDE763466546BAE780
:10E9C0000023B8E73B46B6E70D889FB22C12C2F38E
:10E9D0000740DB43DBB210FB07F004F0F80404FB54
:10E9E0000304F6B2E810D2B2ED0000F0FC0012FB16
:10E9F00007F216FB07F6EDB2A4B200FB036605FBB7
:10EA000003239AB2631CB0B203EB1424531C03EB30
:10EA10001223421C02EB102004F47844C3F3C423F5
:10EA20004009234300F4FC6003430B80B5E700BFBB
:10EA30009434012000F8FF002DE9F04F97B0DDE994
:10EA4000214614920993259A9DF8A4300D910F93B5
:10EA5000DDE9261315905068126800FB031302EBE2
:10EA60004309289B9B68013323F001030A93289BE9
:10EA70001F680D9B002B03DC149B002B40F3878247
:10EA8000289BB3F90810B3F90C20481E02F1FF3C93
:10EA9000099B002B40F3C4805FEA244E4FEA2643D3
:10EAA00006D4864504DA002B02DB6345C0F2B98048
:10EAB0001EF1010E00F1AA807145C0F2A78001335A
:10EAC00000F1A4809A42C0F2A180099BBDF928A060
:10EAD0000E93C8460E9B002B40F3C380289BD3E9BE
:10EAE00002CE23144FEA2640C4F30332C6F30331A7
:10EAF00000F14D810CF1FF3B5B4580F2488100281D
:10EB0000C0F245810EF1FF3B584580F240810A9DDD
:10EB100000FB05335808DD0717F800C054BF0CF0A0
:10EB20000F0C4FEA2C1C0CEB0C1C5FFA8CFC002A1F
:10EB300000F0DB80581C4FEA500EC00717F80EE0BB
:10EB400054BF0EF00F0E4FEA2E1E0EEB0E1E5FFA94
:10EB50008EF01090C9B153445808DD07385C54BF9B
:10EB600000F00F00001100EB00100133C0B20B9059
:10EB70005808DD0717F800E054BF0EF00F034FEA06
:10EB80002E1303EB0313DBB2119392B289B202FB93
:10EB900001F3C3EB0111120189B2C2F58070109D1F
:10EBA000D21A401A92B26A4380B20CFB002C0B9A24
:10EBB00001FB02C1119A03FB0213C3F30723DBB16C
:10EBC0000F9A53435A1C02EB1323C64A1B121268B6
:10EBD000FF2B4FEA122C40F0998053092CF4FF6C64
:10EBE00003F4FC632CF0070C43EA0C0CC2F3C402E0
:10EBF0004CEA0202A8F80020239B1C44249B1E44DC
:10EC00000E9B013B08F102080E9363E7239B1C4413
:10EC1000249B1E44099B013B099309F1020937E734
:10EC200024D0099B2398013B00FB034000143FF5CF
:10EC30004CAF01398842BFF648AF249901FB03630A
:10EC40001B143FF542AF013A9342BFF63EAFBDF908
:10EC50002830DDF824B00E93C846BBF1000F00F356
:10EC6000B780099B23EAE37509EB45090D9B002B4F
:10EC700040F38D8130EE040AB7EE007AC7EE007AD9
:10EC8000209B70EEA40A31EE051A20EEA77AF0EE72
:10EC9000626A61EE277AFEEEC86A77EE622A16EEA5
:10ECA000904AFEEEC82AF0EE436A37EEC33A12EEFF
:10ECB000902ABEEEC83A92FBF3F313EE102A239388
:10ECC000209B92FBF3F324930D9B149A013BFEEEE1
:10ECD000C86A0D93209B08BF134616EE906A0993ED
:10ECE000B0EE673AF0EE472AC3E600293FF44DAF95
:10ECF0000AEB03004308C007FB5C54BF03F00F039B
:10ED00001B1103EB0313DBB20B933EE7B8F800E0F3
:10ED10001FFA83FB4FEA2E20C2F30741DB43DBB22D
:10ED200011FB0BF100F0F80000FB03105FFA8CFC04
:10ED30004FEAEE01D2B24FEACE0E80B201F0FC01F2
:10ED40001CFB0BFC5FFA8EFE12FB0BFB01FB03CCE2
:10ED50000EFB03BB431C1FFA8CFC1FFA8BFB03EB5F
:10ED6000102000F478430CF101010BF1010000EBDD
:10ED70001B2001EB1C2CC0F3C4204FEA5C1C184381
:10ED80000CF4FC6C40EA0C00A8F8000034E713F126
:10ED9000010B3FF531AFDC45FFF62EAF10F1010B53
:10EDA0003FF52AAFDE45FFF627AF0F9D02930FFA1E
:10EDB0008EF301930FFA8CF3CDE90302CDE905152B
:10EDC00000933A46534641461598FFF74DFD13E729
:10EDD0000A9D2214331405FB03235A08DD07BA5C8D
:10EDE00054BF02F00F02121102EB0212C4F30331FE
:10EDF000C6F30330D2B2002976D003F1010E4FEAF8
:10EE00005E0C1EF0010F17F80CC00CBF0CF00F0CBD
:10EE10004FEA2C1C0CEB0C1C5FFA8CF5129500B31E
:10EE20000E9D2B444FEA530CDD0717F80CC054BF5E
:10EE30000CF00F0C4FEA2C1C01330CEB0C1C5FFA8E
:10EE40008CF54FEA530C0C9517F80CC0DD0754BF36
:10EE50000CF00F0C4FEA2C1C0CEB0C1C5FFA8CF323
:10EE6000139389B280B201FB00F3C3EB00100901D8
:10EE700080B2C1F5807C129DC91AACEB000C89B23E
:10EE800069431FFA8CFC02FB0C120C9900FB012059
:10EE9000139A03FB0203C3F30723D3B10F9A53431F
:10EEA0005A1C02EB13230F4A1B121268FF2B4FEA66
:10EEB000122C2DD153092CF4FF6C03F4FC632CF0BD
:10EEC000070C43EA0C0CC2F3C4024CEA0202A8F895
:10EED0000020239B1C44249B08F102081E440BF1D4
:10EEE000FF3BBAE6943401200028BAD00E9D2B4493
:10EEF0004FEA530CDB0717F80CC054BF0CF00F0C93
:10EF00004FEA2C1C0CEB0C1C5FFA8CF30C93A8E75B
:10EF1000B8F800E01FFA83FA4FEA2E20C2F3074147
:10EF2000DB43DBB211FB0AF100F0F80000FB031039
:10EF3000D2B24FEAEE014FEACE0E5FFA8EFE12FB1E
:10EF40000AF20EFB03225FFA8CFC80B201F0FC0196
:10EF500092B21CFB0AFC01FB03CC431C511C03EBCB
:10EF6000102001EB12211FFA8CFCC1F3C42100F424
:10EF7000784008430CF1010101EB1C2C4FEA5C1CAA
:10EF80000CF4FC6C40EA0C00A8F80000A1E717B0F4
:10EF9000BDE8F08F2DE9F047DDE90A05002DBDF948
:10EFA0002080BDF924909DF830709DF834C005FB99
:10EFB000030EC0F2B080A94540F3AD800028C0F236
:10EFC000A880804540F3A5804FEA5E041EF0010F43
:10EFD000165D0CBF06F00F06361106EB0616F6B2EC
:10EFE000441C00F19B80A04540F39880002F00F066
:10EFF00097800EF1010A4FEA5A041AF0010F145DCE
:10F000000CBF04F00F04241104EB0414E4B2013526
:10F0100000F18A80A94540F38780BCF1000F00F021
:10F02000868000287EDB80457CDD03EB0E094FEAFD
:10F03000590519F0010F555D0CBF05F00F052D1195
:10F0400005EB0515EDB2013074D4804572DD002F5B
:10F0500072D001339E444FEA5E031EF0010FD05C74
:10F060000CBF00F00F00001100EB0010C3B2BAB2E9
:10F070001FFA8CFC02FB0CF0C0EB0C1C12011FFAF7
:10F080008CFCC2F58077121AA7EB0C0792B2BFB2C4
:10F09000624306FB07220CFB052500FB0353C3F369
:10F0A0000723A3B3254A0E88156834129AB2C5F314
:10F0B0000740DB43DBB210FB02F004F0F80404FB72
:10F0C0000304C5F30727F010EDB2F60017FB02F7B3
:10F0D00000F0FC0015FB02F2F6B2A4B200FB0370D4
:10F0E00006FB03239AB2631C80B203EB1424531C67
:10F0F00003EB1223421C02EB102004F47844C3F308
:10F10000C4234009234300F4FC6003430B80BDE8A3
:10F11000F087002664E70024264678E7002476E797
:10F120003C4674E700258EE700231D469FE76346B3
:10F1300065469CE700239AE73B4698E79434012014
:10F140002DE9F04F93B01D460C92219A0791DDE90D
:10F15000221311905068126800FB031302EB43095D
:10F16000249B9B68013323F001030693249BDDE974
:10F170001D461F68079B002B03DC0C9B002B40F3F4
:10F180006782249BB3F90810B3F90C20481E02F1E2
:10F19000FF3C002D40F3B8805FEA244E4FEA26433F
:10F1A00006D4864504DA002B02DB6345C0F2AD804D
:10F1B0001EF1010E00F1A0807145C0F29D80013367
:10F1C00000F19A809A42C0F29780BDF918A0099583
:10F1D000C846099B002B40F3B680C4F30333089361
:10F1E000249BD3E902CE23144FEA2640C6F3033111
:10F1F00000F13E810CF1FF3B5B4580F23981002834
:10F20000C0F236810EF1FF3B584580F23181069AFB
:10F2100000FB02335808DA0717F800C0089A54BFF9
:10F220000CF00F0C4FEA2C1C0CEB0C1C5FFA8CFC46
:10F23000002A00F0CB80581C4FEA500EC00717F888
:10F240000EE054BF0EF00F0E4FEA2E1E0EEB0E1EF8
:10F250005FFA8EFECDF834E0B9B153445808DA07AE
:10F26000385C54BF00F00F00001100EB0010C0B27A
:10F270000A90581C4308C207FB5C54BF03F00F03FD
:10F280001B1103EB0313DBB20E93BDF8202089B2F0
:10F2900002FB01F3C3EB0111120189B2C2F58070C8
:10F2A000401A1FFA80FED21A0D9892B242430CFB0C
:10F2B0000E2C0A9A01FB02C10E9A03FB0213C3F340
:10F2C0000723FF2B40F09380BE4B1A68BE4B5109B9
:10F2D00003EA122301F4FC610B43C2F3C40213439B
:10F2E000A8F800301F9B1C44209B1E44099B013B37
:10F2F00008F1020809936CE71F9B1C44209B013D09
:10F300001E4409F1020944E721D01F986B1E00FB3F
:10F31000034000143FF559AF01398842BFF655AF9D
:10F32000209901FB03631B143FF54FAF013A934251
:10F33000BFF64BAFBDF918300893A846CE46B8F1DA
:10F34000000F00F3B58025EAE57509EB4509079B39
:10F35000002B40F37D8130EE040AB7EE007AC7EE51
:10F36000007A1C9B70EEA40A31EE051A20EEA77AF3
:10F37000F0EE626A61EE277AFEEEC86A77EE622AE4
:10F3800016EE904AFEEEC82AF0EE436A37EEC33A14
:10F3900012EE902ABEEEC83A92FBF3F313EE102A57
:10F3A0001F931C9B92FBF3F32093079B0C9A013B4A
:10F3B000FEEEC86A07931C9B16EE906A14BF1D46AA
:10F3C0001546B0EE673AF0EE472AD3E600293FF43F
:10F3D0005CAF0AEB03004308C007FB5C54BF03F0BB
:10F3E0000F031B1103EB0313DBB20A934DE7002B52
:10F3F0003FF478AF734AB8F800C010681FFA83FE74
:10F400004FEA2C21C0F30742DB43DBB212FB0EF2C2
:10F4100001F0F80101FB0321C0F3072B4FEAEC02D6
:10F42000C0B24FEACC0C1BFB0EFB89B210FB0EFEE8
:10F4300002F0FC025FFA8CFC02FB03B2481C0CFBDE
:10F4400003E392B29BB200EB112101F4784002F188
:10F45000010B591C01EB13210BEB1222C1F3C42148
:10F460005209014302F4FC621143A8F8001039E785
:10F4700013F1010B3FF536AFDC45FFF633AF10F16A
:10F48000010B3FF52FAFDE45FFF62CAF089A029334
:10F490000FFA8EF301930FFA8CF3CDE90302059175
:10F4A00000933A46534641461198FFF773FD19E71A
:10F4B00006992214331401FB03235A08D907BA5CB6
:10F4C00054BF02F00F02121102EB0212C4F3033018
:10F4D000C6F3033CD2B2002862D003F1010A4FEA1E
:10F4E0005A011AF0010F795C0CBF01F00F010911EC
:10F4F00001EB0111C9B20F91BCF1000F19D00899AD
:10F500000B44590813F0010F795C0CBF01F00F0197
:10F51000091101EB0111C9B201330B915908DB0745
:10F52000795C54BF01F00F01091101EB0111C9B25F
:10F53000109180B21FFA8CFC00FB0CF3C3EB0C1C87
:10F5400000011FFA8CFCC0F58071A1EB0C011FFAC1
:10F5500081FAC01A0F9980B248430B9902FB0A0244
:10F560000CFB012C109A03FB02C3C3F30723FF2BF0
:10F570002CD1144B1A68144B510903EA122301F4DD
:10F58000FC610B43C2F3C4021343AEF800301F9B6F
:10F590001C44209B0EF1020E1E4408F1FF38CEE6FB
:10F5A000BCF1000FC5D008990B445908DB07795C02
:10F5B00054BF01F00F01091101EB0111C9B20B9108
:10F5C000B7E700BF9434012000F8FFFF002BDED026
:10F5D000214ABEF800C010681FFA83FA4FEA2C21B6
:10F5E000C0F30742DB43DBB212FB0AF201F0F80181
:10F5F00001FB0321C0F3072B4FEAEC02C0B24FEA34
:10F60000CC0C5FFA8CFC10FB0AF00CFB030089B2F7
:10F610001BFB0AFB80B202F0FC0202FB03B24B1C94
:10F6200000F1010B03EB11210BEB102B92B2CBF38A
:10F63000C42B01F478414BEA010102F1010B0BEB01
:10F640001222520902F4FC621143AEF800109EE748
:10F6500013B0BDE8F08F00BF9434012070B50812DC
:10F660009EB2BDF81050131200F0F80003F0F8033A
:10F6700013FB05F310FB06F01844CC10D31004F074
:10F68000FC0403F0FC0313FB05F314FB06F4C900B0
:10F69000D2001C44D2B2CBB212FB05F280B213FBF3
:10F6A00006F31344421C9BB202EB102000F4784294
:10F6B000581C00EB1320A4B2C0F3C4201043621CFA
:10F6C00002EB1424640904F4FC64204370BD0000C0
:10F6D0002DE9F04F8FB01C469DF8647004900D46E4
:10F6E0001646189B002F00F0F680206861680AAA71
:10F6F00003C2186859680CAA03C20AA8EEF78EFD67
:10F7000021460CA8EEF7B2FDBDF93020BDF936B0A8
:10F71000BDF9349002F001030693BDF92C3003F0DB
:10F72000010105910598BDF93210034401FB032343
:10F730004FF0020893FBF8F31D44BDF828301A443B
:10F74000BDF82A30ADF830201944644BADF83210C2
:10F7500018680368DB6A9847614ABDF9324013882C
:10F76000BDF930A0FF2F03FB04A400EB440406F115
:10F770000406114603FB0BFB6BD0C7F1FF03039399
:10F7800004EB4B03CDE90732CDF82480079BA3425D
:10F7900040F29C80069B002B39D02B78228804985D
:10F7A00003F00F0305F1010836F81310039B0093D3
:10F7B0003B46FFF753FF24F8020B09F1FF3BBBF177
:10F7C000010FA24604F1040424DD98F8003034F857
:10F7D000042C04981B09ABF1020B36F81310039BA1
:10F7E00000933B46FFF73AFF24F8040C18F8013B5E
:10F7F00034F8022C049803F00F0336F81310039B1F
:10F8000000933B46FFF72AFF24F8020CD7E7A846EF
:10F81000CB46D4E70ED198F80030BAF8002004980F
:10F820001B0936F81310039B00933B46FFF716FFA6
:10F830002AF8020B089B059A1C88BDF92C30A4EB12
:10F84000090413440AEB4404099A93FBF2F31D44A0
:10F850009CE704EB4B0BA34538D9069BF3B12B78FF
:10F8600003F00F036A1C36F81330238009F1FF30D0
:10F8700002340128234604F1040412DD13781B0925
:10F88000023836F8133024F8043C12F8013B03F038
:10F890000F0336F8133024F8023CEAE72A464846BC
:10F8A000E7E706D112781209023336F8122023F85E
:10F8B000022C0C88059AA4EB090403EB4404BDF95F
:10F8C0002C30134493FBF8F31D44C4E7034B186832
:10F8D00003681B6B98470FB0BDE8F08F843401209C
:10F8E0007E340120F0B59DF81450FF2D4FEA11270A
:10F8F0000CD1FF2B0AD1254B480900F4FC603B409A
:10F900001843C1F3C401084380B2F0BD15FB03F5F1
:10F91000ABB25D1C05EB13251412C5F307251FFAC6
:10F9200085FCD610D000ED4304F0F804C1F3074283
:10F93000EBB2C0B212FB0CF244EA541404FB0324F1
:10F9400040EA5012C8B206F0FC06FDB210FB0CF003
:10F95000A4B202FB030046EA961615FB0CF506FB63
:10F96000035583B2601CADB200EB1424581C00EBAD
:10F9700013206B1C03EB152504F47844C0F3C4205A
:10F980006D09204305F4FC652843BEE700F8FF003D
:10F990002DE9F04F1C468DB00D46169B61689DF811
:10F9A0005C9080462068164608AA03C21868596809
:10F9B0000AAA03C208A8EEF731FC21460AA8EEF70E
:10F9C00055FCBDF92820BDF92E70BDF92CB002F010
:10F9D00001030393BDF9243003F001010291029861
:10F9E000BDF92A10034401FB03234FF0020A93FBE5
:10F9F000FAF31D44BDF820301A44ADF82820BDF8B4
:10FA000022303F4A059219441068ADF82A10036865
:10FA1000DB6A98473B4BBDF92A401988BDF928C0DD
:10FA200001FB04C400EB44044F43CDE9063A04EB68
:10FA3000470204360492049B9C4258D2039B002B3D
:10FA400034D02B7803F00F036F1C56F823100B0EE5
:10FA500006D02288009340464B46FFF743FF2080A4
:10FA600002340BF1FF3ABAF1010F22DD3B781B099A
:10FA700056F823100B0E06D02288009340464B46C2
:10FA8000FFF730FF208017F8013B03F00F0356F813
:10FA900023100B0E06D06288009340464B46FFF7BA
:10FAA00021FF60800434AAF1020ADCE72F46DA461F
:10FAB000D9E70DD13B781B0956F823100B0E06D061
:10FAC0002288009340464B46FFF70CFF208002340B
:10FAD000069B029A1B88A3EB0B0304EB4304BDF9BE
:10FAE00024301344079A93FBF2F31D44A3E7059BCC
:10FAF000186803681B6B98470DB0BDE8F08F00BF16
:10FB0000843401207E34012070B514128D789DF864
:10FB1000106004F0F80444EA541415FB03F504FBE8
:10FB20000655D0104C780978D20000F0FC00D2B213
:10FB300040EA901014FB03F442EA521211FB03F363
:10FB400000FB064402FB0633ADB29BB2A4B2681CB4
:10FB500000EB1525621C581C00EB132002EB14244B
:10FB600005F47845C0F3C4206409284304F4FC6418
:10FB7000204370BD2DE9F04F8FB01C469DF8647096
:10FB8000189B82460E461546002F00F042812068E1
:10FB900061680AAA03C2186859680CAA03C20AA8B5
:10FBA000EEF73CFB21460CA8EEF760FBBDF93020D8
:10FBB000BDF936B002F001030693BDF92C3003F015
:10FBC000010105910598BDF93210034401FB03239F
:10FBD0004FF0020893FBF8F31E44BDF828301A4496
:10FBE000BDF82A30ADF830201944BDF93430039304
:10FBF000894BADF8321018680368DB6A9847874A6A
:10FC0000BDF932401388BDF93090FF2F03FB0494F7
:10FC100000EB440405F10405944603FB0BF371D09B
:10FC200004EB4303F943CDE90732C9B20491CDF89F
:10FC30002480079BA34240F2E780069B002B3DD027
:10FC40003178049B2288009301F00F0101EB410100
:10FC50003B4629445046FFF757FF039B24F8020B0D
:10FC600006F1010803F1FF3BBBF1010FA14604F1CE
:10FC7000040427DD98F80010049B34F8042C00934A
:10FC8000090901EB41013B4629445046FFF73CFF7F
:10FC900024F8040C18F8011B049B34F8022C009380
:10FCA00001F00F0101EB41013B4629445046FFF7AB
:10FCB0002BFFABF1020B24F8020CD5E7B046DDF8C0
:10FCC0000CB0D1E70FD198F80010049BB9F80020D0
:10FCD0000093090901EB41013B4629445046FFF7D7
:10FCE00013FF29F8020B089B059A1C88039BE41A52
:10FCF000BDF92C3009EB44041344099A93FBF2F349
:10FD00001E4496E7464F04EB4303A3427CD9069A70
:10FD1000002A54D0307800F00F0000EB400005EBD3
:10FD2000000E285C9EF802209EF801E04FEACE0EFD
:10FD30000EF4FC6E07EA022242EA0E0242EAD00208
:10FD400024F8022B039A711C02F1FF3EBEF1010F51
:10FD5000204604F1040436DD0878000900EB400079
:10FD600005EB000AAEF1020E9AF801209AF8029013
:10FD7000D20007EA092902F4FC6249EA020215F8F6
:10FD8000009042EAD90224F8042C11F8010B00F08B
:10FD90000F0000EB400005EB000A9AF801209AF8EA
:10FDA0000290D20007EA092902F4FC6249EA020241
:10FDB00015F8009042EAD90224F8022CC6E7314631
:10FDC000DDF80CE0C2E711D10978090901EB410126
:10FDD0006C18695CA2786478E40007EA022204F4F3
:10FDE000FC64224342EAD10220F8022B039ABCF8B9
:10FDF00000400599A41ABDF92C2000EB44040A44E4
:10FE000092FBF8F2164480E7034B186803681B6BFB
:10FE100098470FB0BDE8F08F843401207E34012074
:10FE200000F8FFFF30B52D4A136823F0010313607B
:10FE30002B4B1C684FF6F07214404CF24025AC423C
:10FE400005D01C684CF270251440AC4225D1254BDE
:10FE50001B68002B39D1244B1A68C2F30B02B2F590
:10FE60008A6F0DD01A6840F28344C2F30B02A2429B
:10FE700006D01B6840F28542C3F30B03934224D1A2
:10FE80001A4B01221A601A68002AFCD1184B18601C
:10FE90001868431A584258410EE01B6813404DF24F
:10FEA0002022934211D1134B1B6840F28642C3F3C8
:10FEB0000B03934201D0002030BD0F4B01221A608A
:10FEC0001A68002AFCD10D4BE1E70D4B01221A60A4
:10FED0001A68002AFCD10B4BD9E700BF002000E0D4
:10FEE00000ED00E0002004E00010005C084C025827
:10FEF000004C0258F08F0046084C0246004C024667
:10FF0000083002400030024001617047837B4BB1F2
:10FF1000038901339BB2072B038181BF00234381F7
:10FF200083818373704700002DE9FF4198468388E1
:10FF3000ADF80630A8EB03031BB20446002B1746AE
:10FF4000184A0092B8BF5B42A28ABDF82850ADF8AB
:10FF50000A801BB20E469342C188ADF808104FF0DC
:10FF600000008DF80400ADF80C5007DC691A09B2E6
:10FF70000029B8BF494209B28A4210DA20690368F1
:10FF800069465B689847A8EB06060023EF1B012033
:10FF900023816681A781A4F80480E580A07304B062
:10FFA000BDE8F08144500208F0B51E464B1E012BFF
:10FFB00085B004460D4617464BD8B0F90A20D31C2D
:10FFC0009BB2062B16D9DFF8A0C0CDF804C0B4F957
:10FFD0000410B4F906300069ADF80C104FF0000CB5
:10FFE0008DF808C0ADF80A20ADF80E30036801A9FD
:10FFF0009B689847B4F90C20D31C9BB2062B16D9EA
:020000040802F0
:10000000DFF864C0CDF804C0B4F90410B4F90630C8
:100010002069ADF80C104FF0010C8DF808C0ADF858
:100020000A20ADF80E30036801A99B6898470D4B74
:10003000019320698DF808500023ADF80A70ADF8DF
:100040000C60ADF80E30036801A91B68984705B035
:10005000F0BD0029EBD1A280C680A160A181A1736F
:10006000E5E700BF3050020858500208C9100029C7
:10007000B8BF4942012808D1C1F30800B0F5807F1C
:10008000014602DDC0F500707047FF29A8BFFF21BF
:100090000846704710B4D0E901349C4203D85DF89B
:1000A000044BECF7DDBB5DF8044B70472DE9F04FD6
:1000B0008BB0CDE906239DF85030089306469DF895
:1000C000543009938A46ECF738FDB5680446002D94
:1000D00044D07368AB423DD3B0F90230B6F9342056
:1000E00002EB030BDDE9061202FB031205926A1E06
:1000F00004924FF00008B4F90290B4F900704B4537
:100100003A4608D0B6F9343003EB090BDDE90613A3
:1001100003FB09130593B4F90430B4F906109844AD
:10012000049B013B0493049B013315D034F9083F31
:10013000BB4217D1B4F90200049B484503F1FF33D9
:100140007FD1B4F906000144B4F904008044E9E722
:100150001F4644E0002002E000296FD101200BB0CF
:10016000BDE8F08F002930D0002F29DBB6F93630FA
:10017000BB4225DDC1EB881196F83000FFF776FF12
:10018000099B10FB03F080B2411C01EB1021091206
:1001900011F0FF0F14D00898738EC9B2BAB2029151
:1001A00001211344019102440FFA8BF1DAF80000A7
:1001B000009141691BB20D4612B205995046A847FD
:1001C000049B013307F10102C8D0B4F90070BB1AD7
:1001D000002B31DD002ABBDA002F2DDD0022B6F91D
:1001E0003630D119994202DB9F1A002F24DD4FEAE5
:1001F000881196F83000FFF739FF099B10FB03F0D8
:1002000080B2411C01EB1021091211F0FF0F13D035
:100210000898738E92B2C9B21344029102443FB25D
:10022000DAF8000001970FFA8BF100914769059900
:100230001BB212B25046B8474B465CE7002F95DA26
:100240008CE70029F8D08FE72DE9F3411E46364BA5
:10025000C0E90031B2F90430038100259DF8203057
:10026000837200F1140804468581C58105824582A8
:1002700040461746EBF72CFEC4E91355C4E9155563
:10028000C4E91855C4E91B5584F84450A4F84650F5
:10029000A4F84850A4F84A5084F85C5084F85D50A3
:1002A000A4F8685030687168728835886B4603C35B
:1002B0007B88B6F90400B6F9061013443A88E38146
:1002C0002A44A2812082618268463946EDF7CEFF3A
:1002D00004F10C00EDF7A2FFBDF90230BDF80020DB
:1002E000A4F84620A4F848304046EBF7D5FDBDF908
:1002F0000030B4F912205B01E364BDF902305B0108
:100300002365BDF904305B016365BDF906305B010F
:10031000A365B4F91030A4F84A302046C4E90F327E
:1003200002B0BDE8F08100BF9453020838B590F8E0
:100330005C30044693B190F8683090F8692013421D
:100340000CD100F1140523B1D0E918122846FFF7AB
:10035000A1FED4E91B122846FFF79CFE002384F877
:100360005C30D4E90603984234BF0020012038BD38
:100370002DE9F341857A69434D1C05EB11252D12BA
:10038000044600F0998090F85D30002B00F09480D6
:10039000FFF7CCFF0746002845D06068474E03684A
:1003A00037689B68984701463846E9F7C3F807461F
:1003B000E2F7F0FC03681B6B98478046E2F7EAFC23
:1003C0000368DB6A98470B285BD8DFE800F0515CD4
:1003D0006C065A30406565656565B4F90E30B4F950
:1003E0000C10082291FBF2F208FB03231F444B423E
:1003F00003F0070301F0070158BF5942C9B2EDB23B
:100400003A46CDE900150FFA88F3616804F114004B
:10041000FFF74CFE0746606803681B699847306821
:1004200003681B6B9847384602B0BDE8F081B4F909
:100430000E30B4F90C10042291FBF2F208FB0323F6
:100440001F444B4203F0030301F00301D4E7B4F966
:100450000C10B4F90E3000294FF0020291FBF2F2B9
:1004600001F0010108FB03231F44B8BF4942C5E75F
:10047000B4F90E30B4F90C2008FB03F303EB42038C
:100480001F440021BBE7B4F90E3008FB03F2A38937
:10049000032113FB0123F3E7B4F90E30B4F90C2068
:1004A00008FB0323ECE7B4F90E30B4F90C2008FB89
:1004B00003F303EB8203E3E70127B4E7843401206D
:1004C00010B5064B1B78012B07D1B0F908000B685B
:1004D0001468C3EB401313600C6010BD7C34012022
:1004E00013B590F85C300446CDE90021A3B96A4603
:1004F00001A92046FFF7E4FFE36C0199009AC91AAD
:10050000236D0191D21A002A00920BDA01230029EF
:100510000EDA43F0040313E0FFF708FF0028E6D1EA
:1005200002B010BDA36D9A42ACBF02230023EEE7D8
:10053000606D8142ACBF082000201843C3B258B19F
:10054000002284F85C200199009AE1662267C4E9E0
:10055000181284F86830E3E784F86900D4E90630BB
:10056000984203D804F11400ECF794F9012384F8BD
:100570005C3084F85D300023E5E773B502AB0446D8
:1005800043F8082D01911A4601A9FFF799FFE36C82
:100590000199009AC91A236D0191D21A002A00927A
:1005A0001CDBA36D9A42ACBF02200020002917DBA0
:1005B000636D9942ACBF08230023034394F868009D
:1005C000DDB278B904F11400FFF764FD019B2366E6
:1005D000009B636684F8685002B070BD0120E5E7B7
:1005E0000423EAE713B110EA05031CD194F85C3048
:1005F00004F11406D4E918128BB984F86900D4E91F
:100600000630984202D83046ECF744F9012384F8CA
:100610005C3084F85D30DDE900213046D4E73046B7
:10062000FFF738FDF7E71D46D0E7000038B52DEDA0
:10063000108BF6EE00BA9FED5ABA0546B0EE40CAEE
:10064000F0EE60CAB0EE41DAF0EE61DAB0EE42EA06
:10065000F0EE62EA0C46F0EE6BAA082C6ED87EEE45
:100660004C6A7DEEEE7A3DEE4E6A3EEEEC7A66EE38
:10067000E77A3CEE0DFAE6EE077A7CEEADFA7DEE17
:100680000E9A3DEEAEAAF5EEC07AF1EE10FA2FEE1C
:100690002BFA6FEEABFA69EEAB9A2AEE2BAA48BFA3
:1006A000F1EE677A7FEE298A3FEE8A9AF4EECB7AF2
:1006B000F1EE10FA68EEAB8A29EE2B9AB5EE006ADD
:1006C0003FDD27EE077A67EEA77AA6EEA67A27EE39
:1006D000067AF4EEC77AF1EE10FA47D87EEE4D0AAC
:1006E0003EEEED0A00F0B0FA7DEE4C0AB0EE408A24
:1006F0003DEEEC0A00F0A8FA38EE400ADFED297A68
:10070000B5EEC00AF1EE10FA48BFB1EE400AB4EE01
:10071000E70AF1EE10FAA4BFDFED237A37EEC00A44
:10072000DFED227AB4EEE70AF1EE10FA1ED5F0EE14
:10073000490AB0EE680A2846EAF702F9BDEC108BC8
:1007400038BD7CEE0E7AB0EE687AA7EEEA7A7CEEDF
:10075000AE7AF0EE496AE7EEEA6A66EEA67AE7EE6E
:10076000077AF4EEC67AF1EE10FAE0D90134F0EE31
:100770006C0AB0EE4C0A2146F0EE492AB0EE682A27
:10078000F0EE6F1AB0EE4F1A2846FFF74FFFF0EE6B
:100790004ADAB0EE69DAF0EE49CAB0EE68CA5CE750
:1007A000FFE6DB2EDB0F4940DB0FC940CDCCCC3D53
:1007B00030B52DED108B044685B0F0EE408AF0EE9A
:1007C000609AF0EE41FAB0EE61FAF0EE42BAB0EEA5
:1007D00062CAF0EE43AAB0EE63BA0D46082D00F2ED
:1007E00015813BEEAA6AF6EE007A7FEEAB6A26EE42
:1007F000276A38EEAFDA8DED016AA6EEA76A2DEE14
:1008000027DA7CEE0BCAB0EE4DEAA6EEA7EA6CEE54
:10081000A7CA66EE276A3FEE0C7ACDED036A79EE41
:100820008FDAF0EE6C6AE7EE276A6DEEA7DA2EEE4D
:1008300027EAF0EE6DEAE7EE27EA26EEA77A6EEEFB
:10084000A7EA8DED027A9DED037A3EEE079A9DEDC3
:10085000027A3EEE87AA29EE279A2AEE27AAF0EE20
:10086000676A002D00F00D817AEEE85A3FEE4B7A70
:100870007BEE697A3FEEEA6A25EEC77A3BEEEA5AEA
:10088000A6EE277A3CEE4B6AB5EEC07A25EEC66A34
:10089000F1EE10FAA5EE276ADFED8B4AB5EEC06ADD
:1008A00048BFB1EE477AF1EE10FAB4EEE47A48BFF1
:1008B000B1EE466AF1EE10FAB5EE005A40F3AA80A6
:1008C000B4EEE46AF1EE10FA5CDD65EEA55A37EE9F
:1008D000067AE7EEA75A27EE077A65EE857AB4EE38
:1008E000E77AF1EE10FA00F2CC807BEEEF0A3CEEF4
:1008F0004F0A00F0A9F97FEEE80AB0EE408A3FEE19
:10090000690A00F0A1F938EE40FA7AEEEB0AB5EE8A
:10091000C0FAF1EE10FA3BEE4C0A48BFB1EE4FFAC6
:1009200000F092F930EE480ADFED687AB5EEC00AC1
:10093000F1EE10FAB4EEE7FA48BFB1EE400ADFED8F
:10094000637AF1EE10FAA8BF9FED617AB4EEE70A80
:10095000A8BF37EE4FFAF1EE10FAA8BF9FED5C7A10
:10096000DFED5C7AA8BF37EE400A3FEE000AB4EE36
:10097000E70AF1EE10FA40F18480F0EE4A0AB0EE98
:10098000490A40E067EEA77A27EE077AE5EEA57AF6
:1009900067EE857AB4EEE77AF1EE10FA71D87BEE65
:1009A000EF0A3CEE4F0A00F04FF97FEEE80AB0EE96
:1009B000408A3FEE690A00F047F938EE400ADFED61
:1009C000437AB5EEC00AF1EE10FA48BFB1EE400A24
:1009D000B4EEE70AF1EE10FAA4BFDFED3D7A37EE90
:1009E000C00ADFED3C7AB4EEE70AF1EE10FA48D522
:1009F000F0EE4F0AB0EE6F0A2046E9F7A1FFF0EEE5
:100A00004C0AB0EE6B0A2046E9F79AFF05B0BDEC40
:100A1000108B30BD9FED2C7AB4EEC76AF1EE10FA60
:100A200019DD67EEA77A26EE067AE5EEA57A67EE7F
:100A3000857AB4EEE77AF1EE10FA22D87AEEEB0A74
:100A40003BEE4C0A00F000F97BEEEF0AB0EE408A74
:100A50003CEE4F0AAFE778EEAA7AB0EE497AA7EEFD
:100A6000E67A79EE8B7AB0EE4A6AA7EEE66A66EE2F
:100A7000067AE7EE077AF4EEC57AF1EE10FA7FF621
:100A80007CAF0135F0EE690AB0EE680A2946F0EE57
:100A90004A3AB0EE493AF0EE6E2AB0EE4E2AF0EE47
:100AA0006D1AB0EE4D1A2046FFF782FEB0EE6CCA0A
:100AB000DDED01BA9DED02FADDED03FAF0EE4A9AA2
:100AC000F0EE498A8AE600BFFFE6DB2EDB0F4940E5
:100AD000DB0FC940CDCCCC3D10B5044B044640F8EB
:100AE000143BEBF7D1F9204610BD00BF9453020828
:100AF00010B50446FFF7F0FF2046742100F026F8F9
:100B0000204610BD70B50B7990F82C50002B0CBF0F
:100B10000123002304460E4680F82C3009D14DB144
:100B20003379012B0CD1236820461B6EBDE8704041
:100B300018472DB1236820465B699847002DEFD1F7
:100B400070BD0B460146184602F05CB800F012B8C2
:100B50000268D207034605D4427802B1FFDE0120C5
:100B6000587070470020704701230360704708B534
:100B700000F00EF801F090BF08B5804701F058FF73
:100B8000024B1868BFF35B8F704700BF0001002065
:100B900008B5FFF7F5FFFFF7EFFF000000000000CA
:100BA0001FB553EC102B264823F00041814207D893
:100BB0009FED211B002005B05DF804EB00F038BA72
:100BC0002048814208D910461946DFF78FFC41ECD6
:100BD000100B05B05DF804FB684600F0E5FA00F084
:100BE000030001280CD0022811D0E8B99DED021BAA
:100BF0009DED000B012000F01BFA51EC100BE6E715
:100C00009DED021B9DED000B00F04AF9F5E79DED0F
:100C1000021B9DED000B012000F00AFA53EC102B93
:100C2000104603F10041D2E79DED021B9DED000B44
:100C300000F036F9F2E700BF0000000000000000FD
:100C4000FB21E93FFFFFEF7F00F052BD08B52DED1E
:100C5000028BB0EE408A00F0A1F8B4EE488AF1EEC3
:100C600010FA0CD6DFED078AB4EEE88AF1EE10FA3E
:100C700005D502F08FF988EEA80A21230360BDECA8
:100C8000028B08BD0000000010EE103A07B51E4AA6
:100C900023F00043934206D8DFED1C0A03B05DF851
:100CA00004EB00F085BCB3F1FF4F04D330EE400AF3
:100CB00003B05DF804FB684600F0BAFD00F00300E5
:100CC000012809D0022810D0B0B9DDED010A9DED50
:100CD000000A00F06DFCEBE7DDED010A9DED000A76
:100CE00000F0BEFCB1EE400AE2E7DDED010A9DED49
:100CF000000A00F05DFCF5E7DDED010A9DED000A5C
:100D0000012000F0ADFCD3E7D80F493F0000000000
:100D100010EE103A07B51F4A23F00043934207D85C
:100D2000DFED1D0A002003B05DF804EB00F098BC75
:100D3000B3F1FF4F04D330EE400A03B05DF804FB7B
:100D4000684600F075FD00F0030001280AD0022873
:100D50000FD0C0B9DDED010A9DED000A012000F0C1
:100D60007FFCEAE7DDED010A9DED000A00F020FCC2
:100D7000E3E7DDED010A9DED000A012000F070FCC3
:100D8000B1EE400AD9E7DDED010A9DED000A00F061
:100D90000FFCF5E7D80F493F00000000B1EEC00A94
:100DA000704700000000000051EC100BC1F30A5323
:100DB0002DE9F041A3F2FF36132E0C46054680467E
:100DC00034DC002E17DA32A3D3E90023DFF790FBDF
:100DD00000220023DFF7C0FD50B1002C55DA24F0CB
:100DE00000442C430025AC422B4C08BF4FF000447C
:100DF0002146284623E0294F374101EA07030343F0
:100E00001DD023A3D3E90023DFF772FB00220023C8
:100E1000DFF7A2FD0028EBD0002CBEBF4FF48013FB
:100E20003341E41824EA07040025E1E7332E0ADD04
:100E3000B6F5806F03D102460B46DFF759FB41EC54
:100E4000100BBDE8F081A3F213434FF0FF37DF40F2
:100E50000742F4D00EA3D3E90023DFF749FB0022B9
:100E60000023DFF779FD0028C2D0002C0ADA142E07
:100E700001D1013406E0C6F134060123B3401D441C
:100E80004545F6D325EA0705B2E700252C46AFE72E
:100E90009C7500883CE4377E0000F0BFFFFF0F0028
:100EA0002DE9F74F57EC106B27F00048B8F1795F48
:100EB0008DED001B06D230463946DFF757FD00287E
:100EC00000F0888032463B4630463946DFF7E0F98D
:100ED000514B002204460D46DFF7DAF940A3D3E96F
:100EE000002382468B4620462946DFF7D1F93EA3F0
:100EF000D3E90023DFF7FCFA22462B46DFF7C8F9D7
:100F00003BA3D3E90023DFF7F1FA22462B46DFF7B4
:100F1000BFF939A3D3E90023DFF7EAFA22462B46CB
:100F2000DFF7B6F936A3D3E90023DFF7DFFA22466D
:100F30002B46DFF7ADF934A3D3E90023DFF7D8FA66
:100F400022462B46DFF7A4F922462B46DFF7A0F90D
:100F5000DDE9002304460D4630463946DFF798F9AF
:100F60000B46024629462046DFF7C0FA2B4B984530
:100F700006460F4610D802460B4650465946DFF744
:100F8000B5FA0B46264902460020DFF7AFFA41ECDE
:100F9000100B03B0BDE8F08F224B214998458CBF60
:100FA000214DA8F50015002422462B460020DFF72E
:100FB0009DFA2246804689462B4650465946DFF721
:100FC00095FA32463B46DFF791FA02460B46404619
:100FD0004946DAE79FED0E0BDBE700BFAFF3008079
:100FE000D43888BEE9FAA8BDC4B1B4BD9EEE213E96
:100FF000AD529C804F7E923E9015CB19A001FA3ED7
:101000007751C1166CC1563F4C5555555555A53FA6
:10101000000000000000F03F0000E03F3233D33F0B
:101020000000F03F0000E93F0000D23F0000000058
:101030002DE9F04F55EC104B25F0004385B0B3F18E
:10104000795F8DED021B804605D220462946DFF7E9
:101050008DFC002852D022462B4620462946DFF739
:1010600017F982468B4602460B4620462946DFF793
:101070000FF942A3D3E90023CDE9000150465946B8
:10108000DFF706F93FA3D3E90023DFF72FFA524633
:101090005B46DFF7FDF83DA3D3E90023DFF728FA2D
:1010A00052465B46DFF7F4F83AA3D3E90023DFF7B3
:1010B0001DFA52465B46DFF7EBF838A3D3E900236D
:1010C000DFF716FA06460F46B8F1000F1BD10246AD
:1010D0000B4650465946DFF7DBF825A3D3E900233A
:1010E000DFF704FADDE90023DFF7D2F802460B460A
:1010F00020462946DFF7FCF904460D4645EC104B27
:1011000005B0BDE8F08FDDE902011B4B0022DFF7DF
:10111000BFF83246804689463B46DDE90001DFF7ED
:10112000B7F802460B4640464946DFF7DFF952461C
:101130005B46DFF7ADF8DDE90223DFF7D7F90CA353
:10114000D3E9002306460F46DDE90001DFF7A0F8EA
:1011500002460B4630463946DFF7CAF902460B46CF
:1011600020462946DFF7C2F9C6E700BFAFF300808B
:10117000495555555555C53F0000E03F7CD5CF5AE0
:101180003AD9E53DEB9C2B8AE6E55A3E7DFEB15708
:10119000E31DC73ED561C119A0012A3FA6F8101171
:1011A0001111813F000000002DE9F04F57EC106B4A
:1011B000C54B8DB027F0004898450446049707D8E2
:1011C0000022002380ED000BC0E90223002528E067
:1011D000BE4B984578D8049BBD4D002B3046ACA340
:1011E000D3E90023394638DDDFF780F9A845064604
:1011F0000F461AD0A8A3D3E90023DFF777F90246F8
:101200000B468046894630463946DFF76FF9A2A380
:10121000D3E90023DFF76AF9C4E90089C4E90201D0
:10122000012528460DB0BDE8F08F9DA3D3E900232A
:10123000DFF75CF99CA3D3E9002306460F46DFF7EE
:1012400055F902460B468046894630463946DFF757
:101250004DF995A3D3E90023DCE7DFF749F9A84569
:1012600006460F4618D08CA3D3E90023DFF740F9D8
:1012700002460B468046894630463946DFF736F946
:1012800085A3D3E90023DFF733F94FF0FF35C4E935
:101290000089C4E90201C4E781A3D3E90023DFF791
:1012A00027F981A3D3E9002306460F46DFF720F98B
:1012B00002460B468046894630463946DFF716F926
:1012C00079A3D3E90023DEE7824B984500F2D18071
:1012D00000F066F957EC106B75A3D3E90023304694
:1012E0003946DEF7D5FF7C4B0022DFF701F9DFF747
:1012F0003DFB0546DFF748FA02460B46CDE90223DF
:1013000063A3D3E90023DEF7C3FF02460B46304652
:101310003946DFF7EBF860A3D3E9002382468B461A
:10132000DDE90201DEF7B4FF1F2D06460F460CDC97
:101330006A4B6A1E53F82230434506D032463B467C
:1013400050465946DFF7D2F80EE03B46324650464B
:101350005946DFF7CBF84FEA28530593C1F30A53F8
:10136000C3EB1853102B02DCC4E9000139E04CA395
:10137000D3E90023DDE90201DEF78AFF06460F46C6
:1013800002460B4650465946DFF7B0F802460B4678
:101390008046894650465946DFF7A8F832463B4614
:1013A000DFF7A4F840A3D3E9002306460F46DDE9A2
:1013B0000201DEF76DFF32463B46DFF797F8024643
:1013C0000B4606460F4640464946DFF78FF8059A1A
:1013D000C1F30A53D31A312B20DCC4E90001C24601
:1013E000CB46D4E90089504642464B465946DFF782
:1013F0007DF83B463246DFF779F8049B002BC4E9C1
:101400000201BFF60EAF09F10043636001F1004332
:10141000C4F80080A060E3606D4202E726A3D3E930
:101420000023DDE90201DEF733FF06460F460246E0
:101430000B4640464946DFF759F802460B468246BE
:101440008B4640464946DFF751F832463B46DFF7C8
:101450004DF81BA3D3E9002306460F46DDE9020140
:10146000DEF716FF32463B46DFF740F806460F46EA
:1014700064E71B4B984535D932463B4630463946E2
:10148000DFF734F8C4E90201C4E900019EE600BFB9
:1014900000004054FB21F93F3163621A61B4D03D32
:1014A0000000601A61B4D03D7370032E8A19A33B0B
:1014B00083C8C96D305FE43F0000002E8A19A33B4A
:1014C000C14920259A837B39FB21E93F7BD9024022
:1014D000FB21F93FFB2139410000E03FA053020806
:1014E000FFFFEF7F4FEA2855A5F21645A8EB0551FF
:1014F00030460F46DFF73AFADFF746F902460B4669
:1015000030463946CDE90623DEF7F0FF224B0022B4
:10151000DEF7BEFE0F460646DFF728FADFF734F99E
:1015200002460B4630463946CDE90823DEF7DEFF9A
:10153000194B0022DEF7ACFECDE90A010DF13009AE
:101540004FF003080026002779E9020132463B46A6
:10155000C24608F1FF38DFF7D7F90028F4D10F4B66
:101560000193022300932A465346214606A800F021
:101570006BFB049B002B0546BFF653AED4E900215C
:1015800001F10043C4E90023D4E9022101F1004341
:10159000C4E9022340E700BF000070412054020864
:1015A00051EC100B024621F0004343EC102B704726
:1015B00010EE103A23F00043B3F1485FF0EE406ABA
:1015C000B7EE000A04D2FDEEE67A17EE902A42B397
:1015D00026EEA67ADFED1A7A9FED1A6A1A4AA7EE6E
:1015E000276A9342DFED197AE6EE077A9FED186AD3
:1015F000A7EE876ADFED177AE6EE077A9FED166AA7
:10160000A7EE876A60EEE60A26EE076AF6EE007A33
:10161000E7EE060A67EE277A04D877EEE07A30EE36
:10162000670A70470D4A93429ABF03F17F4307EE62
:10163000103AB5EE027A30EE470A77EEC77AECE759
:101640004ED747ADF6740F319999993E7CF293B419
:10165000010DD037610BB6BAABAA2A3D0000483F56
:1016600010EE103A23F00043B3F1485F04D2FDEED0
:10167000C07A17EE903A5BB320EE007ADFED157A70
:101680009FED156AA7EE276ADFED147AE6EE077A7A
:101690009FED136AA7EE876ADFED127A60EE076AA4
:1016A000E6EE077A30B99FED106AA7EE276AA6EE3C
:1016B000260A704767EEE67AB6EE006AE0EE867AB2
:1016C000D7EE870ADFED097AE6EEA70A30EE600A68
:1016D000704700BFD3C92E2F342FD7B21BEF383637
:1016E000010D50B98988083CABAA2ABEABAA2A3E94
:1016F00010EE902A22F00041B1F1FF4F10B5F0EE4C
:10170000407A06D810EE100A20F00043B3F1FF4FE4
:1017100004D977EEA07AB0EE670A10BDB2F17E5F11
:1017200003D1BDE8104000F0B3B9941704F00204EF
:1017300044EAD07443B9022C5ED09FED347A032C76
:1017400008BFF0EE477AE6E741B9DFED317A9FED69
:10175000317A0028B8BFF0EE477ADCE7B1F1FF4FED
:1017600010D1B3F1FF4F04F1FF3407D1022C46D85A
:10177000294B03EB8403D3ED007ACCE7022C41D84C
:10178000264BF6E7B3F1FF4FDFD05B1AB3F1F45FFE
:101790004FEAE3511ADA002A01DA3C3119DB87EE0D
:1017A000A00A00F049FA00F073F9F0EE407A012C3B
:1017B00012D0022C17D0002CADD09FED197A77EE05
:1017C000877A9FED187A77EEC77AA4E7DFED107A73
:1017D000EDE7DFED157AEAE717EE903A03F1004303
:1017E00007EE903A97E79FED0E7A77EE877A9FEDB6
:1017F0000D7A77EE677A8EE7DFED0A7A8BE7DFED19
:101800000B7A88E7DFED087A85E700BFDB0F49C078
:10181000DB0FC93FDB0FC9BF34550208285502084A
:101820002EBDBB33DB0F494000000000DB0F493FFA
:10183000F0B510EE106A884B26F000459D4287B047
:10184000044605D8002380ED000A4360002022E012
:10185000824B9D423AD826F00043002E9FED807ABD
:10186000804A23F00F0318DD934270EE477A09BFD8
:101870009FED7D7ADFED7D6ADFED7D6A77EEC77AD9
:1018800037EEE67A77EEC77A80ED007A77EEE67A81
:10189000C0ED017A012007B0F0BD934270EE077AE7
:1018A00009BF9FED717ADFED716ADFED716A77EE46
:1018B000877A37EEA67A77EEC77A80ED007A77EEF0
:1018C000A67AC0ED017A4FF0FF30E4E7694B9D4204
:1018D00073D800F0B1F99FED687AF6EE007AE0EE89
:1018E000077AFDEEE77AB8EEE77A17EE900ADFEDB9
:1018F0005C7AA7EE670A1F28DFED5C7A67EE277A2D
:10190000B1EE476A70EE676A16EE901A09DC5B4A20
:10191000471E26F0004352F8272023F0FF0393428E
:1019200007D1C1F3C752C2EBD552082A4FEAE5539B
:1019300014DC216094ED007A30EE470A002E30EE80
:10194000670A84ED010AA6DAB1EE477AB1EE400AE1
:1019500084ED007A84ED010A40429CE7DFED425AB3
:10196000F0EE406AE6EE256A70EE667AE6EE257ADB
:10197000DFED3F5AD7EE257A76EEE75A15EE902A3C
:10198000C2F3C7515B1A192B04DCC4ED005AB0EE48
:10199000660ACFE7DFED3A5AB0EE660AA6EE250AF0
:1019A00076EEC07ADFED376AE6EE257AD7EE267A54
:1019B00030EE677A84ED007ABCE7B5F1FF4F06D3CD
:1019C00070EE407AC0ED017AC0ED007A3EE7EA158C
:1019D000863AA5EBC25307EE903ABDEEE77ADFED0B
:1019E0002A6AB8EEC77A77EEC77A8DED037A67EE8A
:1019F000A67ABDEEE77AB8EEC77A77EEC77A8DEDB4
:101A0000047A67EEA67AF5EE407AF1EE10FACDEDA3
:101A1000057A1ED1B5EE407AF1EE10FA0CBF012323
:101A200002231A4901910221009103A8214600F0E6
:101A300063FC002EBFF62FAFD4ED007AF1EE677A8B
:101A4000C4ED007AD4ED017AF1EE677AC4ED017A43
:101A500082E70323E5E700BFD80F493FE3CB1640F9
:101A6000800FC93FD00FC93F004435374344353755
:101A700008A3852E800F494384F9223F4055020870
:101A800000A3852E32318D2400008043C05502080A
:101A900038B510EE105A25F00044B4F1A14FF0EE25
:101AA000407A10D3B4F1FF4F04D970EE007AB0EE53
:101AB000670A38BDDFED4D7A9FED4D7A002DC8BF26
:101AC000F0EE477AF3E74B4B9C4210D8B4F1445FF9
:101AD0000AD29FED497A30EE077AF7EE006AB4EE4B
:101AE000E67AF1EE10FAE2DC4FF0FF3313E000F09B
:101AF000A3F8424B9C424FD8A3F5D0039C4241D857
:101B0000F0EE007ABFEE007AA0EE277A002330EEE6
:101B1000270AC7EE007A5A1C27EEA76A9FED387A8B
:101B2000DFED385A9FED385A66EE066AE6EE875AC0
:101B30009FED367AA5EEA67ADFED355AE7EE265A06
:101B40009FED347AA5EEA67ADFED335AE7EE265AFA
:101B50009FED327AA6EE875A9FED317AA5EE267A6E
:101B60009FED305AA7EE265A9FED2F7AA5EE267AE2
:101B700027EE267AA5EE867A27EE877A21D177EEB0
:101B8000C77A94E7F7EE007A30EE677A30EE270AEC
:101B90000123C7EE007ABEE7244B9C420BD8F7EE38
:101BA000087AB7EE007AA0EE277A022370EE676A11
:101BB000C6EE877AAFE7BFEE007AC7EE007A03235E
:101BC000A9E71B4A1B4902EB830201EB8303D3ED18
:101BD000006A37EE667A002D37EE677AD2ED007A2A
:101BE00077EEC77AB8BFF1EE677A60E7DB0FC9BF5F
:101BF000DB0FC93FFFFFDF3ECAF24971FFFF973F8E
:101C0000D769853C59DA4B3D6BF16EBD356B883D2C
:101C10006E2EBA3D2549123EABAAAA3E21A215BDA1
:101C200095879DBD388EE3BDCDCC4CBEFFFF1B40DC
:101C3000E8580208D858020810EE103A23F0004382
:101C400000EE103A704700002DE9F04F2DED028BA9
:101C5000ADF5197D12F1140F06930491BE4BA499B2
:101C6000089053F821300093069B03F1FF33A8BF7F
:101C7000D41E0593B2BF0024182394FBF3F46FF035
:101C8000170304FB033303EB020B009B059A9FED44
:101C9000AE8B03EB0208A59BA71A20AE03EB8709C6
:101CA0000025454513DD069B20AA02EBC3050DF573
:101CB000E07A4FF00008009B984531DC9FEDA27B55
:101CC000DDF820908DED027B2F4600261BE0EF42D1
:101CD00007D459F82500DEF757FDE6E80201013583
:101CE000DFE751EC180BF8E7D7E90023F9E8020128
:101CF000DEF7CEFA02460B46DDE90201DEF7F8FB1D
:101D0000CDE902010136059B9E42A7F10807EBDDF4
:101D10009DED027B08F10108AAEC027B0835CAE7B9
:101D2000009BDDF800800CAA02EB83030A93A59BBD
:101D300003EB840309934FEAC8030B9398AB03EBBF
:101D4000C80313ED287B8DED027B0CAC70AB03EB6D
:101D5000C805A146C246BAF1000FA5F1080577DC17
:101D600058469DED020B00F03BFD57EC106B002236
:101D70004FF07F5330463946DEF78AFA41EC100BBC
:101D8000FFF712F8754B51EC100B0022DEF780FACA
:101D900002460B4630463946DEF7A8FB0F4606469C
:101DA000DEF7E4FD0290DEF7EFFC02460B4630461C
:101DB0003946DEF79BFBBBF1000F06460F466CDD94
:101DC00008F1FF310CAB029D53F82130CBF1180024
:101DD00043FA00F2154482409B1A0CAA029542F87D
:101DE0002130CBF1170243FA02F9B9F1000F64DD9B
:101DF000029B00220133029315466FF07F4190450C
:101E000000F3B880BBF1000F07DDBBF1010F00F05C
:101E1000BF80BBF1020F00F0C680B9F1020F4CD1B8
:101E200032463B464E490020DEF760FB06460F4631
:101E3000002D42D058469FED460B00F0D1FC3046B5
:101E4000394653EC102BDEF751FB06460F4634E0C3
:101E5000444B0022DDE90201DEF71AFADEF786FDC7
:101E6000DEF792FC404B002206460F46DEF710FAE2
:101E700002460B46DDE90201DEF738FBDEF776FDB0
:101E8000D5E9002349F8040B39463046DEF730FB2C
:101E90000AF1FF3ACDE902015DE707D108F1FF330E
:101EA0000CAA52F823304FEAE3599EE72F4B002249
:101EB000DEF748FD002843D181460022002330464A
:101EC0003946DEF721FD002800F0BF8008F1FF331E
:101ED000002200998B426EDA002A00F0898008F116
:101EE000FF380CABABF1180B53F82830002BF6D0B1
:101EF00058469FED170B00F073FC08F10103DA0060
:101F0000059255EC104B70AADFF858B002EBC307EE
:101F100046464FF0000A002E80F2CF804446002C47
:101F2000C0F2FD80124B1F4670AB03EBC403069357
:101F30004FF0000A4FF0000B0026A8EB0405E2E08A
:101F40004FF0020954E700BF00000000000000004D
:101F5000000000000000F03F385902080000204057
:101F60000000F03F0000703E000070410000E03FC4
:101F7000F858020854F8043B45B923B1C3F1807303
:101F800044F8043C012301321D4638E7CB1AF7E739
:101F900008F1FF320CAB53F82230C3F316030CA93F
:101FA00041F8223039E708F1FF320CAB53F8223008
:101FB000C3F31503F3E70CA951F82310013B0A43BF
:101FC00087E7013453F8042D002AFAD00B9B03F560
:101FD00018730DEB0305069B20AA434408F1010783
:101FE000983D02EBC3064444BC4204DAA046A2E694
:101FF0000A9B0124E6E7099B53F82700DEF7C4FBA0
:102000009FEDB17BE6E802018DED027BDDF82090CB
:10201000B2464FF00008059B984505DD9DED027B1B
:102020000137A5EC027BDFE77AE90223F9E8020138
:10203000DEF72EF902460B46DDE90201DEF758FA1B
:1020400008F10108CDE90201E5E7CBF1000047EC1A
:10205000106B00F0C5FB55EC104B9D4B0022204649
:102060002946DEF76FFC00B39A4B00222046294632
:10207000DEF70EF9DEF77AFC0646DEF785FB944BB9
:102080000022DEF705F90B46024629462046DEF718
:102090002DFADEF76BFC0CAB0BF1180B43F82800A4
:1020A00008F1010843F8286022E720462946DEF7B8
:1020B0005DFC0CAB43F828001AE70CAB53F8260084
:1020C000DEF762FB22462B46DEF7E2F8524667E96E
:1020D00002015B4620462946DEF7DAF8013E044657
:1020E0000D4618E70699F1E802230691F7E8020188
:1020F000DEF7CEF802460B4650465946DEF7F8F9B1
:10210000013682468B46009B9E4201DCB542E9DAED
:1021100048AB03EBC505C5E900AB013CFFE6A49B5A
:10212000022B0BDC002B39DC5DD0029B03F0070097
:102130000DF5197DBDEC028BBDE8F08FA49B032B40
:10214000F3D1059B03F518730DEB0304A4F5A474F8
:102150002546C246BAF1000FA5F108056BDC4546DD
:10216000012DA4F1080400F38780059C48AB1C44B2
:1021700000200021B8F1010F00F39C80DDE94878D0
:10218000DDE94A56B9F1000F40F0A680049BC3E98F
:102190000078C3E90256C3E90401C6E7059D48ABD0
:1021A0001D44444600200021002C35DAB9F1000F0F
:1021B00038D0024601F10043049CC4E900230246E2
:1021C0000B46DDE94801DEF791F94AAD0124A0454F
:1021D0002BDAB9F1000F02D001F100431946049B3C
:1021E000C3E90201A1E7059C48AB1C440020002183
:1021F000B8F1000F09DAB9F1000F02D001F1004384
:102200001946049BC3E900018FE774E90223DEF756
:102210006FF908F1FF38EBE775E90223DEF768F99B
:10222000013CC1E702460B46C6E7F5E80223DEF7AC
:102230005FF90134CBE795ED007B8DED007B95EDEB
:10224000027BDDE9000153EC172B8DED067BDEF7F9
:102250004FF902460B4606460F46DDE90001DEF760
:1022600045F9DDE90623DEF743F90AF1FF3AC5E94E
:102270000201C5E900676DE794ED007BD4E902AB8C
:1022800051EC170B52465B468DED007BDEF730F9C3
:1022900002460B4606460F46DDE90001DEF726F949
:1022A00052465B46DEF724F9013DC4E90201C4E968
:1022B000006755E774E90223DEF71AF908F1FF38E1
:1022C00058E700BFAFF300800000000000000000EE
:1022D000000070410000703E049B049A1F6008F1EA
:1022E00000445C609D6006F10043D36001F100434F
:1022F0001061536119E700BF2DE9F04F2DED048BFC
:10230000D9B090460190B94A669818F1040F52F876
:1023100020A00F4603F1FF3B27DBB8F1030248BFC3
:1023200008F10402D210551C67999FEDB47AE800B9
:10233000A2EB0B060290A8EBC5050AEB0B0C1CAC3C
:1023400001EB860E0020604511DD1CA901EB830026
:102350000DF588794FF0000CD44527DCDDF804E05A
:10236000DFEDA67A0646002416E00022DBE7C6422F
:102370005DBF5EF8201007EE901AF8EEE77AF0EEF7
:10238000477AE4EC017A0130DDE7FEEC016A96ED74
:10239000007AE6EE877A01345C45A6F10406F4DDA6
:1023A000E9EC017A0CF1010C0430D5E708A901EB46
:1023B0008A0104916799DFED908A9FED8E9A01EB77
:1023C000820203925446A200059258AA02EB8402AC
:1023D00012ED140A44A908AA01EB8400944626468B
:1023E000002EA0F104004CDC2846CDE9062300F0C5
:1023F00075FAB0EE408AB4EE000A28EE000A00F04A
:10240000D3FAF2EE007AA0EE678A002DDDE906230A
:10241000FDEEC87A17EE909AF8EEE77A38EE678A02
:1024200041DD04F1FF3C08A9C5F1080E51F82C600C
:1024300046FA0EF0814400FA0EF0361AC5F1070094
:1024400041F82C600641002E3CDD4FF0000E09F1F2
:1024500001097046744568DC002D03DD012D74D040
:10246000022D7DD0022E2DD1B7EE000A30EE488A23
:1024700040B32846069300F031FA069B38EE408AB6
:1024800020E060EE287A013EFDEEE77AF8EEE77A8A
:10249000A7EEC90ABDEEC00AACEC010A90ED000A35
:1024A00037EE800A9CE705D1601E08A951F820602C
:1024B000F611C8E7F6EE007AB4EEE78AF1EE10FA0C
:1024C00031DA0026B5EE408AF1EE10FA40F098803D
:1024D000601E002250454BDA002A65D0013C08AB53
:1024E000083D53F82430002BF8D02846B7EE000AF8
:1024F00000F0F4F9631C44AA9FED3F7A990002EBC7
:1025000083022346002B80F2A9802346002BC0F2D1
:10251000C78044AA02EB8305DFF8D4C0DFED377A29
:102520000020E21AB1E002268FE752F8041B48B9F6
:1025300021B1C1F5807142F8041C01210EF1010E98
:10254000084687E7C1F1FF01F5E704F1FF3C08AA5F
:1025500052F82C2002F07F0208A941F82C2081E7D4
:1025600004F1FF3C08AA52F82C2002F03F02F3E7E6
:1025700008A951F8201001380A43ABE7013250F89E
:10258000046D002EFAD0059901F5B0710DEB010034
:10259000E6181CA904F1010C4C3801EB8606224414
:1025A000624504DA14460EE704980122E7E703992E
:1025B000DDF804E051F82C10059107EE901AF8EEC2
:1025C000E77A0024E6EC017ADFED0C7AB1465C454F
:1025D00004DDE0EC017A0CF1010CE1E7FEEC016AAC
:1025E00039ED017A0134E6EE877AF0E77459020892
:1025F00048590208000080430000803B00000000B2
:10260000029BB0EE480AA3EB080000F067F91FED4B
:10261000077AB4EEC70AF1EE10FA19DB5FED0A7A19
:1026200060EE277A08AAFDEEE77A0835F8EEE77A39
:10263000A7EEC70AFDEEE77ABDEEC00A10EE103A2B
:1026400042F8243017EE903A013442F824304CE737
:10265000BDEEC00A08AA10EE103AF6E708A850F836
:102660002300019007EE900AF8EEE77A013B67EE4F
:10267000807A20EE070A62ED017A43E7FCEC016AFA
:10268000B5EC017AE6EE877A0130504501DC8242F2
:10269000F4DA58A800EB820242ED287A013B35E7D4
:1026A000669B022B09DC002B2BDC44D009F00700D1
:1026B00059B0BDEC048BBDE8F08F669B032BF5D1C0
:1026C00030AA0B1F13441A4620460028A2F1040228
:1026D00052DC2246012AA3F104035DDC30AB5FED3E
:1026E000397A0B44012C67DCDDED306A9DED317ADF
:1026F000002E67D1C7ED006A87ED017AC7ED027A37
:10270000D4E730AB1FED437A0B442246002A24DA8B
:102710004EB3F1EE477AC7ED007ADDED307A77EE11
:10272000C77A31AA01239C4220DA0EB1F1EE677A12
:10273000C7ED017ABAE730AB5FED507A0B44002C5D
:1027400005DA0EB1F1EE677AC7ED007AAEE733ED48
:10275000017A013C77EE877AF1E773ED017A013A6D
:1027600037EE277AD2E7F0EE477AD4E7B2EC017A77
:10277000013377EE877AD6E7D2ED007AD2ED016A9F
:1027800037EEA67A013877EEC77A82ED007A77EED7
:10279000A67AC2ED017A98E7D3ED007AD3ED016A0B
:1027A00037EEA67A013A77EEC77A83ED007A77EEB4
:1027B000A67AC3ED017A8DE733ED017A013C77EE1D
:1027C000877A8FE7F1EE666AB1EE477AC7ED006A65
:1027D00087ED017AF1EE677A90E700BF0000000014
:1027E00070B555EC104BC5F30A5106462B4691B90E
:1027F00025F0004323433DD0354B20462946002297
:10280000DDF746FD334B9E4204460D460FDA28A302
:10281000D3E900231EE040F2FF7291420BD1224621
:1028200020462946DDF764FE04460D4622E00B46AD
:10283000C1F30A5136394CF2503296420DDD002D6B
:102840001DA1D1E9000102DA1DA1D1E900011AA3FD
:10285000D3E90023DDF71CFDE6E7721840F2FE71B4
:102860008A42ECDC002A08DD23F0FF4323F4E00376
:1028700043EA025545EC104B70BD12F1350F08DAF2
:10288000002D0BA1D1E90001C1DA0FA1D1E90001AE
:10289000BDE723F0FF43363223F4E00343EA025559
:1028A00020460D4B29460022D4E700BFAFF300803D
:1028B00059F3F8C21F6EA5019C7500883CE4377E71
:1028C0009C7500883CE437FE59F3F8C21F6EA58161
:1028D00000005043B03CFFFF0000903C10EE103A67
:1028E00033F000422BD0B2F1FF4F02D330EE000A9A
:1028F000704713F0FF4F23D1244BDFED257A984228
:1029000020EE270A17DB10EE103AC3F3C752193A2C
:102910004CF25031884215DDDFED1E7ADFED1E6A84
:1029200010EE103AB0EE677A002BB8BFF0EE667A80
:1029300027EE870A7047DFED197A27EE800A704785
:10294000D20DE5E71044FE28E6DC002806DD23F082
:10295000FF4343EAC05300EE103A704710F1160FE0
:1029600009DADFED0E7ADFED0E6A10EE103AB0EE06
:10297000677A002BD9E7193023F0FF4343EAC053AD
:102980009FED080A07EE903AD7E700BFB03CFFFF83
:102990000000004CCAF24971CAF249F16042A20D2E
:1029A0006042A28D0000003310EE103AC3F3C7520C
:1029B0007F3A162A23F000412BDC002A12DADFEDE1
:1029C000197A30EE270AB5EEC00AF1EE10FA06DDEC
:1029D000002B24DA0029144B08BF4FF0004300EE0F
:1029E000103A7047114911410B42FAD0DFED0D7AD0
:1029F00030EE270AB5EEC00AF1EE10FAEFDD002B3B
:102A0000BEBF4FF4000040FA02F29B1823EA010314
:102A1000E5E7B1F1FF4FE4D330EE000A7047002341
:102A2000DDE700BFCAF24971000080BFFFFF7F00F1
:102A300008B5062000F03CFA0120DFF7FDFF00009A
:102A40001FB514461A46094B1B680546D86854B989
:102A5000074B1C46CDE9013400912B46054900F097
:102A600083F9FFF7E5FF044BF4E700BF10010020F6
:102A7000BB5902088D5902088059020800230146FB
:102A80001A46184600F0C2BA024B0146186800F018
:102A90002DB800BF10010020024B0146186800F05D
:102AA00011BB00BF1001002070B50F4E0C463168FD
:102AB000054611B900F04CFA30602146284600F076
:102AC00047FA431C03D14FF0FF34204670BDC41CAD
:102AD00024F00304A042F8D0211A284600F038FA66
:102AE0000130F2D1EFE700BFE03E01202DE9F843CD
:102AF000CD1C25F0030508350C2D38BF0C25002D05
:102B0000064601DBA94204D90C2333600020BDE84E
:102B1000F883DFF8D48000F069F8D8F800301C465C
:102B200044BB29463046FFF7BFFF431C044658D13B
:102B3000D8F800402746002F43D1002C4BD0236803
:102B40003946304604EB030900F002FA814542D1D0
:102B500021686D1A29463046FFF7A6FF01303AD0AA
:102B600023682B442360D8F800305A6862BBC8F849
:102B700000700FE02268521B20D40B2A17D961196C
:102B8000A342256018BF5960636808BFC8F80010E9
:102B900062514B60304600F02FF804F10B00231D0A
:102BA00020F00700C21A1CBF1B1AA350AFE76268CF
:102BB000A3420CBFC8F800205A60EBE723466468C4
:102BC000AEE73C467F68B6E71A465B68A342FBD196
:102BD00000235360DEE70C233360304600F00CF82E
:102BE00094E70560D6E700BFE43E0120014800F00D
:102BF000FCB900BF28400120014800F0F7B900BF30
:102C00002840012010B504460448134620B10A4666
:102C10000220214600F0FAF910BD00BF0D30020875
:102C2000002310B50446C0E90033C0E904338360D3
:102C300081814366C2818361194608225C3000F0BD
:102C400006F90D4B63620D4BA3620D4BE3620D4B16
:102C500023630D4B24629C4206D003F16802944228
:102C600002D0D0339C4205D104F15800BDE8104099
:102C700000F0BAB910BD00BFC92D0208EB2D020843
:102C8000232E0208472E0208E83E0120024A03498B
:102C9000034800F07BB800BF04010020013802089F
:102CA0001401002041680C4B994210B5044601D034
:102CB00000F0A6FDA168094B994202D0204600F021
:102CC0009FFDE168064B994204D02046BDE81040C4
:102CD00000F096BD10BD00BFE83E0120503F01202E
:102CE000B83F012010B50B4B0B4C0C4A1A60204624
:102CF00000220421FFF794FF04F16800012209215A
:102D0000FFF78EFF04F1D0000222BDE8104012212F
:102D1000FFF786BF20400120E83E01208D2C0208ED
:102D2000014800F062B900BF2A400120014800F0CC
:102D30005DB900BF2A40012010B50446FFF7F0FF3F
:102D4000236A1BB1BDE81040FFF7F0BF044B2362BC
:102D5000044B1B68002BF5D1FFF7C4FFF2E700BF5F
:102D6000A52C0208204001200EB403B5014603AB98
:102D7000054853F8042B0068019300F017FA02B0DD
:102D80005DF804EB03B07047100100202DE9F84313
:102D90000746884614460026D4E90195B9F1010991
:102DA00005D52468002CF7D13046BDE8F883AB89FF
:102DB000012B07D9B5F90E30013303D02946384627
:102DC000C04706436835E9E710B50C46B1F90E1067
:102DD00000F098F80028ABBF636DA3891B1823F49B
:102DE0008053ACBF6365A38110BD2DE9F0411F4640
:102DF0008B89DB0505460C46164605D5B1F90E1044
:102E00000223002200F06CF8A389B4F90E1023F419
:102E10008053A38132463B462846BDE8F04100F08E
:102E2000A7B810B50C46B1F90E1000F059F8431CC4
:102E3000A38915BF606523F4805343F48053A381B5
:102E400018BFA38110BDB1F90E1000F039B80244CB
:102E50000346934200D1704703F8011BF9E71F298D
:102E600038B505460C4604D9162303604FF0FF30F1
:102E700038BDC26B12B152F821304BB9284600F070
:102E800065F8224601462846BDE8384000F04CB8B7
:102E9000012B0AD0591C03D1162303600120E7E758
:102EA000002142F82410204698470020E0E7000067
:102EB000024B01461868FFF7D2BF00BF1001002087
:102EC00038B5064D0023044608462B60DFF7D6FDD3
:102ED000431C02D12B6803B1236038BD244001207C
:102EE00038B5074D04460846114600222A601A46A6
:102EF000DFF7CEFD431C02D12B6803B1236038BD40
:102F00002440012038B5074D0446084611460022EA
:102F10002A601A46DFF796FD431C02D12B6803B1E5
:102F2000236038BD2440012038B5074D00230446F6
:102F3000084611462B60DFF777FD431C02D12B6852
:102F400003B1236038BD00BF24400120DFF76ABD14
:102F500038B5064D0023044608462B60DFF79AFD7E
:102F6000431C02D12B6803B1236038BD24400120EB
:102F700038B5074D04460846114600222A601A4615
:102F8000DFF76EFD431C02D12B6803B1236038BD0F
:102F900024400120014B1868704700BF1001002039
:102FA00070B50D4D0D4C641BA4100026A64209D12E
:102FB0000B4D0C4C00F064FD641BA4100026A642CF
:102FC00005D170BD55F8043B98470136EEE755F83A
:102FD000043B98470136F2E7A8D50308A8D50308B3
:102FE000A8D50308BCD503087047704770470A444A
:102FF000914200F1FF3300D1704710B511F8014B39
:1030000003F8014F9142F9D110BD00002DE9F843BA
:10301000274D0746286891460E469846FFF7E5FF7C
:10302000244A14683CB9244B1360244A12B1126834
:10303000C3F88820204C63681F2B06DD2868FFF743
:10304000D5FF4FF0FF30BDE8F8832FB3D4F88800E8
:1030500068B91B4B002BF1D04FF48470FFF714FDBF
:103060000028EBD00023C0E94033C4F8880063682F
:1030700040F8239001229A4000EB8301D0F8003100
:103080001343C0F80031022FC1F8808002BFD0F88E
:1030900004311343C0F80431636828685A1C0233B2
:1030A000626044F82360FFF7A1FF0020CBE700BF78
:1030B00060010020B84001202C400120BC590208CA
:1030C000892A020838B50546002941D051F8043C48
:1030D0000C1F002BB8BFE418FFF788FD1D4A1368CA
:1030E00033B9636014602846BDE83840FFF784BDFB
:1030F000A34208D9206821188B4201BF19685B6878
:1031000009182160EDE71A465B680BB1A342FAD9B2
:1031100011685018A0420BD1206801445018834216
:103120001160E0D118685B68536008441060DAE70A
:1031300002D90C232B60D6E7206821188B4204BFEC
:1031400019685B68636004BF091821605460CAE7AE
:1031500038BD00BFE43E01209368013B002B10B452
:10316000936008DA9469A34201DB0A2903D15DF870
:10317000044B00F06DBB1368581C106019700846B2
:103180005DF8044B7047F8B506460F461446D5184F
:10319000AC4201D1002007E014F8011B3A4630464A
:1031A000FFF7DAFF431CF3D1F8BD00002DE9F04F23
:1031B0000D469DB014469846064618B1036A0BB9F1
:1031C000FFF7BAFD6B6ED90705D4AB899A0502D417
:1031D000A86DFFF70AFFAB891B0701D52B699BB9C7
:1031E0002946304600F072FB70B16B6EDC0704D5E7
:1031F0004FF0FF301DB0BDE8F08FAB899805F7D4D4
:10320000A86DFFF7F3FEF3E70023099320238DF861
:103210002930CDF80C803023DFF8AC818DF82A30CE
:103220004FF0010923469A4613F8012B0AB1252ACB
:10323000F9D1BAEB040B0BD05B4622462946304647
:10324000FFF7A1FF013000F0A780099A5A440992C4
:103250009AF80030002B00F09F8000234FF0FF32DF
:10326000CDE905230AF1010A049307938DF8533041
:103270001A935446052214F8011B5348DCF7B8FF93
:10328000049AD8B9D10644BF20238DF853301307D0
:1032900044BF2B238DF853309AF800302A2B15D0D9
:1032A000079A544600204FF00A0C214611F8013BC2
:1032B000303B092B4BD9B0B1079214E0A0EB0803C7
:1032C00009FA03F313430493A246D2E7039B191DA3
:1032D0001B680391002BBBBF5B4242F002020793C5
:1032E0000793B8BF049223782E2B0AD163782A2B38
:1032F00032D1039B1A1D1B68039243EAE373023425
:103300000593DFF8D4A0217803225046DCF770FF44
:1033100038B1049BA0EB0A004022824013430134E1
:10332000049314F8011B29488DF828100622DCF7B5
:103330005FFF00283FD0264B1BBB039B073323F0C6
:10334000070308330393099B3B4409936AE70CFB8B
:1033500002320C460120A8E70023013405931946E8
:103360004FF00A0C204610F8012B303A092A03D9F5
:10337000002BC6D00591C4E70CFB012104460123B4
:10338000F0E703AB00932A46124B04A93046AFF393
:1033900000800746781CD6D16B6ED90705D4AB895F
:1033A0009A0502D4A86DFFF721FEAB895B063FF5B5
:1033B0001FAF09981EE703AB00932A46054B04A9EB
:1033C000304600F079F8E4E7C0590208CA5902080B
:1033D0000000000087310208C65902082DE9F047B5
:1033E000164698468A680B69DDF820909342B8BF6C
:1033F0001346336091F8432007460C460AB1013367
:1034000033602368990642BF33680233336025680E
:1034100015F0060506D104F1190AE36832689B1A13
:10342000AB4226DC94F843302268003B18BF0123EE
:1034300092062BD404F1430241463846C847013076
:103440001ED02368226903F00603042B02BFE5683F
:103450003368ED1AA3680CBF25EAE5750025934291
:10346000C4BF9B1AED1800261A34B5421AD10020A9
:1034700008E00123524641463846C847013003D18F
:103480004FF0FF30BDE8F0870135C6E7E1185A1C60
:10349000302081F84300224494F8451082F843100C
:1034A0000233C7E70123224641463846C847013068
:1034B000E6D00136D9E700002DE9FF470F7E0C9ECC
:1034C000782F914680460C469A4601F1430207D870
:1034D000622F0AD8002F00F0D280582F00F0B98058
:1034E00004F1420684F842703AE0A7F16303152B19
:1034F000F6D801A151F823F05135020865350208CC
:10350000E1340208E1340208E1340208E13402083F
:1035100065350208E1340208E1340208E1340208AA
:10352000E1340208653602088F3502081F360208AA
:10353000E1340208E134020887360208E134020867
:103540008F350208E1340208E13402082736020808
:1035500033681A1D1B68326004F1420684F8423059
:1035600001239DE033682068191D3160060601D5EE
:103570001D6803E04506FBD5B3F90050002D03DAC2
:103580002D236D4284F8433059480A2311E0216805
:103590003368080653F8045B02D4490648BFADB24D
:1035A0006F2F5348336014BF0A230823002184F887
:1035B00043106668A660002EA2BF216821F00401B6
:1035C00021600DB9002E4BD01646B5FBF3F103FB7D
:1035D0001157C75D06F8017D2F46BB420D46F4D951
:1035E000082B0BD12368DF0708D52369616899424E
:1035F000DEBF302306F8013C06F1FF36921B226144
:10360000CDF800A04B4603AA21464046FFF7E6FE50
:1036100001304AD14FF0FF3004B0BDE8F087236895
:1036200043F0200323603348782784F845702368EB
:1036300031681F0651F8045B02D45F0648BFADB283
:103640003160D90744BF43F0200323601DB110232C
:10365000ACE72748E9E7236823F020032360F6E777
:103660001646BDE7336825686169181D30602E066F
:103670001B6801D5196002E06806FBD5198000239C
:1036800023611646BCE733681A1D32601E68626803
:1036900000213046DCF7ACFD08B1801B6060636838
:1036A0002361002384F84330AAE723693246494660
:1036B0004046D0470130ADD023689B0713D4E06863
:1036C000039B9842B8BF1846A6E7012332464946F5
:1036D0004046D04701309DD00135E36803995B1A1D
:1036E000AB42F2DCEBE7002504F11906F5E700BF79
:1036F000D1590208E2590208B1F90C202DE9F04134
:10370000160705460C4654D44B68002B02DC0B6CA4
:10371000002B48DDE66A002E45D0002312F48052CB
:103720002F68216A2B6030D0626DA389590705D5B7
:103730006368D21A636B0BB1236CD21A0023E66A5A
:10374000216A2846B047431CA38906D129681D2950
:103750002BD82A4A0A41D60727D400226260D9040E
:103760002269226004D5421C01D12B6803B960652F
:10377000616B2F60B9B104F14403994202D028462D
:10378000FFF7A0FC002363630DE001232846B04748
:103790000246501CC9D12B68002BC6D01D2B01D06E
:1037A000162B1ED12F60002022E043F040031BB2F5
:1037B0001BE00F69002FF6D093070E6808BF4B6916
:1037C0000F6018BF0023A6EB07088B60B8F1000F4D
:1037D000E9DD216AA66A43463A462846B0470028F2
:1037E00008DCB4F90C3043F04003A3814FF0FF3004
:1037F000BDE8F0810744A8EB0008E7E7FEFFBFDF64
:1038000038B50B6905460C4613B90025284638BD66
:1038100018B1036A0BB9FFF78FFAB4F90C30002B1B
:10382000F3D0626ED00704D4990502D4A06DFFF7DF
:10383000DCFB28462146FFF75FFF636EDA0705468B
:10384000E4D4A3899B05E1D4A06DFFF7CFFBDDE7AE
:10385000F8B50E461446054618B1036A0BB9FFF7D2
:103860006BFAA369A360A3891A0701D5236943B939
:103870002146284600F02AF818B14FF0FF373846A5
:10388000F8BD23682269981A6369F6B28342374605
:1038900005DC21462846FFF7B3FF0028EDD1A368D9
:1038A000013BA36023685A1C22601E706269431C9E
:1038B0009A4204D0A389DB07E1D50A2EDFD1214645
:1038C0002846FFF79DFF0028D9D0D6E738B5294B09
:1038D000054618680C4618B1036A0BB9FFF72CFAB5
:1038E000B4F90C30190722D4DA0607D409222A6069
:1038F00043F04003A3814FF0FF3033E0580712D567
:10390000616B41B104F14403994202D02846FFF7AC
:10391000D9FB00236363A38923F02403A38100233D
:10392000636023692360A38943F00803A3812369AB
:103930004BB9A38903F42073B3F5007F03D021466C
:10394000284600F03FF8B4F90C3013F001020AD019
:103950000022A26062695242A261226942B913F058
:103960008000C5D138BD990758BF6269A260F4E7ED
:103970000020F7E71001002070B50C46B1F90E10D9
:10398000002996B015461E460DDAA38913F0800F64
:103990004FF0000114BF40234FF4806300203160DA
:1039A0002B6016B070BD6A4600F048F80028ECDBCA
:1039B000019901F47041A1F50053594259414FF466
:1039C0008063EBE78B89F7B59D0706460C4607D564
:1039D00004F14703236023610123636103B0F0BD59
:1039E00001AB6A46FFF7C8FF009F054639463046DF
:1039F000FFF77CF848B9B4F90C309A05EED423F0FF
:103A0000030343F00203A381E2E7A389206043F0AC
:103A10008003A381019BC4E904075BB1B4F90E10D4
:103A2000304600F01DF828B1A38923F0030343F0CA
:103A30000103A381A3891D43A581CFE738B5074DB5
:103A400000230446084611462B60DFF71AF8431C92
:103A500002D12B6803B1236038BD00BF2440012090
:103A600038B5064D0023044608462B60DFF70EF8F4
:103A7000431C02D12B6803B1236038BD24400120D0
:103A8000F8B500BFF8BC08BC9E467047F8B500BF4B
:083A9000F8BC08BC9E4670471B
:103A980000000000FFFFFFFFFFFFFFFF0000000026
:103AA800010000000000000000000000010000000C
:103AB800FFFFFFFFFFFFFFFF01000000FFFFFFFF09
:103AC800FFFFFFFF010000000100000001000000EF
:103AD8000000000000000000530E0008550E00080A
:103AE800A90E0008AD0F00086672616D6542756623
:103AF80066657220213D203020262620224120663E
:103B080072616D656275666665722061646472656E
:103B18007373206D75737420626520736574220059
:103B28007669727475616C20766F696420746F753C
:103B380063686766783A3A48414C3A3A736574461E
:103B480072616D654275666665725374617274411F
:103B5800646472657373657328766F69642A2C20B0
:103B6800766F69642A2C20766F69642A29002E2EC4
:103B78002F2E2E2F4D6964646C6577617265732FE3
:103B880053542F746F7563686766782F6672616D1A
:103B980065776F726B2F696E636C7564652F746FD0
:103BA8007563686766782F68616C2F48414C2E688A
:103BB8007070007769647468203E3D204449535012
:103BC8004C41595F57494454482026262068656966
:103BD800676874203E3D20444953504C41595F4822
:103BE800454947485420262620224672616D656261
:103BF80075666665722063616E6E6F7420626520FB
:103C0800736D616C6C6572207468616E2064697391
:103C1800706C617922007669727475616C20766FB8
:103C2800696420746F7563686766783A3A48414CEE
:103C38003A3A7365744672616D6542756666657277
:103C480053697A652875696E7431365F742C2075EE
:103C5800696E7431365F74290000000000000000AE
:103C6800000000004B110008D3110008FD100008E7
:103C7800691200084D11000869110008CF110008E9
:103C8800BB110008198900082789000809110008D4
:103C9800FD940008718B0008B3110008251C00086A
:103CA800AD120008419100082F890008758D0008A1
:103CB8006D900008D7900008D18D0008D1920008B7
:103CC8000992000865940008358E0008818B000869
:103CD80055930008D99300089D110008BF110008EA
:103CE800C3110008C7110008CB1100080B11000808
:103CF8002912000811110008A98C0008158D000868
:103D080025110008271100082B110008351100089B
:103D18003B110008EB880008898E00084311000851
:103D2800D5890008191C00081D1C0008B7110008D7
:103D3800898B0008878C0008E111000845110008EC
:103D48004711000849110008286672616D655F62B5
:103D580075666665725F73656D20213D204E554C12
:103D68004C2920262620224372656174696F6E20D3
:103D78006F66206672616D6562756666657220732E
:103D8800656D6170686F7265206661696C65642233
:103D98000073746174696320766F696420746F7549
:103DA80063686766783A3A4F535772617070657204
:103DB800733A3A696E697469616C697A6528290091
:103DC800433A2F546F75636847465850726F6A6557
:103DD8006374732F48656C6C6F546F7563684746DE
:103DE800582F546F7563684746582F74617267651A
:103DF800742F67656E6572617465642F4F535772CF
:103E08006170706572732E63707000287673796EB6
:103E1800635F717565756520213D204E554C4C29B1
:103E280020262620224372656174696F6E206F66B2
:103E3800207673796E63206D657373616765207191
:103E480075657565206661696C6564220030202699
:103E5800262022556E737570706F727465642046E3
:103E68006F726D617421220075696E7433325F74EC
:103E78002053544D3332444D413A3A676574436890
:103E8800726F6D4152544F7574707574466F726DD0
:103E9800617428746F7563686766783A3A42697422
:103EA8006D61703A3A4269746D6170466F726D6106
:103EB800742900433A2F546F756368474658507207
:103EC8006F6A656374732F48656C6C6F546F7563A4
:103ED800684746582F546F7563684746582F746172
:103EE800726765742F67656E6572617465642F53B8
:103EF800544D3332444D412E6370700075696E74B1
:103F080033325F742053544D3332444D413A3A674B
:103F180065744368726F6D415254496E707574468A
:103F28006F726D617428746F7563686766783A3A62
:103F38004269746D61703A3A4269746D6170466F96
:103F4800726D61742900302026262022556E737503
:103F580070706F7274656420666F726D6174220090
:103F68007669727475616C20766F69642053544D5C
:103F78003332444D413A3A736574757044617461E3
:103F8800436F707928636F6E737420746F756368FC
:103F98006766783A3A426C69744F702629000000C7
:103FA8000000000000000000931300088996000834
:103FB80081130008D1130008F19600088B1300083C
:103FC8008713000899130008B91300089F95000883
:103FD800159700089995000819150008611400083C
:103FE8002B9600082D9600082B960008D5960008F9
:103FF80000000000000000004D18000861180008CB
:1040080091830008A5830008658300086983000878
:104018008B830008DB170008DF170008E317000888
:10402800EB1700080000000000000000211800083D
:104038003518000891830008A583000865830008E7
:10404800698300088B830008B9170008BD170008AA
:10405800C3170008CF170008000000000000000088
:10406800F91700080D18000891830008A5830008B7
:1040780065830008698300088B8300089D17000882
:10408800A1170008A5170008AF17000800000000D6
:104098000000000075180008AD180008F3170008A4
:1040A800636F6D70617469626C654672616D65629B
:1040B8007566666572284269746D61703A3A52474E
:1040C8004235363529202626202254686520636823
:1040D8006F73656E207061696E746572206F6E6CA7
:1040E8007920776F726B7320776974682052474222
:1040F80035363520646973706C6179732200746F8A
:104108007563686766783A3A41627374726163747A
:104118005061696E7465725247423536353A3A4194
:10412800627374726163745061696E746572524728
:10413800423536352829002E2E2F2E2E2F4D696414
:10414800646C6577617265732F53542F746F756350
:10415800686766782F6672616D65776F726B2F6915
:104168006E636C7564652F746F7563686766782F06
:10417800776964676574732F63616E7661732F4125
:10418800627374726163745061696E7465725247C8
:10419800423536352E6870700000000000000000BF
:1041A800000000000000000000000000FB1A0008EA
:1041B800FF1A0008071B00086F0B02080000000028
:1041C80000000000C71B0008C91B000839B9000817
:1041D8002B1B000855F9000829BA0008291C0008FB
:1041E800B11A0008D3F80008371C000813F90008B2
:1041F800EDF80008B51A0008B91A0008BD1A000839
:10420800C11A0008C51A0008C71A0008C91A000808
:10421800CB1A0008CD1A0008B5F90008CF1A000813
:10422800E71A0008091B00080F1B0008151B0008E7
:104238004D1B00080000000000000000C51B00081E
:10424800D71B0008AB9D0008371B00083B1B000864
:10425800411B0008471B0008519D0008A1AE00083B
:10426800679D00086D9D0008919D0008E99D000864
:10427800959D0008511B0008551B0008591B000894
:104288006D7951756575653031004755495F5461E1
:10429800736B0064656661756C745461736B0000C0
:1042A8008842020800000000000000000000000032
:1042B8000000000000000000924202080000000018
:1042C8000000000000000000000000000080000066
:1042D8001800000000000000000000009B420208D7
:1042E80000000000000000000000000000000000C6
:1042F800000200001800000000000000000000009C
:104308000000000000000000D92A0008C92A00089F
:10431800CB2A0008A05E020800000000F00032006E
:1043280005000000E6003240201A030800000000E3
:10433800F000320005000000E600324000000000F6
:10434800000000005D2B00085F2B000873697A6588
:104358006F662853637265656E5479706529203CD1
:104368003D20686561702E73637265656E53746F66
:10437800726167652E656C656D656E745F73697AC9
:1043880065282920262620225669657720616C6CCD
:104398006F636174696F6E206572726F723A204341
:1043A8006865636B207468617420616C6C20766941
:1043B8006577732061726520616464656420746F39
:1043C8002046726F6E74656E64486561703A3A563D
:1043D8006965775479706573220050726573656EEC
:1043E800746572547970652A20746F75636867669E
:1043F800783A3A6D616B655472616E736974696F6E
:104408006E2853637265656E2A2A2C205072657374
:10441800656E7465722A2A2C204D56504865617065
:10442800262C205472616E736974696F6E2A2A2C67
:10443800204D6F64656C547970652A29205B776913
:1044480074682053637265656E54797065203D20E9
:1044580053637265656E31566965773B20507265A6
:1044680073656E74657254797065203D205363726C
:1044780065656E3150726573656E7465723B205464
:1044880072616E7354797065203D204E6F5472616D
:104498006E736974696F6E3B204D6F64656C5479F7
:1044A8007065203D204D6F64656C5D002E2E2F2EAB
:1044B8002E2F4D6964646C6577617265732F535450
:1044C8002F746F7563686766782F6672616D65779C
:1044D8006F726B2F696E636C7564652F6D76702FC4
:1044E8004D56504170706C69636174696F6E2E68C7
:1044F80070700073697A656F662850726573656EAF
:104508007465725479706529203C3D206865617036
:104518002E70726573656E74657253746F7261671D
:10452800652E656C656D656E745F73697A6528299B
:10453800202626202250726573656E74657220618C
:104548006C6C6F636174696F6E206572726F723A1A
:1045580020436865636B207468617420616C6C200B
:1045680070726573656E746572732061726520611F
:104578006464656420746F2046726F6E74656E643F
:10458800486561703A3A50726573656E7465725425
:1045980079706573220073697A656F662854726151
:1045A8006E735479706529203C3D20686561702ED2
:1045B8007472616E736974696F6E53746F72616738
:1045C800652E656C656D656E745F73697A652829FB
:1045D80020262620225472616E736974696F6E20DA
:1045E800616C6C6F636174696F6E206572726F7253
:1045F8003A20436865636B207468617420616C6C51
:10460800207472616E736974696F6E73206172656C
:1046180020616464656420746F2046726F6E7465EF
:104628006E64486561703A3A5472616E7369746970
:104638006F6E54797065732200000000000000005E
:1046480000000000B12B0008F72B0008B32B00086E
:10465800D32B00080000000000000000C1E20008A1
:1046680039E300084DE3000869E3000851E6000853
:10467800252C0008852B0008052C0008892B00082C
:10468800ADE500086F2B00089DE20008712B0008BB
:1046980061E3000889EE000809E300088DE70008D7
:1046A800D9E200081DE40008000000000000000036
:1046B800AF2B0008E92B0008A92B00087D2B000868
:1046C8007F2B0008152C0008812B00080000000033
:1046D800000000003D2E0008932E00082B02010860
:1046E8000D2B00082D2B0008312B0008293300085A
:1046F8004533000801F700081FF8000819F70008FB
:10470800B9F70008352B0008AFF70008392B000867
:104718003D2B0008452B0008592E0008BFF700085C
:10472800352E0008392E00084B2B0008512B0008A5
:104738003F2E00087479706564546578747320217D
:104748003D203020262620225479706564546578EF
:104758007420646174616261736520686173206E9E
:104768006F74206265656E20696E697469616C6931
:104778007A65642E2200636F6E737420746F75639C
:10478800686766783A3A466F6E742A20746F756364
:10479800686766783A3A5479706564546578743A0B
:1047A8003A676574466F6E74282920636F6E737458
:1047B800002E2E2F2E2E2F4D6964646C6577617242
:1047C80065732F53542F746F7563686766782F6607
:1047D80072616D65776F726B2F696E636C75646556
:1047E8002F746F7563686766782F547970656454A1
:1047F8006578742E687070000000000000000000EA
:10480800172F00084D2F0008192F0008372F000810
:1048180000000000000000005D2F0008712F000854
:10482800670901080F2F0008032F0008052F00084B
:1048380041040108E9040108E9030108112F0008EF
:10484800092F00080B2F00080D2F000875736564E9
:10485800203E203000746F7563686766783A3A5571
:104868006E69636F64653A3A556E69636F64654350
:1048780068617220746F7563686766783A3A546540
:10488800787450726F76696465723A3A63697263D4
:10489800756C61724275666665723C73697A653ECD
:1048A8003A3A7065656B436861722829205B7769BD
:1048B800746820756E7369676E656420696E74200C
:1048C80073697A65203D2031303B20746F756368C9
:1048D8006766783A3A556E69636F64653A3A556E19
:1048E80069636F646543686172203D2073686F7205
:1048F8007420756E7369676E656420696E745D00F7
:104908002E2E2F2E2E2F4D6964646C65776172658B
:10491800732F53542F746F7563686766782F6672A8
:10492800616D65776F726B2F696E636C7564652F47
:10493800746F7563686766782F5465787450726F02
:1049480076696465722E687070006F666673657448
:10495800203C207573656400746F756368676678BA
:104968003A3A556E69636F64653A3A556E69636F92
:1049780064654368617220746F7563686766783A26
:104988003A5465787450726F76696465723A3A631E
:10499800697263756C61724275666665723C7369AB
:1049A8007A653E3A3A7065656B4368617228756945
:1049B8006E7431365F7429205B7769746820756E70
:1049C8007369676E656420696E742073697A6520FF
:1049D8003D2031303B20746F7563686766783A3ADA
:1049E800556E69636F64653A3A556E69636F6465BD
:1049F80043686172203D2073686F727420756E730E
:104A080069676E656420696E743B2075696E7431E0
:104A1800365F74203D2073686F727420756E7369F9
:104A2800676E656420696E745D0000000000000018
:104A380000000000C1E2000839E300084DE3000867
:104A480069E30008E9340008252C0008D734000879
:104A5800D9340008892B0008ADE500086F2B000841
:104A68009DE20008712B000861E3000889EE000848
:104A780009E300088DE70008D9E200081DE40008F2
:104A8800000000000000000023350008233500085E
:104A98001D35000825350008FCFFFFFF0000000059
:104AA8001F35000833350008000000000000000032
:104AB800613500087535000867090108A93500083F
:104AC800032F00084D35000841040108E9040108D6
:104AD800E9030108112F0008092F000851350008C3
:104AE800AD350008000000000102030400000000CA
:104AF80000000000010203040607080949444C4568
:104B080000546D725100546D72205376630000009A
:104B1800000000000000000000000000000000008D
:104B280091830008A583000865830008698300084D
:104B38008B8300086F0B02086F0B02086F0B0208CB
:104B48006F0B020800000000000000004784000806
:104B5800498400081F8800080784000855F90008E0
:104B6800B1F80008291C0008BD830008D3F8000824
:104B7800B984000813F90008EDF80008B51A000810
:104B8800B91A0008BD1A0008C11A0008C51A000899
:104B9800C71A0008C91A0008CB1A0008CD1A00085D
:104BA800B5F90008CF1A000891880008D5830008D5
:104BB80057840008EF83000801840008C1830008B7
:104BC80085840008198500082F840008818700085B
:104BD80013840008101820000000000808080808BE
:104BE80000000000000000006995000875950008A5
:104BF800319600082F960008E3960008759600087D
:104C08008D9500080000000000000000BF9C00080F
:104C1800C19C0008FB1A0008FF1A0008BD9C000888
:104C2800019800080000000000000000159D000821
:104C38003D9D0008F99C0008FF1A0008399D0008EE
:104C48001B9D0008D19C0008F8FFFFFF0000000032
:104C5800179D00084B9D0008F19C0008000000000B
:104C68000000000061A9000849AC000839A7000845
:104C7800000000000000000000000000000000002C
:104C8800AB9D0008371B00083B1B0008411B0008B0
:104C9800471B0008519D0008A1AE0008679D000849
:104CA8006D9D0008919D0008E99D0008959D0008EC
:104CB8006F0B02086F0B02086F0B020800003C0222
:104CC8007804B306EE08280B610D990FD01106146D
:104CD8003A166C189D1ACB1CF71E212148236C2507
:104CE8008E27AC29C72BDF2DF32F0332103418364B
:104CF8001D381C3A183C0E3E0040ED41D443B745E0
:104D080094476B493D4B084DCE4E8E504752FA534F
:104D1800A6554C57EB58825A135C9D5D1F5F9A60ED
:104D28000E627A63DE643A668E67DA681E6A5A6BC8
:104D38008D6CB86DDA6EF46F04710D720C730274B9
:104D4800EF74D375AE76807748780779BC79687A3E
:104D58000B7BA37B337CB87C347DA67D0E7E6D7E79
:104D6800C17E0C7F4C7F837FB07FD37FEC7FFB7F3E
:104D780000800000000000000000000091AF000863
:104D880093AF000839B900082B1B000855F9000833
:104D980029BA0008291C0008B11A0008D3F800082D
:104DA800371C000813F90008EDF80008B51A0008C8
:104DB800B91A0008BD1A0008C11A0008C51A000867
:104DC800C71A0008C91A0008CB1A0008CD1A00082B
:104DD800B5F90008CF1A0008E71A0008091B0008EF
:104DE8000F1B000831B4000841B40008000000009F
:104DF80000000000000000000000000039B90008B1
:104E08002B1B000855F9000829BA0008291C0008BE
:104E1800B11A0008D3F80008371C000813F9000875
:104E2800EDF80008B51A0008B91A0008BD1A0008FC
:104E3800C11A0008C51A0008C71A0008C91A0008CC
:104E4800CB1A0008CD1A0008B5F90008CF1A0008D7
:104E5800E71A0008091B00080F1B0008151B0008AB
:104E68006F0B02080000000000000000F1BA000803
:104E7800F3BA0008B5BA000899BA000855F900084D
:104E8800B1F8000801BB0008B11A0008D3F80008FF
:104E9800371C000813F90008EDF80008B51A0008D7
:104EA800B91A0008BD1A0008C11A0008C51A000876
:104EB800C71A0008C91A0008CB1A0008CD1A00083A
:104EC800B5F90008CF1A0008E71A0008000000002A
:104ED80000000000A5BC0008A7BC0008B5BC00087D
:104EE80073BB000855F90008B1F8000891BC000828
:104EF800B11A0008D3F80008371C000813F9000895
:104F0800EDF80008B51A0008B91A0008BD1A00081B
:104F1800C11A0008C51A0008050B0208C91A0008BA
:104F2800CB1A0008CD1A0008B5F90008CF1A0008F6
:104F3800E71A000853BB000815BB00081BBB000894
:104F4800000000000000000089BE00088BBE0008B9
:104F58000000000000000000C1E2000839E300087A
:104F68004DE3000869E3000851E60008D5E20008AF
:104F78007DE300087FE300086D2B0008ADE500081D
:104F88006F2B00089DE20008712B000861E3000800
:104F980089EE000809E300088DE70008D9E2000857
:104FA8001DE4000800000000000000000DFA0008E1
:104FB8000FFA0008C5FD000800000000000000000E
:104FC80000000000000000002B0201080D2B000863
:104FD8002D2B0008312B0008293300084533000821
:104FE80001F700081FF8000819F70008B9F70008CA
:104FF800352B0008AFF70008392B00083D2B0008B7
:10500800452B00086F0B0208BFF700082133000882
:10501800253300084B2B0008512B00086F0B0208A2
:105028000000000000000000AD030108AF03010804
:105038009B0301080000000000000000AB0301080A
:10504800BD0301089F0301080000000000000000E4
:10505800A9030108CB030108A3030108000000000D
:1050680000000000A7030108D90301086709010827
:10507800012F0008032F0008052F0008410401082C
:10508800E9040108E9030108072F0008092F0008AF
:10509800000000000000000041430108BB46010871
:1050A800D1F6010891F9010875FB0108000000001C
:1050B800000000003F430108C94601081D4E0108D1
:1050C800C55A01083D5D010800000000000000000D
:1050D8003D430108D746010871500108C15F010826
:1050E800A963010800000000000000003B4301081C
:1050F800E74601086D5401088148010800000000D6
:10510800000000004943010871480108F93C010802
:105118000000000000000000474301086348010840
:10512800214001080000000000000000454301087C
:105138005548010839EA0108000000000000000095
:10514800434301084748010841F1010800000000F5
:10515800000000005D430108E5470108233301080A
:1051680000000000000000005B430108D747010869
:10517800B135010800000000000000007943010873
:10518800214701082B1F0108000000000000000053
:1051980071430108594701084F2301080000000026
:1051A800000000006143010801480108852D01083D
:1051B80000000000000000005143010839480108C0
:1051C80023370108000000000000000077430108B1
:1051D80013470108CB21010800000000000000006F
:1051E8006F4301084B470108F9250108000000003A
:1051F800000000005F430108F3470108533001082D
:10520800000000000000000055430108AD470108F8
:105218006FCC010800000000000000004F430108A7
:105228002B480108193A010800000000000000009E
:105238006943010891470108D927010800000000C7
:1052480000000000534301089F470108BBD1010833
:105258000000000000000000754301080547010830
:10526800458C010800000000000000006D430108A3
:105278003D4701086F97010800000000000000008A
:1052880059430108C94701085DB80108000000003A
:10529800000000006743010883470108952A0108B8
:1052A80000000000000000004D4301081D480108EF
:1052B8007DD70108000000000000000073430108CA
:1052C800F7460108EB91010800000000000000000B
:1052D8006B4301082F470108BD9D0108000000002D
:1052E8000000000057430108BB47010831C301080B
:1052F80000000000000000004B4301080F480108AF
:1053080019E10108000000000000000065430108E1
:105318007547010843A401080000000000000000D0
:10532800634301086747010821AE01080000000037
:105338000000000039430108AD460108B9790108A9
:10534800D1440108E17001087B430108C9670108DD
:10535800C1430108F1690108856A0108911D010826
:10536800951D0108991D0108E5CB0008F9CB000837
:1053780089CE000805CC0008A91D0108E9CC000861
:10538800CD7D01080000000000000000D90A0208D5
:10539800F10A02087B050208FB21F93FFB210940BD
:1053A8007CD91240FB2119407A6A1F407CD92240DF
:1053B800BBFD2540FB2129403A462C407A6A2F4004
:1053C8005C4731407CD932409C6B3440BBFD354052
:1053D800DB8F3740FB2139401BB43A403A463C400A
:1053E8005AD83D407A6A3F404C7E40405C47414035
:1053F8006C1042407CD942408CA243409C6B444094
:10540800AC344540BBFD4540CBC64640DB8F4740EA
:10541800EB584840FB21494083F9A200444E6E00F6
:10542800FC291500D1572700DD34F50062DBC000E8
:105438003C999500419043006351FE00BBDEAB00F0
:10544800B761C5003A6E2400D24D42004906E0001B
:1054580009EA2E001C92D100EB1DFE0029B11C00A8
:10546800E83EA700F535820044BB2E009CE9840085
:10547800B4267000417E5F00D6913900538339000D
:105488009CF439008B5F840028F9BD00F81F3B00AD
:10549800DEFF97000F980500112FEF000A5A8B00C6
:1054A8006D1F6D00CF7E360009CB2700464FB70031
:1054B8009E663F002DEA5F00BA277500E5EBC7003E
:1054C8003D7BF100F739070092528A00FB6BEA0036
:1054D8001FB15F00085D8D00300356007BFC46005D
:1054E800F0AB6B0020BCCF0036F49A00E3A91D0096
:1054F8005E619100081BE60085996500A0145F00B5
:105508008D40680080D8FF0027734D0006063100E3
:10551800CA561500C9A873007BE260006B8CC000F6
:1055280000000080DB0F4940DB0F49C0DB0F49BF9B
:10553800E4CB1640E4CB16C0000FC93F000F49402A
:1055480000CB9640000FC9400053FB4000CB1641EA
:1055580000ED2F41000F49410031624100537B416A
:10556800003A8A4100CB9641005CA34100EDAF416F
:10557800007EBC41000FC94100A0D5410031E24185
:1055880000C2EE410053FB4100F20342003A0A42D6
:105598000083104200CB164200141D42005C2342D7
:1055A80000A5294200ED2F4200363642007E3C42DB
:1055B80000C74242000F4942A2000000F900000063
:1055C800830000006E0000004E0000004400000050
:1055D8001500000029000000FC0000002700000062
:1055E80057000000D1000000F50000003400000062
:1055F800DD000000C0000000DB00000062000000C9
:1056080095000000990000003C00000043000000E5
:105618009000000041000000FE0000005100000062
:1056280063000000AB000000DE000000BB000000CB
:10563800C500000061000000B70000002400000061
:105648006E0000003A000000420000004D0000001B
:10565800D2000000E0000000060000004900000041
:105668002E000000EA00000009000000D100000040
:10567800920000001C000000FE0000001D00000059
:10568800EB0000001C000000B10000002900000031
:10569800A70000003E000000E800000082000000B3
:1056A80035000000F50000002E000000BB000000DF
:1056B8004400000084000000E90000009C00000095
:1056C8007000000026000000B40000005F00000029
:1056D8007E00000041000000390000009100000039
:1056E800D6000000390000008300000053000000CD
:1056F80039000000F40000009C0000008400000055
:105708005F0000008B000000BD000000F9000000F1
:10571800280000003B0000001F000000F800000007
:1057280097000000FF000000DE00000005000000F8
:10573800980000000F000000EF0000002F0000009C
:10574800110000008B0000005A0000000A00000051
:105758006D0000001F0000006D0000003600000012
:105768007E000000CF00000027000000CB000000F2
:1057780009000000B70000004F00000046000000CC
:105788003F000000660000009E0000005F0000006F
:10579800EA0000002D00000075000000270000004E
:1057A800BA000000C7000000EB000000E5000000A0
:1057B800F10000007B0000003D0000000700000031
:1057C80039000000F70000008A00000052000000C5
:1057D80092000000EA0000006B000000FB000000DF
:1057E8005F000000B10000001F0000008D000000F5
:1057F8005D000000080000005600000003000000E3
:105808003000000046000000FC0000007B000000A3
:105818006B000000AB000000F0000000CF000000AB
:10582800BC000000200000009A000000F400000006
:10583800360000001D000000A9000000E300000081
:1058480091000000610000005E000000E60000001A
:105858001B0000000800000065000000990000001F
:10586800850000005F00000014000000A000000098
:1058780068000000400000008D000000FF000000EC
:10588800D8000000800000004D00000073000000F8
:10589800270000003100000006000000060000009C
:1058A8001500000056000000CA0000007300000048
:1058B800A8000000C900000060000000E20000002D
:1058C8007B000000C00000008C0000006B0000009E
:1058D8006937AC3168212233B40F14336821A233FD
:1058E8003863ED3EDA0F493F5E987B3FDA0FC93FD8
:1058F80000000040FB21F93F000000002D44743EE9
:10590800000000809846F83C0000006051CC783BCD
:1059180000000080831BF0390000004020257A3801
:10592800000000802282E336000000001DF3693584
:105938000200000003000000040000000600000050
:105948000000C93F0000F0390000DA370000A23338
:105958000000842E0000502B0000C2270000D02237
:105968000000C41F0000C61B00004417040000000C
:1059780007000000090000002C2066756E6374693A
:105988006F6E3A2000617373657274696F6E2022BE
:10599800257322206661696C65643A2066696C65C6
:1059A80020222573222C206C696E652025642573BE
:1059B80025730A00BC400120232D302B2000686C81
:1059C8004C0065666745464700303132333435361A
:1059D8003738394142434445460030313233343553
:0C59E80036373839616263646566000080
:1059F400D2CE0321500C00300C00C105004D000034
:105A04000C00000200000F0093ECDE2900F7ADDA71
:105A1400EF02330000F90A000000F30C000000F567
:105A24000A000010FD030000D56F0000B0CF030092
:105A340000E00C000000E00C000000400300000047
:105A44000000000000F00E000000F00E0000F1FF66
:105A5400EFCE380000F19EA9EBFF0900F10D000024
:105A6400D5AF00F10D000010FD06F10D000000F4AB
:105A74000CF10D000000E01FF10D000000C03FF12B
:105A84000D000000C03FF10D000000E01FF10D000B
:105A94000000F40BF10D000010FD05F10D0000D421
:105AA4009F00F19EA9EBFF0800F1FFFFCE38000034
:105AB400F1FFFFFFFF08F1AEAAAAAA05F10D00004D
:105AC4000000F10D00000000F10D00000000F1AF36
:105AD400AAAAAA05F1FFFFFFFF08F10D00000000CC
:105AE400F10D00000000F10D00000000F10D0000B8
:105AF4000000F10D00000000F1AFAAAAAA05F1FF11
:105B0400FFFFFF08F10D00000000F10D0000000090
:105B1400F10D00000000F10D00000000F10D000087
:105B24000000F10D00000000F10D00000000F10D77
:105B340000000000F10D00000000F10D0000000065
:105B4400F10D00000000F10D00000000F1AFAAAA61
:105B5400AA02F1FFFFFFFF0200B4FEAD0470EF9A4A
:105B6400FB0DF41D002008FA05000000FD010000F3
:105B740000FE00000000FD01000000FA0500000026
:105B8400F51D00200890EF9AFB0D00B5FE9D03F370
:105B94000AF30AF30AF30AF30AF30AF30AF30AF319
:105BA4000AF30AF30AF30AF30AF30AF30AF32AE9F3
:105BB400DF05F3FDBEFC4FF38F0160AFF30A000075
:105BC400DFF30A0000EEF30A0000EEF30A0000EE31
:105BD400F30A0000EEF30A0000EEF30A0000EEF30D
:105BE4000A0000EE00C5EE6C000090EFAAFD0A006A
:105BF400F41C00B16F00FA040020CF00FD00000087
:105C0400FD00EE000000FC01FD010000FE00FA04AE
:105C14000020CF00F41C00B16F0090EF9AFD0B0040
:105C240000C5FE7C0000F31AE98FF3EDCF9CF39FCF
:105C34000100F30A0000F30A0000F30A0000F30A6B
:105C44000000F30A0000F30A0000F30A0000F30A5C
:105C5400000020AF000020AF000020AF0000F6FFDE
:105C6400FF7F93DF884820AF000020AF000020AF03
:105C7400000020AF000020AF000020BF000010EFA4
:105C8400010000FA9D6A0091FD5D00000010537749
:105C9400570200000083FCFFFFFFDF170000FDFF39
:105CA400FFFFFFFFDF0200FDFFFFEFFFFFFF2E00FE
:105CB400FD9E150041FAFFBF006B0000000060FF6D
:105CC400FF02000000000000FBFF070000000000CE
:105CD40000F7FF08000000000000F6FF09000000C4
:105CE400000000F7FF07000000000000FBFF0400B5
:105CF4000000000030FFEF000000000000C1FF7F43
:105D0400000000000010FCFF0C0000000000D3FFA6
:105D1400DF020000000081FFFF2C0000000060FE95
:105D2400FF9F0000000000D0FFDF0400000000001F
:105D3400D0FF0B000000000000D0FF0900000000AD
:105D44000000D0FF09000000000000D0FF0900009F
:105D540000000000D0FF0900000000000000000067
:105D6400000000000000000000000000000000002F
:105D74000000000000000000404403000000000098
:105D840000F1FF0E000000000000F1FF0E00000013
:105D9400000000F1FF0E000000000000F1FF0E0003
:105DA40000000000000000003F0005080800050096
:105DB40000000000000000002000000000000700B8
:105DC4000000000000003F00090E0E010B0000005F
:105DD4004600000044000E0E0E010F000000A80053
:105DE400000045000B0E0E010D000000FC00000039
:105DF4004C000B0E0E010B0000005001000063006C
:105E0400090B0B010A000000870100006C00030F5E
:105E14000F0105000000A50100006E000A0B0B0134
:105E24000D000000DC0100006F000B0B0B010C00E7
:105E340000001E0200007200080B0B0109000000A4
:105E44004A0200007400080E0E0008000000000062
:0E5E5400000000003F00111F1F031600000099
:105E6400000000000000000000000000F4590208D7
:085E74000C5A0208905C0208C0
:105E7C00000000004C0045004400200063006F004F
:105E8C006E00740072006F006C0000009C5E0208D3
:025E9C00000103
:105EA0000000000000000000A08070109080608260
:105EB000908060BE907C60FF907C58FF908060FF77
:105EC000907C60FF907C58FF908060FF907C60FF2A
:105ED000907C58FF908060FF907C60FF907C58FF22
:105EE000908060FF907C60FF907C58FF908060FF06
:105EF000907C60FF907C58FF908060FF907C60FFFA
:105F0000907C58FF908060FF907C60FF907C58FFF1
:105F1000908060FF907C60FF907C58FF908060FFD5
:105F2000907C60FF907C58FF908060FF907C60FFC9
:105F3000907C58FF908060FF907C60FF907C58FFC1
:105F4000908060FF907C60FF907C58FF908060FFA5
:105F5000907C60FF907C58FF908060FF907C60FF99
:105F6000907C58FF908060FF907C58FF907C60FF91
:105F7000908060FF907C58FF907C60FF908060FF75
:105F8000907C58FF907C60FF908060FF907C58FF71
:105F9000907C60FF908060FF907C58FF907C60FF59
:105FA000908060FF907C58FF907C60FF908060FF45
:105FB000907C58FF907C60FF908060FF907C58FF41
:105FC000907C60FF908060FF907C58FF907C60FF29
:105FD000908060FF907C58FF907C60FF908060FF15
:105FE000907C58FF907C60FF908060FF907C58FF11
:105FF000907C58FF908060FF907C60FF907C58FF01
:10600000908060FF907C60FF907C58FF908060FFE4
:10601000907C60FF907C58FF908060FF907C60FFD8
:10602000907C58FF908060FF907C60FF907C58FFD0
:10603000908060FF907C60FF907C58FF908060FFB4
:10604000907C60FF907C58FF908060FF907C60FFA8
:10605000907C58FF908060FF907C60FF907C58FFA0
:10606000908060FF907C60FF907C58FF908060FF84
:10607000907C60FF907C58FF908060FF907C60FF78
:10608000907C58FF908060FF907C60FF907C58FF70
:10609000908060FF907C60FF907C58FF908060FF54
:1060A000907C58FF907C60FF908060FF907C58FF50
:1060B000907C60FF908060FF907C58FF907C60FF38
:1060C000908060FF907C58FF907C60FF908060FF24
:1060D000907C58FF907C60FF908060FF907C58FF20
:1060E000907C60FF908060FF907C58FF907C60FF08
:1060F000908060FF907C58FF907C60FF908060FFF4
:10610000907C58FF907C60FF908060FF907C58FFEF
:10611000907C60FF908060FF907C58FF907C60FFD7
:10612000908060FF907C58FF907C60FF908060FFC3
:10613000907C58FF907C60FF908060FF907C58FFBF
:10614000907C60FF908060FF907C58FF907C60FFA7
:10615000908060FF907C58FF907C60FF908060FF93
:10616000907C58FF907C60FF908060FF907C58FF8F
:10617000907C60FF908060FF907C58FF907C60FF77
:10618000908060FF907C58FF907C60FF908060FF63
:10619000907C58FF907C60FF908058FF907C60FF5F
:1061A000907C60FF908058FF907C60FF907C58FF4F
:1061B000908060FF907C60FF907C58FF908060FF33
:1061C000907C60FF907C58FF908060FF907C60FF27
:1061D000907C58FF908060FF907C60FF907C58FF1F
:1061E000908060FF907C60FF907C58FF908060FF03
:1061F000907C60FF907C58FF908060FF907C60FFF7
:10620000907C58FF908060FF907C60FF907C58FFEE
:10621000908060FF907C60FF907C58FF908060FFD2
:10622000907C60FF907C58FF908060FF907C60FFC6
:10623000907C58FF908060FF907C60FF907C58FFBE
:10624000908060FF907C60FF908058FF908060CFCE
:106250009084605D0000000000000000000000006D
:106260000000000090806020908060DF887450FF04
:10627000807048FF806C48FF806C40FF806C48FF56
:10628000806C40FF806C48FF806C48FF806C40FF52
:10629000806C48FF806C40FF806C48FF806C48FF3A
:1062A000806C40FF806C40FF806C48FF806C40FF3A
:1062B000806C40FF806C48FF806C40FF806C40FF2A
:1062C000806C48FF806C48FF806C40FF806C40FF12
:1062D000806C48FF806C40FF806C40FF806C48FF02
:1062E000806C40FF806C48FF806C48FF806C40FFF2
:1062F000806C48FF806C40FF806C48FF806C40FFE2
:10630000806C40FF806C48FF806C48FF806C40FFD1
:10631000806C40FF806C48FF806C48FF806C40FFC1
:10632000806C48FF806C48FF806C40FF806C48FFA9
:10633000806C40FF806C40FF806C48FF806C40FFA9
:10634000806C48FF806C48FF806C40FF806C48FF89
:10635000806C48FF806C40FF806C40FF806C48FF81
:10636000806C40FF806C48FF806C48FF806C40FF71
:10637000806C40FF806C48FF806C48FF806C40FF61
:10638000806C48FF806C48FF806C40FF806C48FF49
:10639000806C48FF806C40FF806C48FF806C48FF39
:1063A000806C40FF806C40FF806C48FF806C48FF31
:1063B000806C40FF806C48FF806C40FF806C40FF29
:1063C000806C48FF806C40FF806C40FF806C48FF11
:1063D000806C48FF806C40FF806C40FF806C48FF01
:1063E000806C48FF806C40FF806C48FF806C40FFF1
:1063F000806C40FF806C48FF806C48FF806C40FFE1
:10640000806C40FF806C48FF806C48FF806C40FFD0
:10641000806C48FF806C48FF806C40FF806C48FFB8
:10642000806C40FF806C40FF806C48FF806C48FFB0
:10643000806C40FF806C40FF806C48FF806C40FFA8
:10644000806C40FF806C48FF806C40FF806C48FF90
:10645000806C40FF806C48FF806C48FF806C40FF80
:10646000806C48FF806C40FF806C48FF806C40FF70
:10647000806C48FF806C48FF806C40FF806C40FF60
:10648000806C48FF806C48FF806C40FF806C40FF50
:10649000806C48FF806C40FF806C48FF806C48FF38
:1064A000806C40FF806C40FF806C48FF806C48FF30
:1064B000806C40FF806C48FF806C40FF806C48FF20
:1064C000806C40FF806C40FF806C48FF806C48FF10
:1064D000806C40FF806C40FF806C48FF806C48FF00
:1064E000806C40FF806C48FF806C40FF806C48FFF0
:1064F000806C40FF806C40FF806C48FF806C48FFE0
:10650000806C40FF806C48FF806C40FF806C40FFD7
:10651000806C48FF806C40FF806C40FF806C48FFBF
:10652000806C40FF806C48FF806C40FF806C48FFAF
:10653000806C48FF806C40FF806C48FF806C48FF97
:10654000806C40FF806C48FF806C40FF806C48FF8F
:10655000806C40FF806C48FF806C40FF806C40FF87
:10656000806C48FF806C40FF806C48FF806C48FF67
:10657000806C40FF806C40FF806C48FF806C48FF5F
:10658000806C40FF806C40FF806C48FF806C48FF4F
:10659000806C40FF806C48FF806C40FF806C40FF47
:1065A000806C48FF806C40FF806C48FF806C48FF27
:1065B000806C40FF806C40FF806C48FF806C48FF1F
:1065C000806C40FF806C48FF806C48FF806C40FF0F
:1065D000806C48FF806C48FF806C40FF806C40FFFF
:1065E000806C48FF806C40FF806C40FF806C48FFEF
:1065F000806C48FF806C40FF806C48FF806C40FFDF
:10660000806C40FF806C48FF806C48FF807048FFC2
:10661000887450FF908060DF988060200000000048
:1066200000000000907C58DF807048FF786440FFD5
:10663000786038FF786038FF786038FF706038FF26
:10664000706038FF786038FF706038FF706038FF26
:10665000786038FF706038FF706038FF786038FF0E
:10666000706038FF706038FF706038FF786038FF06
:10667000706038FF706038FF786038FF706038FFF6
:10668000706038FF706038FF786038FF706038FFE6
:10669000706038FF786038FF706038FF706038FFD6
:1066A000706038FF786038FF706038FF706038FFC6
:1066B000786038FF706038FF706038FF706038FFB6
:1066C000786038FF706038FF706038FF786038FF9E
:1066D000706038FF706038FF706038FF786038FF96
:1066E000706038FF706038FF786038FF706038FF86
:1066F000706038FF706038FF786038FF706038FF76
:10670000706038FF786038FF706030FF706038FF6D
:10671000706038FF786038FF706038FF706038FF55
:10672000786038FF706038FF706038FF706038FF45
:10673000786038FF706038FF706038FF786038FF2D
:10674000706038FF706038FF706038FF786038FF25
:10675000706038FF706038FF786030FF706038FF1D
:10676000706038FF706038FF786038FF706038FF05
:10677000706038FF786038FF706038FF706038FFF5
:10678000706038FF786038FF706038FF706038FFE5
:10679000786038FF706038FF706038FF706038FFD5
:1067A000786038FF706038FF706038FF786038FFBD
:1067B000706038FF706038FF706038FF786038FFB5
:1067C000706038FF706038FF786038FF706038FFA5
:1067D000706038FF706038FF786038FF706038FF95
:1067E000706038FF786038FF706038FF706038FF85
:1067F000706038FF786038FF706038FF706038FF75
:10680000786038FF706038FF706038FF706038FF64
:10681000786038FF706038FF706038FF786038FF4C
:10682000706038FF706038FF706038FF786038FF44
:10683000706038FF706038FF786038FF706038FF34
:10684000706038FF706038FF786038FF706038FF24
:10685000706038FF786038FF706038FF706038FF14
:10686000706038FF786038FF706038FF706038FF04
:10687000786038FF706038FF706038FF706038FFF4
:10688000786038FF706038FF706038FF786038FFDC
:10689000706038FF706038FF706038FF786038FFD4
:1068A000706038FF706038FF786038FF706038FFC4
:1068B000706038FF706038FF786038FF706038FFB4
:1068C000706038FF786038FF706038FF706038FFA4
:1068D000706038FF786038FF706038FF706038FF94
:1068E000786038FF706038FF706038FF706038FF84
:1068F000786038FF706038FF706038FF786038FF6C
:10690000706038FF706038FF706038FF786038FF63
:10691000706038FF706038FF786038FF706038FF53
:10692000706038FF706038FF786038FF706038FF43
:10693000706038FF786038FF706038FF706038FF33
:10694000706038FF786038FF706038FF706038FF23
:10695000786038FF706038FF706038FF706038FF13
:10696000786038FF706038FF706038FF786038FFFB
:10697000706038FF706038FF706038FF786038FFF3
:10698000706038FF706038FF786038FF706038FFE3
:10699000706038FF706038FF786038FF706038FFD3
:1069A000706038FF786038FF706038FF706038FFC3
:1069B000706038FF786038FF706038FF706038FFB3
:1069C000786038FF706038FF786038FF786038FF93
:1069D000806840FF807048FF907C58DF9080601096
:1069E00090785861807048FF786438FF786038FF8D
:1069F000785C30FF706030FF705C30FF785C30FF97
:106A0000705C30FF785C30FF705C30FF705C30FF92
:106A1000785C30FF705C30FF705C30FF785C30FF7A
:106A2000705C30FF785C30FF785C30FF705C38FF62
:106A3000705C30FF785C30FF705C30FF785C30FF5A
:106A4000705C30FF785C30FF705C30FF705C38FF4A
:106A5000785C30FF705C30FF785C30FF705C30FF3A
:106A6000785C30FF705C30FF705C30FF785C30FF2A
:106A7000705C30FF785C30FF705C30FF785C30FF1A
:106A8000705C30FF705C30FF785C30FF705C30FF12
:106A9000785C30FF705C30FF785C30FF705C30FFFA
:106AA000705C30FF785C30FF705C30FF785C30FFEA
:106AB000705C30FF785C30FF705C30FF705C30FFE2
:106AC000785C30FF705C30FF785C30FF705C30FFCA
:106AD000785C30FF705C30FF705C30FF785C30FFBA
:106AE000705C30FF785C30FF705C30FF785C30FFAA
:106AF000705C30FF705C30FF785C30FF705C30FFA2
:106B0000785C30FF705C30FF785C30FF705C30FF89
:106B1000705C30FF785C30FF705C30FF785C30FF79
:106B2000705C38FF785C30FF705C30FF705C30FF69
:106B3000785C30FF705C30FF785C38FF705C30FF51
:106B4000785C30FF705C38FF705C30FF785C30FF41
:106B5000705C30FF785C30FF705C30FF785C30FF39
:106B6000705C30FF705C30FF785C30FF705C30FF31
:106B7000785C30FF705C30FF785C30FF705C30FF19
:106B8000705C30FF785C30FF705C30FF785C30FF09
:106B9000705C30FF785C30FF705C30FF705C30FF01
:106BA000785C30FF705C30FF785C30FF705C30FFE9
:106BB000785C30FF705C30FF705C30FF785C38FFD1
:106BC000705C30FF785C30FF705C30FF785C30FFC9
:106BD000705C30FF705C30FF785C30FF705C30FFC1
:106BE000785C30FF705C30FF785C30FF705C30FFA9
:106BF000705C30FF785C30FF705C30FF785C30FF99
:106C0000705C30FF785C30FF705C30FF705C30FF90
:106C1000785C30FF705C30FF785C30FF705C30FF78
:106C2000785C30FF705C30FF705C30FF785C30FF68
:106C3000705C30FF785C30FF705C30FF785C30FF58
:106C4000705C30FF705C30FF785C30FF705C30FF50
:106C5000785C30FF705C30FF785C30FF705C30FF38
:106C6000705C30FF785C30FF705C30FF785C30FF28
:106C7000705C30FF785C30FF705C30FF705C30FF20
:106C8000785C30FF705C30FF785C30FF705C38FF00
:106C9000785C30FF705C30FF705C38FF785C30FFF0
:106CA000705C30FF785C30FF705C30FF785C30FFE8
:106CB000705C30FF705C30FF785C30FF705C30FFE0
:106CC000785C30FF705C30FF785C30FF705C30FFC8
:106CD000705C30FF785C30FF705C38FF785C30FFB0
:106CE000705C30FF785C30FF705C30FF705C30FFB0
:106CF000785C30FF705C30FF785C30FF705C30FF98
:106D0000785C30FF705C30FF705C30FF785C30FF87
:106D1000705C30FF785C30FF705C30FF785C30FF77
:106D2000705C30FF705C30FF785C30FF705C30FF6F
:106D3000785C30FF705C30FF785C30FF705C30FF57
:106D4000705C30FF785C30FF705C30FF785C30FF47
:106D5000705C30FF785C30FF705C30FF705C30FF3F
:106D6000785C30FF705C38FF785C30FF705C30FF1F
:106D7000785C30FF705C30FF705C30FF785C30FF17
:106D8000705C30FF705C30FF785C30FF786038FFFB
:106D9000786038FF786438FF807048FF907C587DB9
:106DA000887450CF786840FF786038FF785C38FF8F
:106DB000706038FF786030FF785C38FF706038FFB3
:106DC000786030FF786038FF706038FF786030FF9F
:106DD000786038FF786038FF706030FF786038FF87
:106DE000786038FF706030FF786038FF706030FF87
:106DF000786038FF786038FF706038FF786038FF5F
:106E0000786030FF706038FF786038FF786030FF5E
:106E1000706038FF786038FF786038FF706030FF4E
:106E2000786038FF786038FF786030FF706038FF36
:106E3000786038FF786030FF706038FF786038FF26
:106E4000786038FF786030FF706038FF786038FF16
:106E5000786038FF706030FF786038FF786038FF06
:106E6000786030FF706038FF786038FF786030FFFE
:106E7000706038FF786038FF786038FF786030FFE6
:106E8000706038FF786038FF786038FF706038FFD6
:106E9000786038FF786038FF786038FF706030FFC6
:106EA000786038FF786038FF706030FF786038FFB6
:106EB000786038FF786030FF706038FF786030FFAE
:106EC000786038FF706030FF786038FF786038FF96
:106ED000786030FF706038FF786038FF786030FF8E
:106EE000706038FF786030FF786038FF786038FF76
:106EF000706030FF786038FF786030FF706030FF7E
:106F0000786038FF786030FF786038FF706030FF5D
:106F1000786038FF786038FF706030FF786038FF45
:106F2000786038FF786030FF706038FF786038FF35
:106F3000786030FF706038FF786038FF786030FF2D
:106F4000786038FF706038FF786030FF786038FF15
:106F5000706038FF786030FF786038FF786038FF05
:106F6000706030FF786038FF786038FF706038FFFD
:106F7000786030FF786038FF786038FF706030FFED
:106F8000786038FF786038FF706030FF786038FFD5
:106F9000786038FF786030FF706038FF786038FFC5
:106FA000786030FF706038FF786038FF786030FFBD
:106FB000786038FF706038FF786030FF786038FFA5
:106FC000706038FF786030FF786038FF786038FF95
:106FD000706038FF786030FF786038FF706038FF8D
:106FE000786030FF786038FF786038FF706030FF7D
:106FF000786038FF786038FF706030FF786038FF65
:10700000786038FF786038FF706030FF786038FF54
:10701000786038FF706030FF786038FF786038FF44
:10702000786030FF706038FF786038FF786038FF34
:10703000706038FF786030FF786038FF786038FF24
:10704000706030FF786038FF786038FF706030FF24
:10705000786030FF786038FF786030FF705C38FF10
:10706000786038FF786030FF706038FF786038FFF4
:10707000786030FF786038FF706038FF786030FFEC
:10708000786038FF706038FF786030FF786038FFD4
:10709000786038FF706030FF786038FF786038FFC4
:1070A000706030FF786038FF786038FF786030FFBC
:1070B000706038FF786038FF786030FF706038FFAC
:1070C000786038FF786030FF786038FF706038FF94
:1070D000786030FF786038FF706038FF786038FF84
:1070E000786038FF786030FF706038FF786038FF74
:1070F000786030FF706038FF786038FF786030FF6C
:10710000786038FF706038FF786030FF786038FF53
:10711000706038FF786030FF786038FF786038FF43
:10712000706030FF786030FF786038FF706030FF4B
:10713000786038FF786038FF786030FF786038FF1B
:10714000706038FF785C30FF706038FF705C30FF33
:10715000705C38FF786038FF786440FF887450BEF8
:10716000807048FF786038FF706038FF705C30FFD7
:10717000785C30FF706038FF705C38FF785C30FFFF
:10718000706038FF705C38FF785C30FF705C38FFEF
:10719000706038FF785C30FF705C38FF705C38FFDF
:1071A000785C30FF705C38FF706038FF785C30FFCF
:1071B000705C30FF705C38FF786030FF705C38FFC7
:1071C000705C38FF786030FF705C30FF785C38FFAF
:1071D000706030FF705C30FF785C38FF706038FFA3
:1071E000705C30FF785C38FF706038FF705C30FF97
:1071F000785C38FF706038FF705C30FF785C38FF77
:10720000706030FF705C38FF785C30FF706038FF72
:10721000705C30FF785C38FF706038FF705C30FF66
:10722000785C38FF706038FF705C30FF785C38FF46
:10723000706038FF705C30FF785C38FF706038FF3A
:10724000705C30FF785C38FF706030FF705C30FF3E
:10725000785C38FF706030FF705C38FF785C38FF16
:10726000706030FF705C38FF785C38FF706030FF12
:10727000705C38FF785C38FF706030FF705C38FFFE
:10728000785C38FF706030FF705C38FF785C30FFEE
:10729000706038FF705C38FF785C30FF706038FFDA
:1072A000705C30FF785C38FF706030FF705C38FFD6
:1072B000785C38FF706030FF705C38FF785C38FFB6
:1072C000706030FF705C38FF785C38FF706030FFB2
:1072D000705C38FF785C38FF706030FF705C38FF9E
:1072E000785C38FF706030FF705C38FF785C38FF86
:1072F000706030FF705C38FF785C38FF706030FF82
:10730000705C38FF785C38FF706030FF705C38FF6D
:10731000785C30FF706038FF705C38FF785C30FF5D
:10732000706038FF705C30FF785C38FF706030FF51
:10733000705C38FF785C38FF706030FF705C30FF45
:10734000785C38FF706038FF705C30FF785C38FF25
:10735000706038FF705C30FF785C38FF706038FF19
:10736000705C30FF785C38FF706038FF705C30FF15
:10737000785C38FF706038FF705C30FF785C38FFF5
:10738000706038FF705C30FF785C38FF706038FFE9
:10739000705C30FF785C38FF706038FF705C30FFE5
:1073A000785C38FF706038FF705C30FF785C38FFC5
:1073B000706038FF705C30FF785C38FF705C30FFC5
:1073C000705C38FF786030FF705C38FF705C38FFAD
:1073D000785C30FF706038FF705C38FF785C30FF9D
:1073E000706038FF705C30FF785C30FF706038FF91
:1073F000705C30FF785C38FF706038FF705C30FF85
:10740000785C38FF706038FF705C30FF785C38FF64
:10741000705C38FF706030FF785C30FF706038FF60
:10742000705C30FF785C38FF706038FF705C30FF54
:10743000785C38FF706030FF705C38FF785C30FF3C
:10744000706038FF705C38FF785C30FF706038FF28
:10745000705C38FF785C30FF706030FF705C38FF24
:10746000785C30FF706038FF705C38FF785C30FF0C
:10747000706038FF705C38FF785C30FF706038FFF8
:10748000705C38FF785C30FF706038FF705C38FFEC
:10749000785C30FF705C38FF705C30FF786030FFE4
:1074A000705C38FF705C38FF785C30FF706038FFCC
:1074B000705C38FF785C30FF706038FF705C30FFC4
:1074C000785C38FF706030FF705C38FF785C30FFAC
:1074D000705C38FF705C30FF786038FF705C38FF9C
:1074E000705C30FF785C38FF706038FF705C30FF94
:1074F000785C38FF706038FF705C30FF785C38FF74
:10750000706038FF786030FF785C38FF706030FF63
:10751000785C30FF705C38FF786438FF887048FF13
:10752000806C48FF786038FF786030FF705C38FF0F
:10753000786030FF706030FF785C38FF786030FF33
:10754000705C30FF786030FF785C30FF705C38FF33
:10755000786030FF705C30FF786030FF786030FF1B
:10756000705C38FF786030FF785C30FF705C38FF0B
:10757000786030FF785C30FF705C30FF786030FFFF
:10758000785C38FF705C30FF786038FF705C38FFE3
:10759000785C30FF786030FF705C38FF785C30FFDB
:1075A000706030FF785C30FF705C38FF786030FFCF
:1075B000785C30FF705C38FF786030FF705C30FFC3
:1075C000785C38FF706030FF785C38FF705C30FFAB
:1075D000786030FF785C38FF705C30FF706030FF9F
:1075E000785C30FF785C30FF706030FF785C38FF8B
:1075F000785C30FF706030FF785C30FF705C38FF83
:10760000786030FF785C30FF705C38FF786030FF66
:10761000705C30FF785C30FF706030FF785C38FF62
:10762000705C30FF786030FF785C38FF705C30FF52
:10763000706030FF785C38FF785C30FF706030FF3E
:10764000785C38FF785C30FF706030FF785C38FF22
:10765000705C30FF786030FF785C38FF705C30FF22
:10766000786038FF705C30FF785C30FF706038FF06
:10767000785C30FF705C30FF786038FF785C30FFFA
:10768000705C30FF706038FF785C30FF785C30FFF2
:10769000706030FF785C38FF785C30FF706030FFDE
:1076A000785C30FF705C38FF786030FF785C30FFCA
:1076B000705C38FF786030FF705C30FF785C30FFC2
:1076C000706038FF785C30FF705C30FF786038FFA6
:1076D000785C30FF705C30FF706030FF785C38FFA2
:1076E000785C30FF706038FF785C30FF785C30FF8A
:1076F000706038FF785C30FF705C30FF786038FF76
:10770000785C30FF705C30FF786030FF705C30FF79
:10771000785C38FF706030FF785C30FF705C30FF61
:10772000786038FF785C30FF705C30FF706030FF4D
:10773000785C30FF785C38FF706030FF785C30FF39
:10774000785C30FF706030FF785C30FF705C30FF39
:10775000786030FF785C38FF705C30FF786030FF15
:10776000705C38FF785C30FF706030FF785C38FF09
:10777000705C30FF786030FF786038FF705C30FFFD
:10778000706030FF785C38FF785C30FF706030FFED
:10779000785C30FF785C38FF706030FF785C30FFD9
:1077A000705C38FF786030FF785C38FF705C30FFC9
:1077B000786030FF705C38FF785C30FF706030FFBD
:1077C000785C38FF705C30FF786030FF785C38FFA1
:1077D000706038FF705C30FF785C38FF786030FF95
:1077E000706030FF785C38FF785C30FF706030FF8D
:1077F000785C38FF705C30FF786030FF785C38FF71
:10780000705C30FF786030FF705C30FF785C38FF70
:10781000706030FF785C30FF705C38FF786030FF5C
:10782000785C30FF705C38FF706030FF785C30FF50
:10783000785C38FF706030FF785C30FF785C38FF30
:10784000706030FF785C30FF705C30FF786030FF34
:10785000786038FF705C30FF786030FF705C38FF14
:10786000785C30FF706030FF785C30FF705C38FF10
:10787000786030FF785C30FF705C38FF706030FFFC
:10788000785C30FF785C38FF706030FF786030FFE4
:10789000785C38FF706030FF785C30FF705C38FFD8
:1078A000786030FF785C38FF705C30FF786030FFC4
:1078B000705C38FF705C30FF786030FF705C38FFC0
:1078C000705C30FF786030FF705C38FF786038FFA4
:1078D000786030FF705C38FF786038FF806C48FF5C
:1078E000806C48FF786038FF705C30FF786038FF4C
:1078F000705C38FF785C30FF706038FF706038FF74
:10790000785C30FF706038FF706038FF786030FF5F
:10791000785C38FF706038FF706030FF785C38FF4B
:10792000706038FF706030FF785C38FF706038FF3F
:10793000786038FF706038FF705C38FF786030FF27
:10794000706038FF705C30FF786030FF706038FF27
:10795000705C38FF786030FF706038FF785C38FF0B
:10796000786030FF706038FF785C30FF706038FFFF
:10797000706030FF785C38FF706038FF786030FFEF
:10798000785C38FF706030FF786038FF705C38FFDB
:10799000706030FF786038FF785C38FF706030FFCF
:1079A000786038FF705C38FF706038FF786030FFB7
:1079B000705C38FF786038FF706030FF785C38FFAB
:1079C000706038FF706030FF785C38FF706038FF9F
:1079D000786038FF785C38FF706030FF786038FF7F
:1079E000705C30FF706038FF786030FF785C38FF83
:1079F000706030FF786038FF705C38FF706030FF77
:107A0000786038FF705C38FF786030FF706038FF56
:107A1000785C30FF706038FF706030FF785C38FF52
:107A2000706038FF786030FF785C38FF706038FF36
:107A3000786030FF705C38FF706038FF786030FF2E
:107A4000785C38FF706038FF786030FF705C38FF1A
:107A5000706038FF786030FF705C38FF786038FF06
:107A6000706030FF785C38FF706030FF706038FF06
:107A7000785C38FF706030FF786038FF785C38FFE2
:107A8000706030FF786038FF705C38FF706030FFE6
:107A9000786038FF785C38FF706030FF786038FFBE
:107AA000705C30FF706038FF786038FF705C30FFCA
:107AB000786038FF706038FF785C30FF706038FFA6
:107AC000706038FF785C30FF706038FF786038FF96
:107AD000785C30FF706038FF786038FF705C30FF92
:107AE000706038FF786038FF785C30FF706038FF76
:107AF000786038FF705C30FF706038FF786038FF66
:107B0000705C38FF786038FF706038FF785C38FF51
:107B1000706030FF706038FF785C30FF706038FF55
:107B2000786030FF785C38FF706030FF786038FF35
:107B3000705C30FF706038FF786038FF785C30FF31
:107B4000706038FF786038FF706030FF706038FF19
:107B5000786038FF705C30FF786038FF706038FF05
:107B6000785C30FF706038FF706038FF785C30FF01
:107B7000706038FF786038FF785C30FF706038FFE5
:107B8000786030FF705C38FF706030FF786030FFE5
:107B9000785C38FF706030FF786038FF705C38FFC9
:107BA000706030FF786038FF705C30FF786038FFBD
:107BB000706038FF785C30FF706038FF706038FFAD
:107BC000785C30FF706038FF786038FF785C30FF99
:107BD000706038FF786038FF705C38FF706030FF8D
:107BE000786038FF785C38FF706030FF786038FF6D
:107BF000705C30FF706038FF786030FF705C38FF79
:107C0000786038FF706038FF785C30FF706038FF54
:107C1000706038FF785C30FF706038FF786038FF44
:107C2000786038FF706030FF786038FF705C38FF34
:107C3000706030FF786038FF785C38FF706030FF2C
:107C4000786038FF705C38FF706030FF786038FF14
:107C5000705C38FF786030FF706038FF786030FF0C
:107C6000706038FF706030FF785C38FF786038FFF4
:107C7000706030FF785C38FF786030FF706038FFEC
:107C8000785C30FF706038FF705C30FF785C38FFE4
:107C9000706030FF706030FF786038FF806C48FFA4
:107CA000806840FF706038FF786030FF705C30FFA4
:107CB000786038FF785C30FF706030FF785C38FFA8
:107CC000785C38FF706030FF705C38FF785C30FFA4
:107CD000706038FF785C38FF705C30FF785C38FF8C
:107CE000786030FF705C30FF706038FF785C30FF88
:107CF000705C30FF786038FF785C30FF706038FF70
:107D0000785C38FF786030FF705C30FF786038FF57
:107D1000785C30FF705C30FF706038FF785C30FF5B
:107D2000706038FF705C38FF785C30FF786038FF37
:107D3000705C30FF786030FF705C38FF706030FF3F
:107D4000785C38FF705C30FF786030FF785C38FF1B
:107D5000706030FF705C30FF785C38FF706038FF17
:107D6000785C30FF786038FF705C30FF706030FF07
:107D7000785C38FF705C30FF786030FF705C38FFF3
:107D8000786030FF785C30FF705C38FF706030FFE7
:107D9000785C30FF706038FF705C38FF786030FFCF
:107DA000785C38FF705C30FF706038FF785C30FFC3
:107DB000706038FF785C30FF785C30FF706038FFAF
:107DC000705C30FF786030FF705C38FF786030FFA7
:107DD000705C38FF785C38FF786030FF705C30FF93
:107DE000706038FF785C30FF705C30FF706038FF87
:107DF000785C30FF786030FF705C38FF706030FF77
:107E0000785C38FF705C30FF786030FF785C38FF5A
:107E1000706030FF705C30FF785C38FF706030FF5E
:107E2000785C38FF706030FF785C38FF786030FF36
:107E3000705C30FF705C38FF786030FF705C38FF3A
:107E4000706030FF785C30FF785C38FF706030FF26
:107E5000705C38FF786030FF705C38FF786030FF0E
:107E6000785C38FF705C30FF706030FF785C38FF02
:107E7000706030FF785C30FF705C38FF786030FFF6
:107E8000785C38FF706038FF705C30FF786038FFD6
:107E9000705C30FF705C30FF786038FF785C30FFDA
:107EA000706030FF705C38FF785C38FF706030FFC6
:107EB000785C38FF786030FF705C30FF706038FFAE
:107EC000785C30FF705C30FF786038FF705C30FFAA
:107ED000786038FF785C30FF705C38FF706030FF8E
:107EE000785C38FF706030FF705C38FF786030FF7E
:107EF000785C38FF705C30FF705C30FF786038FF72
:107F0000705C30FF785C30FF785C38FF705C38FF65
:107F1000706030FF785C30FF705C38FF786030FF55
:107F2000705C30FF786038FF785C30FF705C30FF49
:107F3000706038FF785C30FF706038FF705C30FF35
:107F4000786038FF785C38FF705C30FF706038FF15
:107F5000785C30FF705C30FF786038FF785C30FF11
:107F6000705C38FF706030FF785C38FF705C30FF09
:107F7000786030FF705C38FF786030FF785C30FFED
:107F8000705C38FF706030FF785C38FF706030FFE5
:107F9000705C30FF786038FF785C30FF705C30FFD9
:107FA000706038FF785C30FF706038FF785C30FFBD
:107FB000785C38FF706030FF705C38FF786030FFAD
:107FC000705C30FF786038FF705C38FF785C30FFA1
:107FD000785C30FF706038FF705C30FF785C30FF99
:107FE000705C38FF705C30FF786038FF785C30FF81
:107FF000705C30FF706038FF785C30FF706030FF7D
:10800000785C38FF785C30FF706038FF705C30FF60
:10801000785C30FF705C38FF785C38FF705C30FF54
:10802000785C30FF706038FF785C30FF705C30FF48
:10803000706038FF785C30FF706038FF785C30FF2C
:10804000786038FF706030FF785C38FF785C30FF14
:10805000706038FF785C38FF786038FF806C40FFD4
:10806000806C40FF786038FF705C38FF706030FFD4
:10807000786038FF705C38FF706030FF785C30FFEC
:10808000786038FF705C30FF786030FF785C38FFD4
:10809000706030FF786030FF705C38FF706030FFD8
:1080A000785C38FF786038FF705C30FF786030FFB4
:1080B000705C38FF786030FF706030FF705C38FFB4
:1080C000785C30FF706038FF705C38FF786030FF9C
:1080D000786038FF705C38FF786030FF785C30FF84
:1080E000706038FF706030FF785C30FF706038FF80
:1080F000785C38FF785C30FF706030FF785C38FF68
:10810000706038FF706030FF785C38FF786038FF4F
:10811000705C30FF786030FF706038FF705C30FF5B
:10812000786030FF785C38FF706030FF785C38FF33
:10813000786038FF706030FF705C38FF786038FF1F
:10814000705C30FF786038FF786038FF705C30FF1B
:10815000786030FF785C38FF706030FF785C30FF0B
:10816000786038FF706038FF785C30FF706038FFEF
:10817000705C30FF786038FF786030FF705C38FFEB
:10818000786038FF785C30FF706038FF705C30FFDB
:10819000786030FF706038FF785C30FF786038FFBF
:1081A000705C38FF786030FF786038FF705C38FFB3
:1081B000786030FF785C38FF706030FF785C38FFA3
:1081C000706030FF706038FF785C38FF786030FF97
:1081D000705C38FF786038FF786030FF705C38FF83
:1081E000706030FF785C38FF706030FF785C38FF7B
:1081F000786030FF706038FF785C30FF786030FF67
:10820000705C38FF786038FF786030FF705C30FF5A
:10821000786038FF705C30FF706030FF785C38FF4A
:10822000786038FF706030FF785C38FF786038FF26
:10823000705C30FF706038FF786030FF705C30FF3A
:10824000786038FF785C30FF706030FF785C38FF12
:10825000786038FF706030FF785C38FF786038FFF6
:10826000705C30FF786030FF706038FF705C30FF0A
:10827000786030FF785C38FF706030FF785C38FFE2
:10828000786030FF706030FF705C38FF786030FFDE
:10829000705C30FF786038FF786030FF705C38FFCA
:1082A000786030FF785C38FF705C30FF786038FFB2
:1082B000786038FF705C30FF786038FF706038FF9E
:1082C000705C30FF786030FF785C38FF706030FFA2
:1082D000786030FF785C38FF706038FF705C30FF8A
:1082E000786038FF705C38FF786030FF786038FF66
:1082F000705C30FF786030FF785C38FF706030FF72
:10830000785C30FF786038FF706030FF785C38FF51
:10831000706038FF706030FF785C38FF786030FF45
:10832000705C30FF786038FF786038FF705C30FF39
:10833000706038FF785C38FF706030FF786038FF1D
:10834000785C30FF706038FF785C30FF785C38FF15
:10835000706030FF785C38FF786030FF706038FF05
:10836000785C30FF706038FF705C30FF786038FFF9
:10837000786030FF705C38FF786030FF785C38FFE1
:10838000705C30FF706030FF786038FF705C30FFE9
:10839000786038FF786038FF705C30FF786038FFB5
:1083A000785C30FF706038FF786030FF785C38FFB1
:1083B000706038FF785C30FF706038FF705C38FFA9
:1083C000786030FF786038FF705C30FF786038FF8D
:1083D000786030FF706038FF706030FF785C38FF85
:1083E000786038FF705C30FF786038FF786038FF65
:1083F000705C30FF786038FF705C30FF705C38FF75
:10840000786030FF705C38FF786030FF706038FF54
:10841000705C30FF785C30FF786038FF806C48FF1C
:10842000806C48FF786038FF705C30FF786038FF00
:10843000785C30FF705C38FF706038FF786030FF28
:10844000705C38FF706038FF785C30FF706038FF18
:10845000705C30FF786038FF786030FF705C30FF10
:10846000706038FF785C38FF786030FF705C38FFF0
:10847000786038FF705C30FF785C38FF786030FFE0
:10848000706030FF785C38FF705C30FF706030FFE8
:10849000785C38FF706038FF705C30FF786038FFC0
:1084A000785C38FF705C30FF786038FF706030FFB8
:1084B000705C38FF786038FF706030FF785C38FFA0
:1084C000785C30FF706030FF705C38FF786038FF98
:1084D000705C30FF786038FF785C38FF705C30FF8C
:1084E000706038FF785C38FF705C30FF706030FF80
:1084F000785C38FF786030FF705C30FF785C38FF64
:10850000706030FF705C30FF786038FF705C38FF5F
:10851000705C30FF786038FF705C30FF706038FF4F
:10852000785C30FF705C30FF786038FF785C30FF3B
:10853000706038FF705C38FF786030FF705C30FF2F
:10854000705C38FF786038FF785C30FF706038FF0F
:10855000785C38FF705C30FF706038FF785C30FF0B
:10856000706030FF705C38FF786030FF705C30FF07
:10857000705C38FF786038FF705C30FF786030FFE7
:10858000785C38FF705C30FF706038FF785C30FFDB
:10859000706038FF705C30FF786030FF785C38FFC7
:1085A000705C38FF786030FF705C38FF706030FFBF
:1085B000785C38FF705C38FF706030FF785C38FFA3
:1085C000706038FF705C30FF786038FF705C38FF97
:1085D000785C30FF786038FF705C38FF706030FF87
:1085E000785C30FF705C38FF706030FF785C30FF83
:1085F000786038FF705C38FF786030FF705C38FF5F
:10860000705C38FF786030FF705C30FF706038FF5E
:10861000785C30FF705C30FF706038FF785C38FF4A
:10862000706030FF785C38FF786038FF705C30FF36
:10863000705C38FF786038FF705C30FF706038FF26
:10864000785C38FF785C38FF706030FF785C38FF0A
:10865000706038FF705C30FF786038FF705C30FF0E
:10866000706038FF786030FF705C38FF706030FFFA
:10867000785C30FF706038FF785C30FF785C38FFE2
:10868000706038FF706038FF785C30FF706038FFD2
:10869000705C38FF786030FF786030FF705C38FFC6
:1086A000786030FF705C30FF706038FF785C38FFB6
:1086B000705C30FF706038FF785C38FF705C30FFB2
:1086C000706038FF785C30FF706030FF785C38FF96
:1086D000785C30FF706038FF705C38FF786030FF86
:1086E000705C38FF705C30FF786030FF786038FF76
:1086F000705C30FF785C30FF706038FF705C38FF72
:10870000786030FF706030FF705C38FF786038FF51
:10871000706030FF705C38FF785C38FF706030FF4D
:10872000785C38FF786030FF705C38FF706030FF35
:10873000785C38FF705C30FF706038FF786038FF1D
:10874000785C30FF706038FF785C30FF706038FF15
:10875000705C30FF785C30FF706038FF706038FF0D
:10876000785C30FF706030FF705C38FF786030FFFD
:10877000706030FF785C38FF786030FF705C30FFED
:10878000705C38FF786030FF705C38FF705C38FFD9
:10879000786030FF785C30FF706038FF786030FFC1
:1087A000705C38FF706030FF785C30FF706038FFBD
:1087B000785C30FF786038FF706038FF785C30FF9D
:1087C000705C38FF786030FF705C38FF786030FF95
:1087D000706038FF705C30FF786038FF806C48FF55
:1087E000806C40FF706038FF785C30FF706030FF55
:1087F000785C38FF786030FF705C30FF785C38FF61
:10880000706030FF785C30FF786038FF705C30FF5C
:10881000785C38FF705C38FF786030FF785C38FF38
:10882000705C30FF706030FF785C38FF706030FF44
:10883000706030FF785C38FF705C38FF706030FF2C
:10884000786038FF785C38FF786030FF705C38FF04
:10885000786030FF785C30FF706038FF705C30FF0C
:10886000786030FF785C38FF706030FF785C30FFF4
:10887000705C38FF786030FF706038FF705C30FFEC
:10888000786038FF785C30FF706030FF705C38FFD4
:10889000786030FF705C30FF786038FF786030FFC0
:1088A000705C30FF786038FF786030FF705C38FFB4
:1088B000706038FF785C30FF786038FF706038FF98
:1088C000785C30FF706030FF785C38FF786030FF94
:1088D000706038FF785C30FF706038FF785C38FF7C
:1088E000706030FF706038FF785C30FF786030FF78
:1088F000705C38FF785C30FF786038FF706030FF64
:10890000705C30FF786038FF706030FF785C30FF5B
:10891000786038FF705C30FF786038FF786030FF37
:10892000705C38FF785C38FF786030FF706030FF33
:10893000785C38FF706030FF706038FF785C38FF1B
:10894000786030FF705C30FF786038FF786030FF0F
:10895000705C30FF705C38FF786030FF706038FF0B
:10896000785C30FF786030FF706038FF785C30FFF3
:10897000786030FF705C38FF786030FF786030FFDF
:10898000705C38FF785C30FF706030FF706038FFDB
:10899000785C30FF786038FF706030FF785C38FFBB
:1089A000786030FF705C38FF706038FF786030FFAF
:1089B000705C30FF785C38FF786030FF706038FFA3
:1089C000785C30FF786038FF706038FF785C30FF8B
:1089D000786038FF705C30FF786030FF706038FF7F
:1089E000705C30FF785C30FF786038FF706030FF7B
:1089F000785C38FF786030FF706030FF705C38FF63
:108A0000786030FF705C30FF786038FF786030FF4E
:108A1000705C38FF785C30FF786038FF705C38FF3E
:108A2000785C30FF786038FF705C30FF785C38FF2E
:108A3000706030FF705C38FF786030FF785C30FF2A
:108A4000706038FF785C30FF785C30FF706038FF12
:108A5000705C38FF785C30FF706038FF785C38FFFE
:108A6000785C30FF706030FF785C38FF786030FFF2
:108A7000706038FF785C30FF786038FF706038FFD6
:108A8000785C30FF705C38FF706038FF786030FFD2
:108A9000785C30FF705C38FF786030FF786038FFBA
:108AA000705C38FF705C30FF786038FF705C38FFB6
:108AB000786030FF786030FF705C38FF785C30FFA2
:108AC000786038FF705C30FF785C38FF786030FF8A
:108AD000706030FF785C38FF706030FF705C30FF92
:108AE000786038FF785C38FF706030FF785C38FF62
:108AF000786030FF705C30FF706038FF785C30FF6A
:108B0000706038FF785C30FF785C38FF706038FF49
:108B1000786030FF785C30FF705C38FF786030FF41
:108B2000785C38FF705C38FF786030FF705C38FF2D
:108B3000705C38FF786030FF785C38FF706038FF19
:108B4000786030FF785C30FF706038FF705C30FF19
:108B5000785C38FF705C38FF785C30FF706030FF05
:108B6000785C38FF705C38FF706030FF785C30FFF5
:108B7000705C38FF706030FF786030FF785C38FFE1
:108B8000706030FF706038FF785C30FF785C38FFD1
:108B9000786038FF706030FF786038FF806C40FF8D
:108BA000806840FF786038FF706038FF705C30FF8D
:108BB000706038FF786038FF785C30FF706038FF95
:108BC000786030FF705C38FF706038FF786030FF8D
:108BD000705C30FF706038FF786038FF705C30FF89
:108BE000786038FF786030FF705C38FF785C38FF61
:108BF000786030FF706038FF785C30FF705C30FF69
:108C0000706038FF785C30FF706038FF706038FF4C
:108C1000785C30FF786038FF705C38FF706030FF40
:108C2000785C38FF706038FF705C30FF786038FF28
:108C3000785C30FF705C38FF786030FF705C38FF24
:108C4000786038FF786030FF705C38FF786038FFFC
:108C5000785C30FF705C38FF706038FF785C30FF04
:108C6000705C38FF706030FF785C38FF786030FFF0
:108C7000705C30FF705C38FF786030FF705C38FFEC
:108C8000786038FF705C30FF705C38FF786030FFD0
:108C9000785C30FF706038FF785C30FF785C30FFC4
:108CA000706038FF785C38FF706030FF706038FFAC
:108CB000785C30FF706038FF785C38FF786030FF98
:108CC000705C38FF785C38FF706030FF705C38FF94
:108CD000786030FF706038FF705C30FF785C38FF80
:108CE000706030FF705C38FF786038FF705C30FF78
:108CF000785C38FF786030FF705C30FF705C38FF64
:108D0000786038FF706030FF705C38FF785C38FF47
:108D1000786030FF705C38FF786038FF705C30FF3F
:108D2000705C38FF786038FF705C30FF705C38FF33
:108D3000786038FF706030FF705C38FF785C38FF17
:108D4000706030FF785C38FF786030FF705C30FF17
:108D5000705C38FF786030FF705C38FF705C30FF0B
:108D6000786038FF786030FF705C38FF785C38FFDF
:108D7000706030FF705C30FF786038FF705C30FFEF
:108D8000705C30FF786038FF705C30FF705C38FFDB
:108D9000786038FF706038FF785C30FF785C38FFAF
:108DA000706038FF705C30FF786030FF705C38FFB7
:108DB000705C30FF786038FF785C38FF705C30FFA3
:108DC000786030FF706038FF705C30FF785C38FF8F
:108DD000706030FF706030FF785C38FF706030FF8B
:108DE000705C30FF786038FF706038FF785C30FF6F
:108DF000786038FF706038FF705C30FF786030FF5B
:108E0000705C38FF706030FF786030FF785C38FF4E
:108E1000706030FF785C30FF706038FF706030FF4A
:108E2000785C38FF706038FF705C30FF786038FF26
:108E3000705C30FF705C30FF786030FF706038FF2E
:108E4000785C30FF786038FF705C38FF706030FF0E
:108E5000786038FF705C30FF706030FF785C38FFFE
:108E6000786030FF706030FF785C38FF705C38FFEE
:108E7000706030FF785C38FF706038FF706030FFE2
:108E8000785C38FF706038FF705C30FF785C38FFCA
:108E9000706030FF785C38FF786030FF706038FFBA
:108EA000705C30FF786030FF705C38FF706038FFB6
:108EB000786030FF785C38FF705C30FF786038FF96
:108EC000706030FF705C30FF786038FF705C30FF9E
:108ED000706038FF786038FF705C30FF706030FF82
:108EE000786038FF705C30FF786030FF785C38FF66
:108EF000706030FF705C30FF786038FF705C38FF66
:108F0000706030FF785C38FF786030FF706030FF51
:108F1000786038FF706038FF705C30FF786038FF31
:108F2000786030FF785C38FF706038FF786030FF21
:108F3000705C38FF705C38FF785C30FF706038FF21
:108F4000785C30FF706038FF705C30FF785C30FF19
:108F5000706038FF705C38FF786038FF806C48FFC5
:108F6000806848FF786038FF706030FF785C38FFB9
:108F7000785C30FF706030FF705C38FF785C30FFE9
:108F8000706038FF785C30FF785C38FF706030FFCD
:108F9000786030FF785C38FF705C30FF706030FFC5
:108FA000785C38FF706038FF705C30FF785C30FFB1
:108FB000706038FF786030FF785C38FF706038FF91
:108FC000785C30FF705C30FF786038FF705C30FF99
:108FD000705C30FF786038FF705C30FF786030FF85
:108FE000786038FF705C30FF786038FF706038FF61
:108FF000705C30FF786030FF785C38FF705C30FF69
:10900000706030FF785C38FF705C30FF706030FF5C
:10901000786038FF705C30FF786030FF706038FF38
:10902000785C38FF706030FF705C38FF786038FF24
:10903000786030FF705C38FF706030FF785C30FF24
:10904000786038FF706038FF705C30FF786038FF00
:10905000705C38FF706030FF786038FF705C30FF04
:10906000786038FF785C30FF705C38FF786038FFDC
:10907000705C30FF706030FF785C38FF706030FFEC
:10908000786030FF785C38FF705C30FF786038FFC4
:10909000705C38FF785C30FF706038FF786030FFBC
:1090A000785C30FF706038FF705C30FF786038FFAC
:1090B000706038FF785C30FF786030FF705C38FF9C
:1090C000786030FF785C38FF705C30FF706038FF8C
:1090D000786030FF785C30FF706038FF786030FF78
:1090E000705C30FF786038FF785C30FF706038FF6C
:1090F000785C30FF785C30FF706038FF706030FF64
:10910000785C38FF706038FF785C30FF786038FF3B
:10911000706038FF785C30FF786030FF705C38FF3B
:10912000706030FF785C30FF785C30FF706038FF33
:10913000786038FF705C30FF786038FF786038FF07
:10914000705C30FF786038FF785C30FF706030FF13
:10915000705C38FF785C30FF706030FF786038FFFB
:10916000785C38FF706030FF785C38FF786038FFDB
:10917000706030FF705C30FF786038FF785C38FFDB
:10918000706038FF785C30FF705C38FF786038FFC3
:10919000785C30FF706038FF785C38FF786030FFB3
:1091A000706030FF705C38FF785C30FF706030FFBB
:1091B000785C38FF785C30FF706038FF785C38FF8F
:1091C000786038FF705C38FF705C30FF786038FF83
:1091D000786030FF705C38FF785C30FF706030FF83
:1091E000786038FF785C30FF706038FF785C38FF5B
:1091F000786030FF705C38FF705C38FF786030FF5B
:10920000705C30FF786030FF785C38FF705C30FF56
:10921000786038FF785C38FF705C30FF706038FF32
:10922000785C30FF786038FF706030FF785C30FF2A
:10923000705C38FF786030FF785C30FF705C38FF1E
:10924000786030FF786030FF705C38FF706030FF0E
:10925000785C38FF705C30FF786038FF785C38FFEE
:10926000705C30FF786030FF785C38FF705C30FFF6
:10927000706038FF786030FF785C38FF706038FFCE
:10928000785C30FF706038FF785C30FF785C30FFCE
:10929000706038FF785C38FF785C30FF706038FFB2
:1092A000705C38FF786030FF705C38FF786038FFA2
:1092B000786030FF705C30FF785C38FF786030FF9A
:1092C000705C30FF705C38FF786038FF785C30FF8E
:1092D000705C30FF786038FF705C30FF705C38FF86
:1092E000786030FF705C30FF785C38FF786030FF6A
:1092F000786030FF705C38FF786030FF705C30FF62
:10930000786038FF785C38FF706030FF786030FF3D
:10931000705C38FF785C30FF786038FF806C48FF05
:10932000806C40FF706038FF785C30FF706038FF01
:10933000785C38FF706030FF786038FF705C38FF11
:10934000706030FF786030FF705C38FF705C38FF11
:10935000786030FF785C38FF706038FF785C30FFF1
:10936000786030FF705C38FF786030FF706038FFE5
:10937000705C30FF785C38FF706030FF786038FFD9
:10938000785C38FF706030FF786038FF785C30FFC1
:10939000706038FF785C38FF706030FF785C38FFB1
:1093A000705C30FF786030FF785C38FF705C30FFB5
:1093B000706038FF786038FF705C30FF786038FF8D
:1093C000706038FF785C30FF785C38FF706038FF81
:1093D000785C30FF786038FF705C30FF786038FF71
:1093E000786030FF705C30FF785C38FF706030FF71
:1093F000785C38FF786038FF705C30FF786030FF51
:10940000705C38FF785C30FF786030FF705C38FF4C
:10941000786030FF705C38FF705C38FF786030FF38
:10942000706030FF705C38FF786030FF785C30FF30
:10943000706038FF785C38FF705C30FF706038FF18
:10944000786038FF705C30FF786030FF706038FF04
:10945000785C30FF785C30FF706038FF705C38FFFC
:10946000786030FF785C30FF706038FF785C30FFE8
:10947000705C38FF706038FF786030FF705C38FFD8
:10948000706030FF786030FF785C38FF706030FFCC
:10949000705C38FF785C38FF706030FF785C38FFB4
:1094A000706030FF705C38FF786030FF706038FFAC
:1094B000705C30FF786038FF785C30FF706030FFA0
:1094C000785C38FF706030FF705C30FF786038FF88
:1094D000705C38FF706030FF785C38FF786038FF70
:1094E000705C38FF706030FF786038FF705C30FF70
:1094F000785C30FF706038FF705C30FF785C38FF5C
:10950000706038FF705C30FF786038FF786030FF43
:10951000705C38FF786030FF705C30FF706038FF3F
:10952000785C30FF706030FF705C38FF786030FF2F
:10953000785C38FF706030FF705C30FF786038FF17
:10954000705C30FF786030FF706038FF705C30FF17
:10955000786030FF705C38FF705C30FF786038FFF7
:10956000785C38FF705C30FF786038FF706038FFDF
:10957000705C30FF786030FF706038FF705C30FFE7
:10958000786030FF786038FF705C30FF705C38FFC7
:10959000786038FF705C30FF785C38FF706038FFAF
:1095A000705C30FF785C30FF706038FF706030FFB7
:1095B000785C30FF786038FF706038FF785C30FF8F
:1095C000706038FF705C38FF786030FF706030FF8B
:1095D000705C38FF786030FF786038FF705C30FF77
:1095E000705C38FF786038FF705C30FF786038FF5F
:1095F000706038FF705C30FF786038FF705C38FF57
:10960000705C30FF786038FF786030FF705C38FF46
:10961000786030FF706038FF705C30FF786038FF32
:10962000706038FF705C30FF786038FF785C30FF26
:10963000705C30FF706038FF785C30FF705C30FF2A
:10964000786038FF705C38FF706030FF786038FFFA
:10965000705C30FF706030FF786038FF785C30FFFE
:10966000705C30FF786038FF705C30FF705C38FFF2
:10967000786038FF706030FF705C38FF786038FFCA
:10968000786030FF705C38FF706038FF785C30FFC6
:10969000705C38FF786030FF786038FF705C30FFB6
:1096A000706038FF786038FF705C30FF705C38FFA6
:1096B000786038FF786030FF705C38FF786030FF8A
:1096C000705C38FF786030FF785C38FF706038FF7E
:1096D000786030FF705C30FF786038FF806C40FF4E
:1096E000806840FF786038FF705C38FF786030FF3A
:1096F000706030FF785C38FF785C30FF706038FF56
:10970000785C30FF786038FF705C30FF786038FF3D
:10971000705C30FF706030FF786038FF705C38FF3D
:10972000706030FF785C38FF786038FF705C30FF25
:10973000785C38FF706030FF705C30FF785C38FF19
:10974000706030FF705C38FF785C30FF706038FF0D
:10975000786030FF705C30FF786038FF705C38FFF5
:10976000706030FF786038FF705C30FF785C30FFED
:10977000786038FF705C30FF786030FF705C38FFD5
:10978000786030FF706030FF705C38FF786030FFC9
:10979000705C38FF705C30FF786038FF705C30FFC1
:1097A000705C38FF786038FF706030FF705C30FFAD
:1097B000785C30FF706038FF706038FF785C30FF95
:1097C000706038FF705C30FF786038FF706030FF89
:1097D000785C30FF786038FF705C30FF786038FF6D
:1097E000705C38FF706030FF785C38FF706030FF6D
:1097F000786038FF785C30FF706030FF785C38FF4D
:10980000705C38FF706030FF785C38FF706038FF44
:10981000706030FF785C30FF706038FF705C38FF3C
:10982000785C30FF706038FF786030FF785C30FF24
:10983000705C38FF786030FF705C38FF785C38FF10
:10984000706030FF705C38FF786038FF785C30FF04
:10985000706038FF706030FF785C38FF785C30FFF4
:10986000706038FF785C30FF785C38FF706030FFE4
:10987000706038FF785C38FF706030FF785C38FFCC
:10988000786038FF705C30FF786038FF705C30FFC4
:10989000785C30FF706038FF706030FF785C30FFBC
:1098A000785C38FF706038FF706030FF785C38FF9C
:1098B000786038FF706030FF785C30FF786038FF88
:1098C000706030FF705C30FF785C38FF706038FF8C
:1098D000786030FF785C38FF706038FF785C30FF6C
:1098E000706038FF785C38FF706030FF705C38FF64
:1098F000785C38FF786030FF706038FF705C30FF54
:10990000785C38FF786038FF705C30FF786038FF33
:10991000786038FF705C30FF706030FF786038FF2F
:10992000705C30FF786030FF786038FF705C38FF23
:10993000785C30FF706038FF785C30FF705C30FF1F
:10994000706038FF785C30FF786030FF706038FFFF
:10995000705C30FF786030FF786038FF705C38FFF3
:10996000786030FF785C38FF705C38FF706030FFE3
:10997000785C38FF706030FF785C30FF785C38FFCF
:10998000706038FF785C30FF706038FF785C38FFBB
:10999000705C30FF706030FF786038FF785C30FFBB
:1099A000706030FF705C38FF785C30FF786030FFAB
:1099B000705C38FF786030FF786030FF705C38FF93
:1099C000706030FF785C38FF705C38FF786030FF83
:1099D000785C38FF706030FF785C30FF705C38FF77
:1099E000786030FF705C38FF706038FF786030FF5F
:1099F000785C38FF706038FF706030FF785C30FF53
:109A0000786038FF705C30FF786038FF785C38FF32
:109A1000705C30FF706038FF786038FF705C30FF3A
:109A2000786038FF786030FF705C30FF785C38FF1A
:109A3000706030FF785C30FF705C38FF706030FF22
:109A4000785C30FF786038FF706030FF706038FFFE
:109A5000785C30FF706038FF785C30FF786030FFF2
:109A6000705C38FF786030FF706030FF705C38FFEA
:109A7000785C30FF706038FF705C38FF786030FFD2
:109A8000705C30FF705C38FF786030FF705C38FFCE
:109A9000706038FF785C30FF786038FF806C48FF7A
:109AA000806848FF786038FF706030FF705C30FF7E
:109AB000785C38FF706030FF705C38FF786030FF92
:109AC000705C38FF785C30FF786038FF706030FF82
:109AD000785C38FF705C30FF786030FF785C38FF6E
:109AE000705C30FF706030FF785C38FF786030FF6A
:109AF000706038FF786038FF785C30FF706030FF4E
:109B0000786038FF785C30FF705C38FF706030FF41
:109B1000785C38FF785C30FF706038FF785C30FF2D
:109B2000785C38FF706038FF706030FF785C38FF19
:109B3000706038FF785C30FF705C38FF786038FF09
:109B4000705C30FF785C38FF706030FF786038FF01
:109B5000705C30FF786038FF786030FF705C30FFF9
:109B6000785C38FF786038FF706030FF785C38FFD1
:109B7000786030FF705C30FF785C38FF786038FFC9
:109B8000705C30FF786038FF705C38FF785C30FFC5
:109B9000706038FF785C30FF786030FF705C38FFB1
:109BA000785C30FF786038FF705C30FF705C38FFA5
:109BB000786030FF705C38FF786030FF786030FF8D
:109BC000705C38FF785C30FF786030FF705C38FF85
:109BD000785C38FF786030FF706030FF785C38FF69
:109BE000786030FF705C38FF706038FF786030FF5D
:109BF000705C30FF786038FF786030FF705C30FF59
:109C0000785C38FF706030FF705C30FF785C38FF44
:109C1000786030FF706030FF785C38FF706038FF2C
:109C2000706030FF785C38FF785C30FF706030FF28
:109C3000785C38FF785C30FF706038FF705C30FF14
:109C4000785C30FF706038FF786038FF785C30FFF8
:109C5000706038FF785C38FF706030FF705C30FFF8
:109C6000786038FF785C30FF705C30FF786038FFD8
:109C7000705C38FF705C30FF786038FF785C30FFD4
:109C8000706038FF785C30FF785C38FF706030FFC0
:109C9000705C30FF785C38FF706030FF785C30FFBC
:109CA000785C38FF706030FF786030FF705C38FFA0
:109CB000706030FF785C38FF786030FF705C38FF90
:109CC000786030FF705C30FF705C38FF786030FF88
:109CD000785C38FF705C30FF786038FF785C38FF64
:109CE000705C30FF706038FF785C30FF705C30FF74
:109CF000786038FF786038FF705C30FF786038FF3C
:109D0000705C38FF705C30FF786038FF785C38FF3B
:109D1000705C30FF786038FF705C30FF706030FF3F
:109D2000786038FF785C30FF706030FF785C38FF17
:109D3000786038FF705C30FF706030FF786038FF0B
:109D4000705C30FF786030FF785C38FF706030FF07
:109D5000785C38FF705C38FF706030FF785C38FFEB
:109D6000786038FF706030FF785C38FF706030FFDB
:109D7000705C38FF785C38FF786030FF706030FFCF
:109D8000785C38FF786030FF705C30FF706038FFBF
:109D9000785C38FF705C30FF786038FF786030FFA7
:109DA000705C30FF785C38FF706030FF705C30FFB3
:109DB000785C38FF786038FF705C30FF786038FF7F
:109DC000705C38FF706030FF785C30FF786038FF7F
:109DD000705C30FF785C30FF786038FF705C38FF73
:109DE000705C30FF786038FF706038FF786030FF5B
:109DF000785C38FF706038FF786030FF705C38FF47
:109E0000705C38FF785C30FF786030FF705C38FF42
:109E1000786030FF705C38FF706038FF785C30FF2E
:109E2000785C38FF706038FF785C30FF786030FF16
:109E3000706038FF785C30FF786030FF705C38FF0E
:109E4000786038FF706030FF785C30FF785C38FFF6
:109E5000706030FF706038FF786038FF806C40FFC2
:109E6000806C40FF786038FF705C38FF786038FFA6
:109E7000786030FF705C38FF786030FF706038FFCA
:109E8000705C30FF706038FF785C30FF706038FFC6
:109E9000785C38FF706038FF706030FF785C38FFA6
:109EA000786038FF706030FF705C30FF785C38FF9E
:109EB000706030FF785C38FF705C38FF706030FF96
:109EC000786038FF705C30FF786038FF706038FF72
:109ED000705C30FF786038FF706030FF705C30FF7E
:109EE000785C38FF706030FF785C30FF706038FF5E
:109EF000786030FF705C30FF786038FF706030FF52
:109F0000785C38FF785C30FF706038FF785C30FF39
:109F1000786038FF705C38FF706030FF786038FF21
:109F2000705C30FF705C30FF786038FF705C38FF29
:109F3000706038FF786030FF705C30FF706038FF11
:109F4000785C30FF786030FF706038FF705C38FFFD
:109F5000786030FF705C38FF706038FF786030FFE9
:109F6000705C30FF786038FF786038FF705C30FFDD
:109F7000705C38FF786038FF705C30FF706038FFCD
:109F8000786038FF705C30FF706030FF785C38FFBD
:109F9000705C38FF786030FF705C38FF786030FFAD
:109FA000705C38FF785C30FF706038FF705C38FFA1
:109FB000785C30FF706038FF706038FF785C30FF8D
:109FC000786038FF786038FF705C30FF706038FF71
:109FD000785C38FF705C30FF786030FF705C38FF71
:109FE000786030FF706038FF705C38FF786030FF59
:109FF000706038FF785C30FF706038FF786038FF41
:10A00000705C30FF706030FF785C38FF706030FF4C
:10A01000785C30FF786038FF785C38FF706030FF24
:10A02000706038FF785C30FF706038FF786030FF18
:10A03000705C30FF786038FF705C30FF705C38FF18
:10A04000786038FF706030FF785C38FF706030FFF8
:10A05000785C38FF706038FF706030FF785C38FFE4
:10A06000706038FF785C30FF785C38FF786030FFD4
:10A07000705C30FF706038FF785C38FF706030FFD4
:10A08000786038FF705C30FF786038FF706030FFB8
:10A09000705C30FF786038FF706030FF785C30FFB4
:10A0A000706038FF786038FF705C30FF706030FFA0
:10A0B000786038FF705C30FF786030FF786038FF80
:10A0C000785C30FF706038FF706030FF785C30FF84
:10A0D000706038FF785C38FF705C30FF786038FF64
:10A0E000705C38FF706030FF786030FF705C38FF64
:10A0F000785C30FF706038FF785C38FF706030FF4C
:10A10000705C38FF785C30FF706030FF786038FF3B
:10A11000785C30FF786038FF705C30FF705C38FF2F
:10A12000786030FF705C38FF786038FF706030FF17
:10A13000785C30FF705C38FF706038FF785C30FF0F
:10A14000705C38FF786038FF706030FF785C30FFFB
:10A15000706038FF706030FF785C38FF706038FFE7
:10A16000785C30FF786038FF786030FF705C38FFD3
:10A17000706030FF785C30FF706038FF785C30FFD3
:10A18000706038FF785C30FF706038FF706038FFB7
:10A19000785C30FF706030FF786038FF705C30FFB3
:10A1A000785C30FF706038FF705C30FF785C30FFA7
:10A1B000706038FF785C30FF786030FF786038FF7F
:10A1C000705C38FF706030FF785C38FF785C30FF7F
:10A1D000706038FF785C30FF706038FF706030FF6F
:10A1E000785C30FF705C38FF706038FF785C30FF5F
:10A1F000705C38FF706038FF785C30FF706038FF4B
:10A20000785C38FF706030FF706038FF785C30FF3A
:10A21000785C30FF706038FF786038FF806C40FFFA
:10A22000806C48FF706038FF705C30FF786030FFF2
:10A23000705C38FF785C30FF786038FF785C30FF06
:10A24000706038FF785C30FF706030FF785C38FFFA
:10A25000786030FF705C30FF705C38FF786030FFF2
:10A26000785C38FF706038FF785C30FF706038FFD2
:10A27000785C30FF706030FF785C38FF785C38FFC6
:10A28000706030FF705C30FF786038FF785C30FFC2
:10A29000705C30FF786038FF786038FF705C30FFAA
:10A2A000786038FF786038FF705C30FF785C38FF8A
:10A2B000706038FF785C30FF706038FF705C30FF92
:10A2C000786030FF706038FF705C30FF786030FF7E
:10A2D000705C38FF705C30FF786038FF785C38FF66
:10A2E000706030FF786030FF785C38FF705C30FF62
:10A2F000786038FF785C38FF706030FF705C38FF42
:10A30000786030FF705C30FF785C38FF786030FF39
:10A31000705C30FF786038FF705C38FF786030FF29
:10A32000705C38FF705C30FF786030FF786038FF19
:10A33000705C30FF786030FF785C38FF705C30FF15
:10A34000786038FF785C38FF706030FF786030FFED
:10A35000706038FF705C30FF786038FF706038FFE5
:10A36000785C30FF786030FF706038FF785C30FFD9
:10A37000786030FF705C38FF705C30FF786030FFD1
:10A38000705C38FF785C30FF786030FF706038FFB9
:10A39000785C38FF706030FF705C38FF785C30FFAD
:10A3A000786030FF705C38FF785C30FF706038FF99
:10A3B000705C30FF785C30FF786038FF705C38FF8D
:10A3C000786030FF785C38FF705C38FF706030FF79
:10A3D000705C30FF785C38FF706030FF785C38FF6D
:10A3E000785C30FF706038FF785C38FF705C30FF5D
:10A3F000786038FF786038FF705C30FF786030FF3D
:10A40000706038FF705C30FF786030FF785C38FF38
:10A41000706030FF785C38FF785C30FF706030FF30
:10A42000706038FF705C30FF786038FF706038FF14
:10A43000785C30FF785C30FF706038FF785C30FF0C
:10A44000705C38FF786038FF785C30FF705C38FFF4
:10A45000786038FF705C30FF705C38FF786030FFE8
:10A46000785C38FF705C30FF786038FF785C38FFCC
:10A47000705C30FF705C38FF706038FF785C30FFD4
:10A48000705C38FF786030FF785C38FF706030FFB8
:10A49000786038FF705C30FF786030FF785C38FFA0
:10A4A000705C30FF786038FF705C38FF706030FFA0
:10A4B000786030FF785C38FF706030FF785C38FF80
:10A4C000786038FF706030FF705C38FF705C38FF78
:10A4D000786030FF706030FF785C38FF786030FF64
:10A4E000705C30FF785C38FF706030FF785C38FF5C
:10A4F000786030FF706030FF785C38FF706030FF4C
:10A50000705C30FF786038FF785C38FF705C30FF3B
:10A51000786030FF785C38FF705C30FF706038FF27
:10A52000705C30FF786038FF705C38FF786030FF17
:10A53000786038FF705C30FF785C38FF706030FF07
:10A54000785C30FF786038FF705C30FF785C38FFF3
:10A55000706038FF705C30FF786038FF786030FFE3
:10A56000705C38FF786038FF785C30FF706038FFCF
:10A57000705C38FF705C30FF786030FF705C38FFD3
:10A58000786030FF706030FF705C38FF786038FFB3
:10A59000706030FF785C30FF785C38FF706038FFA7
:10A5A000786030FF785C30FF706038FF786030FF93
:10A5B000785C30FF706038FF705C30FF785C30FF93
:10A5C000786038FF705C30FF706038FF785C38FF6F
:10A5D000705C30FF705C38FF786038FF806C48FF3B
:10A5E000806840FF786038FF706030FF785C38FF2B
:10A5F000706030FF706038FF705C30FF785C38FF4F
:10A60000786038FF706030FF785C38FF706038FF2A
:10A61000785C30FF786030FF705C38FF706030FF2E
:10A62000785C30FF705C38FF786030FF786038FF0E
:10A63000705C38FF706030FF786030FF785C38FF06
:10A64000705C30FF786038FF785C38FF706030FFF6
:10A65000705C38FF785C30FF706038FF705C30FFF2
:10A66000786030FF705C38FF706030FF785C30FFDE
:10A67000785C38FF706038FF785C30FF785C38FFBA
:10A68000706038FF785C38FF786030FF706038FFAA
:10A69000785C30FF706030FF785C38FF705C30FFB2
:10A6A000706038FF786038FF705C30FF706030FF9A
:10A6B000785C30FF785C38FF706030FF785C38FF82
:10A6C000786038FF706030FF705C38FF786038FF6A
:10A6D000705C30FF785C30FF786038FF705C30FF72
:10A6E000786038FF705C38FF706030FF785C38FF4E
:10A6F000706030FF706038FF785C30FF706030FF52
:10A70000705C38FF785C30FF786038FF705C38FF31
:10A71000785C30FF786030FF705C38FF705C30FF31
:10A72000786030FF705C38FF705C38FF786030FF15
:10A73000786038FF705C38FF786030FF706038FFF9
:10A74000705C38FF706030FF785C30FF705C38FF01
:10A75000786030FF786038FF705C38FF786030FFD9
:10A76000706038FF785C30FF786038FF706038FFC9
:10A77000785C30FF706038FF705C30FF786030FFCD
:10A78000705C38FF786030FF786038FF705C38FFAD
:10A79000786030FF706038FF705C30FF786030FFA9
:10A7A000705C38FF706030FF785C30FF705C38FFA1
:10A7B000706030FF785C38FF705C30FF786038FF85
:10A7C000785C38FF705C30FF706038FF786038FF6D
:10A7D000705C30FF706030FF785C38FF786038FF65
:10A7E000705C30FF785C30FF706038FF705C38FF61
:10A7F000786030FF706038FF705C30FF786030FF49
:10A80000706038FF705C30FF786030FF706038FF38
:10A81000785C30FF786038FF705C38FF706030FF24
:10A82000786030FF705C38FF706030FF786038FF10
:10A83000785C30FF706030FF785C38FF706030FF0C
:10A84000706038FF785C38FF705C30FF706038FFF4
:10A85000785C30FF706038FF706038FF785C30FFE4
:10A86000706030FF785C38FF785C38FF706030FFD4
:10A87000705C38FF786030FF705C30FF705C38FFD0
:10A88000786030FF786030FF705C38FF785C30FFB4
:10A89000706038FF705C38FF786030FF706038FFA0
:10A8A000705C38FF786030FF705C30FF705C38FFA0
:10A8B000786038FF705C30FF786038FF786038FF70
:10A8C000705C30FF706030FF786038FF705C38FF7C
:10A8D000706030FF786038FF785C30FF706030FF68
:10A8E000786038FF705C30FF705C30FF786038FF54
:10A8F000705C38FF706030FF786038FF705C38FF44
:10A90000706030FF786038FF705C30FF786030FF37
:10A91000785C38FF705C30FF706038FF785C38FF1F
:10A92000706030FF705C30FF786038FF786030FF17
:10A93000705C38FF786038FF705C30FF705C38FF07
:10A94000786030FF785C38FF705C30FF786038FFEB
:10A95000705C30FF706038FF785C30FF705C38FFEF
:10A96000706038FF785C30FF705C38FF706038FFD3
:10A97000786030FF785C38FF706038FF786030FFB7
:10A98000705C30FF785C38FF786030FF706038FFB3
:10A99000786030FF785C30FF786038FF806C48FF6B
:10A9A000806840FF786038FF706038FF785C30FF67
:10A9B000785C38FF706030FF705C30FF786038FF83
:10A9C000705C30FF705C30FF786038FF705C30FF87
:10A9D000706038FF785C38FF786030FF706038FF57
:10A9E000705C38FF786030FF706030FF705C38FF5B
:10A9F000785C30FF706038FF706030FF785C38FF43
:10AA0000706030FF706030FF785C38FF706030FF3E
:10AA1000786038FF785C30FF706030FF785C38FF1A
:10AA2000785C38FF706030FF786038FF706030FF0E
:10AA3000705C30FF786038FF706030FF705C30FF12
:10AA4000786038FF705C30FF705C38FF786038FFEA
:10AA5000785C30FF706038FF786030FF785C30FFE2
:10AA6000705C38FF785C38FF786030FF706038FFCA
:10AA7000705C38FF786030FF706030FF785C38FFC2
:10AA8000705C30FF786038FF785C30FF706038FFB2
:10AA9000706038FF785C30FF706030FF706038FFA6
:10AAA000785C30FF786030FF705C38FF785C30FF96
:10AAB000786038FF705C38FF786030FF786038FF6E
:10AAC000705C30FF706030FF786038FF705C38FF7A
:10AAD000705C30FF786038FF786038FF705C30FF62
:10AAE000786038FF786038FF705C30FF705C30FF52
:10AAF000786038FF705C30FF785C30FF786038FF3A
:10AB0000706038FF785C30FF706038FF705C30FF39
:10AB1000786030FF705C38FF785C30FF706038FF21
:10AB2000705C38FF785C30FF706030FF785C38FF15
:10AB3000786030FF706038FF785C38FF705C30FF01
:10AB4000706030FF785C38FF706030FF785C30FFF9
:10AB5000786038FF705C38FF786030FF786038FFCD
:10AB6000705C38FF786030FF786038FF706030FFCD
:10AB7000785C30FF706038FF706030FF785C30FFC9
:10AB8000786038FF705C30FF785C38FF786030FFA9
:10AB9000705C38FF706038FF786030FF705C38FFA1
:10ABA000786038FF786030FF705C30FF785C38FF89
:10ABB000786030FF705C38FF785C38FF786030FF79
:10ABC000705C38FF785C30FF706038FF705C30FF7D
:10ABD000786030FF786038FF705C30FF785C38FF59
:10ABE000786038FF705C30FF705C38FF786030FF51
:10ABF000706038FF785C38FF786030FF705C30FF41
:10AC0000786038FF785C30FF706030FF785C38FF28
:10AC1000785C30FF706030FF785C38FF706038FF20
:10AC2000706030FF785C30FF786038FF705C30FF18
:10AC3000786038FF785C38FF706030FF705C38FFF8
:10AC4000785C38FF706030FF786038FF785C30FFE8
:10AC5000706030FF785C38FF785C30FF706030FFE8
:10AC6000786038FF785C38FF706030FF786038FFBC
:10AC7000705C30FF705C38FF786030FF785C38FFC4
:10AC8000705C38FF786030FF785C30FF705C38FFB4
:10AC9000706038FF785C30FF705C38FF786038FF98
:10ACA000785C30FF705C38FF786030FF785C30FF94
:10ACB000705C38FF786030FF785C30FF705C38FF84
:10ACC000786038FF705C30FF706038FF786030FF6C
:10ACD000785C38FF706030FF785C30FF785C38FF5C
:10ACE000706030FF705C38FF785C30FF706030FF60
:10ACF000786038FF785C30FF706038FF786030FF34
:10AD0000785C38FF706030FF786038FF785C30FF27
:10AD1000706038FF786030FF785C30FF706038FF1B
:10AD2000786030FF785C30FF705C38FF706030FF17
:10AD3000785C30FF705C38FF786038FF706030FFFF
:10AD4000705C38FF786038FF705C30FF706030FFF7
:10AD5000786038FF705C30FF706038FF806C48FFAF
:10AD6000806C48FF706038FF705C30FF786038FF9F
:10AD7000786038FF705C30FF786038FF786038FFAB
:10AD8000705C30FF786038FF785C30FF706030FFB7
:10AD9000705C38FF785C30FF786030FF705C38FFA3
:10ADA000785C38FF786030FF705C38FF785C30FF8B
:10ADB000786038FF705C30FF785C38FF786038FF6F
:10ADC000705C30FF785C38FF706030FF785C38FF73
:10ADD000706030FF706038FF785C38FF706030FF63
:10ADE000705C38FF785C30FF786038FF705C38FF4B
:10ADF000785C30FF786038FF705C38FF786030FF37
:10AE0000786030FF705C38FF706030FF785C30FF36
:10AE1000705C38FF706038FF786030FF705C38FF1E
:10AE2000706030FF786030FF785C38FF705C30FF16
:10AE3000786038FF705C30FF786038FF705C30FFFE
:10AE4000706038FF785C30FF785C30FF706038FFEE
:10AE5000785C30FF786038FF705C38FF785C30FFDA
:10AE6000786038FF706038FF785C30FF706030FFCA
:10AE7000785C38FF705C30FF706038FF785C38FFBA
:10AE8000785C30FF706038FF785C30FF786030FFAE
:10AE9000706038FF705C30FF785C30FF706038FFA6
:10AEA000705C30FF786030FF786038FF705C38FF8E
:10AEB000706030FF786038FF705C30FF785C30FF86
:10AEC000786038FF785C30FF706038FF786038FF5A
:10AED000705C30FF786030FF786038FF705C30FF66
:10AEE000786030FF706038FF705C30FF785C38FF4E
:10AEF000706030FF785C30FF786038FF706038FF3A
:10AF0000785C30FF706038FF705C30FF786030FF35
:10AF1000705C38FF705C30FF786038FF705C30FF29
:10AF2000705C30FF786038FF705C38FF785C30FF11
:10AF3000786038FF705C38FF786030FF705C38FFF5
:10AF4000706030FF786038FF705C30FF786030FFF1
:10AF5000785C38FF705C30FF786030FF705C30FFE9
:10AF6000705C38FF786038FF706030FF785C30FFCD
:10AF7000706038FF706030FF785C38FF706030FFC1
:10AF8000786038FF785C38FF706030FF785C38FF9D
:10AF9000705C38FF706030FF785C30FF706038FFA5
:10AFA000786030FF785C30FF705C38FF786030FF8D
:10AFB000705C30FF705C38FF786038FF705C30FF89
:10AFC000785C38FF706030FF706038FF785C38FF65
:10AFD000706030FF785C30FF785C38FF706030FF65
:10AFE000785C38FF706038FF706030FF785C30FF4D
:10AFF000706038FF786030FF785C38FF706030FF39
:10B00000785C30FF706038FF705C38FF786030FF2C
:10B01000706038FF785C38FF705C30FF706030FF24
:10B02000785C38FF705C30FF786038FF786030FF04
:10B03000705C38FF786030FF706030FF705C38FF04
:10B04000786030FF705C38FF786030FF786030FFE8
:10B05000705C38FF786030FF706038FF705C30FFE4
:10B06000786038FF706038FF786030FF705C38FFC0
:10B07000706038FF786030FF705C30FF786038FFB8
:10B08000785C30FF705C30FF786038FF705C38FFB0
:10B09000706030FF786038FF705C30FF786038FF98
:10B0A000786038FF705C30FF786038FF705C38FF84
:10B0B000705C30FF786030FF705C38FF706038FF84
:10B0C000785C30FF705C38FF706030FF785C38FF70
:10B0D000705C38FF706030FF785C38FF706038FF5C
:10B0E000786030FF705C38FF786038FF786030FF40
:10B0F000705C38FF785C30FF706030FF785C38FF40
:10B10000786030FF705C38FF785C30FF785C38FF27
:10B11000706038FF705C30FF786038FF806C48FFEB
:10B12000806C40FF786038FF705C30FF706030FFEB
:10B13000785C38FF705C30FF786038FF705C30FFFF
:10B14000706038FF785C38FF786030FF706038FFDF
:10B15000785C38FF706030FF706038FF785C30FFDB
:10B16000706030FF706038FF785C30FF706038FFCF
:10B17000786030FF705C30FF706038FF786030FFBF
:10B18000705C38FF786038FF785C30FF705C38FFA7
:10B19000786030FF705C38FF785C30FF786030FF9B
:10B1A000706038FF705C30FF786030FF705C38FF93
:10B1B000706030FF785C30FF705C38FF706038FF83
:10B1C000785C30FF786038FF706030FF785C30FF6B
:10B1D000786038FF705C30FF785C38FF706038FF53
:10B1E000785C30FF706038FF705C30FF786038FF4B
:10B1F000705C30FF786038FF785C38FF706030FF3B
:10B20000706038FF785C38FF706030FF705C30FF32
:10B21000786038FF705C30FF706038FF785C30FF1A
:10B22000705C30FF706038FF786038FF705C30FF12
:10B23000706038FF786030FF705C30FF706038FFFE
:10B24000786038FF705C30FF705C38FF786030FFEA
:10B25000786038FF705C30FF786038FF785C38FFCA
:10B26000705C30FF706030FF785C38FF785C30FFD6
:10B27000706038FF786038FF705C30FF706038FFB6
:10B28000785C30FF705C30FF786038FF785C38FFA6
:10B29000705C30FF706038FF785C38FF705C30FFA6
:10B2A000786038FF786038FF705C30FF706038FF7E
:10B2B000785C38FF705C30FF706030FF785C38FF7E
:10B2C000785C38FF706030FF785C38FF786038FF5A
:10B2D000706030FF785C38FF786030FF705C38FF5A
:10B2E000786030FF705C38FF706030FF785C38FF4A
:10B2F000706030FF785C30FF785C38FF706038FF3A
:10B30000785C30FF706038FF705C38FF786030FF29
:10B31000706038FF785C38FF786030FF706038FF0D
:10B32000785C30FF705C38FF786038FF705C30FF0D
:10B33000785C38FF786030FF705C30FF705C38FFFD
:10B34000786030FF706030FF785C38FF786030FFE5
:10B35000705C38FF786038FF705C30FF706038FFD9
:10B36000786038FF705C30FF786038FF786038FFB5
:10B37000705C30FF786030FF706038FF785C30FFC1
:10B38000706038FF786038FF785C30FF706038FF9D
:10B39000706038FF785C38FF706030FF785C30FF99
:10B3A000785C38FF706038FF785C30FF705C38FF85
:10B3B000706030FF785C38FF706030FF786038FF75
:10B3C000785C30FF705C38FF786030FF705C30FF75
:10B3D000786038FF706038FF785C30FF786038FF45
:10B3E000706030FF705C38FF785C30FF706038FF51
:10B3F000785C30FF785C38FF706038FF785C30FF35
:10B40000706038FF705C38FF785C30FF706038FF28
:10B41000785C30FF785C38FF706030FF785C30FF1C
:10B42000705C38FF786030FF705C30FF785C38FF0C
:10B43000786038FF705C30FF706038FF786038FFEC
:10B44000705C30FF786038FF785C30FF705C30FFF4
:10B45000786038FF705C38FF705C30FF786030FFD8
:10B46000705C38FF786030FF786030FF705C38FFC8
:10B47000786038FF785C30FF706030FF785C38FFB0
:10B48000786030FF706030FF705C38FF786030FFAC
:10B49000785C30FF705C38FF706030FF785C30FFA4
:10B4A000705C38FF706030FF785C30FF706038FF90
:10B4B000786038FF705C30FF706038FF785C30FF78
:10B4C000706030FF706038FF785C30FF786038FF64
:10B4D000705C30FF786030FF786038FF806C40FF30
:10B4E000806C48FF786038FF785C30FF706038FF10
:10B4F000706030FF785C38FF705C30FF786030FF40
:10B50000705C38FF705C30FF786030FF705C38FF33
:10B51000785C30FF786038FF705C38FF785C30FF13
:10B52000786038FF705C30FF785C38FF706038FFFF
:10B53000785C30FF785C38FF706030FF705C30FF03
:10B54000786038FF706030FF705C30FF786038FFE3
:10B55000706038FF785C30FF706038FF785C38FFCF
:10B56000786030FF706038FF785C38FF786030FFBB
:10B57000706038FF785C30FF786030FF705C38FFB7
:10B58000705C38FF786030FF705C38FF706038FFA7
:10B59000786030FF705C30FF786038FF785C30FF97
:10B5A000706038FF785C30FF706038FF785C30FF87
:10B5B000706030FF705C38FF785C30FF786030FF7F
:10B5C000705C38FF786038FF706030FF785C38FF5F
:10B5D000786038FF706030FF785C30FF706038FF53
:10B5E000785C30FF785C38FF706030FF785C38FF43
:10B5F000785C38FF786030FF785C30FF705C38FF33
:10B60000786030FF786030FF705C38FF705C38FF26
:10B61000786030FF705C38FF706030FF786038FF12
:10B62000785C38FF706030FF705C38FF785C30FF0A
:10B63000786030FF705C38FF785C38FF706030FFF6
:10B64000706038FF705C38FF786030FF705C30FFEE
:10B65000786038FF706030FF705C30FF785C38FFD6
:10B66000706030FF785C30FF785C38FF706030FFCE
:10B67000786038FF705C38FF706030FF786030FFB2
:10B68000705C38FF706030FF785C38FF705C30FFB2
:10B69000706038FF785C30FF706038FF786038FF8A
:10B6A000785C30FF706030FF785C38FF706038FF86
:10B6B000706030FF785C30FF706038FF786030FF7A
:10B6C000785C30FF705C38FF786030FF705C30FF72
:10B6D000705C38FF786030FF705C38FF786038FF4E
:10B6E000705C30FF786030FF706038FF705C30FF56
:10B6F000786038FF786038FF705C30FF785C38FF26
:10B70000706038FF705C30FF785C38FF706030FF2D
:10B71000786030FF785C38FF705C30FF785C30FF19
:10B72000706038FF705C30FF786030FF705C38FF0D
:10B73000785C38FF706030FF785C38FF705C30FFF9
:10B74000706030FF785C38FF785C30FF706030FFED
:10B75000785C38FF706030FF706038FF785C30FFD5
:10B76000706030FF786038FF785C30FF706038FFC1
:10B77000785C38FF705C30FF706038FF785C30FFB9
:10B78000706038FF786030FF705C38FF785C30FFA5
:10B79000705C30FF706038FF785C30FF785C38FF99
:10B7A000706038FF786030FF705C38FF706030FF89
:10B7B000786030FF705C38FF785C30FF786030FF75
:10B7C000706038FF785C30FF706038FF706038FF61
:10B7D000785C30FF706038FF786038FF705C30FF55
:10B7E000786038FF705C30FF706038FF786030FF41
:10B7F000785C30FF705C38FF786030FF705C30FF41
:10B80000706038FF786038FF705C30FF786030FF20
:10B81000786038FF705C30FF786038FF705C30FF14
:10B82000705C38FF786038FF705C30FF706030FF0C
:10B83000785C38FF706038FF705C30FF785C38FFF0
:10B84000706038FF785C30FF786038FF706038FFD8
:10B85000786030FF785C38FF706038FF785C30FFCC
:10B86000786038FF705C38FF785C30FF706030FFC4
:10B87000785C38FF786030FF705C38FF785C38FFA8
:10B88000786030FF705C38FF706038FF786030FFA0
:10B89000705C38FF705C38FF786038FF806C48FF60
:10B8A000806C40FF706038FF785C38FF786030FF54
:10B8B000706038FF785C30FF786038FF706038FF68
:10B8C000785C30FF786038FF706038FF705C30FF64
:10B8D000786030FF706038FF705C30FF786038FF50
:10B8E000706030FF785C38FF706030FF706030FF50
:10B8F000785C38FF786038FF705C30FF785C38FF28
:10B90000786038FF705C30FF785C30FF706038FF23
:10B91000785C30FF706030FF705C38FF785C30FF1F
:10B92000706030FF705C38FF785C30FF706038FF0B
:10B93000705C38FF786038FF786030FF705C30FFF3
:10B94000786038FF785C30FF705C38FF786038FFD3
:10B95000705C30FF706038FF785C30FF706038FFDB
:10B96000705C30FF786038FF785C38FF706030FFC3
:10B97000786038FF705C38FF706030FF785C30FFB3
:10B98000785C38FF706030FF785C30FF705C38FFA7
:10B99000706030FF785C38FF785C38FF706030FF93
:10B9A000706038FF785C30FF706030FF706038FF87
:10B9B000785C30FF706038FF706038FF785C30FF73
:10B9C000705C38FF786030FF786038FF705C30FF63
:10B9D000785C30FF786038FF705C30FF705C30FF5F
:10B9E000786038FF786038FF706030FF705C38FF37
:10B9F000786030FF705C30FF786038FF785C30FF33
:10BA0000786030FF706038FF705C30FF786038FF1E
:10BA1000785C38FF786030FF706038FF785C38FF02
:10BA2000706030FF706038FF785C30FF786030FF06
:10BA3000705C30FF785C38FF786038FF705C30FFF6
:10BA4000786030FF786038FF705C30FF786038FFD6
:10BA5000785C30FF705C30FF706038FF785C30FFDE
:10BA6000705C38FF786030FF785C38FF705C30FFC6
:10BA7000786038FF705C38FF705C30FF786038FFAA
:10BA8000705C38FF786030FF786038FF705C38FF9A
:10BA9000786030FF705C30FF705C38FF786030FF9A
:10BAA000785C30FF706038FF785C30FF705C30FF8E
:10BAB000706038FF786030FF705C30FF786038FF6E
:10BAC000786030FF705C38FF706038FF785C30FF62
:10BAD000706038FF706038FF785C30FF786038FF46
:10BAE000705C38FF786030FF705C38FF706030FF4A
:10BAF000786030FF785C38FF706038FF786030FF26
:10BB0000705C38FF706030FF785C38FF705C30FF2D
:10BB1000786030FF785C38FF705C38FF706030FF11
:10BB2000785C38FF705C30FF706030FF786038FF01
:10BB3000785C30FF706030FF785C38FF705C38FFF5
:10BB4000706030FF786038FF785C38FF706030FFDD
:10BB5000786038FF705C30FF706030FF785C38FFD1
:10BB6000706030FF785C30FF785C38FF706038FFC1
:10BB7000706030FF785C38FF706030FF705C38FFB9
:10BB8000785C30FF786030FF705C38FF785C30FFA5
:10BB9000706030FF705C38FF785C30FF786038FF91
:10BBA000706030FF785C38FF705C38FF706030FF89
:10BBB000786038FF705C38FF785C30FF786030FF69
:10BBC000705C38FF705C38FF786030FF705C38FF65
:10BBD000705C38FF786030FF786038FF705C30FF51
:10BBE000786030FF785C38FF706038FF785C30FF39
:10BBF000786030FF706038FF785C30FF706030FF35
:10BC0000705C38FF785C30FF705C30FF706038FF2C
:10BC1000785C30FF706030FF705C38FF786030FF18
:10BC2000706030FF785C38FF706038FF785C30FF00
:10BC3000706038FF705C30FF786030FF706038FFF4
:10BC4000785C30FF785C30FF706038FF785C30FFE4
:10BC5000786030FF706038FF786038FF806C40FF9C
:10BC6000806840FF706038FF705C30FF785C38FFA0
:10BC7000706030FF705C30FF786038FF705C30FFC0
:10BC8000785C30FF786038FF705C38FF785C30FF9C
:10BC9000786038FF705C30FF785C30FF706038FF90
:10BCA000705C38FF785C30FF786038FF705C30FF84
:10BCB000706038FF786030FF705C30FF706038FF74
:10BCC000786038FF785C30FF706038FF785C38FF50
:10BCD000785C30FF706038FF786030FF785C38FF48
:10BCE000706038FF785C30FF786030FF705C30FF48
:10BCF000705C38FF786030FF705C38FF706038FF30
:10BD0000786030FF705C30FF786030FF785C38FF1F
:10BD1000705C30FF786038FF785C38FF706030FF0F
:10BD2000785C30FF706038FF705C30FF785C30FF0B
:10BD3000786038FF786038FF705C30FF706038FFE3
:10BD4000786038FF705C30FF786038FF705C30FFDF
:10BD5000706030FF786038FF705C30FF786038FFCB
:10BD6000705C38FF786030FF785C38FF705C30FFC3
:10BD7000706030FF785C38FF706030FF786038FFAB
:10BD8000705C38FF705C30FF786038FF706030FFA7
:10BD9000705C38FF786038FF786030FF705C30FF8F
:10BDA000705C38FF786030FF785C30FF706038FF7F
:10BDB000705C38FF786030FF706038FF705C38FF6F
:10BDC000785C30FF786038FF705C30FF705C30FF6B
:10BDD000786038FF705C30FF785C30FF786038FF47
:10BDE000705C38FF705C30FF786038FF705C38FF43
:10BDF000706030FF786030FF785C38FF705C38FF2F
:10BE0000786030FF705C38FF706030FF786038FF1A
:10BE1000785C38FF706030FF786030FF705C38FF0E
:10BE2000706030FF786038FF705C30FF786030FF02
:10BE3000786038FF705C30FF786030FF705C38FFEE
:10BE4000706030FF785C30FF705C38FF786038FFDE
:10BE5000786030FF705C38FF786038FF706030FFCA
:10BE6000705C38FF785C38FF786030FF785C38FFB2
:10BE7000705C38FF706030FF785C38FF706030FFB6
:10BE8000785C30FF786038FF705C30FF785C30FFA2
:10BE9000706038FF705C30FF786030FF706038FF92
:10BEA000785C30FF785C38FF706038FF785C30FF7A
:10BEB000706030FF705C38FF785C30FF786038FF6E
:10BEC000785C30FF706038FF706038FF785C30FF5E
:10BED000706038FF786030FF785C30FF706038FF4A
:10BEE000786038FF705C30FF705C38FF786038FF36
:10BEF000705C30FF786030FF786038FF705C30FF36
:10BF0000785C30FF706038FF705C30FF786038FF1D
:10BF1000785C38FF786030FF706038FF705C38FF05
:10BF2000786030FF706038FF785C30FF785C38FFF5
:10BF3000705C38FF786030FF706038FF705C38FFED
:10BF4000786030FF706038FF785C30FF786038FFD1
:10BF5000706030FF785C30FF705C38FF706030FFDD
:10BF6000785C30FF786038FF785C30FF705C30FFC1
:10BF7000706038FF786030FF705C38FF786038FFA1
:10BF8000785C30FF706030FF786038FF705C30FFA5
:10BF9000705C30FF786038FF705C38FF706030FF95
:10BFA000786030FF705C38FF705C38FF786030FF7D
:10BFB000705C38FF785C38FF786030FF706038FF65
:10BFC000786038FF785C30FF706038FF785C38FF4D
:10BFD000785C30FF706038FF785C38FF705C30FF51
:10BFE000786030FF706038FF785C30FF706038FF39
:10BFF000785C38FF786030FF705C38FF706038FF25
:10C00000785C30FF706038FF705C38FF785C30FF20
:10C01000706030FF785C38FF786038FF806C40FFDC
:10C02000806C48FF786038FF706030FF785C38FFC4
:10C03000786038FF705C30FF785C38FF706038FFE4
:10C04000706030FF705C30FF786030FF706038FFE8
:10C05000705C38FF786030FF786038FF705C30FFCC
:10C06000786030FF786038FF705C30FF785C38FFB4
:10C07000786030FF705C38FF785C30FF706030FFB4
:10C08000705C38FF786030FF706030FF705C38FFA4
:10C09000786038FF706030FF705C38FF786030FF88
:10C0A000705C38FF706038FF786030FF785C38FF74
:10C0B000706030FF785C30FF705C38FF786030FF74
:10C0C000705C38FF706038FF786030FF705C38FF5C
:10C0D000706030FF786030FF705C38FF785C30FF54
:10C0E000786038FF706038FF705C30FF785C30FF3C
:10C0F000706038FF705C30FF785C30FF786038FF2C
:10C10000705C30FF786038FF705C38FF786030FF1B
:10C11000785C38FF705C30FF786030FF705C38FF0F
:10C12000786030FF705C38FF786038FF786030FFEF
:10C13000705C38FF785C30FF785C30FF706038FFEF
:10C14000786030FF705C30FF785C38FF786038FFD3
:10C15000705C30FF705C38FF786038FF786030FFCB
:10C16000705C38FF705C38FF786030FF785C38FFB7
:10C17000705C30FF786030FF785C38FF705C30FFB7
:10C18000706038FF785C38FF786030FF706038FF8F
:10C19000705C38FF786030FF705C30FF706038FF93
:10C1A000786030FF785C30FF706038FF785C38FF73
:10C1B000706030FF706038FF785C30FF706030FF77
:10C1C000705C38FF785C30FF706038FF705C30FF67
:10C1D000785C38FF706038FF785C30FF785C38FF3F
:10C1E000706038FF705C30FF786038FF705C38FF3B
:10C1F000705C30FF786038FF786038FF705C30FF2B
:10C20000786038FF706030FF705C30FF786030FF1E
:10C21000705C38FF785C30FF786030FF705C38FF0E
:10C22000706030FF786038FF706030FF705C38FFFE
:10C23000786030FF785C38FF706038FF705C30FFEA
:10C24000785C38FF706038FF786030FF785C38FFCA
:10C25000786030FF705C38FF785C38FF706030FFCA
:10C26000706030FF785C38FF786030FF705C38FFBA
:10C27000785C38FF706030FF706038FF785C30FFAA
:10C28000705C30FF786038FF785C30FF705C38FF9E
:10C29000706038FF785C30FF705C30FF786038FF8A
:10C2A000786030FF785C38FF706030FF785C38FF72
:10C2B000706038FF705C30FF786038FF786030FF66
:10C2C000705C38FF785C30FF706030FF705C38FF66
:10C2D000785C30FF706030FF785C38FF785C30FF4E
:10C2E000706038FF705C30FF786030FF706030FF46
:10C2F000785C38FF786030FF785C30FF705C38FF26
:10C30000786038FF705C30FF705C38FF786038FF11
:10C31000786038FF705C30FF786038FF706038FFFD
:10C32000705C30FF786038FF706038FF785C30FFF9
:10C33000785C30FF706038FF706030FF785C38FFE9
:10C34000706030FF785C38FF786038FF786030FFCD
:10C35000705C30FF786038FF785C30FF705C38FFCD
:10C36000786038FF786030FF705C30FF706038FFB5
:10C37000786030FF705C30FF705C38FF786030FFB1
:10C38000705C30FF706038FF786030FF705C30FFA9
:10C39000706038FF786030FF785C38FF705C38FF81
:10C3A000786030FF785C38FF705C30FF706030FF81
:10C3B000786038FF785C30FF705C30FF786038FF61
:10C3C000786030FF705C30FF786038FF706038FF55
:10C3D000705C30FF705C30FF786038FF806C48FF25
:10C3E000806C48FF786038FF705C30FF786030FF09
:10C3F000706038FF785C30FF786030FF706038FF25
:10C40000785C38FF785C30FF706038FF785C30FF14
:10C41000705C30FF786038FF705C38FF705C30FF14
:10C42000786038FF706030FF705C38FF786030FFF4
:10C43000706038FF705C38FF786038FF785C30FFE0
:10C44000705C38FF786038FF705C30FF785C30FFDC
:10C45000786038FF705C30FF785C30FF786038FFC0
:10C46000705C30FF705C30FF786038FF706038FFC0
:10C47000785C30FF706038FF786030FF785C30FFA8
:10C48000705C38FF786038FF785C30FF705C38FF94
:10C49000786038FF705C30FF706038FF785C30FF88
:10C4A000706030FF785C38FF786038FF706030FF74
:10C4B000785C38FF706038FF786030FF705C30FF68
:10C4C000705C38FF786030FF706030FF785C38FF58
:10C4D000706038FF785C30FF706038FF786030FF44
:10C4E000705C30FF705C38FF786030FF706038FF40
:10C4F000705C38FF786030FF706038FF705C38FF28
:10C50000785C30FF786038FF706030FF785C30FF17
:10C51000706030FF785C38FF705C30FF786030FF0F
:10C52000786038FF705C30FF706038FF786030FFF3
:10C53000705C38FF706038FF786030FF785C30FFE7
:10C54000706038FF705C30FF786030FF785C38FFD7
:10C55000705C38FF786030FF706038FF785C38FFBF
:10C56000785C30FF706038FF785C30FF785C30FFBB
:10C57000706038FF785C38FF785C30FF706038FF9F
:10C58000786038FF785C30FF786030FF705C38FF8F
:10C59000706030FF786030FF705C38FF786030FF8B
:10C5A000785C30FF706038FF785C30FF786038FF6F
:10C5B000705C30FF786038FF705C30FF785C38FF6B
:10C5C000786038FF705C38FF786030FF705C38FF4F
:10C5D000706038FF786030FF705C38FF785C30FF47
:10C5E000786038FF705C30FF785C38FF706030FF37
:10C5F000786030FF785C38FF706030FF786030FF23
:10C60000705C38FF706030FF705C38FF786030FF1E
:10C61000706038FF785C30FF785C38FF706030FF06
:10C62000705C38FF786030FF706030FF705C38FFFE
:10C63000786030FF786038FF705C38FF706030FFE2
:10C64000786038FF705C30FF786030FF786038FFCA
:10C65000705C30FF706038FF785C38FF705C30FFD2
:10C66000706038FF785C30FF786030FF706030FFBA
:10C67000785C38FF705C38FF705C30FF786038FFA2
:10C68000706038FF785C30FF786038FF706038FF8A
:10C69000705C30FF786038FF705C30FF786038FF86
:10C6A000785C30FF705C38FF706038FF786030FF76
:10C6B000705C38FF706038FF785C30FF786030FF66
:10C6C000706038FF785C30FF706030FF705C30FF66
:10C6D000785C38FF706030FF785C30FF785C38FF42
:10C6E000706030FF705C30FF786038FF706038FF3A
:10C6F000785C30FF785C38FF706030FF705C30FF32
:10C70000785C38FF706030FF705C38FF785C38FF11
:10C71000706030FF706038FF785C30FF705C30FF15
:10C72000706038FF785C30FF785C38FF706038FFED
:10C73000786030FF785C38FF706038FF785C30FFDD
:10C74000785C38FF706038FF785C30FF785C38FFC9
:10C75000706030FF706030FF785C38FF706030FFD1
:10C76000706038FF785C38FF706030FF785C38FFAD
:10C77000706030FF705C38FF786038FF705C30FFAD
:10C78000705C38FF786030FF785C30FF786038FF8D
:10C79000786038FF705C30FF786038FF806C48FF4D
:10C7A000806C40FF786038FF705C30FF706038FF4D
:10C7B000785C38FF705C30FF706030FF785C38FF69
:10C7C000705C30FF786038FF706038FF785C30FF55
:10C7D000786038FF706030FF785C30FF786038FF39
:10C7E000705C38FF785C30FF706038FF785C30FF39
:10C7F000785C30FF706038FF786030FF705C30FF2D
:10C80000786038FF706038FF785C30FF706038FF08
:10C81000706030FF785C38FF706038FF786030FF00
:10C82000785C38FF705C30FF786038FF705C30FFF8
:10C83000785C38FF706038FF706030FF785C38FFDC
:10C84000706030FF785C30FF706038FF786030FFD8
:10C85000785C30FF706038FF785C38FF706030FFC4
:10C86000705C30FF785C38FF706030FF785C30FFC0
:10C87000705C38FF786038FF706030FF785C38FF9C
:10C88000786038FF705C30FF785C30FF706038FF94
:10C89000785C30FF706038FF785C38FF786030FF7C
:10C8A000705C38FF786030FF785C30FF705C38FF78
:10C8B000786030FF785C30FF706038FF785C30FF64
:10C8C000705C38FF706038FF785C30FF706038FF54
:10C8D000786038FF706030FF705C38FF785C38FF3C
:10C8E000706030FF785C30FF785C38FF706030FF3C
:10C8F000785C38FF705C38FF706030FF786038FF1C
:10C90000785C30FF706038FF705C30FF786030FF1B
:10C91000785C38FF706030FF785C30FF705C38FF07
:10C92000706030FF706038FF785C38FF706030FFF7
:10C93000706030FF785C38FF706030FF705C38FFEB
:10C94000786030FF706038FF785C38FF786030FFC7
:10C95000705C38FF785C30FF706038FF706038FFC3
:10C96000785C30FF705C38FF706030FF786030FFBB
:10C97000705C38FF706030FF785C30FF706030FFB3
:10C98000705C38FF785C30FF786038FF705C30FF97
:10C99000785C30FF706038FF706038FF785C30FF83
:10C9A000706030FF785C38FF705C38FF786030FF73
:10C9B000705C38FF705C38FF786030FF785C38FF5F
:10C9C000786030FF705C38FF785C30FF706038FF53
:10C9D000705C30FF786030FF706038FF785C38FF43
:10C9E000785C30FF706038FF785C38FF705C30FF37
:10C9F000786030FF785C38FF705C30FF786038FF1B
:10CA0000785C38FF705C30FF706038FF785C30FF16
:10CA1000786030FF706038FF785C30FF706038FFFE
:10CA2000705C38FF785C30FF706038FF705C38FFF6
:10CA3000786030FF786030FF705C38FF785C30FFE2
:10CA4000706030FF705C38FF785C30FF786030FFDA
:10CA5000706038FF785C38FF706030FF706038FFBE
:10CA6000785C30FF786038FF705C38FF785C30FFAE
:10CA7000706030FF705C38FF786030FF705C38FFAA
:10CA8000705C30FF786038FF786038FF705C30FF92
:10CA9000786038FF706038FF705C30FF786038FF76
:10CAA000785C38FF705C30FF786030FF705C38FF76
:10CAB000706038FF786030FF785C38FF706038FF56
:10CAC000786030FF705C30FF706038FF785C30FF5A
:10CAD000786038FF705C38FF786030FF786038FF2E
:10CAE000705C30FF706038FF785C30FF705C30FF46
:10CAF000706038FF785C30FF706030FF706038FF26
:10CB0000785C30FF706030FF706038FF785C38FF11
:10CB1000785C30FF706038FF785C30FF786030FF01
:10CB2000705C38FF706030FF785C38FF786030FFF1
:10CB3000705C38FF786030FF786030FF705C38FFE1
:10CB4000706038FF785C38FF705C30FF706030FFD9
:10CB5000785C38FF706038FF786038FF806C40FF89
:10CB6000806840FF786038FF706038FF785C30FF85
:10CB7000786038FF706038FF785C30FF706038FF95
:10CB8000786030FF705C30FF706038FF785C38FF91
:10CB9000706030FF705C38FF786030FF706038FF85
:10CBA000785C30FF706030FF786038FF705C38FF71
:10CBB000705C30FF786038FF705C30FF786030FF69
:10CBC000705C38FF785C30FF786030FF705C38FF55
:10CBD000785C30FF706038FF705C30FF786038FF41
:10CBE000706030FF785C38FF706030FF786030FF35
:10CBF000785C38FF705C30FF786038FF705C38FF1D
:10CC0000786030FF705C38FF705C38FF786030FF10
:10CC1000705C30FF786038FF786030FF705C38FF00
:10CC2000786038FF706030FF785C38FF706030FFEC
:10CC3000785C30FF705C38FF786030FF705C30FFEC
:10CC4000706038FF786038FF705C30FF786038FFC4
:10CC5000705C30FF705C30FF786038FF705C38FFCC
:10CC6000706030FF786038FF705C38FF706030FFB4
:10CC7000785C38FF706038FF785C30FF786030FF98
:10CC8000706038FF785C30FF705C30FF785C38FF94
:10CC9000786030FF705C30FF786038FF706038FF7C
:10CCA000705C30FF786038FF706030FF785C30FF78
:10CCB000786030FF785C38FF705C30FF706038FF60
:10CCC000785C38FF785C30FF706038FF706038FF48
:10CCD000785C30FF706038FF786038FF785C30FF38
:10CCE000706030FF785C38FF786038FF705C30FF30
:10CCF000785C38FF786030FF705C38FF785C30FF1C
:10CD0000705C30FF706038FF705C30FF786038FF17
:10CD1000786030FF705C38FF785C30FF706038FFFF
:10CD2000786030FF785C38FF706038FF785C30FFE7
:10CD3000785C38FF706038FF786030FF705C38FFD7
:10CD4000706030FF786030FF705C38FF786038FFCB
:10CD5000785C30FF706030FF785C38FF706038FFBF
:10CD6000786030FF706038FF785C30FF706030FFB3
:10CD7000786038FF705C30FF705C38FF786030FF9F
:10CD8000705C38FF786030FF786038FF705C38FF87
:10CD9000785C30FF706038FF706030FF785C30FF87
:10CDA000706038FF786030FF785C38FF706038FF63
:10CDB000706030FF785C30FF706038FF706030FF6B
:10CDC000785C30FF706038FF705C38FF785C30FF53
:10CDD000706038FF785C30FF786030FF706038FF3B
:10CDE000785C30FF786030FF705C38FF785C38FF2B
:10CDF000706030FF786030FF785C38FF706038FF1B
:10CE0000786030FF705C38FF785C38FF706030FF0E
:10CE1000785C30FF785C38FF706030FF705C30FF0A
:10CE2000786038FF706030FF785C30FF786038FFE2
:10CE3000705C38FF786030FF786038FF705C30FFDE
:10CE4000785C38FF706030FF785C38FF785C30FFCA
:10CE5000706030FF785C38FF706030FF786030FFC2
:10CE6000705C38FF786038FF785C30FF705C30FFB2
:10CE7000706038FF785C30FF705C38FF786038FF96
:10CE8000785C30FF706038FF785C30FF786030FF8E
:10CE9000705C38FF705C30FF786038FF785C38FF7A
:10CEA000706030FF786038FF785C30FF706038FF6A
:10CEB000785C38FF785C30FF706038FF785C38FF52
:10CEC000785C30FF706030FF706038FF785C30FF56
:10CED000706038FF705C38FF786030FF705C38FF3E
:10CEE000785C30FF786030FF705C38FF705C30FF3A
:10CEF000786038FF705C38FF785C30FF786030FF16
:10CF0000706038FF785C30FF706038FF705C30FF15
:10CF1000785C30FF706038FF786038FF806C40FFCD
:10CF2000806C48FF706038FF705C30FF786030FFC5
:10CF3000705C30FF785C38FF706038FF785C30FFE1
:10CF4000785C38FF706030FF785C30FF786038FFC5
:10CF5000705C30FF785C38FF706038FF705C30FFC9
:10CF6000785C38FF706030FF785C38FF786030FFA5
:10CF7000706038FF785C38FF706030FF785C38FF95
:10CF8000706038FF706030FF785C38FF706038FF89
:10CF9000785C30FF786030FF705C38FF705C30FF89
:10CFA000786038FF705C38FF705C30FF786038FF65
:10CFB000706030FF785C30FF705C38FF786030FF65
:10CFC000786030FF705C38FF786030FF705C38FF4D
:10CFD000705C38FF786030FF705C30FF785C38FF41
:10CFE000786030FF705C38FF786038FF706038FF21
:10CFF000785C30FF786038FF705C38FF785C30FF19
:10D00000706030FF785C38FF786038FF706030FF08
:10D01000785C38FF786030FF706030FF785C38FFF4
:10D02000785C30FF706038FF785C30FF786030FFEC
:10D03000706038FF705C38FF785C30FF706038FFDC
:10D04000786030FF705C38FF706038FF786030FFC8
:10D05000705C38FF785C30FF786030FF705C38FFC0
:10D06000785C30FF706038FF705C38FF706038FFAC
:10D07000786030FF706030FF785C38FF706030FFA0
:10D08000786030FF785C38FF706030FF785C38FF84
:10D09000705C30FF706030FF785C38FF706038FF84
:10D0A000785C30FF706030FF705C30FF786038FF74
:10D0B000706038FF705C30FF786038FF786038FF50
:10D0C000785C30FF705C30FF786038FF705C30FF58
:10D0D000706038FF786030FF705C38FF785C30FF3C
:10D0E000706030FF785C38FF706030FF706030FF38
:10D0F000785C38FF785C38FF706030FF785C38FF10
:10D10000786038FF705C30FF706038FF786038FFFF
:10D11000705C30FF785C30FF786038FF705C30FF07
:10D12000705C38FF786030FF705C38FF785C38FFE7
:10D13000786030FF706030FF785C38FF706038FFD7
:10D14000705C30FF785C30FF706038FF785C30FFD7
:10D15000786038FF705C38FF785C30FF706038FFB3
:10D16000705C30FF785C30FF706038FF785C30FFB7
:10D17000705C38FF786038FF785C30FF705C38FF97
:10D18000786030FF786038FF705C30FF786038FF7F
:10D19000705C38FF705C30FF786038FF705C38FF7F
:10D1A000706030FF786038FF705C30FF786030FF6F
:10D1B000705C38FF705C38FF786030FF705C30FF67
:10D1C000786038FF786030FF705C38FF706038FF3F
:10D1D000786030FF705C38FF785C38FF786030FF33
:10D1E000705C38FF705C30FF786030FF705C38FF37
:10D1F000706030FF785C38FF705C30FF786038FF1B
:10D20000706030FF705C38FF786030FF706038FF0E
:10D21000705C30FF785C38FF786038FF705C30FFFE
:10D22000706030FF786038FF705C38FF786030FFE6
:10D23000786030FF705C38FF706030FF785C30FFE2
:10D24000705C38FF706038FF786030FF705C38FFCA
:10D25000706030FF786030FF705C38FF705C30FFCA
:10D26000786030FF705C38FF706038FF786030FFA6
:10D27000705C30FF706038FF786030FF705C38FFA2
:10D28000785C38FF786030FF705C38FF785C30FF86
:10D29000786030FF706038FF705C38FF786030FF76
:10D2A000706038FF785C38FF706030FF786038FF5E
:10D2B000705C30FF706038FF705C38FF786030FF62
:10D2C000705C30FF786038FF786038FF705C30FF4A
:10D2D000786038FF785C30FF786038FF806C48FFFA
:10D2E000806840FF786038FF706038FF785C30FFFE
:10D2F000706038FF706030FF785C30FF706038FF1E
:10D30000706038FF785C30FF706038FF705C30FF11
:10D31000786030FF786038FF705C30FF786030FFF5
:10D32000785C38FF705C38FF706030FF785C30FFED
:10D33000706038FF785C30FF785C30FF706038FFD9
:10D34000785C30FF706030FF705C38FF786030FFD1
:10D35000706038FF785C38FF786030FF705C30FFB9
:10D36000786038FF786030FF705C38FF785C38FF99
:10D37000706030FF706038FF785C38FF706030FF9D
:10D38000705C38FF786030FF786030FF705C38FF89
:10D39000786038FF706030FF705C38FF786030FF75
:10D3A000705C30FF705C38FF786030FF705C30FF7D
:10D3B000706038FF786030FF705C38FF786038FF4D
:10D3C000785C30FF705C30FF706038FF785C30FF55
:10D3D000705C38FF706038FF785C30FF706030FF41
:10D3E000705C38FF785C30FF706038FF785C30FF2D
:10D3F000705C30FF786038FF706030FF705C38FF21
:10D40000785C30FF786030FF706038FF705C38FF08
:10D41000786030FF706038FF705C38FF786030FFF4
:10D42000786030FF785C38FF705C30FF785C38FFE4
:10D43000706038FF705C30FF785C38FF786038FFD0
:10D44000705C30FF706038FF785C30FF786030FFD0
:10D45000706038FF785C30FF705C30FF706038FFC0
:10D46000785C38FF786030FF705C38FF785C30FFA4
:10D47000786030FF705C38FF706030FF786038FF94
:10D48000705C38FF786030FF786038FF705C38FF80
:10D49000785C30FF706038FF785C30FF706038FF78
:10D4A000705C38FF785C30FF786038FF706030FF68
:10D4B000705C30FF786038FF705C30FF786030FF60
:10D4C000785C38FF705C30FF786030FF705C38FF4C
:10D4D000706038FF786030FF705C38FF785C30FF38
:10D4E000786030FF705C38FF706030FF785C38FF28
:10D4F000706030FF785C38FF786030FF706038FF14
:10D50000785C30FF706038FF705C30FF786030FF0F
:10D51000706038FF785C30FF786038FF706038FFEB
:10D52000785C30FF706038FF786030FF705C30FFEF
:10D53000786038FF706030FF705C38FF785C30FFD7
:10D54000706038FF785C30FF786030FF706038FFC3
:10D55000785C30FF706030FF785C38FF785C30FFBB
:10D56000706038FF785C38FF706030FF786030FFA3
:10D57000785C38FF706038FF705C30FF785C38FF93
:10D58000706030FF705C30FF785C38FF786030FF8F
:10D59000706030FF705C38FF786030FF786038FF73
:10D5A000705C38FF786038FF785C30FF706038FF5F
:10D5B000786030FF705C30FF785C38FF706030FF5F
:10D5C000786038FF785C30FF705C38FF786038FF37
:10D5D000706030FF785C30FF705C38FF786038FF37
:10D5E000785C30FF705C30FF706038FF785C38FF2B
:10D5F000785C30FF706038FF786030FF785C30FF17
:10D60000706038FF785C30FF785C38FF706038FFFE
:10D61000785C30FF786038FF706038FF785C30FFEE
:10D62000785C30FF706038FF785C30FF785C30FFEA
:10D63000706038FF785C30FF706030FF706038FFDA
:10D64000785C30FF706038FF706038FF785C30FFC6
:10D65000785C30FF706038FF785C30FF785C30FFBA
:10D66000706038FF705C30FF786038FF785C30FFA6
:10D67000786030FF705C30FF786038FF705C38FF96
:10D68000785C30FF706038FF785C30FF706038FF86
:10D69000706030FF705C38FF786038FF806C40FF4E
:10D6A000806C40FF786038FF705C30FF786038FF36
:10D6B000785C38FF705C30FF786030FF785C38FF52
:10D6C000705C30FF786038FF705C38FF705C30FF52
:10D6D000786038FF705C38FF705C30FF786038FF2E
:10D6E000706030FF785C38FF706030FF705C38FF2E
:10D6F000786030FF706038FF705C38FF786030FF12
:10D70000785C38FF785C38FF706030FF785C30FF01
:10D71000705C38FF706038FF786030FF705C38FFF5
:10D72000785C30FF706030FF786038FF785C30FFE5
:10D73000705C30FF786038FF785C30FF705C38FFD9
:10D74000706038FF785C30FF705C38FF786030FFC5
:10D75000785C30FF705C38FF786038FF786030FFAD
:10D76000705C38FF786038FF785C30FF705C30FFA9
:10D77000786038FF705C30FF706030FF786038FF91
:10D78000705C38FF706030FF786030FF785C38FF85
:10D79000706030FF785C38FF786038FF706030FF71
:10D7A000785C38FF706038FF706030FF785C38FF5D
:10D7B000785C38FF706030FF786038FF785C30FF4D
:10D7C000705C38FF786030FF785C30FF705C38FF49
:10D7D000786030FF705C30FF705C38FF786038FF35
:10D7E000706030FF705C30FF786038FF786030FF29
:10D7F000705C30FF786038FF706030FF705C30FF25
:10D80000785C38FF706038FF705C30FF785C38FF00
:10D81000786038FF705C38FF786030FF786030FFE8
:10D82000705C38FF706038FF786030FF705C38FFE4
:10D83000786030FF785C38FF705C30FF706030FFDC
:10D84000785C38FF706030FF705C30FF785C38FFC8
:10D85000786030FF705C30FF786038FF786030FFB0
:10D86000705C38FF786030FF705C38FF785C38FFA0
:10D87000786030FF705C38FF706038FF706030FF98
:10D88000785C38FF706038FF785C30FF785C30FF80
:10D89000706038FF786038FF705C30FF706038FF70
:10D8A000786038FF785C30FF706030FF786038FF58
:10D8B000705C38FF705C30FF786030FF705C38FF60
:10D8C000786038FF786030FF705C38FF705C38FF3C
:10D8D000786030FF705C30FF705C38FF786030FF3C
:10D8E000785C38FF705C38FF706030FF785C38FF20
:10D8F000785C30FF706038FF786030FF705C38FF14
:10D90000706038FF705C30FF785C38FF706038FF03
:10D91000786030FF705C38FF706030FF786030FFF7
:10D92000785C38FF705C30FF706038FF785C38FFDF
:10D93000786030FF706030FF785C38FF786038FFC7
:10D94000706030FF705C38FF786038FF785C30FFC3
:10D95000705C38FF706030FF785C30FF705C30FFC7
:10D96000706038FF786030FF705C38FF785C38FF9B
:10D97000706030FF786038FF705C38FF786030FF8F
:10D98000705C38FF706030FF785C30FF705C38FF8F
:10D99000786030FF706038FF705C30FF786038FF6F
:10D9A000705C38FF786030FF706030FF705C38FF6B
:10D9B000785C38FF706030FF705C38FF786038FF4B
:10D9C000706030FF705C30FF786038FF705C30FF53
:10D9D000785C30FF706038FF705C30FF786038FF33
:10D9E000706038FF705C30FF786038FF706038FF1F
:10D9F000785C38FF785C30FF706038FF785C30FF0F
:10DA0000785C30FF706038FF786030FF705C38FF02
:10DA1000706038FF786030FF705C38FF786038FFE6
:10DA2000705C30FF786030FF705C38FF706038FFEA
:10DA3000785C30FF786038FF706030FF785C30FFD2
:10DA4000706038FF705C30FF785C30FF786038FFC2
:10DA5000705C30FF785C30FF786038FF806C48FF86
:10DA6000806C48FF706038FF705C30FF786030FF7A
:10DA7000706038FF705C38FF786030FF706038FF8E
:10DA8000785C30FF786030FF786038FF705C30FF82
:10DA9000786038FF786030FF705C38FF786030FF66
:10DAA000705C38FF786030FF785C38FF706030FF62
:10DAB000785C38FF785C30FF706030FF706038FF52
:10DAC000705C30FF786038FF786030FF705C38FF42
:10DAD000785C30FF706030FF785C38FF706038FF32
:10DAE000705C30FF785C38FF706038FF706030FF2A
:10DAF000785C38FF706030FF786030FF785C38FF0A
:10DB0000706030FF785C38FF706038FF706030FF05
:10DB1000785C30FF705C38FF706030FF785C38FFF5
:10DB2000706030FF786038FF705C38FF786030FFDD
:10DB3000785C38FF705C38FF786030FF785C30FFCD
:10DB4000705C38FF786038FF705C30FF706038FFC1
:10DB5000785C30FF706030FF705C38FF785C30FFBD
:10DB6000786030FF705C38FF786030FF706038FF9D
:10DB7000705C30FF785C30FF706038FF706038FF99
:10DB8000705C30FF786038FF705C38FF786030FF81
:10DB9000786038FF785C30FF705C30FF786038FF69
:10DBA000705C38FF705C30FF786038FF705C30FF6D
:10DBB000785C38FF786038FF706030FF785C30FF49
:10DBC000786038FF706030FF705C30FF786038FF3D
:10DBD000705C30FF706038FF785C38FF785C30FF35
:10DBE000706030FF785C38FF705C30FF706038FF29
:10DBF000706038FF785C30FF786038FF705C30FF11
:10DC0000786038FF705C38FF706030FF786038FFF4
:10DC1000705C38FF706030FF785C38FF705C30FFFC
:10DC2000786030FF706038FF705C30FF786038FFDC
:10DC3000705C30FF785C30FF786038FF705C30FFDC
:10DC4000786030FF706038FF705C38FF786030FFBC
:10DC5000785C30FF705C38FF786030FF705C30FFBC
:10DC6000785C38FF706038FF785C30FF786030FF98
:10DC7000705C38FF786030FF705C38FF705C30FF9C
:10DC8000786030FF785C38FF706030FF785C38FF78
:10DC9000786030FF706038FF705C30FF786030FF74
:10DCA000705C38FF786030FF706038FF785C38FF58
:10DCB000705C30FF786030FF785C38FF786030FF50
:10DCC000706030FF785C38FF705C30FF786030FF48
:10DCD000785C38FF705C38FF706030FF786038FF28
:10DCE000705C30FF786030FF705C38FF705C38FF2C
:10DCF000786030FF705C30FF705C38FF786030FF18
:10DD0000785C30FF706038FF706030FF785C38FFFF
:10DD1000786038FF706038FF785C30FF705C38FFE7
:10DD2000786030FF705C30FF706038FF785C30FFE7
:10DD3000785C30FF706038FF785C30FF705C38FFD3
:10DD4000786030FF786038FF705C38FF786030FFB3
:10DD5000785C38FF705C30FF786030FF705C38FFB3
:10DD6000786030FF785C38FF706030FF786030FF9B
:10DD7000785C38FF706030FF785C38FF785C38FF83
:10DD8000706030FF786038FF705C38FF786030FF7B
:10DD9000706038FF785C30FF785C30FF706038FF6F
:10DDA000785C30FF785C30FF706038FF706030FF67
:10DDB000785C30FF706038FF706038FF785C30FF4F
:10DDC000705C38FF786030FF785C30FF705C38FF43
:10DDD000786030FF705C30FF786038FF705C38FF2F
:10DDE000786030FF785C38FF706030FF705C38FF1F
:10DDF000785C38FF706030FF705C38FF786038FF07
:10DE0000786030FF705C38FF786038FF706030FFFA
:10DE1000785C38FF706038FF786038FF806C40FFB6
:10DE2000806840FF786038FF786038FF705C30FFB2
:10DE3000785C30FF786038FF705C38FF705C30FFD2
:10DE4000706038FF785C38FF706030FF705C38FFBE
:10DE5000785C30FF706030FF785C38FF705C30FFBA
:10DE6000786030FF705C38FF786030FF706038FF9A
:10DE7000705C38FF785C30FF786038FF705C30FF92
:10DE8000705C38FF786030FF706038FF705C38FF7E
:10DE9000786030FF785C30FF706038FF786030FF6A
:10DEA000785C30FF706038FF785C30FF705C38FF62
:10DEB000786038FF705C30FF706038FF786030FF4A
:10DEC000785C30FF706038FF785C30FF706038FF3E
:10DED000786038FF786030FF705C38FF705C30FF2E
:10DEE000786030FF705C38FF706030FF786030FF22
:10DEF000705C38FF706038FF786030FF705C30FF16
:10DF0000786038FF785C30FF706038FF785C38FFED
:10DF1000786030FF705C38FF706038FF786030FFE9
:10DF2000705C38FF785C30FF786038FF706030FFDD
:10DF3000785C38FF786030FF705C30FF785C38FFC9
:10DF4000786030FF705C38FF706030FF705C38FFC5
:10DF5000786038FF706038FF785C30FF786030FFA1
:10DF6000786038FF785C38FF706030FF706038FF91
:10DF7000785C30FF705C38FF705C38FF786030FF91
:10DF8000785C38FF705C38FF786030FF786030FF75
:10DF9000705C38FF706030FF786038FF705C30FF75
:10DFA000706038FF785C30FF785C38FF786030FF55
:10DFB000705C30FF706038FF785C30FF706038FF55
:10DFC000785C30FF785C30FF786038FF705C30FF41
:10DFD000786030FF786038FF705C38FF705C30FF2D
:10DFE000786038FF785C38FF706030FF786030FF11
:10DFF000705C38FF706038FF785C30FF785C38FF09
:10E00000706030FF785C30FF706038FF706038FF00
:10E01000785C30FF706038FF786038FF785C30FFE4
:10E02000706030FF705C38FF785C38FF706030FFE4
:10E03000786038FF785C38FF706030FF786038FFB8
:10E04000705C38FF705C30FF786030FF706038FFC4
:10E05000785C38FF785C30FF706038FF785C38FFA0
:10E06000786030FF705C30FF786038FF706030FFA0
:10E07000705C38FF706038FF785C30FF705C38FF90
:10E08000786030FF786038FF705C38FF706030FF78
:10E09000786038FF785C30FF785C38FF706038FF5C
:10E0A000785C30FF786038FF706030FF785C30FF5C
:10E0B000786038FF705C38FF706030FF785C38FF44
:10E0C000785C38FF706030FF785C30FF705C30FF48
:10E0D000706038FF785C30FF706038FF786038FF20
:10E0E000785C30FF706038FF786038FF705C30FF1C
:10E0F000706038FF786030FF705C38FF706030FF10
:10E10000785C30FF705C38FF706030FF786030FF03
:10E11000705C38FF786038FF706030FF785C30FFEB
:10E12000705C38FF706038FF785C30FF705C38FFDF
:10E13000706030FF786030FF705C38FF705C30FFDB
:10E14000786030FF785C38FF705C30FF706038FFBB
:10E15000786038FF705C30FF786038FF706038FF9F
:10E16000705C30FF786038FF785C38FF705C30FF9F
:10E17000786030FF785C38FF706030FF786038FF7F
:10E18000705C38FF706030FF785C38FF706038FF7B
:10E19000785C30FF785C38FF706030FF706030FF73
:10E1A000785C38FF706030FF785C30FF786038FF53
:10E1B000706030FF785C30FF705C38FF786030FF53
:10E1C000705C30FF785C38FF706030FF705C30FF4F
:10E1D000786038FF705C30FF786038FF806C40FFFB
:10E1E000806C48FF786038FF705C30FF706038FFEB
:10E1F000785C30FF786030FF706038FF785C30FF0B
:10E20000786030FF705C38FF785C30FF786038FFF2
:10E21000706038FF705C30FF786038FF786038FFDE
:10E22000705C30FF706038FF785C30FF785C30FFE6
:10E23000706038FF706030FF785C38FF786038FFBE
:10E24000785C30FF705C30FF786038FF705C30FFC6
:10E25000786038FF705C38FF705C30FF786038FFA2
:10E26000706038FF785C30FF706030FF786038FF96
:10E27000785C30FF705C38FF705C38FF786030FF8E
:10E28000705C38FF705C30FF786030FF785C38FF7E
:10E29000705C30FF786030FF785C38FF706038FF6A
:10E2A000785C30FF785C38FF706030FF785C38FF56
:10E2B000705C30FF786030FF705C38FF706038FF52
:10E2C000786030FF705C30FF705C38FF786030FF42
:10E2D000785C30FF706038FF785C30FF786038FF22
:10E2E000705C38FF706030FF785C30FF705C38FF26
:10E2F000706038FF786038FF705C30FF786038FFFE
:10E30000786030FF705C30FF785C38FF786030FFF9
:10E31000705C30FF705C38FF706038FF705C30FFFD
:10E32000705C30FF786038FF785C30FF706030FFE1
:10E33000786038FF785C30FF706030FF706038FFC5
:10E34000785C30FF705C38FF786038FF705C30FFBD
:10E35000785C38FF786030FF705C30FF786038FFA1
:10E36000706038FF706030FF785C38FF786030FF95
:10E37000705C38FF785C38FF706030FF786038FF81
:10E38000705C30FF706038FF785C38FF705C30FF85
:10E39000706030FF785C38FF786030FF706030FF6D
:10E3A000785C38FF705C30FF786038FF785C38FF4D
:10E3B000706030FF706038FF785C30FF706038FF4D
:10E3C000785C38FF785C30FF706030FF785C38FF35
:10E3D000705C30FF706030FF785C38FF706038FF31
:10E3E000706030FF785C30FF706038FF705C30FF29
:10E3F000785C30FF706038FF785C30FF786030FF09
:10E40000705C38FF786038FF705C30FF705C30FF04
:10E41000786038FF705C30FF706030FF786038FFE4
:10E42000705C30FF705C38FF785C30FF786030FFE4
:10E43000706038FF785C30FF706038FF705C38FFC8
:10E44000785C30FF706030FF785C38FF705C30FFC4
:10E45000706030FF786038FF705C30FF705C30FFB8
:10E46000786038FF705C38FF705C30FF786030FF98
:10E47000705C38FF786030FF786030FF705C38FF88
:10E48000706038FF786030FF785C38FF706038FF6C
:10E49000785C30FF785C30FF706038FF705C30FF74
:10E4A000785C30FF786038FF705C30FF785C38FF54
:10E4B000706030FF785C38FF786038FF706030FF44
:10E4C000785C38FF785C38FF706030FF705C38FF34
:10E4D000785C30FF706038FF786038FF705C30FF28
:10E4E000786038FF706030FF785C38FF785C38FF08
:10E4F000706030FF786038FF705C38FF706030FF0C
:10E50000786038FF705C30FF785C30FF786038FFEF
:10E51000705C30FF785C30FF706038FF785C30FFF3
:10E52000706038FF706030FF785C38FF706038FFD3
:10E53000705C30FF785C38FF705C30FF786030FFD3
:10E54000786038FF705C30FF706038FF786030FFB3
:10E55000705C38FF706038FF785C30FF785C38FFA3
:10E56000706038FF705C30FF786038FF705C38FF97
:10E57000786030FF705C38FF786038FF706030FF83
:10E58000785C38FF706038FF785C30FF786038FF67
:10E59000705C30FF706038FF786038FF806C48FF37
:10E5A000806840FF706038FF706030FF785C38FF33
:10E5B000706038FF705C30FF786038FF705C38FF47
:10E5C000786030FF706030FF705C38FF786030FF3B
:10E5D000785C30FF705C38FF706030FF785C38FF2B
:10E5E000706038FF786030FF705C38FF785C38FF0F
:10E5F000786030FF706030FF705C38FF786030FF0B
:10E60000706030FF785C38FF706030FF786030FFFA
:10E61000705C38FF786030FF785C30FF705C38FFEA
:10E62000706038FF785C30FF705C38FF706030FFDE
:10E63000786030FF785C38FF706030FF786038FFBA
:10E64000785C38FF706030FF706038FF785C38FFAE
:10E65000705C30FF706038FF786030FF705C38FFAE
:10E66000706030FF786038FF785C38FF706030FF92
:10E67000786038FF785C30FF705C38FF786038FF76
:10E68000785C30FF706038FF706038FF785C30FF76
:10E69000706038FF705C30FF785C30FF706038FF6E
:10E6A000786030FF705C38FF786030FF785C30FF56
:10E6B000705C38FF706030FF785C38FF705C38FF4A
:10E6C000706030FF786038FF705C38FF786030FF32
:10E6D000785C30FF786038FF786030FF705C38FF1E
:10E6E000706038FF785C30FF705C38FF706038FF16
:10E6F000785C30FF786038FF705C38FF786030FFFE
:10E70000706030FF785C38FF706030FF706038FFF9
:10E71000785C38FF705C30FF786038FF785C30FFE1
:10E72000785C30FF706038FF705C30FF706038FFDD
:10E73000786030FF785C30FF706038FF785C30FFC5
:10E74000706038FF706030FF785C38FF786038FFA9
:10E75000705C30FF705C38FF786038FF706030FFAD
:10E76000705C38FF786030FF705C30FF705C38FFA1
:10E77000786030FF785C30FF706038FF706030FF89
:10E78000785C38FF706038FF786030FF785C38FF65
:10E79000706038FF785C30FF785C30FF706038FF65
:10E7A000785C38FF786030FF706038FF785C38FF45
:10E7B000706030FF705C38FF786038FF705C30FF4D
:10E7C000786030FF786038FF705C38FF786030FF29
:10E7D000786038FF705C38FF785C30FF786038FF15
:10E7E000706038FF785C30FF706038FF785C38FF0D
:10E7F000785C30FF706030FF786038FF785C30FF05
:10E80000706038FF706030FF785C38FF786038FFE8
:10E81000705C30FF706038FF786038FF705C30FFEC
:10E82000786030FF706038FF785C38FF706038FFC8
:10E83000705C30FF785C38FF706030FF705C30FFD8
:10E84000786038FF705C30FF706038FF786038FFA8
:10E85000705C30FF786038FF706030FF705C38FFAC
:10E86000786038FF706030FF785C30FF786038FF88
:10E87000705C30FF705C30FF786038FF705C30FF98
:10E88000786038FF786030FF705C38FF786030FF68
:10E89000785C30FF705C38FF706030FF785C38FF68
:10E8A000785C30FF706030FF706038FF785C30FF5C
:10E8B000785C30FF706038FF785C30FF786038FF3C
:10E8C000705C38FF706030FF786038FF705C38FF34
:10E8D000786030FF706038FF785C30FF785C38FF1C
:10E8E000706030FF785C30FF786038FF706030FF18
:10E8F000785C38FF706038FF706030FF785C38FFFC
:10E90000785C30FF706038FF785C30FF785C30FFF7
:10E91000706038FF706030FF785C30FF786038FFDF
:10E92000705C30FF786030FF705C38FF785C30FFDF
:10E93000706030FF785C38FF705C30FF786030FFCB
:10E94000705C38FF786030FF706038FF785C38FFAB
:10E95000785C30FF706030FF786038FF806C48FF73
:10E96000806840FF786038FF786038FF785C30FF5F
:10E97000705C38FF786030FF705C30FF785C38FF87
:10E98000706038FF785C30FF706038FF706038FF6F
:10E99000785C30FF786038FF705C30FF785C30FF67
:10E9A000786038FF705C30FF706030FF786038FF4F
:10E9B000705C38FF785C30FF786038FF705C38FF3F
:10E9C000706030FF785C38FF785C38FF706030FF33
:10E9D000705C38FF786038FF786030FF705C30FF23
:10E9E000786038FF786030FF705C38FF785C38FF03
:10E9F000706030FF705C30FF786038FF705C30FF13
:10EA0000785C30FF786038FF705C30FF786030FFF2
:10EA1000706038FF785C38FF785C30FF706030FFE2
:10EA2000705C38FF786030FF705C30FF705C38FFDE
:10EA3000786038FF706030FF705C30FF785C38FFC2
:10EA4000786030FF705C30FF786038FF785C30FFB2
:10EA5000706038FF786038FF705C30FF785C30FFA2
:10EA6000706038FF785C38FF706030FF786038FF86
:10EA7000785C30FF706030FF786038FF785C30FF82
:10EA8000705C30FF786038FF706030FF705C38FF7A
:10EA9000706038FF785C30FF785C30FF706038FF62
:10EAA000786030FF785C30FF706038FF785C30FF52
:10EAB000706030FF705C38FF785C38FF706030FF4A
:10EAC000785C38FF785C30FF706030FF786038FF2A
:10EAD000705C30FF706038FF706038FF785C30FF2A
:10EAE000705C38FF786038FF785C30FF705C38FF0E
:10EAF000786030FF705C38FF705C38FF786030FF02
:10EB0000785C30FF705C38FF786030FF786030FFF1
:10EB1000705C38FF786030FF785C38FF705C38FFDD
:10EB2000786030FF786038FF705C30FF786038FFC5
:10EB3000785C38FF705C30FF786038FF785C30FFBD
:10EB4000705C30FF706038FF785C30FF706030FFC1
:10EB5000706038FF785C38FF706030FF785C30FFA1
:10EB6000705C38FF786030FF785C30FF706038FF91
:10EB7000785C30FF786030FF705C38FF705C38FF85
:10EB8000706030FF785C30FF705C38FF706030FF81
:10EB9000785C30FF706038FF705C30FF785C30FF6D
:10EBA000786038FF706030FF705C30FF786038FF4D
:10EBB000705C38FF705C30FF786030FF785C38FF45
:10EBC000706030FF785C38FF706030FF785C38FF31
:10EBD000785C30FF706030FF785C38FF785C38FF1D
:10EBE000706030FF785C30FF786038FF706030FF15
:10EBF000785C38FF786038FF705C38FF786030FFF1
:10EC0000785C30FF705C38FF786030FF705C30FFFC
:10EC1000785C38FF706030FF785C38FF785C30FFDC
:10EC2000706038FF705C30FF786038FF706038FFCC
:10EC3000785C30FF786038FF705C30FF705C38FFC4
:10EC4000706030FF786030FF705C38FF706038FFB4
:10EC5000786030FF785C38FF706030FF786038FF94
:10EC6000705C38FF785C30FF706038FF706038FF90
:10EC7000785C30FF705C30FF786038FF785C30FF84
:10EC8000705C30FF786038FF705C30FF785C30FF7C
:10EC9000706038FF705C38FF786030FF706038FF5C
:10ECA000705C38FF785C30FF705C30FF786038FF54
:10ECB000785C30FF706030FF786038FF705C38FF40
:10ECC000705C30FF786038FF706038FF785C30FF30
:10ECD000786038FF705C30FF706038FF786038FF14
:10ECE000705C30FF786038FF786038FF705C30FF10
:10ECF000786038FF706038FF785C30FF706038FFF4
:10ED0000785C30FF705C30FF706038FF785C30FFFB
:10ED1000706038FF785C30FF786038FF806C40FFAF
:10ED2000806C48FF706038FF706030FF785C30FFA7
:10ED3000706038FF786038FF785C30FF706030FFBB
:10ED4000785C38FF785C30FF706030FF785C38FFAB
:10ED5000706038FF706030FF785C38FF706030FFA3
:10ED6000785C38FF705C38FF786030FF706030FF8F
:10ED7000705C38FF786030FF785C30FF705C38FF83
:10ED8000706030FF786038FF705C38FF785C30FF6F
:10ED9000706030FF705C38FF786038FF705C30FF67
:10EDA000705C30FF786038FF786030FF705C38FF4F
:10EDB000786038FF785C30FF706038FF706030FF3B
:10EDC000785C38FF705C38FF786030FF705C30FF33
:10EDD000786038FF705C30FF786038FF785C38FF0F
:10EDE000706030FF785C38FF786030FF705C30FF17
:10EDF000785C38FF786030FF706038FF705C30FFFF
:10EE0000786038FF705C30FF705C38FF786030FFEE
:10EE1000705C30FF786038FF786038FF705C30FFDE
:10EE2000785C38FF706030FF705C38FF786038FFC6
:10EE3000705C30FF705C38FF786030FF706038FFC6
:10EE4000785C38FF705C30FF786030FF785C38FFAA
:10EE5000706038FF705C30FF705C38FF786038FF9E
:10EE6000705C30FF706038FF786038FF785C30FF8E
:10EE7000706030FF786038FF705C30FF706030FF8A
:10EE8000786038FF705C38FF785C30FF786030FF66
:10EE9000785C38FF705C30FF786030FF706038FF5E
:10EEA000705C30FF786030FF786038FF705C30FF56
:10EEB000786038FF706030FF785C38FF786030FF32
:10EEC000706038FF705C38FF786030FF705C38FF2E
:10EED000706030FF786030FF705C30FF705C38FF2E
:10EEE000786030FF705C38FF706038FF786030FF0A
:10EEF000705C30FF706038FF786038FF705C30FF06
:10EF0000786038FF785C38FF705C30FF786030FFE5
:10EF1000785C38FF706030FF706038FF785C38FFD5
:10EF2000706030FF705C38FF785C30FF706038FFD5
:10EF3000706038FF785C30FF786030FF706038FFB9
:10EF4000785C38FF786030FF706038FF785C38FF9D
:10EF5000786030FF706038FF705C38FF786030FF99
:10EF6000705C38FF785C38FF786030FF706030FF8D
:10EF7000785C38FF706038FF705C30FF786038FF75
:10EF8000705C38FF785C30FF706030FF706038FF75
:10EF9000785C38FF706030FF705C30FF786038FF5D
:10EFA000705C38FF705C30FF786030FF705C38FF59
:10EFB000786030FF706030FF785C38FF706038FF39
:10EFC000706030FF785C38FF786030FF705C38FF2D
:10EFD000706030FF786038FF705C30FF786030FF21
:10EFE000785C38FF705C30FF706038FF785C30FF11
:10EFF000706038FF786038FF785C30FF706038FFF1
:10F00000785C38FF785C30FF706038FF705C30FFF0
:10F01000786038FF705C30FF785C30FF706038FFDC
:10F02000786030FF785C30FF705C38FF786038FFC4
:10F03000706030FF705C38FF706038FF786030FFC0
:10F04000705C38FF786038FF786030FF705C30FFAC
:10F05000785C38FF786030FF705C30FF786038FF94
:10F06000786038FF705C30FF706038FF785C38FF84
:10F07000705C30FF785C30FF786038FF705C30FF88
:10F08000786030FF705C38FF705C30FF786038FF6C
:10F09000705C30FF785C38FF786030FF705C30FF68
:10F0A000705C38FF786030FF705C30FF705C38FF58
:10F0B000786030FF705C30FF786038FF786038FF30
:10F0C000705C30FF786038FF785C30FF706038FF2C
:10F0D000706038FF705C30FF786038FF806C48FFEC
:10F0E000806840FF786038FF705C30FF706038FFE8
:10F0F000785C30FF706038FF706038FF705C30FF04
:10F10000786038FF706038FF785C30FF785C30FFE3
:10F11000706038FF785C30FF706038FF706030FFDF
:10F12000785C30FF786038FF705C38FF785C30FFC7
:10F13000706038FF706038FF785C30FF706038FFB7
:10F14000785C30FF706030FF786038FF785C30FFAB
:10F15000706030FF785C38FF786038FF706030FF97
:10F16000705C38FF785C38FF706030FF706030FF93
:10F17000785C38FF785C30FF706038FF786038FF6B
:10F18000705C30FF706038FF786038FF705C30FF73
:10F19000705C38FF786030FF706030FF705C38FF63
:10F1A000785C30FF706038FF706038FF786030FF47
:10F1B000705C38FF785C38FF706030FF786038FF33
:10F1C000785C30FF706038FF786038FF705C30FF2B
:10F1D000705C30FF786038FF705C30FF706038FF23
:10F1E000786030FF785C30FF706038FF785C30FF0B
:10F1F000706038FF785C30FF705C38FF786030FFFB
:10F20000706038FF705C30FF785C38FF786030FFEA
:10F21000706030FF786038FF785C30FF706030FFDE
:10F22000785C38FF705C30FF786038FF705C38FFC6
:10F23000785C30FF786038FF705C38FF785C30FFB6
:10F24000706038FF706038FF705C30FF786038FFA6
:10F25000706038FF785C30FF785C38FF706038FF92
:10F26000785C30FF705C38FF706030FF785C38FF8E
:10F27000706030FF785C30FF705C38FF706030FF8A
:10F28000785C38FF786030FF705C38FF785C38FF5E
:10F29000706038FF785C30FF786038FF706030FF56
:10F2A000785C30FF785C38FF706030FF785C30FF4E
:10F2B000705C38FF786030FF705C30FF706038FF42
:10F2C000786030FF705C38FF706038FF785C30FF2A
:10F2D000785C38FF706030FF785C30FF786038FF12
:10F2E000706030FF785C38FF706038FF785C30FF0A
:10F2F000705C38FF706038FF785C30FF705C30FF06
:10F30000786038FF705C30FF705C30FF786038FFE9
:10F31000785C30FF705C30FF786038FF706030FFE1
:10F32000705C30FF785C38FF706038FF785C30FFCD
:10F33000786030FF706038FF785C30FF706030FFBD
:10F34000786038FF705C30FF786038FF785C30FFA1
:10F35000706038FF785C38FF786030FF706030FF95
:10F36000785C38FF786038FF705C30FF785C38FF7D
:10F37000706030FF705C30FF785C38FF786030FF81
:10F38000705C38FF786030FF705C38FF786030FF69
:10F39000785C38FF705C38FF706030FF786038FF51
:10F3A000705C38FF786030FF785C30FF705C38FF4D
:10F3B000706030FF705C30FF786038FF706030FF45
:10F3C000785C30FF786038FF705C30FF785C38FF25
:10F3D000786030FF706038FF705C38FF785C30FF19
:10F3E000706038FF706030FF785C30FF785C38FF09
:10F3F000786030FF705C30FF786038FF705C30FF01
:10F40000705C30FF786038FF706038FF705C30FFF0
:10F41000786038FF706038FF705C30FF785C30FFD8
:10F42000786030FF706038FF785C30FF706038FFC4
:10F43000706038FF785C30FF706038FF786038FFAC
:10F44000785C30FF706030FF786038FF705C30FFB0
:10F45000706038FF786030FF785C38FF706038FF8C
:10F46000785C30FF706038FF786038FF785C30FF80
:10F47000706038FF705C30FF785C38FF706030FF80
:10F48000705C38FF786038FF785C30FF705C30FF6C
:10F49000786038FF785C30FF786038FF806C48FF18
:10F4A000806840FF786038FF786038FF705C30FF1C
:10F4B000785C30FF786038FF705C30FF785C30FF3C
:10F4C000706038FF706038FF785C30FF706038FF24
:10F4D000785C30FF785C38FF706030FF785C38FF14
:10F4E000706030FF706030FF785C38FF785C30FF10
:10F4F000786030FF705C38FF786038FF785C30FFF0
:10F50000705C38FF786030FF705C38FF706038FFE7
:10F51000785C30FF705C30FF786038FF786030FFD7
:10F52000705C30FF785C38FF786030FF705C38FFCB
:10F53000706030FF705C30FF785C38FF786030FFBF
:10F54000705C30FF785C30FF786038FF706038FFA7
:10F55000785C30FF786038FF705C38FF786030FF8F
:10F56000785C30FF705C38FF786030FF705C30FF93
:10F57000706038FF785C30FF705C30FF706038FF7F
:10F58000785C30FF705C30FF786038FF786038FF5F
:10F59000705C38FF785C30FF706038FF785C30FF5B
:10F5A000706038FF705C38FF785C30FF706030FF4F
:10F5B000786038FF786038FF705C30FF785C30FF2F
:10F5C000786038FF706038FF705C30FF785C38FF1F
:10F5D000706030FF785C38FF706030FF786038FF13
:10F5E000785C30FF706030FF705C38FF786030FF0F
:10F5F000705C30FF706038FF786030FF785C30FFFF
:10F60000785C38FF706030FF785C30FF705C38FFEA
:10F61000706030FF786030FF705C38FF786030FFDA
:10F62000786038FF705C30FF786038FF705C38FFBE
:10F63000786030FF706038FF785C38FF706030FFB2
:10F64000785C30FF706038FF786030FF705C30FFAE
:10F65000785C38FF706038FF705C30FF786038FF8E
:10F66000706038FF705C30FF786038FF706038FF82
:10F67000785C38FF786030FF705C38FF785C30FF72
:10F68000786030FF706038FF705C30FF786038FF62
:10F69000706038FF705C30FF785C38FF706030FF5E
:10F6A000785C30FF706038FF786030FF785C30FF46
:10F6B000786030FF706038FF785C38FF706030FF32
:10F6C000786038FF785C38FF706030FF706038FF1A
:10F6D000785C38FF705C30FF786038FF785C38FF0A
:10F6E000706030FF706030FF785C38FF705C38FF0E
:10F6F000706030FF785C38FF785C38FF706030FFF6
:10F70000705C38FF786038FF705C30FF785C30FFE9
:10F71000706038FF705C30FF785C38FF706030FFDD
:10F72000706030FF785C38FF706038FF786030FFC1
:10F73000785C38FF706038FF785C30FF705C30FFB9
:10F74000786038FF705C38FF706030FF785C30FFA5
:10F75000786038FF705C30FF786030FF705C38FF95
:10F76000706030FF786038FF785C38FF706030FF81
:10F77000785C38FF785C30FF706038FF705C30FF79
:10F78000706038FF786030FF705C38FF706030FF69
:10F79000785C38FF786030FF706038FF785C30FF4D
:10F7A000705C38FF706038FF786030FF705C38FF45
:10F7B000706038FF786030FF785C38FF786038FF21
:10F7C000705C30FF785C30FF706038FF785C30FF31
:10F7D000785C30FF706038FF705C38FF785C30FF19
:10F7E000706038FF705C30FF785C30FF786038FF05
:10F7F000706030FF705C30FF785C38FF706038FFFD
:10F80000705C30FF786038FF785C38FF705C30FFE8
:10F81000786030FF705C38FF706030FF785C38FFD4
:10F82000706030FF785C30FF705C38FF786030FFCC
:10F83000706038FF785C38FF786030FF705C30FFB4
:10F84000706038FF785C30FF706038FF706030FFA8
:10F85000785C38FF706030FF786038FF806C48FF5C
:10F86000806C48FF706038FF706030FF786038FF50
:10F87000705C38FF786030FF785C38FF706030FF74
:10F88000785C30FF785C38FF706030FF706038FF64
:10F89000785C38FF706030FF785C38FF785C38FF48
:10F8A000706038FF705C30FF786038FF706038FF40
:10F8B000705C30FF785C30FF706038FF706030FF44
:10F8C000785C38FF786030FF705C30FF786038FF1C
:10F8D000706038FF705C30FF785C38FF706038FF14
:10F8E000705C30FF786038FF785C38FF706030FF04
:10F8F000786038FF785C38FF706030FF706038FFE8
:10F90000785C38FF705C30FF786030FF705C38FFE7
:10F91000786030FF705C30FF706038FF786038FFCF
:10F92000705C30FF786038FF785C38FF706030FFC3
:10F93000786038FF785C30FF706038FF786038FF9F
:10F94000705C30FF705C38FF786030FF706030FFB3
:10F95000785C38FF706030FF786030FF785C38FF8B
:10F96000705C30FF786038FF786030FF705C38FF83
:10F97000705C30FF786038FF706030FF705C38FF7B
:10F98000785C30FF786030FF706038FF705C30FF6B
:10F99000785C38FF705C30FF706038FF785C38FF4F
:10F9A000706030FF785C38FF786038FF706030FF3F
:10F9B000785C38FF705C38FF706030FF786038FF2B
:10F9C000705C30FF786038FF786038FF705C30FF23
:10F9D000785C38FF706038FF705C30FF785C30FF17
:10F9E000706038FF786030FF705C30FF785C38FF03
:10F9F000706030FF785C38FF706030FF785C38FFF3
:10FA0000705C38FF706030FF786030FF705C38FFEA
:10FA1000786030FF786030FF705C38FF785C30FFD2
:10FA2000786038FF705C30FF785C30FF706038FFC2
:10FA3000705C30FF786038FF706038FF785C30FFB2
:10FA4000705C38FF786030FF785C30FF705C38FFA6
:10FA5000786030FF785C38FF706038FF705C30FF92
:10FA6000785C38FF706038FF705C30FF785C38FF7E
:10FA7000706030FF785C30FF705C38FF786030FF7A
:10FA8000705C30FF785C38FF706030FF785C30FF6E
:10FA9000706038FF706030FF785C30FF785C38FF52
:10FAA000706038FF786030FF785C30FF706038FF3E
:10FAB000706030FF785C30FF706038FF785C30FF3A
:10FAC000785C30FF706038FF786030FF705C38FF22
:10FAD000786030FF786038FF705C38FF785C30FF0A
:10FAE000786038FF705C30FF706030FF785C38FF02
:10FAF000706030FF786038FF705C30FF706038FFF6
:10FB0000786030FF785C38FF705C30FF706038FFE1
:10FB1000786038FF705C30FF785C38FF786030FFC9
:10FB2000705C30FF705C38FF786030FF706038FFC9
:10FB3000785C30FF786038FF705C30FF785C38FFAD
:10FB4000786038FF705C30FF786030FF705C38FFA1
:10FB5000705C30FF786038FF705C30FF786030FF99
:10FB6000785C38FF785C30FF706030FF785C38FF7D
:10FB7000705C30FF706030FF785C38FF706038FF79
:10FB8000786030FF705C38FF786038FF706030FF5D
:10FB9000785C30FF786038FF706030FF785C38FF49
:10FBA000786038FF705C30FF786038FF785C38FF31
:10FBB000705C30FF786030FF786038FF705C30FF39
:10FBC000705C30FF786038FF706030FF785C38FF21
:10FBD000786038FF705C30FF785C38FF706030FF11
:10FBE000786038FF705C38FF705C30FF786030FF01
:10FBF000705C38FF786030FF705C30FF786038FFF1
:10FC0000785C30FF706038FF785C30FF785C38FFDC
:10FC1000706030FF705C38FF786038FF806C40FFA8
:10FC2000786440FF786038FF705C30FF786030FFA8
:10FC3000705C38FF706030FF786038FF705C38FFB0
:10FC4000706030FF785C30FF705C38FF786030FFA8
:10FC5000705C30FF706030FF786030FF705C38FFA0
:10FC6000785C30FF786030FF705C38FF786038FF78
:10FC7000706030FF785C38FF706030FF705C38FF78
:10FC8000786030FF705C38FF785C30FF786038FF58
:10FC9000706030FF785C30FF786038FF705C30FF58
:10FCA000706030FF786038FF705C30FF705C30FF50
:10FCB000786038FF785C30FF705C30FF786038FF28
:10FCC000706038FF785C30FF706038FF785C38FF18
:10FCD000705C30FF786030FF785C38FF705C30FF1C
:10FCE000706030FF786038FF705C30FF705C38FF08
:10FCF000786030FF705C38FF786030FF785C38FFE8
:10FD0000706038FF786030FF785C38FF705C30FFDF
:10FD1000706038FF785C38FF706030FF705C38FFCF
:10FD2000786030FF706030FF785C38FF705C30FFC7
:10FD3000786038FF785C30FF706038FF706038FFA3
:10FD4000785C30FF785C38FF706030FF786038FF97
:10FD5000786030FF705C38FF785C30FF706030FF97
:10FD6000705C38FF785C30FF706030FF785C38FF83
:10FD7000786030FF705C30FF785C38FF706038FF6F
:10FD8000705C30FF785C30FF706038FF786030FF67
:10FD9000785C30FF706038FF786030FF705C38FF4F
:10FDA000705C38FF786030FF705C38FF786030FF3F
:10FDB000785C38FF705C30FF786030FF786038FF27
:10FDC000705C38FF785C30FF786038FF705C38FF1B
:10FDD000705C30FF786038FF705C30FF706038FF17
:10FDE000786030FF785C38FF706030FF785C30FFFF
:10FDF000785C38FF706030FF786030FF705C38FFEF
:10FE0000706038FF785C30FF706038FF706030FFE2
:10FE1000785C30FF706038FF786030FF785C30FFCE
:10FE2000706038FF785C30FF706038FF706038FFBA
:10FE3000785C38FF706030FF786038FF705C38FFA6
:10FE4000706030FF786038FF785C38FF705C30FF9E
:10FE5000786038FF786038FF705C30FF706030FF8A
:10FE6000785C38FF705C38FF786030FF785C38FF72
:10FE7000705C38FF786030FF706038FF705C38FF6E
:10FE8000786030FF705C38FF786038FF705C30FF5E
:10FE9000706030FF786038FF705C30FF706038FF52
:10FEA000785C38FF786030FF705C38FF705C30FF42
:10FEB000786038FF705C30FF785C38FF786030FF26
:10FEC000706038FF785C30FF706038FF785C30FF1E
:10FED000706030FF706038FF785C38FF786030FF0A
:10FEE000706038FF785C30FF706038FF705C30FF06
:10FEF000786038FF706030FF705C38FF786030FFEA
:10FF0000785C38FF705C38FF786030FF786038FFCD
:10FF1000705C38FF786030FF705C38FF706038FFCD
:10FF2000786030FF705C38FF786038FF786030FFB1
:10FF3000705C38FF785C30FF706030FF705C38FFB9
:10FF4000786030FF785C30FF705C38FF706038FF9D
:10FF5000785C38FF705C30FF706030FF786038FF8D
:10FF6000705C30FF706038FF786030FF705C38FF85
:10FF7000706038FF785C30FF706038FF785C38FF65
:10FF8000786030FF705C30FF706038FF785C30FF65
:10FF9000706038FF786030FF705C30FF786038FF49
:10FFA000785C30FF706038FF786030FF785C38FF35
:10FFB000706038FF705C30FF786038FF705C38FF2D
:10FFC000706030FF786038FF705C30FF786038FF19
:10FFD000705C30FF785C30FF786038FF786440FFF9
:10FFE000706040FF786038FF785C30FF705C38FFED
:10FFF000786030FF705C30FF785C38FF786038FFE5
:020000040803EF
:10000000706030FF785C38FF786038FF705C30FFDC
:10001000786038FF785C38FF706030FF706038FFC0
:10002000785C30FF706030FF785C38FF705C30FFC8
:10003000786030FF785C38FF785C38FF706030FFA4
:10004000786038FF705C38FF706030FF785C38FF94
:10005000705C38FF706030FF785C38FF786038FF84
:10006000705C30FF785C38FF786030FF706038FF7C
:10007000705C38FF706030FF785C30FF705C38FF78
:10008000786030FF706030FF785C38FF706030FF60
:10009000706038FF785C38FF786030FF705C38FF44
:1000A000786038FF705C30FF786030FF785C38FF34
:1000B000705C38FF706030FF785C30FF705C30FF40
:1000C000786038FF706030FF785C38FF785C30FF14
:1000D000706030FF785C38FF785C38FF706030FF0C
:1000E000785C38FF705C38FF706030FF786038FFF4
:1000F000705C30FF785C30FF785C38FF706030FFF8
:10010000706038FF785C30FF705C38FF786030FFDB
:10011000706038FF785C38FF786030FF706038FFBF
:10012000785C38FF706030FF705C38FF786038FFB3
:10013000706030FF785C30FF786038FF706030FFAF
:10014000785C38FF705C30FF706038FF785C38FF97
:10015000705C30FF786038FF786030FF705C38FF8B
:10016000786030FF785C38FF706038FF706030FF77
:10017000785C38FF706038FF705C30FF786030FF6B
:10018000706030FF705C38FF786030FF706030FF67
:10019000785C38FF786038FF705C30FF705C30FF4F
:1001A000786038FF705C38FF706038FF786030FF2F
:1001B000705C38FF705C30FF785C30FF786038FF2F
:1001C000705C30FF786038FF785C38FF705C30FF1F
:1001D000706038FF785C38FF705C30FF786038FF03
:1001E000706030FF785C30FF785C30FF706038FF03
:1001F000785C30FF705C30FF786038FF785C30FFEF
:10020000705C30FF706038FF786030FF705C30FFEA
:10021000705C38FF786038FF705C30FF786030FFCA
:10022000706038FF705C30FF786030FF705C38FFC2
:10023000785C30FF786030FF705C38FF786030FFAA
:10024000705C30FF786038FF705C30FF785C38FF9E
:10025000785C38FF706030FF785C30FF706038FF8A
:10026000706030FF785C38FF786030FF706038FF76
:10027000785C30FF706038FF705C30FF785C38FF6E
:10028000706030FF705C38FF786030FF785C38FF5A
:10029000705C30FF786038FF705C30FF705C38FF56
:1002A000786038FF785C30FF705C30FF786038FF32
:1002B000785C30FF705C38FF706030FF786030FF32
:1002C000705C38FF706030FF785C30FF706038FF22
:1002D000786030FF785C30FF705C38FF786030FF0A
:1002E000705C30FF706038FF785C30FF706038FF02
:1002F000786038FF785C30FF706038FF785C38FFDA
:10030000706030FF786030FF705C38FF786030FFDD
:10031000786030FF705C38FF785C38FF786030FFC1
:10032000705C30FF785C38FF706030FF785C30FFC5
:10033000786038FF705C30FF705C30FF786038FFA9
:10034000786038FF705C30FF785C38FF706030FF99
:10035000705C30FF785C38FF706038FF705C30FF95
:10036000785C38FF706030FF785C38FF706030FF79
:10037000785C30FF786038FF705C30FF785C30FF6D
:10038000786038FF705C30FF706038FF786038FF4D
:10039000705C30FF706038FF786038FF685C40FF49
:1003A000605438FF705C30FF706038FF786038FF51
:1003B000705C30FF786038FF705C30FF705C30FF3D
:1003C000786038FF706030FF705C30FF786038FF15
:1003D000705C38FF785C30FF706038FF785C38FF05
:1003E000706038FF786030FF705C38FF706030FFFD
:1003F000786038FF705C30FF706030FF785C38FFE9
:10040000785C30FF706030FF786038FF785C30FFD8
:10041000706030FF705C38FF786030FF706030FFD4
:10042000785C38FF705C30FF786038FF785C30FFB4
:10043000706038FF786038FF785C30FF706038FF9C
:10044000705C38FF785C30FF786030FF705C38FF9C
:10045000785C30FF706038FF706030FF785C30FF90
:10046000705C38FF786038FF706030FF786030FF74
:10047000785C38FF706038FF706030FF785C38FF60
:10048000705C30FF706038FF785C30FF706038FF60
:10049000706030FF785C30FF706038FF786030FF4C
:1004A000785C38FF706030FF785C38FF786038FF28
:1004B000706030FF705C38FF786030FF785C30FF30
:1004C000706038FF705C38FF785C30FF706030FF20
:1004D000705C38FF785C30FF706030FF785C38FF0C
:1004E000786030FF706030FF785C38FF705C38FFF8
:1004F000706030FF785C38FF706030FF785C38FFE8
:10050000786030FF706038FF785C30FF706030FFDB
:10051000705C38FF785C30FF706038FF705C30FFD3
:10052000786030FF705C38FF785C30FF706030FFBF
:10053000786038FF705C30FF785C38FF786038FF97
:10054000705C30FF785C38FF706038FF785C30FF9B
:10055000706030FF786038FF785C38FF706030FF83
:10056000785C30FF705C38FF786030FF786038FF6F
:10057000705C38FF786038FF706030FF785C38FF5F
:10058000706030FF705C30FF786038FF786030FF5B
:10059000705C30FF786038FF705C30FF705C38FF53
:1005A000786038FF705C38FF786030FF786038FF23
:1005B000705C30FF706038FF786038FF785C30FF27
:1005C000705C38FF786038FF785C30FF706030FF17
:1005D000786038FF705C30FF785C38FF786038FFF7
:1005E000705C30FF786038FF706038FF706030FFFB
:1005F000785C38FF706038FF785C30FF705C38FFE3
:10060000786038FF706030FF786030FF705C38FFD2
:10061000706038FF785C30FF785C38FF786030FFBE
:10062000705C30FF705C38FF786030FF785C38FFBA
:10063000705C30FF786030FF786038FF705C30FFAE
:10064000785C38FF706030FF786038FF705C38FF8E
:10065000786030FF786030FF705C38FF706030FF8A
:10066000786038FF705C30FF706038FF786038FF6A
:10067000705C30FF785C38FF786038FF705C30FF6A
:10068000786038FF786030FF705C38FF705C38FF4E
:10069000786030FF705C38FF786038FF785C30FF3E
:1006A000706038FF785C30FF705C30FF706038FF3E
:1006B000785C30FF706030FF785C38FF705C30FF32
:1006C000786038FF705C38FF705C30FF786038FF0E
:1006D000706030FF705C38FF786038FF705C30FF0E
:1006E000786038FF705C38FF786030FF706038FFEA
:1006F000785C38FF706030FF786030FF705C38FFE6
:10070000705C30FF786038FF786038FF705C30FFD5
:10071000786038FF786038FF705C30FF786030FFB9
:10072000706038FF785C30FF705C38FF706038FFB5
:10073000785C30FF706038FF706038FF785C30FFA5
:10074000785C38FF706030FF785C30FF785C38FF91
:10075000706030FF786038FF705C30FF605438FFA5
:10076000605438BE584828FF705C30FF785C38FF12
:10077000706030FF786038FF785C38FF706030FF61
:10078000785C38FF705C38FF786030FF706030FF55
:10079000785C38FF706030FF785C30FF785C30FF49
:1007A000706038FF785C38FF785C30FF706038FF2D
:1007B000785C38FF706030FF706038FF785C38FF1D
:1007C000705C30FF706038FF785C38FF706030FF1D
:1007D000785C38FF786038FF705C30FF786038FFF5
:1007E000706038FF705C30FF786030FF705C38FFFD
:1007F000785C30FF706030FF786038FF785C30FFE5
:10080000706038FF785C38FF706030FF786038FFC8
:10081000785C30FF705C38FF786038FF706030FFC4
:10082000785C30FF705C38FF706038FF785C30FFB8
:10083000705C30FF786038FF786038FF705C30FFA4
:10084000786038FF785C30FF706038FF785C38FF84
:10085000786038FF705C30FF706030FF785C38FF84
:10086000706030FF705C30FF785C38FF706030FF84
:10087000785C38FF706038FF706030FF785C38FF5C
:10088000786030FF706038FF785C30FF786038FF48
:10089000705C38FF706030FF785C38FF705C38FF48
:1008A000706030FF785C30FF786038FF705C30FF3C
:1008B000785C38FF706030FF705C38FF785C30FF28
:1008C000706038FF785C38FF786030FF706038FF08
:1008D000785C38FF786030FF705C38FF786038FFF4
:1008E000705C30FF786038FF705C30FF785C38FFF8
:1008F000706030FF785C30FF706038FF706038FFE8
:10090000785C30FF786030FF705C38FF705C38FFD7
:10091000786030FF705C30FF706038FF786038FFBF
:10092000785C30FF706030FF705C38FF785C30FFBF
:10093000786030FF706038FF785C30FF706038FF9F
:10094000785C38FF705C30FF706038FF785C38FF8F
:10095000786030FF706030FF785C38FF786030FF7F
:10096000706030FF705C38FF785C38FF706030FF7B
:10097000785C38FF705C30FF706030FF786038FF63
:10098000705C30FF706038FF785C38FF705C30FF5F
:10099000786038FF705C30FF706030FF785C38FF43
:1009A000785C30FF705C38FF786030FF785C30FF37
:1009B000706038FF706030FF785C30FF786038FF1F
:1009C000705C38FF785C30FF706030FF786038FF13
:1009D000705C30FF706030FF786038FF705C38FF0B
:1009E000786030FF705C38FF706038FF786030FFEF
:1009F000705C38FF706038FF786030FF705C38FFE3
:100A0000786030FF785C30FF705C38FF706030FFDA
:100A1000785C38FF705C38FF786030FF785C30FFBE
:100A2000705C38FF786030FF785C38FF706030FFB2
:100A3000706030FF785C38FF706030FF705C38FFAA
:100A4000785C30FF706038FF785C30FF786030FF92
:100A5000705C38FF706030FF786030FF705C38FF8A
:100A6000786038FF786030FF705C38FF785C38FF62
:100A7000706030FF706038FF785C30FF786030FF66
:100A8000706038FF785C30FF785C38FF706030FF52
:100A9000785C38FF785C30FF706030FF706038FF42
:100AA000785C30FF706030FF705C38FF785C30FF3E
:100AB000706038FF785C38FF786030FF705C38FF1A
:100AC000706030FF786030FF705C38FF705C30FF22
:100AD000786030FF705C38FF785C30FF786038FFFA
:100AE000706038FF785C30FF786030FF706038FFEE
:100AF000785C30FF705C30FF786038FF706038FFE2
:100B0000705C30FF786038FF706038FF705C30FFD9
:100B1000785C38FF705C30FF584828FF605038CF51
:100B20006054387D584828FF584428FF604C28FFFF
:100B3000705830FF705C38FF706030FF786030FFB5
:100B4000785C38FF705C38FF786030FF785C38FF85
:100B5000706030FF706038FF785C38FF706030FF85
:100B6000706030FF785C38FF706030FF785C30FF79
:100B7000785C38FF706030FF785C30FF786038FF59
:100B8000706030FF785C30FF706038FF705C30FF61
:100B9000786030FF705C38FF785C30FF785C38FF3D
:100BA000706030FF786038FF705C38FF706030FF35
:100BB000785C38FF705C30FF706038FF785C30FF25
:100BC000706030FF706038FF785C38FF706030FF15
:100BD000706030FF785C38FF705C38FF786030FF01
:100BE000786038FF705C30FF785C38FF706038FFE9
:100BF000705C30FF785C30FF706038FF705C30FFF5
:100C0000786038FF706030FF705C30FF786038FFCC
:100C1000785C30FF706038FF785C38FF705C30FFC4
:100C2000786038FF786038FF705C30FF706030FFAC
:100C3000785C38FF785C30FF706038FF705C30FFA4
:100C4000785C38FF706030FF786038FF785C30FF88
:100C5000706030FF786038FF785C30FF706038FF7C
:100C6000705C38FF786030FF706038FF785C30FF70
:100C7000786030FF706038FF785C30FF706038FF5C
:100C8000705C30FF785C30FF706038FF705C30FF64
:100C9000786030FF706038FF785C30FF785C30FF40
:100CA000706038FF786030FF786038FF705C38FF24
:100CB000786030FF705C38FF786030FF705C30FF28
:100CC000786038FF706030FF785C30FF786038FF04
:100CD000705C38FF785C30FF706030FF785C38FF04
:100CE000706038FF786030FF705C38FF705C30FFF8
:100CF000786030FF705C38FF705C30FF786030FFE8
:100D0000786038FF785C30FF706030FF705C38FFCF
:100D1000785C38FF706030FF705C38FF786038FFB7
:100D2000785C30FF706030FF705C38FF786030FFB7
:100D3000786038FF705C30FF785C38FF786030FF97
:100D4000706030FF785C38FF706030FF786038FF8B
:100D5000785C38FF706030FF706038FF786030FF7B
:100D6000705C38FF706030FF785C38FF785C38FF6B
:100D7000706030FF785C38FF706030FF706030FF6B
:100D8000785C38FF705C38FF786030FF785C38FF43
:100D9000705C30FF786038FF705C30FF706038FF47
:100DA000785C30FF786030FF705C38FF785C30FF33
:100DB000786038FF705C30FF785C38FF706038FF17
:100DC000706030FF785C38FF706030FF786030FF13
:100DD000705C38FF706038FF786030FF705C38FFFF
:100DE000706030FF785C38FF785C30FF706038FFEF
:100DF000785C38FF786030FF706030FF785C38FFD7
:100E0000706038FF705C30FF786038FF705C30FFD6
:100E1000785C38FF706038FF705C30FF785C30FFC2
:100E2000706038FF706030FF785C38FF786030FFAA
:100E3000705C38FF785C38FF706030FF705C38FFA2
:100E4000786030FF706038FF705C30FF786038FF8A
:100E5000706030FF785C38FF705C30FF786038FF7E
:100E6000785C38FF706030FF785C38FF786030FF66
:100E7000705C30FF705C38FF786038FF785C30FF62
:100E8000705C38FF786038FF785C30FF706038FF46
:100E9000786038FF705C30FF706038FF785C30FF3E
:100EA000705C38FF706030FF785C38FF706038FF2E
:100EB000785C30FF785C30FF706038FF785C30FF22
:100EC000706030FF785C38FF786030FF685830FF22
:100ED000685030FF584428FF584828FF6054385D58
:100EE00060504010584C30DF584428FF504428FFD1
:100EF000584428FF504428FF504428FF584428FFF6
:100F0000504428FF504428FF584428FF504428FFED
:100F1000584428FF584428FF504428FF584428FFCD
:100F2000504428FF504428FF584428FF504428FFCD
:100F3000504428FF584428FF504428FF584428FFB5
:100F4000584428FF504428FF584428FF584428FF9D
:100F5000504428FF504428FF584428FF504428FF9D
:100F6000584428FF584428FF504428FF584428FF7D
:100F7000584428FF504428FF584428FF584428FF6D
:100F8000504428FF584428FF584428FF504428FF65
:100F9000584428FF504428FF504428FF584428FF55
:100FA000504428FF584428FF584428FF504428FF45
:100FB000584428FF584428FF504428FF584428FF2D
:100FC000584428FF504428FF504428FF584428FF25
:100FD000504428FF504428FF584428FF504428FF1D
:100FE000584428FF584428FF504428FF584428FFFD
:100FF000504428FF584428FF584428FF504428FFF5
:10100000584428FF504428FF504428FF584428FFE4
:10101000504428FF504428FF584428FF584428FFD4
:10102000584428FF504428FF504428FF584428FFC4
:10103000504428FF584428FF584428FF504428FFB4
:10104000584428FF584428FF504428FF584428FF9C
:10105000504428FF504428FF584428FF504428FF9C
:10106000504428FF584428FF504428FF504428FF8C
:10107000584428FF584428FF504428FF584428FF6C
:10108000504428FF504428FF584428FF504428FF6C
:10109000584428FF504428FF584428FF504428FF54
:1010A000584428FF584428FF504428FF584428FF3C
:1010B000584428FF504428FF584428FF504428FF34
:1010C000504428FF584428FF584428FF504428FF24
:1010D000584428FF584428FF504428FF504428FF14
:1010E000584428FF584428FF504428FF584428FFFC
:1010F000504428FF504428FF584428FF504428FFFC
:10110000584428FF504428FF504428FF584428FFE3
:10111000504428FF584428FF584428FF504428FFD3
:10112000584428FF504428FF504428FF584428FFC3
:10113000504428FF584428FF584428FF504428FFB3
:10114000584428FF504428FF504428FF584428FFA3
:10115000584428FF504428FF584428FF584428FF8B
:10116000504428FF584428FF504428FF504428FF8B
:10117000584428FF584428FF504428FF584428FF6B
:10118000584428FF504428FF584428FF584428FF5B
:10119000504428FF584428FF584428FF504428FF53
:1011A000584428FF504428FF504428FF584428FF43
:1011B000504428FF504428FF584428FF584428FF33
:1011C000504428FF584428FF504428FF584428FF23
:1011D000584428FF504428FF584428FF584428FF0B
:1011E000504428FF504428FF584428FF504428FF0B
:1011F000584428FF584428FF504428FF584428FFEB
:10120000584428FF504428FF584428FF504428FFE2
:10121000504428FF584428FF504428FF584428FFD2
:10122000504428FF584428FF504428FF584428FFC2
:10123000504428FF504428FF584428FF504428FFBA
:10124000504428FF584428FF504428FF584428FFA2
:10125000584428FF504428FF584428FF504428FF92
:10126000584428FF504428FF504428FF584428FF82
:10127000504428FF504428FF584428FF504428FF7A
:10128000584428FF504428FF504428FF584428FF62
:10129000504428FF584828FF584C30DF0000000019
:1012A0000000000060503020584C30DF584828FFC4
:1012B000584428FF584428FF504428FF584420FF32
:1012C000584428FF504420FF504428FF584428FF2A
:1012D000504420FF504428FF584428FF584428FF1A
:1012E000584428FF504420FF584428FF584428FF02
:1012F000504428FF584428FF504428FF504428FFFA
:10130000584428FF504428FF504428FF584428FFE1
:10131000584428FF504420FF504428FF584428FFD9
:10132000504420FF504428FF584428FF504420FFD9
:10133000504428FF584428FF504428FF504428FFB9
:10134000584420FF504428FF504428FF584420FFB1
:10135000584428FF504428FF584420FF504428FF99
:10136000504428FF584420FF504428FF504428FF91
:10137000584420FF504428FF584428FF504428FF79
:10138000584420FF584428FF504428FF584420FF69
:10139000504428FF584428FF584420FF504428FF59
:1013A000504428FF504420FF584428FF504428FF51
:1013B000504420FF584428FF504428FF584420FF41
:1013C000584428FF504428FF584420FF504428FF29
:1013D000584428FF504428FF504420FF584428FF19
:1013E000504420FF584428FF584428FF504428FF09
:1013F000504428FF584428FF504428FF504428FFF9
:10140000584428FF504428FF584428FF584428FFD8
:10141000504428FF584428FF584428FF504428FFD0
:10142000584428FF504420FF584428FF504428FFC8
:10143000504420FF584428FF504428FF584428FFB8
:10144000584428FF504428FF504428FF584420FFA8
:10145000504428FF584428FF504428FF504420FFA0
:10146000584428FF504428FF504428FF584428FF80
:10147000504428FF584428FF584428FF504428FF70
:10148000504428FF584428FF504428FF504420FF70
:10149000584428FF584428FF504420FF584428FF50
:1014A000504428FF504428FF584420FF504428FF50
:1014B000584428FF584428FF504428FF504428FF30
:1014C000584428FF584420FF504428FF584420FF28
:1014D000504428FF504428FF584420FF584428FF18
:1014E000504428FF584420FF584428FF504428FF08
:1014F000504420FF584428FF504428FF584428FFF8
:10150000584420FF504428FF504428FF584420FFEF
:10151000504428FF504428FF584428FF504420FFDF
:10152000504428FF584428FF584428FF504420FFC7
:10153000504428FF584428FF504420FF504428FFBF
:10154000584428FF504428FF504428FF584428FF9F
:10155000504420FF584428FF504428FF584420FF9F
:10156000584428FF504428FF584420FF584428FF7F
:10157000504428FF504420FF584428FF504428FF7F
:10158000584420FF584428FF504428FF504420FF6F
:10159000584428FF504428FF584428FF504428FF4F
:1015A000584420FF584428FF504428FF504420FF4F
:1015B000584428FF504420FF504428FF584428FF37
:1015C000504428FF584420FF584428FF504428FF27
:1015D000584428FF584420FF504428FF504428FF17
:1015E000584420FF504428FF584428FF504428FF07
:1015F000584420FF584428FF504420FF584428FFF7
:10160000584420FF504428FF504428FF584420FFEE
:10161000504428FF584428FF504420FF584428FFD6
:10162000584428FF584420FF504428FF584428FFBE
:10163000584428FF504428FF584428FF584428FFA6
:10164000504428FF584420FF504428FF584428FFA6
:10165000584428FF584C28DF585030200000000024
:101660000000000000000000000000005848286151
:10167000584828CF584828FF584428FF584828FF82
:10168000584828FF584428FF584828FF584428FF46
:10169000584428FF584828FF584428FF584428FF3A
:1016A000584828FF584428FF584828FF584828FF22
:1016B000584428FF584828FF584428FF584428FF1A
:1016C000584828FF584428FF584828FF584428FF06
:1016D000584828FF584828FF584428FF584828FFF2
:1016E000584428FF584828FF584428FF584828FFE6
:1016F000584828FF584428FF584828FF584428FFD6
:10170000584428FF584828FF584428FF584428FFC9
:10171000584828FF584428FF584428FF584828FFB5
:10172000584428FF584828FF584828FF584428FFA5
:10173000584828FF584828FF584428FF584828FF91
:10174000584428FF584428FF584828FF584428FF89
:10175000584428FF584828FF584828FF584428FF75
:10176000584828FF584428FF584828FF584828FF61
:10177000584428FF584828FF584828FF584428FF55
:10178000584428FF584828FF584428FF584428FF49
:10179000584828FF584428FF584428FF584828FF35
:1017A000584428FF584428FF584828FF584428FF29
:1017B000584428FF584828FF584828FF584428FF15
:1017C000584828FF584828FF584428FF584828FF01
:1017D000584428FF584428FF584828FF584428FFF9
:1017E000584828FF584428FF584428FF584828FFE5
:1017F000584428FF584828FF584428FF584428FFD9
:10180000584828FF584428FF584428FF584828FFC4
:10181000584828FF584428FF584828FF584428FFB4
:10182000584428FF584828FF584428FF584828FFA4
:10183000584828FF584428FF584828FF584428FF94
:10184000584828FF584428FF584828FF584828FF80
:10185000584428FF584828FF584428FF584828FF74
:10186000584428FF584828FF584428FF584828FF64
:10187000584428FF584828FF584428FF584428FF58
:10188000584828FF584428FF584428FF584828FF44
:10189000584428FF584428FF584828FF584428FF38
:1018A000584428FF584828FF584828FF584428FF24
:1018B000584828FF584428FF584428FF584828FF14
:1018C000584428FF584828FF584828FF584428FF04
:1018D000584828FF584828FF584428FF584828FFF0
:1018E000584428FF584828FF584828FF584428FFE4
:1018F000584828FF584828FF584428FF584428FFD4
:10190000584828FF584428FF584428FF584828FFC3
:10191000584428FF584428FF584828FF584428FFB7
:10192000584828FF584828FF584428FF584828FF9F
:10193000584428FF584428FF584828FF584428FF97
:10194000584828FF584428FF584828FF584828FF7F
:10195000584428FF584828FF584828FF584428FF73
:10196000584428FF584828FF584428FF584828FF63
:10197000584428FF584828FF584428FF584828FF53
:10198000584428FF584428FF584828FF584428FF47
:10199000584828FF584428FF584828FF584428FF33
:1019A000584828FF584828FF584428FF584828FF1F
:1019B000584828FF584428FF584828FF584828FF0F
:1019C000584428FF584828FF584428FF584828FF03
:1019D000584428FF584828FF584428FF584828FFF3
:1019E000584828FF584428FF584828FF584428FFE3
:1019F000584828FF584828FF584428FF584828FFCF
:101A0000584428FF584428FF584828FF584828BE03
:101A10005848287D504030100000000000000000B1
:101A2000000000000000000080706010806C588290
:101A3000786C50BE786850FF786850FF786850FF27
:101A4000786850FF786850FF786850FF786850FFDA
:101A5000786850FF786850FF786850FF786850FFCA
:101A6000786850FF786850FF786850FF786850FFBA
:101A7000786850FF786850FF786850FF786850FFAA
:101A8000786850FF786850FF786850FF786850FF9A
:101A9000786850FF786850FF786850FF786850FF8A
:101AA000786850FF786850FF786850FF786850FF7A
:101AB000786850FF786850FF786850FF786850FF6A
:101AC000786850FF786850FF786850FF786850FF5A
:101AD000786850FF786850FF786850FF786850FF4A
:101AE000786850FF786850FF786850FF786850FF3A
:101AF000786850FF786850FF786850FF786850FF2A
:101B0000786850FF786850FF786850FF786850FF19
:101B1000786850FF786850FF786850FF786850FF09
:101B2000786850FF786850FF786850FF786850FFF9
:101B3000786850FF786850FF786850FF786850FFE9
:101B4000786850FF786850FF786850FF786850FFD9
:101B5000786850FF786850FF786850FF786850FFC9
:101B6000786850FF786850FF786850FF786850FFB9
:101B7000786850FF786850FF786850FF786850FFA9
:101B8000786850FF786850FF786850FF786850FF99
:101B9000786850FF786850FF786850FF786850FF89
:101BA000786850FF786850FF786850FF786850FF79
:101BB000786850FF786850FF786850FF786850FF69
:101BC000786850FF786850FF786850FF786850FF59
:101BD000786850FF786850FF786850FF786850FF49
:101BE000786850FF786850FF786850FF786850FF39
:101BF000786850FF786850FF786850FF786850FF29
:101C0000786850FF786850FF786850FF786850FF18
:101C1000786850FF786850FF786850FF786850FF08
:101C2000786850FF786850FF786850FF786850FFF8
:101C3000786850FF786850FF786850FF786850FFE8
:101C4000786850FF786850FF786850FF786850FFD8
:101C5000786850FF786850FF786850FF786850FFC8
:101C6000786850FF786850FF786850FF786850FFB8
:101C7000786850FF786850FF786850FF786850FFA8
:101C8000786850FF786850FF786850FF786850FF98
:101C9000786850FF786850FF786850FF786850FF88
:101CA000786850FF786850FF786850FF786850FF78
:101CB000786850FF786850FF786850FF786850FF68
:101CC000786850FF786850FF786850FF786850FF58
:101CD000786850FF786850FF786850FF786850FF48
:101CE000786850FF786850FF786850FF786850FF38
:101CF000786850FF786850FF786850FF786850FF28
:101D0000786850FF786850FF786850FF786850FF17
:101D1000786850FF786850FF786850FF786850FF07
:101D2000786850FF786850FF786850FF786850FFF7
:101D3000786850FF786850FF786850FF786850FFE7
:101D4000786850FF786850FF786850FF786850FFD7
:101D5000786850FF786850FF786850FF786850FFC7
:101D6000786850FF786850FF786850FF786850FFB7
:101D7000786850FF786850FF786850FF786850FFA7
:101D8000786850FF786850FF786850FF786850FF97
:101D9000786850FF786850FF786850FF786850FF87
:101DA000786850FF786850FF786850FF786850FF77
:101DB000786850FF786850FF786850FF786850FF67
:101DC000786850FF786850FF786850FF786C58CF7B
:101DD000806C585D00000000000000000000000062
:101DE0000000000080705820786850DF706048FF65
:101DF000685840FF685438FF685438FF605438FF13
:101E0000605438FF685438FF685438FF605438FF16
:101E1000685438FF605438FF685438FF685438FFFE
:101E2000605438FF605438FF685438FF605438FFFE
:101E3000605438FF685438FF605438FF605438FFEE
:101E4000685438FF685438FF605438FF605438FFD6
:101E5000685438FF605438FF605438FF685438FFC6
:101E6000605438FF685438FF685438FF605438FFB6
:101E7000685438FF605438FF685438FF605438FFA6
:101E8000605438FF685438FF685438FF605438FF96
:101E9000605438FF685438FF685438FF605438FF86
:101EA000685438FF685438FF605438FF685438FF6E
:101EB000605438FF605438FF685438FF605438FF6E
:101EC000685438FF685438FF605438FF685438FF4E
:101ED000685438FF605438FF605438FF685438FF46
:101EE000605438FF685438FF685438FF605438FF36
:101EF000605438FF685438FF685438FF605438FF26
:101F0000685438FF685438FF605438FF685438FF0D
:101F1000685438FF605438FF685438FF685438FFFD
:101F2000605438FF605438FF685438FF605438FFFD
:101F3000605438FF685438FF605438FF605438FFED
:101F4000685438FF605438FF605438FF685438FFD5
:101F5000685438FF605438FF605438FF685438FFC5
:101F6000685438FF605438FF685438FF605438FFB5
:101F7000605438FF685438FF685438FF605438FFA5
:101F8000605438FF685438FF685438FF605438FF95
:101F9000685438FF685438FF605438FF685438FF7D
:101FA000605438FF605438FF685438FF685438FF75
:101FB000605438FF605438FF685438FF605438FF6D
:101FC000605438FF685438FF605438FF685438FF55
:101FD000605438FF685438FF685438FF605438FF45
:101FE000685438FF605438FF685438FF605438FF35
:101FF000685438FF685438FF605438FF605438FF25
:10200000685438FF685438FF605438FF605438FF14
:10201000685438FF605438FF685438FF685438FFFC
:10202000605438FF605438FF685438FF685438FFF4
:10203000605438FF685438FF605438FF685438FFE4
:10204000605438FF605438FF685438FF685438FFD4
:10205000605438FF605438FF685438FF685438FFC4
:10206000605438FF685438FF605438FF685438FFB4
:10207000605438FF605438FF685438FF685438FFA4
:10208000605438FF685438FF605438FF605438FF9C
:10209000685438FF605438FF605438FF685438FF84
:1020A000605438FF685438FF605438FF685438FF74
:1020B000685438FF605438FF685438FF685438FF5C
:1020C000605438FF685438FF605438FF685438FF54
:1020D000605438FF685438FF605438FF605438FF4C
:1020E000685438FF605438FF605438FF685438FF34
:1020F000605438FF605438FF685438FF685438FF24
:10210000605438FF605438FF685438FF685438FF13
:10211000605438FF685438FF605438FF605438FF0B
:10212000685438FF605438FF685438FF685438FFEB
:10213000605438FF605438FF685438FF685438FFE3
:10214000605438FF685438FF685438FF605438FFD3
:10215000685438FF685438FF605438FF605438FFC3
:10216000685438FF605438FF605438FF685438FFB3
:10217000685438FF605438FF685438FF605438FFA3
:10218000605438FF685438FF685438FF685840FF7F
:10219000706048FF786850DF8068502000000000C1
:1021A00000000000786850DF685840FF605030FF42
:1021B000584830FF584428FF584828FF584428FF03
:1021C000584428FF584828FF584428FF584428FFFF
:1021D000584828FF584428FF584428FF584828FFEB
:1021E000584428FF584428FF584828FF584428FFDF
:1021F000584428FF584828FF584428FF584428FFCF
:10220000584828FF584428FF584428FF584828FFBA
:10221000584428FF584428FF584828FF584428FFAE
:10222000584428FF584828FF584428FF584428FF9E
:10223000584828FF584428FF584428FF584828FF8A
:10224000584428FF584428FF584828FF584428FF7E
:10225000584428FF584828FF584428FF584428FF6E
:10226000584828FF584428FF584428FF584828FF5A
:10227000584428FF584428FF584828FF584428FF4E
:10228000584428FF584828FF584428FF584428FF3E
:10229000584828FF584428FF584428FF584828FF2A
:1022A000584428FF584428FF584828FF584428FF1E
:1022B000584428FF584828FF584428FF584428FF0E
:1022C000584828FF584428FF584428FF584828FFFA
:1022D000584428FF584428FF584828FF584428FFEE
:1022E000584428FF584828FF584428FF584428FFDE
:1022F000584828FF584428FF584428FF584828FFCA
:10230000584428FF584428FF584828FF584428FFBD
:10231000584428FF584828FF584428FF584428FFAD
:10232000584828FF584428FF584428FF584828FF99
:10233000584428FF584428FF584828FF584428FF8D
:10234000584428FF584828FF584428FF584428FF7D
:10235000584828FF584428FF584428FF584828FF69
:10236000584428FF584428FF584828FF584428FF5D
:10237000584428FF584828FF584428FF584428FF4D
:10238000584828FF584428FF584428FF584828FF39
:10239000584428FF584428FF584828FF584428FF2D
:1023A000584828FF584428FF584428FF584828FF19
:1023B000584428FF584428FF584828FF584428FF0D
:1023C000584428FF584828FF584428FF584428FFFD
:1023D000584828FF584428FF584428FF584828FFE9
:1023E000584428FF584428FF584828FF584428FFDD
:1023F000584428FF584828FF584428FF584428FFCD
:10240000584828FF584428FF584428FF584828FFB8
:10241000584428FF584428FF584828FF584428FFAC
:10242000584428FF584828FF584428FF584428FF9C
:10243000584828FF584428FF584428FF584828FF88
:10244000584428FF584828FF584428FF584428FF7C
:10245000584428FF584828FF584428FF584428FF6C
:10246000584428FF584828FF584428FF584428FF5C
:10247000584828FF584428FF584428FF584828FF48
:10248000584428FF584428FF584828FF584428FF3C
:10249000584428FF584828FF584428FF584428FF2C
:1024A000584828FF584428FF584428FF584828FF18
:1024B000584428FF584428FF584828FF584428FF0C
:1024C000584428FF584828FF584428FF584428FFFC
:1024D000584828FF584428FF584428FF584428FFEC
:1024E000584828FF584428FF584428FF584828FFD8
:1024F000584428FF584428FF584828FF584428FFCC
:10250000584428FF584828FF584428FF584428FFBB
:10251000584828FF584428FF584428FF584828FFA7
:10252000584428FF584428FF584828FF584428FF9B
:10253000584428FF584828FF584428FF584428FF8B
:10254000584828FF584428FF584828FF584830FF6B
:10255000605030FF685840FF786850DF707050104E
:1025600078645061685840FF584C30FF584828FF45
:10257000584428FF584428FF584428FF584428FF4F
:10258000584428FF584428FF584428FF584428FF3F
:10259000584428FF584428FF584428FF584428FF2F
:1025A000584428FF584428FF584428FF584428FF1F
:1025B000584428FF584428FF584428FF584428FF0F
:1025C000584428FF584428FF584428FF584428FFFF
:1025D000584428FF584428FF584428FF584428FFEF
:1025E000584428FF584428FF584428FF584428FFDF
:1025F000584428FF584428FF584428FF584428FFCF
:10260000584428FF584428FF584428FF584428FFBE
:10261000584428FF584428FF584428FF584428FFAE
:10262000584428FF584428FF584428FF584428FF9E
:10263000584428FF584428FF584428FF584428FF8E
:10264000584428FF584428FF584428FF584428FF7E
:10265000584428FF584428FF584428FF584428FF6E
:10266000584428FF584428FF584428FF584428FF5E
:10267000584428FF584428FF584428FF584428FF4E
:10268000584428FF584428FF584428FF584428FF3E
:10269000584428FF584428FF584428FF584428FF2E
:1026A000584428FF584428FF584428FF584428FF1E
:1026B000584428FF584428FF584428FF584428FF0E
:1026C000584428FF584428FF584428FF584428FFFE
:1026D000584428FF584428FF584428FF584428FFEE
:1026E000584428FF584428FF584428FF584428FFDE
:1026F000584428FF584428FF584428FF584428FFCE
:10270000584428FF584428FF584428FF584428FFBD
:10271000584428FF584428FF584428FF584428FFAD
:10272000584428FF584428FF584428FF584428FF9D
:10273000584428FF584428FF584428FF584428FF8D
:10274000584428FF584428FF584428FF584428FF7D
:10275000584428FF584428FF584428FF584428FF6D
:10276000584428FF584428FF584428FF584428FF5D
:10277000584428FF584428FF584428FF584428FF4D
:10278000584428FF584428FF584428FF584428FF3D
:10279000584428FF584428FF584428FF584428FF2D
:1027A000584428FF584428FF584428FF584428FF1D
:1027B000584428FF584428FF584428FF584428FF0D
:1027C000584428FF584428FF584428FF584428FFFD
:1027D000584428FF584428FF584428FF584428FFED
:1027E000584428FF584428FF584428FF584428FFDD
:1027F000584428FF584428FF584428FF584428FFCD
:10280000584428FF584428FF584428FF584428FFBC
:10281000584428FF584428FF584428FF584428FFAC
:10282000584428FF584428FF584428FF584428FF9C
:10283000584428FF584428FF584428FF584428FF8C
:10284000584428FF584428FF584428FF584428FF7C
:10285000584428FF584428FF584428FF584428FF6C
:10286000584428FF584428FF584428FF584428FF5C
:10287000584428FF584428FF584428FF584428FF4C
:10288000584428FF584428FF584428FF584428FF3C
:10289000584428FF584428FF584428FF584428FF2C
:1028A000584428FF584428FF584428FF584428FF1C
:1028B000584428FF584428FF584428FF584428FF0C
:1028C000584428FF584428FF584428FF584428FFFC
:1028D000584428FF584428FF584428FF584428FFEC
:1028E000584428FF584428FF584428FF584428FFDC
:1028F000584428FF584428FF584428FF584428FFCC
:10290000584428FF584428FF584428FF584428FFBB
:10291000584428FF604C30FF685840FF7064507D79
:10292000706048CF604C30FF584428FF584428FF5F
:10293000584428FF584428FF584428FF584428FF8B
:10294000584428FF584428FF584428FF584428FF7B
:10295000584428FF584428FF584428FF584428FF6B
:10296000584428FF584428FF584428FF584428FF5B
:10297000584428FF584428FF584428FF584428FF4B
:10298000584428FF584428FF584428FF584428FF3B
:10299000584428FF584428FF584428FF584428FF2B
:1029A000584428FF584428FF584428FF584428FF1B
:1029B000584428FF584428FF584428FF584428FF0B
:1029C000584428FF584428FF584428FF584428FFFB
:1029D000584428FF584428FF584428FF584428FFEB
:1029E000584428FF584428FF584428FF584428FFDB
:1029F000584428FF584428FF584428FF584428FFCB
:102A0000584428FF584428FF584428FF584428FFBA
:102A1000584428FF584428FF584428FF584428FFAA
:102A2000584428FF584428FF584428FF584428FF9A
:102A3000584428FF584428FF584428FF584428FF8A
:102A4000584428FF584428FF584428FF584428FF7A
:102A5000584428FF584428FF584428FF584428FF6A
:102A6000584428FF584428FF584428FF584428FF5A
:102A7000584428FF584428FF584428FF584428FF4A
:102A8000584428FF584428FF584428FF584428FF3A
:102A9000584428FF584428FF584428FF584428FF2A
:102AA000584428FF584428FF584428FF584428FF1A
:102AB000584428FF584428FF584428FF584428FF0A
:102AC000584428FF584428FF584428FF584428FFFA
:102AD000584428FF584428FF584428FF584428FFEA
:102AE000584428FF584428FF584428FF584428FFDA
:102AF000584428FF584428FF584428FF584428FFCA
:102B0000584428FF584428FF584428FF584428FFB9
:102B1000584428FF584428FF584428FF584428FFA9
:102B2000584428FF584428FF584428FF584428FF99
:102B3000584428FF584428FF584428FF584428FF89
:102B4000584428FF584428FF584428FF584428FF79
:102B5000584428FF584428FF584428FF584428FF69
:102B6000584428FF584428FF584428FF584428FF59
:102B7000584428FF584428FF584428FF584428FF49
:102B8000584428FF584428FF584428FF584428FF39
:102B9000584428FF584428FF584428FF584428FF29
:102BA000584428FF584428FF584428FF584428FF19
:102BB000584428FF584428FF584428FF584428FF09
:102BC000584428FF584428FF584428FF584428FFF9
:102BD000584428FF584428FF584428FF584428FFE9
:102BE000584428FF584428FF584428FF584428FFD9
:102BF000584428FF584428FF584428FF584428FFC9
:102C0000584428FF584428FF584428FF584428FFB8
:102C1000584428FF584428FF584428FF584428FFA8
:102C2000584428FF584428FF584428FF584428FF98
:102C3000584428FF584428FF584428FF584428FF88
:102C4000584428FF584428FF584428FF584428FF78
:102C5000584428FF584428FF584428FF584428FF68
:102C6000584428FF584428FF584428FF584428FF58
:102C7000584428FF584428FF584428FF584428FF48
:102C8000584428FF584428FF584428FF584428FF38
:102C9000584428FF584428FF584428FF584428FF28
:102CA000584428FF584428FF584428FF584428FF18
:102CB000584428FF584428FF584428FF584428FF08
:102CC000584428FF584428FF584428FF584428FFF8
:102CD000584428FF584428FF605030FF705C48BEBD
:102CE000685840FF584828FF584428FF584428FF98
:102CF000584428FF584428FF584428FF584428FFC8
:102D0000584428FF584428FF584428FF584428FFB7
:102D1000584428FF584428FF584428FF584428FFA7
:102D2000584428FF584428FF584428FF584428FF97
:102D3000584428FF584428FF584428FF584428FF87
:102D4000584428FF584428FF584428FF584428FF77
:102D5000584428FF584428FF584428FF584428FF67
:102D6000584428FF584428FF584428FF584428FF57
:102D7000584428FF584428FF584428FF584428FF47
:102D8000584428FF584428FF584428FF584428FF37
:102D9000584428FF584428FF584428FF584428FF27
:102DA000584428FF584428FF584428FF584428FF17
:102DB000584428FF584428FF584428FF584428FF07
:102DC000584428FF584428FF584428FF584428FFF7
:102DD000584428FF584428FF584428FF584428FFE7
:102DE000584428FF584428FF584428FF584428FFD7
:102DF000584428FF584428FF584428FF584428FFC7
:102E0000584428FF584428FF584428FF584428FFB6
:102E1000584428FF584428FF584428FF584428FFA6
:102E2000584428FF584428FF584428FF584428FF96
:102E3000584428FF584428FF584428FF584428FF86
:102E4000584428FF584428FF584428FF584428FF76
:102E5000584428FF584428FF584428FF584428FF66
:102E6000584428FF584428FF584428FF584428FF56
:102E7000584428FF584428FF584428FF584428FF46
:102E8000584428FF584428FF584428FF584428FF36
:102E9000584428FF584428FF584428FF584428FF26
:102EA000584428FF584428FF584428FF584428FF16
:102EB000584428FF584428FF584428FF584428FF06
:102EC000584428FF584428FF584428FF584428FFF6
:102ED000584428FF584428FF584428FF584428FFE6
:102EE000584428FF584428FF584428FF584428FFD6
:102EF000584428FF584428FF584428FF584428FFC6
:102F0000584428FF584428FF584428FF584428FFB5
:102F1000584428FF584428FF584428FF584428FFA5
:102F2000584428FF584428FF584428FF584428FF95
:102F3000584428FF584428FF584428FF584428FF85
:102F4000584428FF584428FF584428FF584428FF75
:102F5000584428FF584428FF584428FF584428FF65
:102F6000584428FF584428FF584428FF584428FF55
:102F7000584428FF584428FF584428FF584428FF45
:102F8000584428FF584428FF584428FF584428FF35
:102F9000584428FF584428FF584428FF584428FF25
:102FA000584428FF584428FF584428FF584428FF15
:102FB000584428FF584428FF584428FF584428FF05
:102FC000584428FF584428FF584428FF584428FFF5
:102FD000584428FF584428FF584428FF584428FFE5
:102FE000584428FF584428FF584428FF584428FFD5
:102FF000584428FF584428FF584428FF584428FFC5
:10300000584428FF584428FF584428FF584428FFB4
:10301000584428FF584428FF584428FF584428FFA4
:10302000584428FF584428FF584428FF584428FF94
:10303000584428FF584428FF584428FF584428FF84
:10304000584428FF584428FF584428FF584428FF74
:10305000584428FF584428FF584428FF584428FF64
:10306000584428FF584428FF584428FF584428FF54
:10307000584428FF584428FF584428FF584428FF44
:10308000584428FF584428FF584428FF584428FF34
:10309000584428FF584428FF584828FF685840FFE4
:1030A000685438FF584828FF584428FF584428FFE0
:1030B000584428FF584428FF584428FF584428FF04
:1030C000584428FF584428FF584428FF584428FFF4
:1030D000584428FF584428FF584428FF584428FFE4
:1030E000584428FF584428FF584428FF584428FFD4
:1030F000584428FF584428FF584428FF584428FFC4
:10310000584428FF584428FF584428FF584428FFB3
:10311000584428FF584428FF584428FF584428FFA3
:10312000584428FF584428FF584428FF584428FF93
:10313000584428FF584428FF584428FF584428FF83
:10314000584428FF584428FF584428FF584428FF73
:10315000584428FF584428FF584428FF584428FF63
:10316000584428FF584428FF584428FF584428FF53
:10317000584428FF584428FF584428FF584428FF43
:10318000584428FF584428FF584428FF584428FF33
:10319000584428FF584428FF584428FF584428FF23
:1031A000584428FF584428FF584428FF584428FF13
:1031B000584428FF584428FF584428FF584428FF03
:1031C000584428FF504428FF584428FF584428FFFB
:1031D000584428FF584428FF584428FF584428FFE3
:1031E000584428FF584428FF584428FF584428FFD3
:1031F000584428FF584428FF584428FF584428FFC3
:10320000584428FF584428FF584428FF584428FFB2
:10321000584428FF584428FF584428FF584428FFA2
:10322000584428FF584428FF584428FF584428FF92
:10323000584428FF584428FF584428FF584428FF82
:10324000584428FF584428FF584428FF584428FF72
:10325000584428FF584428FF584428FF584428FF62
:10326000584428FF584428FF584428FF584428FF52
:10327000584428FF584428FF584428FF584428FF42
:10328000584428FF584428FF584428FF584428FF32
:10329000584428FF584428FF584428FF584428FF22
:1032A000584428FF584428FF584428FF584428FF12
:1032B000584428FF584428FF584428FF584428FF02
:1032C000584428FF584428FF584428FF584428FFF2
:1032D000584428FF584428FF584428FF584428FFE2
:1032E000584428FF584428FF584428FF584428FFD2
:1032F000584428FF584428FF584428FF584428FFC2
:10330000584428FF584428FF584428FF584428FFB1
:10331000584428FF584428FF584428FF584428FFA1
:10332000584428FF584428FF584428FF584428FF91
:10333000584428FF584428FF584428FF584428FF81
:10334000584428FF584428FF584428FF584428FF71
:10335000584428FF584428FF584428FF584428FF61
:10336000584428FF584428FF584428FF584428FF51
:10337000584428FF584428FF584428FF584428FF41
:10338000584428FF584428FF584428FF584428FF31
:10339000584428FF584428FF584428FF584428FF21
:1033A000584428FF584428FF584428FF584428FF11
:1033B000584428FF584428FF584428FF584428FF01
:1033C000584428FF584428FF584428FF584428FFF1
:1033D000584428FF584428FF584428FF584428FFE1
:1033E000584428FF584428FF584428FF584428FFD1
:1033F000584428FF584428FF584428FF584428FFC1
:10340000584428FF584428FF584428FF584428FFB0
:10341000584428FF584428FF584428FF584428FFA0
:10342000584428FF584428FF584428FF584428FF90
:10343000584428FF584428FF584428FF584428FF80
:10344000584428FF584428FF584428FF584428FF70
:10345000584428FF584428FF584828FF685438FF2C
:10346000685438FF584428FF584428FF584428FF20
:10347000584428FF584428FF504428FF584428FF48
:10348000584428FF504428FF584428FF584428FF38
:10349000504428FF584428FF584428FF504428FF30
:1034A000584428FF584428FF584428FF584428FF10
:1034B000584428FF584428FF584428FF584428FF00
:1034C000584428FF584428FF584428FF584428FFF0
:1034D000584428FF584428FF584428FF584428FFE0
:1034E000584428FF504428FF584428FF584428FFD8
:1034F000504428FF584428FF584428FF584428FFC8
:10350000584428FF504428FF584428FF584428FFB7
:10351000584428FF504428FF584428FF584428FFA7
:10352000504428FF584428FF584428FF504428FF9F
:10353000584428FF584428FF584428FF504428FF87
:10354000584428FF584428FF504428FF584428FF77
:10355000584428FF504428FF584428FF584428FF67
:10356000504428FF584428FF584428FF504428FF5F
:10357000584428FF584428FF504428FF584428FF47
:10358000584428FF584428FF584428FF584428FF2F
:10359000504428FF584428FF584428FF504428FF2F
:1035A000584428FF584428FF584428FF584428FF0F
:1035B000584428FF584428FF584428FF584428FFFF
:1035C000584428FF584428FF584428FF584428FFEF
:1035D000584428FF584428FF504428FF584428FFE7
:1035E000584428FF504428FF584428FF584428FFD7
:1035F000584428FF504428FF584428FF584428FFC7
:10360000504428FF584428FF584428FF504428FFBE
:10361000584428FF584428FF504428FF584428FFA6
:10362000584428FF504428FF584428FF584428FF96
:10363000584428FF584428FF584428FF584428FF7E
:10364000584428FF584428FF584428FF584428FF6E
:10365000504428FF584428FF584428FF504428FF6E
:10366000584428FF584428FF504428FF584428FF56
:10367000584428FF504428FF584428FF584428FF46
:10368000504428FF584428FF584428FF584428FF36
:10369000584428FF504428FF584428FF584428FF26
:1036A000584428FF504428FF584428FF584428FF16
:1036B000504428FF584428FF584428FF584428FF06
:1036C000504428FF584428FF584428FF504428FFFE
:1036D000584428FF584428FF504428FF584428FFE6
:1036E000584428FF504428FF584428FF584428FFD6
:1036F000584428FF584428FF504428FF584428FFC6
:10370000584428FF584428FF584428FF584428FFAD
:10371000584428FF584428FF584428FF584428FF9D
:10372000584428FF504428FF584428FF584428FF95
:10373000504428FF584428FF584428FF504428FF8D
:10374000584428FF584428FF504428FF584428FF75
:10375000584428FF584428FF584428FF584428FF5D
:10376000584428FF584428FF584428FF584428FF4D
:10377000584428FF584428FF584428FF584428FF3D
:10378000584428FF504428FF584428FF584428FF35
:10379000504428FF584428FF584428FF584428FF25
:1037A000504428FF584428FF584428FF504428FF1D
:1037B000584428FF584428FF504428FF584428FF05
:1037C000584428FF504428FF584428FF584428FFF5
:1037D000504428FF584428FF584428FF504428FFED
:1037E000584428FF584428FF584428FF584428FFCD
:1037F000504428FF584428FF584428FF584428FFC5
:10380000584428FF584428FF584428FF584428FFAC
:10381000584428FF584428FF584828FF685438FF68
:10382000605438FF584428FF584428FF584428FF64
:10383000584428FF584428FF584428FF584428FF7C
:10384000584428FF584428FF584428FF584428FF6C
:10385000584428FF584428FF584428FF584428FF5C
:10386000584428FF584428FF504428FF584428FF54
:10387000584428FF504428FF584428FF584428FF44
:10388000504428FF584428FF584428FF504428FF3C
:10389000584428FF584428FF504428FF584428FF24
:1038A000584428FF584428FF584428FF584428FF0C
:1038B000584428FF584428FF584428FF504428FF04
:1038C000584428FF584428FF584428FF584428FFEC
:1038D000584428FF584428FF584428FF584428FFDC
:1038E000584428FF584428FF584428FF584428FFCC
:1038F000584428FF584428FF584428FF584428FFBC
:10390000584428FF584428FF584428FF584428FFAB
:10391000584428FF584428FF584428FF584428FF9B
:10392000584428FF584428FF584428FF584428FF8B
:10393000584428FF584428FF584428FF584428FF7B
:10394000584428FF584428FF584428FF584428FF6B
:10395000584428FF584428FF584428FF584428FF5B
:10396000584428FF504428FF584428FF584428FF53
:10397000504428FF584428FF584428FF504428FF4B
:10398000584428FF584428FF504428FF584428FF33
:10399000584428FF584428FF584428FF584428FF1B
:1039A000584428FF584428FF584428FF584428FF0B
:1039B000584428FF584428FF584428FF584428FFFB
:1039C000584428FF584428FF584428FF584428FFEB
:1039D000584428FF584428FF584428FF584428FFDB
:1039E000584428FF584428FF584428FF584428FFCB
:1039F000504428FF584428FF584428FF504428FFCB
:103A0000584428FF584428FF584428FF584428FFAA
:103A1000584428FF584428FF584428FF584428FF9A
:103A2000584428FF584428FF584428FF584428FF8A
:103A3000584428FF584428FF584428FF584428FF7A
:103A4000584428FF584428FF584428FF504428FF72
:103A5000584428FF584428FF584428FF584428FF5A
:103A6000584428FF584428FF584428FF584428FF4A
:103A7000584428FF584428FF584428FF584428FF3A
:103A8000584428FF584428FF584428FF584428FF2A
:103A9000584428FF584428FF584428FF584428FF1A
:103AA000584428FF584428FF584428FF584428FF0A
:103AB000504428FF584428FF584428FF584428FF02
:103AC000584428FF504428FF584428FF584428FFF2
:103AD000504428FF584428FF584428FF504428FFEA
:103AE000584428FF584428FF584428FF584428FFCA
:103AF000584428FF584428FF584428FF584428FFBA
:103B0000584428FF584428FF584428FF584428FFA9
:103B1000584428FF504428FF584428FF584428FFA1
:103B2000504428FF584428FF584428FF504428FF99
:103B3000584428FF584428FF504428FF584428FF81
:103B4000584428FF584428FF584428FF584428FF69
:103B5000584428FF584428FF584428FF584428FF59
:103B6000584428FF584428FF584428FF584428FF49
:103B7000584428FF584428FF584428FF584428FF39
:103B8000584428FF584428FF584428FF584428FF29
:103B9000584428FF584428FF584428FF584428FF19
:103BA000584428FF584428FF584428FF584428FF09
:103BB000584428FF584428FF584428FF504428FF01
:103BC000584428FF584428FF504428FF584428FFF1
:103BD000584428FF584428FF584428FF605438FFB1
:103BE000605438FF584828FF584428FF584428FF9D
:103BF000584428FF584420FF584428FF584428FFC1
:103C0000584420FF584428FF584428FF584428FFB0
:103C1000584428FF584428FF584428FF584428FF98
:103C2000584428FF584428FF584428FF584428FF88
:103C3000584428FF584428FF584428FF584428FF78
:103C4000584428FF584428FF584428FF584428FF68
:103C5000584428FF584428FF584428FF584428FF58
:103C6000584428FF584428FF584428FF584428FF48
:103C7000584428FF584428FF584428FF584428FF38
:103C8000584428FF584428FF584428FF584428FF28
:103C9000504428FF584428FF584428FF584428FF20
:103CA000584428FF584428FF584428FF584428FF08
:103CB000504428FF584428FF584428FF584428FF00
:103CC000584428FF584428FF584428FF584428FFE8
:103CD000584428FF584428FF584428FF584428FFD8
:103CE000584428FF584428FF584428FF584428FFC8
:103CF000584428FF584428FF584428FF584428FFB8
:103D0000504428FF584428FF584428FF504428FFB7
:103D1000584428FF584428FF584428FF584428FF97
:103D2000584428FF584428FF584428FF584428FF87
:103D3000584428FF584428FF584428FF584428FF77
:103D4000584428FF584428FF584428FF584428FF67
:103D5000584428FF504428FF584428FF584428FF5F
:103D6000584428FF584428FF584428FF504428FF4F
:103D7000584428FF584428FF584428FF584428FF37
:103D8000584428FF584428FF584428FF584428FF27
:103D9000584428FF584428FF584428FF584428FF17
:103DA000584428FF584428FF584428FF584428FF07
:103DB000584428FF584428FF584428FF584428FFF7
:103DC000584428FF504428FF584428FF584428FFEF
:103DD000584428FF584428FF584428FF584428FFD7
:103DE000584428FF584428FF584428FF584428FFC7
:103DF000584428FF584428FF584428FF584428FFB7
:103E0000584428FF584428FF584428FF584428FFA6
:103E1000584428FF584428FF584428FF584428FF96
:103E2000504428FF584428FF584428FF584428FF8E
:103E3000584428FF584428FF504428FF584428FF7E
:103E4000584428FF584428FF584428FF584428FF66
:103E5000584428FF584428FF584428FF584428FF56
:103E6000584428FF584428FF584428FF584428FF46
:103E7000584428FF584428FF584428FF584428FF36
:103E8000584428FF584428FF584428FF584428FF26
:103E9000584428FF584428FF584428FF584428FF16
:103EA000584428FF584428FF584428FF584428FF06
:103EB000584428FF584428FF584428FF584428FFF6
:103EC000584428FF584428FF584428FF584428FFE6
:103ED000584428FF584428FF584428FF584428FFD6
:103EE000584428FF584428FF584428FF584428FFC6
:103EF000584428FF584428FF584428FF584428FFB6
:103F0000584428FF584428FF584428FF584428FFA5
:103F1000584428FF584428FF504428FF584428FF9D
:103F2000584428FF584428FF584428FF584428FF85
:103F3000584428FF584428FF584428FF584428FF75
:103F4000584428FF584428FF504428FF584428FF6D
:103F5000584428FF584428FF584428FF584428FF55
:103F6000504428FF584428FF584428FF504428FF55
:103F7000584428FF584428FF584428FF584428FF35
:103F8000584420FF584428FF584428FF584420FF35
:103F9000584428FF584428FF584428FF685438FFE5
:103FA000685438FF584428FF584428FF584428FFD5
:103FB000504428FF584428FF584428FF504428FF05
:103FC000584428FF584428FF504420FF584428FFF5
:103FD000584428FF504420FF584428FF584428FFE5
:103FE000504420FF584428FF584428FF584420FFDD
:103FF000584428FF584428FF584420FF584428FFBD
:10400000584428FF584420FF584428FF584428FFAC
:10401000584420FF584428FF584428FF584420FFA4
:10402000504428FF584428FF584420FF504428FF9C
:10403000584428FF584420FF584428FF584428FF7C
:10404000584420FF504428FF584428FF584420FF7C
:10405000584428FF584428FF584420FF504428FF64
:10406000584428FF584420FF504428FF584428FF54
:10407000584420FF584428FF584428FF504420FF4C
:10408000584428FF584428FF504420FF584428FF34
:10409000584428FF504420FF584428FF584428FF24
:1040A000504420FF584428FF584428FF504420FF24
:1040B000584428FF584428FF504420FF584428FF04
:1040C000584428FF584420FF584428FF584428FFEC
:1040D000584420FF584428FF504428FF584420FFEC
:1040E000584428FF584428FF584420FF584428FFCC
:1040F000584428FF584420FF584428FF584428FFBC
:10410000584420FF584428FF584428FF584420FFB3
:10411000584428FF584428FF584420FF584428FF9B
:10412000504428FF584420FF584428FF584428FF93
:10413000584420FF584428FF504428FF584420FF8B
:10414000584428FF504428FF584420FF584428FF73
:10415000504428FF584420FF584428FF504428FF6B
:10416000584420FF584428FF504428FF584420FF5B
:10417000584428FF584428FF584420FF584428FF3B
:10418000584428FF584420FF584428FF504428FF33
:10419000584420FF584428FF504428FF584420FF2B
:1041A000584428FF504428FF584420FF584428FF13
:1041B000504428FF584420FF584428FF504428FF0B
:1041C000584420FF584428FF584428FF584420FFF3
:1041D000584428FF504428FF584420FF584428FFE3
:1041E000584428FF584420FF584428FF504428FFD3
:1041F000584420FF584428FF584428FF584420FFC3
:10420000584428FF504428FF584420FF584428FFB2
:10421000504428FF584420FF584428FF504428FFAA
:10422000584420FF584428FF504428FF584420FF9A
:10423000584428FF584428FF584420FF504428FF82
:10424000584428FF584420FF584428FF584428FF6A
:10425000584420FF584428FF584428FF584420FF62
:10426000584428FF584428FF504420FF584428FF52
:10427000584428FF504420FF584428FF584428FF42
:10428000504420FF584428FF584428FF504420FF42
:10429000584428FF584428FF584420FF584428FF1A
:1042A000584428FF584420FF584428FF584428FF0A
:1042B000584420FF584428FF584428FF584420FF02
:1042C000504428FF584428FF584420FF504428FFFA
:1042D000584428FF584420FF584428FF584428FFDA
:1042E000584420FF504428FF584428FF584420FFDA
:1042F000504428FF584428FF584420FF504428FFCA
:10430000584428FF584420FF584428FF584428FFA9
:10431000584420FF504428FF584428FF584420FFA9
:10432000584428FF584428FF584420FF584428FF89
:10433000584428FF584420FF584428FF584428FF79
:10434000504428FF584428FF584428FF504428FF71
:10435000584428FF584428FF584828FF605438FF25
:10436000685438FF584428FF584428FF584428FF11
:10437000584428FF584428FF584428FF584428FF31
:10438000584428FF584428FF584428FF584428FF21
:10439000584428FF584428FF584428FF584428FF11
:1043A000584428FF584428FF504428FF584428FF09
:1043B000584428FF504428FF584428FF584428FFF9
:1043C000504428FF584428FF584428FF504428FFF1
:1043D000584428FF584428FF504428FF584428FFD9
:1043E000584428FF584428FF584428FF584428FFC1
:1043F000584428FF504428FF584428FF584428FFB9
:10440000584428FF584428FF584428FF584428FFA0
:10441000584428FF584428FF584428FF584428FF90
:10442000584428FF584428FF584428FF584428FF80
:10443000584428FF584428FF584428FF584428FF70
:10444000584428FF584428FF584428FF584428FF60
:10445000584428FF584428FF584428FF584428FF50
:10446000584428FF584428FF584428FF584428FF40
:10447000584428FF584428FF584428FF584428FF30
:10448000584428FF584428FF584428FF584428FF20
:10449000584428FF584428FF584428FF584428FF10
:1044A000504428FF584428FF584428FF504428FF10
:1044B000584428FF584428FF504428FF584428FFF8
:1044C000584428FF504428FF584428FF584428FFE8
:1044D000504428FF584428FF584428FF584428FFD8
:1044E000584428FF584428FF584428FF584428FFC0
:1044F000584428FF584428FF584428FF584428FFB0
:10450000584428FF584428FF584428FF584428FF9F
:10451000584428FF584428FF584428FF584428FF8F
:10452000584428FF584428FF584428FF584428FF7F
:10453000504428FF584428FF584428FF504428FF7F
:10454000584428FF584428FF584428FF584428FF5F
:10455000584428FF584428FF584428FF584428FF4F
:10456000584428FF584428FF584428FF584428FF3F
:10457000584428FF584428FF584428FF584428FF2F
:10458000584428FF504428FF584428FF584428FF27
:10459000584428FF584428FF584428FF584428FF0F
:1045A000584428FF584428FF584428FF584428FFFF
:1045B000584428FF584428FF584428FF584428FFEF
:1045C000584428FF584428FF584428FF584428FFDF
:1045D000584428FF584428FF584428FF584428FFCF
:1045E000584428FF584428FF584428FF584428FFBF
:1045F000584428FF584428FF584428FF584428FFAF
:10460000584428FF584428FF504428FF584428FFA6
:10461000584428FF504428FF584428FF584428FF96
:10462000504428FF584428FF584428FF584428FF86
:10463000584428FF584428FF584428FF584428FF6E
:10464000584428FF584428FF584428FF584428FF5E
:10465000584428FF504428FF584428FF584428FF56
:10466000504428FF584428FF584428FF504428FF4E
:10467000584428FF584428FF504428FF584428FF36
:10468000584428FF584428FF584428FF584428FF1E
:10469000584428FF584428FF584428FF584428FF0E
:1046A000584428FF584428FF584428FF584428FFFE
:1046B000584428FF584428FF584428FF584428FFEE
:1046C000584428FF584428FF584428FF584428FFDE
:1046D000584428FF584428FF584428FF584428FFCE
:1046E000584428FF584428FF584428FF584428FFBE
:1046F000584428FF504428FF584428FF584428FFB6
:10470000584428FF584428FF584428FF584428FF9D
:10471000584428FF584428FF584428FF605438FF65
:10472000605438FF584428FF584428FF584428FF55
:10473000584428FF584420FF584428FF584428FF75
:10474000584420FF504428FF584428FF584428FF6D
:10475000584428FF584428FF504420FF584428FF5D
:10476000584428FF584428FF584428FF584428FF3D
:10477000584428FF584428FF584428FF584428FF2D
:10478000584428FF584428FF584428FF584428FF1D
:10479000584428FF584428FF584428FF584428FF0D
:1047A000584428FF584428FF584428FF584428FFFD
:1047B000584428FF584428FF584420FF584428FFF5
:1047C000504428FF584428FF584428FF584428FFE5
:1047D000504428FF584420FF584428FF584428FFDD
:1047E000584428FF584428FF584428FF584428FFBD
:1047F000504428FF584428FF584428FF584428FFB5
:10480000584428FF504428FF584428FF584420FFAC
:10481000584428FF584428FF504428FF584428FF94
:10482000584428FF584428FF584420FF584428FF84
:10483000584428FF584428FF584428FF584428FF6C
:10484000504428FF584428FF584428FF504428FF6C
:10485000584428FF584428FF584428FF584428FF4C
:10486000584420FF584428FF584428FF584428FF44
:10487000584428FF584428FF584420FF584428FF34
:10488000584428FF584428FF584420FF584428FF24
:10489000584428FF584428FF584428FF584420FF14
:1048A000584428FF584428FF504428FF584428FF04
:1048B000584428FF504428FF584428FF584428FFF4
:1048C000584428FF584428FF584428FF504428FFE4
:1048D000584428FF584428FF584428FF584428FFCC
:1048E000504428FF584428FF584428FF584428FFC4
:1048F000584428FF584428FF584428FF584428FFAC
:10490000584428FF584428FF584428FF584428FF9B
:10491000584428FF584428FF584428FF584428FF8B
:10492000504428FF584428FF584428FF584428FF83
:10493000584428FF584428FF504420FF584428FF7B
:10494000584428FF584428FF584428FF584428FF5B
:10495000504428FF584420FF584428FF584428FF5B
:10496000504428FF584428FF584428FF584428FF43
:10497000584428FF504428FF584428FF584428FF33
:10498000504428FF584420FF584428FF584428FF2B
:10499000584428FF584428FF584428FF584420FF13
:1049A000584428FF584428FF584428FF504428FF03
:1049B000584428FF584420FF504428FF584428FFFB
:1049C000584428FF584428FF584428FF584420FFE3
:1049D000584428FF584428FF584428FF584428FFCB
:1049E000584428FF584428FF584428FF584428FFBB
:1049F000584428FF584428FF504428FF584428FFB3
:104A0000584428FF584428FF504428FF584428FFA2
:104A1000584428FF584428FF584428FF584428FF8A
:104A2000584428FF584428FF584428FF584428FF7A
:104A3000584428FF584420FF584428FF584428FF72
:104A4000584428FF584428FF584428FF584428FF5A
:104A5000584420FF504428FF584428FF584428FF5A
:104A6000504428FF584428FF584428FF584428FF42
:104A7000584428FF584420FF584428FF584428FF32
:104A8000504428FF584428FF584428FF504420FF32
:104A9000584428FF584428FF584428FF504428FF12
:104AA000584428FF584428FF504428FF584428FF02
:104AB000584428FF584428FF584420FF584428FFF2
:104AC000584428FF584420FF584428FF584428FFE2
:104AD000584428FF584428FF584428FF685438FF9A
:104AE000605438FF584428FF584428FF584428FF92
:104AF000584428FF504428FF584428FF584428FFB2
:104B0000584428FF584428FF584428FF584420FFA1
:104B1000504428FF584428FF584428FF584428FF91
:104B2000584428FF584420FF584428FF584428FF81
:104B3000584420FF584428FF504428FF584420FF81
:104B4000584428FF584428FF504420FF584428FF69
:104B5000584428FF584420FF584428FF584420FF59
:104B6000504428FF584428FF584420FF504428FF51
:104B7000584428FF584428FF584428FF584428FF29
:104B8000584428FF584420FF584428FF584428FF21
:104B9000584428FF584428FF584428FF504428FF11
:104BA000584420FF584428FF504428FF584420FF11
:104BB000584428FF584428FF584420FF504428FFF9
:104BC000584420FF584428FF584428FF584428FFE1
:104BD000504428FF584428FF584420FF584428FFD9
:104BE000584428FF504428FF584428FF584428FFC1
:104BF000504428FF584420FF584428FF584428FFB9
:104C0000584420FF584428FF584428FF584420FFA8
:104C1000584428FF504420FF584428FF584428FF98
:104C2000584428FF584428FF584428FF584420FF80
:104C3000504428FF584428FF584428FF584428FF70
:104C4000584428FF584428FF584428FF584428FF58
:104C5000584428FF584420FF504428FF584428FF58
:104C6000584428FF584428FF584420FF584428FF40
:104C7000584428FF584420FF584428FF584428FF30
:104C8000504420FF584428FF584428FF584420FF30
:104C9000584428FF584428FF504420FF584428FF18
:104CA000584428FF584420FF584428FF584428FF00
:104CB000584420FF584428FF584428FF584420FFF8
:104CC000504428FF584428FF584420FF504428FFF0
:104CD000584428FF584420FF504428FF584428FFD8
:104CE000584420FF584428FF584420FF504428FFD0
:104CF000584428FF584428FF584428FF584428FFA8
:104D0000584428FF584420FF584428FF584428FF9F
:104D1000584428FF584428FF584428FF584428FF87
:104D2000584420FF584428FF584428FF504420FF8F
:104D3000584428FF584420FF584428FF584428FF6F
:104D4000584428FF584428FF584428FF504428FF5F
:104D5000584420FF584428FF504428FF584428FF57
:104D6000504428FF584428FF584420FF584428FF47
:104D7000584428FF584428FF584428FF584428FF27
:104D8000584420FF584428FF584428FF504428FF27
:104D9000584428FF584428FF584420FF584428FF0F
:104DA000584428FF584420FF504428FF584428FF07
:104DB000584420FF584428FF584428FF584420FFF7
:104DC000584428FF584428FF584420FF584428FFDF
:104DD000584428FF584420FF584428FF584428FFCF
:104DE000584420FF504428FF584420FF584428FFCF
:104DF000584428FF584428FF584428FF584428FFA7
:104E0000504420FF584428FF584428FF504428FFAE
:104E1000584428FF584428FF584428FF584420FF8E
:104E2000584428FF584428FF584420FF504428FF86
:104E3000584428FF584428FF504428FF584428FF6E
:104E4000584420FF584428FF584428FF584428FF5E
:104E5000584428FF584428FF584420FF584428FF4E
:104E6000584428FF584420FF584428FF584428FF3E
:104E7000584420FF584428FF584428FF504428FF36
:104E8000584428FF584428FF504428FF584428FF1E
:104E9000584420FF584428FF584828FF605438FFE2
:104EA000685438FF584428FF584428FF584428FFC6
:104EB000584428FF584428FF584428FF584420FFEE
:104EC000504428FF584428FF584428FF584428FFDE
:104ED000584428FF584428FF584428FF584428FFC6
:104EE000504428FF584428FF584428FF504428FFC6
:104EF000584428FF584428FF584428FF584428FFA6
:104F0000584428FF584428FF584428FF584428FF95
:104F1000504428FF584428FF584428FF584428FF8D
:104F2000584428FF584428FF584428FF584420FF7D
:104F3000584428FF584428FF504428FF584428FF6D
:104F4000584428FF584428FF504428FF584420FF65
:104F5000584428FF584428FF584428FF584428FF45
:104F6000584428FF584428FF584428FF584428FF35
:104F7000584428FF584428FF584428FF584428FF25
:104F8000584428FF584428FF584428FF584428FF15
:104F9000584428FF584428FF584428FF584428FF05
:104FA000584420FF584428FF584428FF584428FFFD
:104FB000584428FF584428FF504428FF584428FFED
:104FC000584428FF584428FF584428FF584428FFD5
:104FD000584428FF584428FF584428FF584428FFC5
:104FE000504428FF584428FF584428FF584428FFBD
:104FF000584428FF584428FF584428FF504428FFAD
:10500000584420FF504428FF584428FF584428FFA4
:10501000504428FF584428FF584428FF584428FF8C
:10502000584428FF504428FF584428FF584428FF7C
:10503000584428FF584428FF584428FF584428FF64
:10504000584428FF584428FF584428FF584428FF54
:10505000584428FF584428FF584428FF584428FF44
:10506000584428FF584428FF504428FF584428FF3C
:10507000584428FF504428FF584428FF584428FF2C
:10508000584428FF584428FF584428FF584428FF14
:10509000584428FF584428FF584428FF584428FF04
:1050A000584428FF584428FF584428FF584428FFF4
:1050B000584420FF584428FF584428FF584428FFEC
:1050C000504428FF584428FF584428FF504420FFEC
:1050D000584428FF584428FF584428FF504428FFCC
:1050E000584428FF584428FF584428FF584428FFB4
:1050F000584428FF584428FF584428FF584428FFA4
:10510000584420FF584428FF584428FF584428FF9B
:10511000584428FF584428FF584428FF584428FF83
:10512000584428FF584428FF584428FF584428FF73
:10513000584428FF584428FF584428FF584428FF63
:10514000504428FF584428FF584428FF584428FF5B
:10515000584428FF584428FF504428FF584428FF4B
:10516000584428FF584428FF584428FF584428FF33
:10517000584428FF504428FF584428FF584428FF2B
:10518000584428FF504428FF584428FF584428FF1B
:10519000584428FF504428FF584428FF584428FF0B
:1051A000584428FF584428FF584428FF584428FFF3
:1051B000504428FF584428FF584428FF584428FFEB
:1051C000584428FF584428FF584420FF584428FFDB
:1051D000584428FF584428FF584428FF584428FFC3
:1051E000584428FF584428FF584428FF584428FFB3
:1051F000584428FF584428FF584428FF584428FFA3
:10520000584428FF584428FF584428FF584428FF92
:10521000504428FF584428FF584428FF584428FF8A
:10522000584428FF584428FF584428FF504428FF7A
:10523000584428FF584428FF584428FF584428FF62
:10524000584428FF584428FF584428FF584428FF52
:10525000584428FF584428FF584428FF685438FF12
:10526000605438FF584428FF584428FF584428FF0A
:10527000584420FF584428FF584428FF584428FF2A
:10528000584428FF584428FF584428FF584428FF12
:10529000584420FF584428FF584428FF584420FF12
:1052A000584428FF584428FF584428FF584420FFFA
:1052B000584428FF584428FF584428FF504428FFEA
:1052C000584420FF584428FF584428FF584428FFDA
:1052D000584420FF584428FF584428FF504428FFD2
:1052E000584428FF584428FF584428FF584428FFB2
:1052F000584428FF584428FF584420FF584428FFAA
:10530000584428FF584428FF584428FF584428FF91
:10531000584428FF504428FF584420FF584428FF91
:10532000584428FF584428FF584420FF584428FF79
:10533000584428FF504428FF584428FF584428FF69
:10534000584428FF584428FF504420FF584428FF61
:10535000584428FF584420FF584428FF504428FF51
:10536000584428FF584428FF584428FF504420FF41
:10537000584428FF584428FF584428FF584420FF29
:10538000584428FF504428FF584428FF584428FF19
:10539000584428FF584428FF584428FF584420FF09
:1053A000584428FF584428FF504420FF584428FF01
:1053B000584428FF584420FF584428FF584428FFE9
:1053C000584428FF584428FF584428FF584420FFD9
:1053D000584428FF584428FF584428FF584428FFC1
:1053E000584420FF584428FF584428FF584428FFB9
:1053F000504428FF584420FF584428FF504428FFB9
:10540000584428FF584420FF504428FF584428FFA0
:10541000584428FF504420FF584428FF584428FF90
:10542000584420FF584428FF584428FF584428FF78
:10543000584428FF584420FF584428FF584428FF68
:10544000584420FF584428FF584428FF584428FF58
:10545000584420FF584428FF584428FF584428FF48
:10546000504428FF584428FF584428FF584428FF38
:10547000584428FF504428FF584428FF584420FF30
:10548000584428FF584428FF584428FF584428FF10
:10549000584428FF584428FF584420FF584428FF08
:1054A000584428FF584428FF584428FF584428FFF0
:1054B000584428FF504428FF584428FF584428FFE8
:1054C000504428FF584428FF584428FF584428FFD8
:1054D000584428FF504420FF584428FF584428FFD0
:1054E000584420FF584428FF504428FF584428FFC0
:1054F000584420FF504428FF584428FF584420FFB8
:10550000584428FF584428FF584420FF584428FF97
:10551000584428FF584420FF584428FF584428FF87
:10552000504428FF584428FF584420FF584428FF7F
:10553000584428FF584428FF584420FF584428FF67
:10554000584428FF584420FF584428FF584428FF57
:10555000584428FF584428FF584420FF584428FF47
:10556000504428FF584428FF584428FF584428FF37
:10557000584420FF584428FF584428FF504420FF37
:10558000584428FF584428FF584428FF584428FF0F
:10559000584428FF504420FF584428FF584428FF0F
:1055A000504428FF584420FF584428FF584428FFFF
:1055B000584420FF584428FF584428FF584420FFEF
:1055C000504428FF584428FF584420FF584428FFDF
:1055D000584428FF584420FF504428FF584428FFCF
:1055E000584428FF504428FF584420FF584428FFBF
:1055F000584428FF584428FF504428FF584420FFAF
:10560000584428FF584428FF584420FF504428FF9E
:10561000584428FF584428FF584428FF605438FF56
:10562000605438FF584428FF584428FF584428FF46
:10563000584428FF504428FF584428FF584428FF66
:10564000584428FF584420FF504428FF584428FF5E
:10565000584428FF504428FF584428FF584428FF46
:10566000584428FF584428FF584428FF584428FF2E
:10567000504428FF584420FF584428FF584428FF2E
:10568000584428FF584428FF504428FF584428FF16
:10569000584428FF584428FF584428FF584420FF06
:1056A000584428FF584428FF504428FF584428FFF6
:1056B000584428FF504428FF584428FF584428FFE6
:1056C000584420FF504428FF584428FF584428FFDE
:1056D000584428FF584428FF584428FF504428FFC6
:1056E000584428FF584428FF504428FF584428FFB6
:1056F000584420FF584428FF584428FF584420FFAE
:10570000584428FF584428FF584428FF584428FF8D
:10571000584428FF584428FF584428FF584428FF7D
:10572000584428FF584428FF584428FF584428FF6D
:10573000584428FF584428FF584428FF584428FF5D
:10574000584428FF584420FF584428FF504428FF5D
:10575000584420FF584428FF504428FF584428FF4D
:10576000584428FF584428FF584428FF584428FF2D
:10577000584428FF504428FF584428FF584428FF25
:10578000584428FF584428FF584428FF584428FF0D
:10579000584428FF584428FF504428FF584428FF05
:1057A000584428FF584428FF584428FF584420FFF5
:1057B000584428FF584428FF584428FF584428FFDD
:1057C000584428FF584428FF584428FF584428FFCD
:1057D000584428FF584428FF584428FF584428FFBD
:1057E000504428FF584428FF584420FF584428FFBD
:1057F000584428FF584428FF504428FF584428FFA5
:10580000584428FF504428FF584428FF584428FF94
:10581000504428FF584428FF584420FF584428FF8C
:10582000584428FF584420FF584428FF504428FF7C
:10583000584428FF584428FF584428FF584428FF5C
:10584000584428FF584428FF584428FF584428FF4C
:10585000584428FF504428FF584428FF584428FF44
:10586000584420FF504428FF584428FF584420FF44
:10587000584428FF584428FF584420FF584428FF24
:10588000584428FF584428FF504420FF584428FF1C
:10589000584428FF584428FF584428FF584428FFFC
:1058A000584428FF584428FF584428FF584428FFEC
:1058B000584428FF584428FF584428FF584428FFDC
:1058C000584428FF584428FF504428FF584428FFD4
:1058D000584428FF504428FF584428FF584428FFC4
:1058E000584420FF584428FF584428FF504428FFBC
:1058F000584428FF584428FF584428FF504428FFA4
:10590000584428FF584428FF584428FF504420FF9B
:10591000584428FF584428FF584428FF584428FF7B
:10592000584428FF584420FF584428FF584428FF73
:10593000584428FF584428FF584428FF584428FF5B
:10594000584428FF584428FF504428FF584428FF53
:10595000584428FF584428FF584428FF584428FF3B
:10596000584428FF584428FF504428FF584428FF33
:10597000584428FF504428FF584428FF584428FF23
:10598000584428FF584428FF584428FF504428FF13
:10599000584428FF584428FF584428FF584428FFFB
:1059A000584420FF584428FF584428FF584428FFF3
:1059B000584428FF584428FF584428FF584428FFDB
:1059C000584428FF504428FF584428FF584428FFD3
:1059D000584428FF584428FF584828FF605438FF8F
:1059E000685438FF584428FF584428FF584428FF7B
:1059F000584428FF584428FF584420FF504428FFAB
:105A0000584428FF584428FF584428FF584428FF8A
:105A1000584428FF584428FF584428FF504428FF82
:105A2000584420FF584428FF504428FF584428FF7A
:105A3000584428FF584428FF584428FF584428FF5A
:105A4000584428FF584420FF584428FF584428FF52
:105A5000584428FF504428FF584428FF584428FF42
:105A6000584428FF584420FF584428FF584428FF32
:105A7000584420FF584428FF584428FF584428FF22
:105A8000584428FF584428FF584428FF584420FF12
:105A9000584428FF584428FF584428FF584420FF02
:105AA000584428FF584428FF584428FF584428FFEA
:105AB000584428FF584428FF584428FF504428FFE2
:105AC000584428FF584428FF584428FF504428FFD2
:105AD000584428FF584428FF504428FF584420FFCA
:105AE000584428FF504428FF584420FF584428FFBA
:105AF000584428FF504420FF584428FF584428FFAA
:105B0000504428FF584428FF584428FF584428FF91
:105B1000584428FF584428FF584428FF584428FF79
:105B2000584428FF584428FF584428FF584428FF69
:105B3000584428FF584428FF584428FF584420FF61
:105B4000504428FF584428FF584420FF504428FF61
:105B5000584428FF584420FF584428FF584428FF41
:105B6000584428FF504428FF584428FF584428FF31
:105B7000584428FF584428FF584428FF584420FF21
:105B8000584428FF584428FF584428FF584420FF11
:105B9000584428FF584428FF584428FF584428FFF9
:105BA000584428FF584428FF584428FF504428FFF1
:105BB000584428FF584428FF584428FF584428FFD9
:105BC000584428FF584428FF584420FF584428FFD1
:105BD000584428FF504428FF584428FF584428FFC1
:105BE000584428FF584428FF584428FF584428FFA9
:105BF000584420FF584428FF584428FF504428FFA9
:105C0000584420FF584428FF504428FF584420FFA0
:105C1000584428FF584428FF584428FF584428FF78
:105C2000584428FF584428FF584428FF584428FF68
:105C3000504428FF584428FF584428FF584428FF60
:105C4000584428FF584428FF584428FF584428FF48
:105C5000584428FF584428FF584428FF504428FF40
:105C6000584428FF584420FF584428FF584428FF30
:105C7000584428FF584428FF504428FF584428FF20
:105C8000584428FF584428FF584428FF584428FF08
:105C9000584428FF584428FF584428FF584428FFF8
:105CA000584428FF584428FF584428FF584428FFE8
:105CB000584420FF584428FF584428FF584428FFE0
:105CC000584428FF584428FF584428FF584428FFC8
:105CD000584428FF584428FF504428FF584428FFC0
:105CE000584428FF584428FF504428FF584428FFB0
:105CF000584428FF504428FF584428FF584428FFA0
:105D0000584428FF584420FF584428FF584428FF8F
:105D1000584420FF584428FF584428FF584420FF87
:105D2000584428FF584428FF584428FF584428FF67
:105D3000584428FF584428FF584428FF584428FF57
:105D4000584428FF584428FF584428FF584428FF47
:105D5000584428FF584428FF584428FF584428FF37
:105D6000584428FF584428FF584428FF504428FF2F
:105D7000584420FF584428FF584428FF584428FF1F
:105D8000584428FF584428FF584428FF584428FF07
:105D9000584428FF584428FF584428FF685438FFC7
:105DA000685438FF584828FF584428FF584428FFB3
:105DB000584428FF584428FF584428FF584428FFD7
:105DC000584428FF584428FF584428FF584420FFCF
:105DD000584428FF584428FF584420FF584428FFBF
:105DE000584428FF584428FF584428FF584420FFAF
:105DF000584428FF584428FF504428FF584428FF9F
:105E0000584428FF504428FF584428FF584420FF96
:105E1000584428FF584428FF584420FF584428FF7E
:105E2000504428FF584428FF584428FF584428FF6E
:105E3000584428FF584428FF584428FF504428FF5E
:105E4000584428FF584428FF584428FF504428FF4E
:105E5000584428FF584428FF584428FF584428FF36
:105E6000584428FF584428FF584420FF504428FF36
:105E7000584428FF584428FF584428FF584428FF16
:105E8000584420FF584428FF584428FF584420FF16
:105E9000584428FF584428FF584428FF584428FFF6
:105EA000584428FF584428FF584428FF584428FFE6
:105EB000584428FF584428FF584428FF584428FFD6
:105EC000584428FF584428FF584428FF584428FFC6
:105ED000584428FF584420FF584428FF504428FFC6
:105EE000584420FF584428FF504428FF584420FFBE
:105EF000584428FF584428FF584428FF584428FF96
:105F0000584428FF584428FF584428FF584428FF85
:105F1000584428FF584428FF584428FF584420FF7D
:105F2000584428FF584428FF584420FF504428FF75
:105F3000584428FF584428FF504428FF584428FF5D
:105F4000584428FF504428FF584428FF584428FF4D
:105F5000504428FF584428FF584420FF584428FF45
:105F6000584428FF584428FF584428FF584428FF25
:105F7000584420FF584428FF584428FF584420FF25
:105F8000584428FF584428FF504428FF584428FF0D
:105F9000584428FF584428FF584428FF584428FFF5
:105FA000504428FF584428FF584428FF584428FFED
:105FB000584428FF584428FF584428FF584428FFD5
:105FC000584428FF584428FF584428FF584428FFC5
:105FD000584428FF584420FF584428FF504428FFC5
:105FE000584428FF584428FF584428FF584428FFA5
:105FF000584420FF584428FF584428FF504428FFA5
:10600000584420FF584428FF584428FF584428FF8C
:10601000504420FF584428FF584428FF584420FF8C
:10602000584428FF504428FF584428FF584428FF6C
:10603000504420FF584428FF584428FF584420FF6C
:10604000584428FF504428FF584420FF584428FF54
:10605000584428FF584420FF584428FF504428FF44
:10606000584428FF584428FF584428FF584428FF24
:10607000504428FF584428FF584428FF584420FF24
:10608000584428FF504428FF584428FF584428FF0C
:10609000584428FF584420FF584428FF584428FFFC
:1060A000584420FF584428FF584428FF584420FFF4
:1060B000584428FF584428FF584420FF584428FFDC
:1060C000504428FF584428FF584428FF584428FFCC
:1060D000504428FF584428FF584428FF504428FFC4
:1060E000584428FF584428FF584420FF584428FFAC
:1060F000584428FF584420FF504428FF584428FFA4
:10610000584420FF504428FF584428FF584420FF9B
:10611000584428FF584428FF504420FF584428FF83
:10612000584428FF504428FF584428FF584428FF6B
:10613000584428FF584428FF504420FF584428FF63
:10614000584428FF584420FF584428FF504428FF53
:10615000584420FF584428FF584428FF685438FF0B
:10616000605438FF584428FF584428FF584428FFFB
:10617000504428FF584420FF584428FF584428FF23
:10618000584420FF504428FF584428FF584428FF13
:10619000504428FF584428FF584428FF584428FFFB
:1061A000584428FF584428FF584428FF584428FFE3
:1061B000584428FF584428FF584420FF584428FFDB
:1061C000584428FF584428FF584428FF584428FFC3
:1061D000584428FF584428FF584428FF584428FFB3
:1061E000584428FF584428FF584428FF504428FFAB
:1061F000584428FF584420FF584428FF584428FF9B
:10620000584420FF584428FF584428FF584428FF8A
:10621000584420FF504428FF584428FF584428FF82
:10622000504428FF584428FF584428FF584428FF6A
:10623000584428FF584420FF504428FF584428FF62
:10624000584428FF504428FF584428FF584428FF4A
:10625000584428FF584428FF584420FF584428FF3A
:10626000584428FF584428FF584428FF504428FF2A
:10627000584428FF584428FF584428FF584420FF1A
:10628000584428FF584428FF504420FF584428FF12
:10629000584428FF504428FF584428FF584428FFFA
:1062A000584428FF584428FF584428FF584428FFE2
:1062B000504428FF584420FF584428FF504428FFEA
:1062C000584428FF584428FF584428FF584428FFC2
:1062D000504428FF584428FF584428FF504428FFC2
:1062E000584428FF584428FF584428FF584428FFA2
:1062F000584428FF584420FF584428FF584428FF9A
:10630000584428FF584420FF584428FF584428FF89
:10631000584428FF584428FF504428FF584428FF79
:10632000584420FF504428FF584428FF584428FF71
:10633000584428FF504428FF584428FF584428FF59
:10634000504428FF584428FF584428FF584428FF49
:10635000584420FF584428FF584428FF584420FF41
:10636000584428FF584428FF504420FF584428FF31
:10637000584428FF504420FF584428FF584428FF21
:10638000584428FF584428FF584428FF504428FF09
:10639000584428FF584428FF584428FF584428FFF1
:1063A000584420FF584428FF504428FF584428FFF1
:1063B000584428FF584428FF584428FF584428FFD1
:1063C000584428FF584428FF504428FF584428FFC9
:1063D000584428FF584428FF584428FF584428FFB1
:1063E000584428FF584428FF584428FF584428FFA1
:1063F000584428FF584428FF584428FF584428FF91
:10640000584428FF584428FF584428FF584428FF80
:10641000504428FF584428FF584428FF584420FF80
:10642000584428FF504428FF584420FF584428FF70
:10643000584428FF584428FF584428FF504428FF58
:10644000584428FF584420FF584428FF584428FF48
:10645000504428FF584428FF584428FF584428FF38
:10646000504428FF584428FF584428FF584428FF28
:10647000584428FF584428FF584428FF584428FF10
:10648000584428FF584428FF584428FF584428FF00
:10649000584428FF584428FF584428FF584428FFF0
:1064A000584428FF584428FF504428FF584428FFE8
:1064B000584428FF584428FF584428FF584428FFD0
:1064C000584428FF584428FF584428FF584428FFC0
:1064D000584428FF584428FF584428FF584428FFB0
:1064E000584428FF584420FF584428FF584428FFA8
:1064F000584428FF584428FF584428FF584428FF90
:10650000504428FF584428FF584428FF584428FF87
:10651000584428FF584428FF584828FF605438FF43
:10652000605438FF584428FF584428FF584428FF37
:10653000584428FF584428FF584428FF504428FF57
:10654000584428FF584428FF584428FF584428FF3F
:10655000584428FF584428FF504428FF584428FF37
:10656000584420FF504428FF584428FF584428FF2F
:10657000504428FF584428FF584428FF584428FF17
:10658000584420FF584428FF584428FF504428FF0F
:10659000584428FF584428FF504428FF584428FFF7
:1065A000584428FF584420FF584428FF584428FFE7
:1065B000584428FF504428FF584428FF584428FFD7
:1065C000584428FF504428FF584428FF584428FFC7
:1065D000584428FF584428FF584420FF584428FFB7
:1065E000584428FF584420FF584428FF584428FFA7
:1065F000584428FF584428FF584428FF584428FF8F
:10660000584428FF584428FF584428FF584428FF7E
:10661000504428FF584428FF584428FF504428FF7E
:10662000584428FF584420FF584428FF584428FF66
:10663000584420FF584428FF504428FF584428FF5E
:10664000584428FF584428FF584428FF584428FF3E
:10665000584428FF584428FF584428FF584428FF2E
:10666000584428FF584428FF584420FF584428FF26
:10667000584428FF584428FF584428FF584428FF0E
:10668000584420FF584428FF584428FF584420FF0E
:10669000584428FF584428FF584428FF584428FFEE
:1066A000584428FF584428FF584428FF584428FFDE
:1066B000584428FF584428FF584428FF504428FFD6
:1066C000584428FF584428FF584428FF584428FFBE
:1066D000584420FF584428FF584428FF584428FFB6
:1066E000584428FF584428FF584428FF584420FFA6
:1066F000584428FF584428FF584428FF584428FF8E
:10670000584420FF584428FF584428FF584428FF85
:10671000584428FF504428FF584428FF584428FF75
:10672000584428FF584428FF584428FF584428FF5D
:10673000584428FF584428FF584428FF584420FF55
:10674000504428FF584428FF584420FF584428FF4D
:10675000584428FF584428FF504428FF584428FF35
:10676000584428FF584428FF584420FF584428FF25
:10677000584428FF504428FF584420FF584428FF1D
:10678000584428FF584428FF584420FF584428FF05
:10679000584428FF584428FF504428FF584428FFF5
:1067A000584428FF584420FF584428FF584428FFE5
:1067B000584428FF584428FF504420FF584428FFDD
:1067C000584428FF584428FF584428FF584420FFC5
:1067D000584428FF584428FF584428FF584428FFAD
:1067E000584428FF584428FF584428FF584428FF9D
:1067F000584428FF584420FF584428FF584428FF95
:10680000584428FF584428FF584428FF584428FF7C
:10681000584420FF584428FF584428FF584428FF74
:10682000584428FF584428FF504428FF584428FF64
:10683000584428FF504428FF584428FF584420FF5C
:10684000584428FF504428FF584420FF584428FF4C
:10685000584428FF584420FF584428FF584428FF34
:10686000584420FF584428FF584428FF584428FF24
:10687000504428FF584428FF584420FF584428FF1C
:10688000584428FF584428FF504428FF584428FF04
:10689000584420FF504428FF584428FF584428FFFC
:1068A000584428FF584428FF584428FF504420FFEC
:1068B000584428FF584428FF584428FF584428FFCC
:1068C000584420FF584428FF584428FF584428FFC4
:1068D000584428FF584428FF584428FF685438FF7C
:1068E000685438FF584428FF584428FF584428FF6C
:1068F000584428FF584428FF584428FF584428FF8C
:10690000584428FF584428FF584420FF584428FF83
:10691000584428FF584420FF584428FF584428FF73
:10692000584428FF584428FF584428FF584420FF63
:10693000584428FF584428FF584428FF504428FF53
:10694000584428FF584428FF584428FF584420FF43
:10695000584428FF584428FF584420FF584428FF33
:10696000584428FF504428FF584428FF584428FF23
:10697000584420FF584428FF584428FF584428FF13
:10698000584428FF584420FF584428FF584428FF03
:10699000584428FF584428FF584428FF584428FFEB
:1069A000584428FF504428FF584428FF584428FFE3
:1069B000504428FF584428FF584428FF584420FFDB
:1069C000584428FF584428FF584420FF584428FFC3
:1069D000584428FF584420FF584428FF584428FFB3
:1069E000584428FF584428FF504428FF584428FFA3
:1069F000584428FF584428FF584428FF584428FF8B
:106A0000584428FF504428FF584428FF584420FF8A
:106A1000584428FF584428FF584420FF504428FF7A
:106A2000584428FF584428FF504428FF584428FF62
:106A3000584428FF584428FF584428FF584428FF4A
:106A4000504428FF584428FF584428FF504428FF4A
:106A5000584428FF584420FF584428FF584428FF32
:106A6000504420FF584428FF584428FF504420FF3A
:106A7000584428FF584428FF584428FF584420FF12
:106A8000584428FF584428FF504428FF584428FF02
:106A9000584428FF504428FF584428FF584428FFF2
:106AA000584428FF584428FF504428FF584428FFE2
:106AB000584428FF584428FF584420FF584428FFD2
:106AC000584428FF584428FF504428FF584420FFCA
:106AD000584428FF584428FF584428FF584428FFAA
:106AE000504420FF584428FF584428FF584428FFAA
:106AF000584428FF584428FF584428FF584428FF8A
:106B0000584428FF584428FF584428FF584428FF79
:106B1000584420FF584428FF584428FF584420FF79
:106B2000584428FF584428FF584428FF584428FF59
:106B3000584428FF584428FF584428FF584428FF49
:106B4000504428FF584428FF584428FF584428FF41
:106B5000584420FF584428FF584428FF584420FF39
:106B6000584428FF504428FF584428FF584428FF21
:106B7000504420FF584428FF584428FF584428FF19
:106B8000584428FF504420FF584428FF584428FF09
:106B9000584428FF584428FF504428FF584428FFF1
:106BA000584428FF584428FF584428FF504428FFE1
:106BB000584428FF584428FF504428FF584428FFD1
:106BC000584428FF584428FF504428FF584428FFC1
:106BD000584428FF584428FF504428FF584420FFB9
:106BE000584428FF584428FF584420FF584428FFA1
:106BF000584428FF584420FF584428FF584428FF91
:106C0000584428FF584428FF584428FF584428FF78
:106C1000504428FF584428FF584428FF504428FF78
:106C2000584428FF584428FF584428FF584420FF60
:106C3000584428FF584428FF584428FF504428FF50
:106C4000584428FF584420FF584428FF584428FF40
:106C5000584428FF584428FF584428FF584420FF30
:106C6000504428FF584428FF584428FF584428FF20
:106C7000584428FF584428FF504420FF584428FF18
:106C8000584428FF584428FF504428FF584420FF08
:106C9000584428FF584428FF584428FF605438FFC0
:106CA000685438FF584428FF584428FF584428FFA8
:106CB000584420FF504428FF584428FF584420FFE0
:106CC000584428FF584428FF504428FF584428FFC0
:106CD000584428FF504428FF584428FF584428FFB0
:106CE000584428FF584428FF584428FF584428FF98
:106CF000584428FF584420FF584428FF584428FF90
:106D0000584428FF584428FF504428FF584428FF7F
:106D1000584428FF584428FF584428FF584428FF67
:106D2000584428FF584428FF584428FF584428FF57
:106D3000584428FF584428FF584428FF504420FF57
:106D4000584428FF584428FF584428FF504428FF3F
:106D5000584420FF584428FF504428FF584428FF37
:106D6000584428FF584428FF584428FF584420FF1F
:106D7000584428FF584428FF584428FF504428FF0F
:106D8000584428FF584428FF504428FF584428FFFF
:106D9000584428FF584428FF584428FF584428FFE7
:106DA000584428FF584428FF584428FF584428FFD7
:106DB000584428FF584428FF584420FF584428FFCF
:106DC000584428FF584420FF584428FF584428FFBF
:106DD000504428FF584428FF584428FF584428FFAF
:106DE000584420FF584428FF584428FF584428FF9F
:106DF000584428FF504420FF584428FF584428FF97
:106E0000584428FF584428FF584420FF584428FF7E
:106E1000584428FF584428FF584428FF584428FF66
:106E2000584428FF584428FF584428FF584428FF56
:106E3000584428FF504428FF584428FF584428FF4E
:106E4000584428FF584428FF584420FF584428FF3E
:106E5000584428FF584428FF584420FF584428FF2E
:106E6000584428FF584420FF584428FF584428FF1E
:106E7000504428FF584428FF584428FF504428FF16
:106E8000584428FF584428FF584428FF584428FFF6
:106E9000584428FF584428FF584420FF584428FFEE
:106EA000584428FF584428FF584428FF504420FFE6
:106EB000584428FF584428FF504428FF584428FFCE
:106EC000584428FF584428FF504428FF584428FFBE
:106ED000584428FF504428FF584428FF584428FFAE
:106EE000504428FF584428FF584428FF504428FFA6
:106EF000584420FF584428FF584428FF584428FF8E
:106F0000584420FF584428FF584428FF504428FF85
:106F1000584428FF584428FF584428FF584428FF65
:106F2000584428FF584428FF584428FF584428FF55
:106F3000584428FF584428FF584428FF584428FF45
:106F4000584428FF584428FF584428FF504428FF3D
:106F5000584428FF584420FF584428FF584428FF2D
:106F6000584420FF584428FF584428FF584420FF25
:106F7000584428FF584428FF584428FF584420FF0D
:106F8000584428FF584428FF584420FF584428FFFD
:106F9000584428FF584428FF584428FF584428FFE5
:106FA000584428FF584428FF584428FF584428FFD5
:106FB000584428FF584428FF504428FF584428FFCD
:106FC000584428FF584428FF584428FF584428FFB5
:106FD000584428FF584428FF584428FF584428FFA5
:106FE000584428FF504428FF584428FF584428FF9D
:106FF000584428FF584428FF584428FF584428FF85
:10700000584428FF584428FF584428FF584428FF74
:10701000584428FF584428FF584428FF584428FF64
:10702000584428FF584428FF584428FF584428FF54
:10703000584428FF584428FF584428FF584428FF44
:10704000584428FF584428FF584428FF584428FF34
:10705000584428FF584428FF584828FF605438FFF8
:10706000605438FF584828FF584428FF584428FFE8
:10707000584428FF584428FF584428FF584428FF04
:10708000584428FF584428FF584428FF584428FFF4
:10709000584428FF584428FF584420FF584428FFEC
:1070A000504428FF584420FF584428FF504428FFEC
:1070B000584428FF584428FF504428FF584428FFCC
:1070C000584420FF584428FF584428FF584428FFBC
:1070D000584428FF504428FF584428FF584420FFB4
:1070E000504428FF584428FF584420FF504428FFAC
:1070F000584428FF584428FF584428FF584428FF84
:10710000584428FF584428FF584428FF584428FF73
:10711000584428FF584428FF584428FF584420FF6B
:10712000584428FF584428FF584428FF584428FF53
:10713000584428FF584420FF584428FF584428FF4B
:10714000584428FF584428FF584428FF584420FF3B
:10715000504428FF584428FF584428FF504420FF3B
:10716000584428FF584428FF584420FF584428FF1B
:10717000504428FF584428FF584428FF504428FF13
:10718000584428FF584428FF584428FF584428FFF3
:10719000584428FF584428FF584428FF584428FFE3
:1071A000584428FF584428FF584428FF584420FFDB
:1071B000584428FF584428FF584428FF584428FFC3
:1071C000584420FF584428FF584428FF584428FFBB
:1071D000504428FF584428FF584428FF504428FFB3
:1071E000584428FF584428FF584420FF584428FF9B
:1071F000584428FF584428FF584420FF584428FF8B
:10720000504428FF584428FF584428FF584428FF7A
:10721000584428FF584428FF584428FF504428FF6A
:10722000584428FF584428FF584428FF584428FF52
:10723000584420FF584428FF584428FF584428FF4A
:10724000584428FF584420FF584428FF584428FF3A
:10725000504428FF584428FF584428FF504428FF32
:10726000584428FF584428FF584428FF584428FF12
:10727000584428FF584420FF584428FF584428FF0A
:10728000584420FF584428FF584428FF584420FF02
:10729000584428FF584428FF584428FF584428FFE2
:1072A000584428FF584420FF584428FF584428FFDA
:1072B000584428FF584428FF504428FF584428FFCA
:1072C000584428FF584428FF584428FF584428FFB2
:1072D000584428FF584428FF504428FF584428FFAA
:1072E000584428FF584428FF584420FF584428FF9A
:1072F000584428FF584428FF504428FF584420FF92
:10730000584428FF584428FF584428FF584428FF71
:10731000584428FF584428FF584428FF504428FF69
:10732000584428FF584428FF504428FF584428FF59
:10733000584428FF584428FF584428FF584428FF41
:10734000504428FF584428FF584428FF584428FF39
:10735000584428FF504420FF584428FF584428FF31
:10736000504428FF584428FF584428FF504428FF21
:10737000584428FF584428FF584428FF584420FF09
:10738000504428FF584428FF584420FF504428FF09
:10739000584428FF584420FF584428FF584428FFE9
:1073A000584420FF584428FF584428FF504428FFE1
:1073B000584420FF584428FF504428FF584420FFD9
:1073C000584428FF504428FF584428FF584420FFC1
:1073D000504428FF584428FF584420FF504428FFB9
:1073E000584428FF584420FF504428FF584428FFA1
:1073F000584420FF584428FF584428FF584428FF89
:10740000504428FF584420FF584428FF584428FF80
:10741000504428FF584428FF584428FF685438FF38
:10742000605438FF584428FF584428FF584428FF28
:10743000584428FF584428FF584428FF504428FF48
:10744000584428FF584420FF584428FF584428FF38
:10745000584420FF584428FF584428FF584428FF28
:10746000584428FF584428FF584428FF584428FF10
:10747000584428FF584428FF584428FF584428FF00
:10748000584428FF504428FF584420FF584428FF00
:10749000584428FF584420FF584428FF584428FFE8
:1074A000584428FF584428FF584428FF584428FFD0
:1074B000584428FF584420FF504428FF584428FFD0
:1074C000584428FF504420FF584428FF584428FFC0
:1074D000584428FF584428FF584428FF504428FFA8
:1074E000584428FF584420FF504428FF584428FFA0
:1074F000584428FF504428FF584428FF584428FF88
:10750000584420FF584428FF584428FF584428FF77
:10751000584428FF584428FF584428FF584428FF5F
:10752000584428FF504428FF584428FF584428FF57
:10753000584420FF584428FF584428FF584428FF47
:10754000584428FF584428FF504428FF584420FF3F
:10755000584428FF584428FF504420FF584428FF2F
:10756000584428FF504428FF584428FF584428FF17
:10757000504428FF584428FF584428FF504428FF0F
:10758000584428FF584428FF504428FF584428FFF7
:10759000584428FF584420FF584428FF584428FFE7
:1075A000584420FF584428FF504428FF584428FFDF
:1075B000584428FF584428FF584428FF584428FFBF
:1075C000584428FF584428FF504428FF584420FFBF
:1075D000584428FF504428FF584428FF584428FFA7
:1075E000584420FF504428FF584428FF584428FF9F
:1075F000584428FF584428FF584428FF584428FF7F
:10760000504428FF584428FF584428FF584428FF76
:10761000584420FF584428FF584428FF584428FF66
:10762000584428FF584420FF584428FF584428FF56
:10763000584428FF584428FF584428FF504428FF46
:10764000584428FF584428FF584428FF584428FF2E
:10765000584428FF584428FF584420FF584428FF26
:10766000584428FF584428FF584428FF584428FF0E
:10767000584428FF584428FF584420FF584428FF06
:10768000584428FF504428FF584420FF584428FFFE
:10769000584428FF584420FF584428FF584428FFE6
:1076A000504420FF584428FF584428FF504428FFE6
:1076B000584428FF584428FF584428FF584428FFBE
:1076C000584428FF504428FF584420FF584428FFBE
:1076D000584428FF584428FF584428FF584428FF9E
:1076E000584428FF584420FF584428FF584428FF96
:1076F000584428FF504420FF584428FF584428FF8E
:10770000584428FF584428FF584428FF584428FF6D
:10771000584428FF584428FF584428FF584428FF5D
:10772000584420FF584428FF584428FF584420FF5D
:10773000584428FF584428FF584428FF584428FF3D
:10774000584428FF584428FF584428FF584428FF2D
:10775000584428FF584428FF504428FF584428FF25
:10776000584428FF584428FF584428FF584428FF0D
:10777000584428FF584428FF584428FF584428FFFD
:10778000584428FF584428FF584428FF584428FFED
:10779000584428FF584428FF584428FF584428FFDD
:1077A000584428FF584428FF584428FF584428FFCD
:1077B000504428FF584428FF584428FF584428FFC5
:1077C000584428FF584428FF584428FF584428FFAD
:1077D000584428FF584428FF584428FF685438FF6D
:1077E000685438FF584428FF584428FF584428FF5D
:1077F000504420FF584428FF584428FF584420FF95
:10780000584428FF504428FF584428FF584428FF74
:10781000504428FF584428FF584428FF504428FF6C
:10782000584428FF584428FF584428FF584420FF54
:10783000504428FF584428FF584420FF584428FF4C
:10784000584428FF584428FF584428FF584428FF2C
:10785000584428FF584428FF584428FF584428FF1C
:10786000584428FF584428FF584428FF584428FF0C
:10787000584428FF584428FF584428FF584428FFFC
:10788000584428FF584428FF584428FF584428FFEC
:10789000504420FF584428FF584428FF584428FFEC
:1078A000584428FF584428FF584428FF584428FFCC
:1078B000584428FF584428FF584428FF504428FFC4
:1078C000584428FF584428FF504428FF584428FFB4
:1078D000584428FF584420FF584428FF584428FFA4
:1078E000584428FF584428FF584428FF584428FF8C
:1078F000584428FF584428FF504428FF584420FF8C
:10790000584428FF584428FF584428FF584428FF6B
:10791000584428FF584428FF584428FF584428FF5B
:10792000584428FF584420FF584428FF584428FF53
:10793000584428FF584428FF584420FF584428FF43
:10794000584428FF584428FF584428FF584428FF2B
:10795000584428FF584428FF584428FF584428FF1B
:10796000584428FF584428FF584428FF584428FF0B
:10797000504428FF584420FF584428FF504428FF13
:10798000584420FF584428FF584428FF584428FFF3
:10799000584428FF584420FF584428FF584428FFE3
:1079A000584428FF584428FF584428FF584428FFCB
:1079B000504428FF584420FF584428FF584428FFCB
:1079C000584420FF584428FF584428FF504428FFBB
:1079D000584428FF584428FF584428FF584428FF9B
:1079E000584428FF504428FF584428FF584428FF93
:1079F000504428FF584428FF584428FF584428FF83
:107A0000584428FF504428FF584428FF584428FF72
:107A1000504428FF584428FF584428FF504428FF6A
:107A2000584428FF584428FF504428FF584420FF5A
:107A3000584428FF504428FF584428FF584428FF42
:107A4000584428FF584428FF584428FF584428FF2A
:107A5000504428FF584428FF584428FF584428FF22
:107A6000584428FF584428FF584428FF584428FF0A
:107A7000584420FF584428FF584428FF584428FF02
:107A8000584428FF584428FF584428FF584428FFEA
:107A9000504428FF584420FF584428FF584428FFEA
:107AA000584428FF584428FF584428FF584428FFCA
:107AB000584428FF584428FF584428FF584420FFC2
:107AC000584428FF584428FF504420FF584428FFBA
:107AD000584428FF584428FF584428FF584428FF9A
:107AE000584428FF584428FF584428FF584428FF8A
:107AF000504428FF584420FF584428FF584428FF8A
:107B0000584428FF584428FF584428FF584420FF71
:107B1000584428FF584428FF584428FF584420FF61
:107B2000504428FF584428FF584420FF584428FF59
:107B3000584428FF584428FF584428FF584428FF39
:107B4000584420FF584428FF584428FF584428FF31
:107B5000584428FF504428FF584428FF584428FF21
:107B6000584428FF584428FF584428FF584428FF09
:107B7000584428FF584420FF584428FF504428FF09
:107B8000584420FF584428FF584428FF584428FFF1
:107B9000584428FF584428FF584828FF605438FFAD
:107BA000605438FF584428FF584428FF584428FFA1
:107BB000584428FF584428FF584428FF584428FFB9
:107BC000584428FF584428FF584428FF584428FFA9
:107BD000584428FF584428FF584420FF584428FFA1
:107BE000584428FF584420FF504428FF584428FF99
:107BF000584428FF584428FF584428FF504428FF81
:107C0000584428FF584428FF584428FF504428FF70
:107C1000584428FF584428FF504428FF584420FF68
:107C2000584428FF504428FF584420FF584428FF58
:107C3000504428FF584428FF584428FF584420FF48
:107C4000584428FF584428FF584428FF584428FF28
:107C5000584428FF584428FF584420FF584428FF20
:107C6000584428FF584428FF584428FF504420FF18
:107C7000584428FF584428FF584420FF584428FF00
:107C8000584428FF584428FF584420FF584428FFF0
:107C9000584428FF504428FF584428FF584428FFE0
:107CA000504420FF584428FF584428FF504420FFE8
:107CB000584428FF584428FF584428FF584428FFB8
:107CC000584428FF584428FF584420FF504428FFB8
:107CD000584428FF584428FF584428FF584428FF98
:107CE000584428FF584428FF584428FF584428FF88
:107CF000584428FF584428FF584428FF584428FF78
:107D0000584428FF584420FF584428FF584428FF6F
:107D1000504420FF584428FF584428FF504428FF6F
:107D2000584428FF584428FF584420FF584428FF4F
:107D3000584428FF584428FF584428FF584428FF37
:107D4000584428FF584428FF584428FF584428FF27
:107D5000584428FF584428FF584428FF584428FF17
:107D6000584428FF584428FF584420FF584428FF0F
:107D7000584428FF584428FF504428FF584428FFFF
:107D8000584428FF584428FF584428FF584428FFE7
:107D9000584428FF584420FF504428FF584428FFE7
:107DA000584420FF584428FF584428FF584420FFD7
:107DB000584428FF584428FF584420FF584428FFBF
:107DC000584428FF584420FF584428FF584428FFAF
:107DD000584420FF584428FF584428FF584428FF9F
:107DE000584420FF584428FF584428FF584428FF8F
:107DF000584428FF584428FF584428FF584428FF77
:107E0000584420FF584428FF584428FF584428FF6E
:107E1000584428FF584428FF584428FF584428FF56
:107E2000584428FF584428FF584428FF584428FF46
:107E3000504428FF584428FF584420FF504428FF4E
:107E4000584428FF584420FF584428FF584428FF2E
:107E5000584428FF584428FF504428FF584420FF26
:107E6000584428FF504428FF584428FF584420FF16
:107E7000504428FF584428FF584428FF504428FF06
:107E8000584428FF584428FF584428FF584428FFE6
:107E9000504420FF584428FF584428FF504420FFF6
:107EA000584428FF584428FF504428FF584428FFCE
:107EB000584428FF584428FF584428FF504428FFBE
:107EC000584420FF584428FF504428FF584428FFB6
:107ED000584428FF504428FF584428FF584428FF9E
:107EE000584428FF584428FF584428FF504428FF8E
:107EF000584428FF584420FF504428FF584428FF86
:107F0000584428FF504428FF584420FF584428FF75
:107F1000584428FF584420FF584428FF584428FF5D
:107F2000504420FF584428FF584428FF584420FF5D
:107F3000584428FF584428FF584428FF584428FF35
:107F4000584428FF584428FF504428FF584420FF35
:107F5000584428FF584428FF584428FF605438FFED
:107F6000605438FF584428FF584428FF584428FFDD
:107F7000584428FF584428FF584428FF504428FFFD
:107F8000584428FF584420FF584428FF584428FFED
:107F9000584428FF504428FF584428FF584428FFDD
:107FA000584428FF584428FF584428FF584428FFC5
:107FB000584428FF584428FF584428FF584420FFBD
:107FC000584428FF584428FF584420FF584428FFAD
:107FD000584428FF584420FF584428FF584428FF9D
:107FE000584428FF584428FF584428FF584428FF85
:107FF000584420FF584428FF584428FF504428FF85
:10800000584428FF584428FF504420FF584428FF74
:10801000584428FF584428FF504428FF584428FF5C
:10802000584428FF504420FF584428FF584428FF54
:10803000584428FF584428FF584428FF584428FF34
:10804000584428FF584428FF584428FF584428FF24
:10805000584428FF584428FF584428FF584428FF14
:10806000584428FF584428FF584428FF584428FF04
:10807000584428FF584428FF584420FF584428FFFC
:10808000504428FF584428FF584428FF584428FFEC
:10809000584428FF584420FF504428FF584428FFE4
:1080A000584420FF504428FF584428FF584420FFDC
:1080B000504428FF584428FF584428FF504428FFC4
:1080C000584428FF584428FF504428FF584428FFAC
:1080D000584428FF584428FF584428FF584420FF9C
:1080E000584428FF504428FF584428FF584428FF8C
:1080F000584428FF584428FF584428FF584428FF74
:10810000584428FF584428FF504420FF584428FF73
:10811000584428FF504428FF584428FF584420FF63
:10812000504428FF584428FF584428FF504428FF53
:10813000584428FF584428FF584428FF584428FF33
:10814000584428FF504428FF584420FF584428FF33
:10815000584428FF584428FF584428FF584428FF13
:10816000584428FF584428FF584428FF584428FF03
:10817000584428FF504428FF584428FF584428FFFB
:10818000584428FF584428FF584428FF584428FFE3
:10819000584428FF504428FF584428FF584428FFDB
:1081A000584428FF584428FF584428FF504428FFCB
:1081B000584428FF584420FF584428FF504428FFC3
:1081C000584428FF584428FF504428FF584420FFB3
:1081D000584428FF584428FF504420FF584428FFA3
:1081E000584428FF504420FF584428FF584428FF93
:1081F000584428FF584428FF584428FF584428FF73
:10820000584428FF584428FF504428FF584428FF6A
:10821000584420FF584428FF584428FF584428FF5A
:10822000584428FF584428FF584428FF584428FF42
:10823000584428FF584428FF584428FF584428FF32
:10824000584428FF584428FF584428FF584428FF22
:10825000584428FF584428FF584428FF584428FF12
:10826000584428FF584420FF584428FF584428FF0A
:10827000584420FF584428FF584428FF584428FFFA
:10828000584428FF584428FF584428FF584428FFE2
:10829000584428FF584420FF584428FF584428FFDA
:1082A000584428FF584428FF584428FF584428FFC2
:1082B000584428FF584428FF584428FF584428FFB2
:1082C000584428FF584428FF584428FF504428FFAA
:1082D000584428FF584428FF584428FF584428FF92
:1082E000584428FF584428FF584428FF504428FF8A
:1082F000584428FF584428FF504428FF584428FF7A
:10830000584428FF584428FF584428FF584428FF61
:10831000584428FF584428FF584428FF685438FF21
:10832000685438FF584828FF584428FF584428FF0D
:10833000584428FF584420FF584428FF584428FF39
:10834000584428FF584428FF504428FF584420FF31
:10835000584428FF584428FF584428FF584428FF11
:10836000504428FF584428FF584428FF584420FF11
:10837000584428FF504428FF584428FF584428FFF9
:10838000584428FF504428FF584428FF584428FFE9
:10839000584428FF584428FF584428FF504428FFD9
:1083A000584428FF584428FF584428FF584428FFC1
:1083B000584428FF584428FF584428FF584428FFB1
:1083C000584428FF584428FF584428FF584428FFA1
:1083D000584428FF584428FF584428FF584428FF91
:1083E000584428FF584428FF584428FF584428FF81
:1083F000584428FF504428FF584428FF584420FF81
:10840000504428FF584428FF584428FF504420FF78
:10841000584428FF584428FF584420FF584428FF58
:10842000584428FF584428FF584428FF584428FF40
:10843000584428FF504428FF584428FF584428FF38
:10844000584428FF584428FF584428FF584428FF20
:10845000584428FF584428FF584428FF584428FF10
:10846000584428FF584428FF584428FF584428FF00
:10847000584428FF584420FF584428FF584428FFF8
:10848000584420FF584428FF584428FF584428FFE8
:10849000584428FF584428FF584428FF584428FFD0
:1084A000584428FF584428FF584428FF584428FFC0
:1084B000504420FF584428FF584428FF504420FFD0
:1084C000584428FF584428FF584428FF584428FFA0
:1084D000584428FF584428FF584428FF584428FF90
:1084E000584428FF584428FF584428FF584428FF80
:1084F000584420FF584428FF584428FF584420FF80
:10850000584428FF584428FF584428FF584428FF5F
:10851000504428FF584428FF584428FF584428FF57
:10852000504428FF584428FF584428FF504428FF4F
:10853000584428FF584428FF584428FF584420FF37
:10854000504428FF584428FF584428FF504428FF2F
:10855000584428FF584420FF584428FF584428FF17
:10856000504428FF584428FF584420FF584428FF0F
:10857000584428FF584428FF584428FF584428FFEF
:10858000584428FF584428FF584428FF584428FFDF
:10859000584428FF584428FF584428FF584428FFCF
:1085A000584428FF584428FF584428FF584420FFC7
:1085B000584428FF584428FF584428FF584428FFAF
:1085C000584428FF584428FF584428FF584428FF9F
:1085D000584428FF584428FF584428FF584428FF8F
:1085E000584428FF584420FF504428FF584428FF8F
:1085F000584428FF584420FF584428FF584428FF77
:10860000584420FF504428FF584428FF584420FF76
:10861000584428FF584428FF584428FF584428FF4E
:10862000584428FF584428FF584428FF584428FF3E
:10863000504428FF584428FF584428FF584428FF36
:10864000504428FF584420FF584428FF584428FF2E
:10865000584428FF584428FF584428FF504428FF16
:10866000584420FF584428FF504428FF584420FF16
:10867000584428FF584428FF584428FF584420FFF6
:10868000504428FF584428FF584428FF584428FFE6
:10869000584428FF584428FF504420FF584428FFDE
:1086A000584428FF584428FF584428FF584428FFBE
:1086B000584428FF584420FF584428FF584428FFB6
:1086C000584420FF504428FF584428FF584428FFAE
:1086D000504428FF584428FF584828FF605438FF6A
:1086E000605438FF584428FF584428FF584428FF56
:1086F000584428FF504428FF584428FF584428FF76
:10870000584420FF584428FF584428FF584428FF65
:10871000584428FF584420FF584428FF584428FF55
:10872000584420FF584428FF584428FF584428FF45
:10873000584428FF584428FF584420FF584428FF35
:10874000584428FF584428FF584428FF584428FF1D
:10875000504428FF584428FF584428FF584420FF1D
:10876000584428FF504428FF584420FF584428FF0D
:10877000504428FF584428FF584420FF584428FFFD
:10878000584428FF584420FF584428FF504428FFED
:10879000584420FF584428FF584428FF584420FFDD
:1087A000584428FF584428FF584428FF584420FFC5
:1087B000584428FF584428FF584428FF584428FFAD
:1087C000584428FF584428FF584428FF584428FF9D
:1087D000584428FF504428FF584428FF584428FF95
:1087E000504420FF584428FF584428FF504420FF9D
:1087F000584428FF584428FF584428FF584428FF6D
:10880000584420FF584428FF504428FF584420FF74
:10881000584428FF504428FF584428FF584428FF54
:10882000584428FF584428FF504428FF584428FF44
:10883000584428FF584428FF584428FF584428FF2C
:10884000584428FF584428FF584428FF584420FF24
:10885000584428FF504428FF584420FF584428FF1C
:10886000584428FF584420FF584428FF584428FF04
:10887000584428FF584428FF584428FF584428FFEC
:10888000584428FF584428FF584428FF584428FFDC
:10889000584420FF584428FF584428FF504428FFDC
:1088A000584428FF584420FF584428FF584428FFC4
:1088B000584428FF504428FF584428FF584428FFB4
:1088C000584428FF584428FF584428FF584428FF9C
:1088D000584420FF584428FF584428FF584420FF9C
:1088E000584428FF584428FF584420FF584428FF84
:1088F000584428FF584420FF584428FF584428FF74
:10890000584428FF584428FF584420FF584428FF63
:10891000584428FF584428FF584428FF584428FF4B
:10892000584420FF584428FF584428FF584428FF43
:10893000584428FF504428FF584428FF584420FF3B
:10894000584428FF584428FF584420FF504428FF2B
:10895000584428FF584428FF584428FF584420FF13
:10896000504428FF584428FF584428FF504428FF0B
:10897000584428FF584428FF504420FF584428FFFB
:10898000584428FF504420FF584428FF584428FFEB
:10899000504428FF584428FF584420FF504428FFE3
:1089A000584428FF584428FF584428FF584428FFBB
:1089B000584428FF504428FF584428FF584428FFB3
:1089C000584428FF584428FF584428FF584428FF9B
:1089D000504428FF584428FF584420FF504428FFA3
:1089E000584428FF584428FF504428FF584428FF83
:1089F000584428FF584428FF584420FF584428FF73
:108A0000584428FF584428FF504428FF584428FF62
:108A1000584420FF504428FF584428FF584428FF5A
:108A2000584428FF584428FF584428FF584428FF3A
:108A3000584428FF504428FF584428FF584428FF32
:108A4000584428FF584428FF584420FF584428FF22
:108A5000584428FF584428FF584428FF584428FF0A
:108A6000584428FF504420FF584428FF584428FF0A
:108A7000584428FF584428FF584428FF584428FFEA
:108A8000584428FF584428FF584420FF584428FFE2
:108A9000584428FF584428FF584428FF605438FFA2
:108AA000685438FF584428FF584428FF584428FF8A
:108AB000584428FF584428FF584428FF584428FFAA
:108AC000504428FF584428FF584428FF584428FFA2
:108AD000504428FF584428FF584428FF504428FF9A
:108AE000584428FF584428FF504428FF584428FF82
:108AF000584428FF584428FF584428FF504428FF72
:108B0000584428FF584420FF584428FF584428FF61
:108B1000584420FF584428FF584428FF584428FF51
:108B2000584428FF584428FF584428FF584428FF39
:108B3000584428FF584428FF504428FF584428FF31
:108B4000584428FF504428FF584428FF584428FF21
:108B5000584428FF504428FF584428FF584428FF11
:108B6000504428FF584428FF584428FF504428FF09
:108B7000584428FF584428FF584420FF584428FFF1
:108B8000584428FF504420FF584428FF584428FFE9
:108B9000584428FF584428FF584428FF584428FFC9
:108BA000584428FF584428FF584428FF584428FFB9
:108BB000584428FF584420FF584428FF504428FFB9
:108BC000584428FF584428FF584428FF584428FF99
:108BD000584428FF584428FF584420FF584428FF91
:108BE000504428FF584420FF584428FF584428FF89
:108BF000584428FF504428FF584428FF584428FF71
:108C0000504428FF584428FF584428FF504428FF68
:108C1000584428FF584428FF584428FF584428FF48
:108C2000504428FF584428FF584428FF504428FF48
:108C3000584428FF584428FF584428FF584428FF28
:108C4000504428FF584420FF584428FF504428FF30
:108C5000584428FF584428FF584420FF584428FF10
:108C6000584428FF584428FF504428FF584428FF00
:108C7000584428FF584428FF584428FF584428FFE8
:108C8000504420FF584428FF584428FF504428FFF0
:108C9000584428FF584428FF584428FF504428FFD0
:108CA000584428FF584428FF584428FF584428FFB8
:108CB000584428FF504428FF584428FF584428FFB0
:108CC000584428FF584428FF584428FF584428FF98
:108CD000584428FF504428FF584428FF584428FF90
:108CE000584428FF504428FF584428FF584428FF80
:108CF000584420FF584428FF584428FF504428FF78
:108D0000584428FF584428FF584428FF584428FF57
:108D1000584428FF504420FF584428FF584428FF57
:108D2000584428FF584428FF584428FF584428FF37
:108D3000584428FF584428FF584428FF584428FF27
:108D4000584428FF584428FF584428FF584428FF17
:108D5000584420FF584428FF584428FF584428FF0F
:108D6000584428FF584428FF584428FF584420FFFF
:108D7000584428FF584428FF584428FF584428FFE7
:108D8000504428FF584420FF584428FF584428FFE7
:108D9000584428FF584428FF584428FF584428FFC7
:108DA000584428FF584420FF584428FF584428FFBF
:108DB000584420FF584428FF504428FF584428FFB7
:108DC000584428FF584428FF584428FF584428FF97
:108DD000584428FF584428FF584428FF584428FF87
:108DE000584428FF584428FF584420FF584428FF7F
:108DF000584428FF584420FF584428FF584428FF6F
:108E0000584428FF584428FF504428FF584428FF5E
:108E1000584420FF584428FF584428FF584428FF4E
:108E2000584428FF584428FF584428FF504428FF3E
:108E3000584420FF584428FF504428FF584428FF36
:108E4000584428FF584428FF584428FF584428FF16
:108E5000584428FF584428FF584428FF685438FFD6
:108E6000605438FF584428FF584428FF584428FFCE
:108E7000584420FF584428FF584428FF584420FFF6
:108E8000584428FF584428FF584428FF584428FFD6
:108E9000584428FF584428FF584428FF584428FFC6
:108EA000584428FF584420FF584428FF584428FFBE
:108EB000504420FF584428FF584428FF584428FFB6
:108EC000584428FF584428FF504428FF584428FF9E
:108ED000584428FF584428FF504428FF584428FF8E
:108EE000584428FF584428FF584428FF584428FF76
:108EF000584420FF584428FF584428FF584428FF6E
:108F0000584428FF584428FF584428FF584428FF55
:108F1000584428FF584428FF584428FF584428FF45
:108F2000584420FF584428FF584428FF584428FF3D
:108F3000584428FF584428FF504428FF584428FF2D
:108F4000584428FF584428FF584428FF584428FF15
:108F5000584420FF584428FF584428FF584428FF0D
:108F6000584428FF584428FF584428FF584428FFF5
:108F7000584428FF584428FF584428FF584428FFE5
:108F8000584428FF584428FF584420FF584428FFDD
:108F9000584428FF584428FF584428FF584428FFC5
:108FA000584428FF584428FF584428FF584420FFBD
:108FB000584428FF584428FF584420FF584428FFAD
:108FC000584428FF584420FF584428FF584428FF9D
:108FD000584428FF584428FF584428FF584428FF85
:108FE000584428FF584428FF584428FF584420FF7D
:108FF000584428FF584428FF504420FF584428FF75
:10900000584428FF584428FF584428FF584428FF54
:10901000584428FF504428FF584428FF584428FF4C
:10902000584428FF584428FF584428FF584420FF3C
:10903000584428FF584428FF584420FF584428FF2C
:10904000584428FF584428FF584428FF584420FF1C
:10905000584428FF584428FF584428FF584428FF04
:10906000584428FF584420FF504428FF584428FF04
:10907000584428FF584428FF584428FF504420FFF4
:10908000584428FF584428FF504428FF584420FFE4
:10909000584428FF584428FF584420FF584428FFCC
:1090A000584428FF584428FF584428FF584428FFB4
:1090B000504428FF584428FF584428FF584428FFAC
:1090C000584428FF584428FF504428FF584428FF9C
:1090D000584428FF584428FF584428FF584428FF84
:1090E000584428FF584420FF584428FF584428FF7C
:1090F000584420FF584428FF584428FF584428FF6C
:10910000584428FF584428FF584428FF584428FF53
:10911000584428FF584428FF584428FF584428FF43
:10912000504428FF584428FF584428FF504428FF43
:10913000584428FF584428FF584420FF584428FF2B
:10914000584428FF584428FF584428FF584428FF13
:10915000584420FF504428FF584428FF584428FF13
:10916000584428FF584428FF584428FF584428FFF3
:10917000584428FF584428FF584428FF584428FFE3
:10918000584420FF584428FF584428FF584420FFE3
:10919000584428FF584428FF584420FF504428FFD3
:1091A000584428FF584428FF504428FF584428FFBB
:1091B000584428FF584428FF504428FF584428FFAB
:1091C000584420FF584428FF584428FF584428FF9B
:1091D000504428FF584428FF584428FF504420FF9B
:1091E000584428FF584428FF584428FF584428FF73
:1091F000584428FF584428FF584428FF584420FF6B
:10920000504428FF584428FF584428FF504428FF62
:10921000584420FF584428FF584828FF685438FF16
:10922000685438FF584428FF584428FF584428FF02
:10923000584428FF504428FF584428FF584428FF2A
:10924000584428FF504428FF584420FF584428FF22
:10925000584428FF584420FF584428FF584428FF0A
:10926000584428FF584428FF584428FF584428FFF2
:10927000584428FF584428FF584428FF584420FFEA
:10928000584428FF584428FF584428FF584428FFD2
:10929000584428FF584420FF584428FF584428FFCA
:1092A000584420FF504428FF584428FF584428FFC2
:1092B000504428FF584428FF584428FF584420FFB2
:1092C000584428FF584428FF584420FF584428FF9A
:1092D000584428FF584420FF584428FF584428FF8A
:1092E000584428FF504428FF584428FF584420FF82
:1092F000584428FF584428FF584428FF584428FF62
:10930000584428FF584428FF584428FF504428FF59
:10931000584428FF584428FF504420FF584428FF51
:10932000584428FF504420FF584428FF584428FF41
:10933000504420FF584428FF584428FF584420FF39
:10934000584428FF504428FF584428FF584428FF19
:10935000504428FF584428FF584428FF504428FF11
:10936000584420FF584428FF584428FF504428FF01
:10937000584428FF584428FF584428FF504428FFE9
:10938000584428FF584428FF584428FF584420FFD9
:10939000584428FF504428FF584420FF584428FFD1
:1093A000584428FF584420FF584428FF584428FFB9
:1093B000584428FF584428FF584428FF584428FFA1
:1093C000584428FF584428FF584428FF584420FF99
:1093D000584428FF584428FF584428FF584428FF81
:1093E000504420FF584428FF584428FF584428FF81
:1093F000504428FF584428FF584428FF504428FF71
:10940000584428FF584428FF584428FF584428FF50
:10941000584428FF504428FF584420FF584428FF50
:10942000584428FF584428FF584428FF584428FF30
:10943000584420FF584428FF584428FF584428FF28
:10944000584428FF584428FF584428FF584428FF10
:10945000584428FF584428FF584428FF504428FF08
:10946000584428FF584420FF584428FF584428FFF8
:10947000584428FF584428FF584420FF584428FFE8
:10948000584428FF584420FF584428FF584428FFD8
:10949000584420FF584428FF584428FF504428FFD0
:1094A000584428FF584428FF504428FF584428FFB8
:1094B000584428FF504428FF584428FF584420FFB0
:1094C000504428FF584428FF584420FF504428FFA8
:1094D000584428FF584428FF504428FF584420FF90
:1094E000584428FF584428FF584420FF584428FF78
:1094F000584428FF584428FF504428FF584428FF68
:10950000584428FF584428FF504428FF584428FF57
:10951000584428FF584428FF584428FF584420FF47
:10952000504428FF584428FF584428FF504428FF3F
:10953000584428FF584428FF584428FF584428FF1F
:10954000504428FF584428FF584428FF504428FF1F
:10955000584428FF584428FF584428FF584428FFFF
:10956000584428FF584420FF584428FF584428FFF7
:10957000584428FF584428FF584428FF584428FFDF
:10958000584428FF504428FF584428FF584428FFD7
:10959000584428FF584428FF584428FF584428FFBF
:1095A000584428FF584420FF584428FF584428FFB7
:1095B000584428FF584428FF584428FF584428FF9F
:1095C000584428FF584428FF584420FF584428FF97
:1095D000584428FF584428FF584428FF605438FF57
:1095E000605438FF584828FF584428FF584428FF43
:1095F000584428FF584428FF584428FF584428FF5F
:10960000584428FF584428FF584428FF504428FF56
:10961000584428FF584428FF504428FF584420FF4E
:10962000584428FF504428FF584428FF584428FF36
:10963000584428FF584428FF504428FF584428FF26
:10964000584428FF504428FF584420FF584428FF1E
:10965000504428FF584428FF584428FF584428FF06
:10966000584428FF584428FF584428FF584420FFF6
:10967000584428FF584428FF504428FF584428FFE6
:10968000584428FF504428FF584428FF584428FFD6
:10969000504428FF584428FF584428FF504428FFCE
:1096A000584428FF584428FF584428FF584428FFAE
:1096B000504428FF584420FF584428FF584428FFAE
:1096C000504420FF584428FF584428FF584420FFA6
:1096D000584428FF584428FF584428FF584428FF7E
:1096E000584428FF584428FF584428FF584428FF6E
:1096F000584428FF584428FF504428FF584428FF66
:10970000584428FF584428FF584428FF584428FF4D
:10971000584420FF584428FF584428FF584428FF45
:10972000584428FF584428FF584428FF584428FF2D
:10973000584428FF584428FF584428FF584428FF1D
:10974000584420FF584428FF504428FF584428FF1D
:10975000584428FF584428FF584428FF584428FFFD
:10976000504428FF584428FF584428FF504428FFFD
:10977000584428FF584428FF584428FF584420FFE5
:10978000504428FF584428FF584428FF504428FFDD
:10979000584428FF584428FF584420FF584428FFC5
:1097A000584428FF584428FF584428FF584428FFAD
:1097B000584428FF584428FF584428FF584428FF9D
:1097C000584420FF584428FF504428FF584428FF9D
:1097D000584428FF584428FF584428FF584428FF7D
:1097E000504428FF584428FF584428FF584428FF75
:1097F000504428FF584428FF584428FF584428FF65
:10980000584428FF584420FF584428FF504428FF5C
:10981000584428FF584428FF584428FF584428FF3C
:10982000584428FF584428FF504428FF584428FF34
:10983000584420FF584428FF584428FF504428FF2C
:10984000584428FF584428FF584428FF584428FF0C
:10985000504428FF584428FF584428FF584420FF0C
:10986000584428FF584428FF584428FF584428FFEC
:10987000584428FF584428FF584428FF584428FFDC
:10988000584428FF584428FF584428FF584428FFCC
:10989000584428FF584428FF584428FF584428FFBC
:1098A000584428FF584428FF584428FF584428FFAC
:1098B000584428FF584420FF584428FF584428FFA4
:1098C000584420FF584428FF584428FF584420FF9C
:1098D000584428FF584428FF584428FF584428FF7C
:1098E000584428FF584428FF584420FF584428FF74
:1098F000584428FF504420FF584428FF584428FF6C
:10990000584428FF584428FF584428FF584428FF4B
:10991000584428FF584428FF504428FF584428FF43
:10992000584428FF584428FF584428FF504428FF33
:10993000584420FF584428FF584428FF584420FF2B
:10994000584428FF584428FF584420FF584428FF13
:10995000584428FF584420FF584428FF584428FF03
:10996000504428FF584428FF584428FF504428FFFB
:10997000584420FF584428FF504428FF584428FFEB
:10998000584428FF584428FF584428FF584428FFCB
:10999000584428FF584428FF584428FF605438FF93
:1099A000605438FF584428FF584428FF584428FF83
:1099B000584428FF584420FF504428FF584428FFAB
:1099C000584420FF584428FF584428FF584428FF93
:1099D000584428FF584428FF584428FF584428FF7B
:1099E000584428FF584428FF584420FF584428FF73
:1099F000584428FF584420FF584428FF584428FF63
:109A0000584428FF584428FF584428FF584428FF4A
:109A1000584428FF584428FF584428FF504428FF42
:109A2000584428FF584428FF584428FF584428FF2A
:109A3000584428FF584428FF584428FF584428FF1A
:109A4000584428FF584428FF584428FF584428FF0A
:109A5000584428FF584428FF584420FF584428FF02
:109A6000584428FF584420FF584428FF584428FFF2
:109A7000584428FF584428FF584428FF584428FFDA
:109A8000584428FF584428FF584428FF584428FFCA
:109A9000584428FF584428FF584428FF504428FFC2
:109AA000584428FF584428FF584428FF504428FFB2
:109AB000584428FF584428FF584428FF584428FF9A
:109AC000584428FF584420FF584428FF584428FF92
:109AD000584428FF584428FF584420FF584428FF82
:109AE000584428FF504428FF584428FF584420FF7A
:109AF000584428FF504428FF584420FF584428FF6A
:109B0000584428FF584428FF584428FF584428FF49
:109B1000584428FF584428FF584428FF584428FF39
:109B2000584428FF584428FF584428FF584420FF31
:109B3000584428FF504428FF584428FF584428FF21
:109B4000584428FF584428FF584420FF584428FF11
:109B5000584428FF584428FF504428FF584428FF01
:109B6000584428FF584428FF504420FF584428FFF9
:109B7000584428FF584420FF584428FF584428FFE1
:109B8000584428FF584428FF584428FF584420FFD1
:109B9000584428FF584428FF584428FF584420FFC1
:109BA000584428FF584428FF584420FF584428FFB1
:109BB000584428FF584428FF584420FF504428FFA9
:109BC000584428FF584428FF584428FF584428FF89
:109BD000584420FF584428FF504428FF584420FF91
:109BE000584428FF584428FF584428FF584428FF69
:109BF000584428FF584428FF584428FF584428FF59
:109C0000584428FF504428FF584428FF584428FF50
:109C1000584428FF584428FF584428FF584428FF38
:109C2000584428FF584428FF584420FF504428FF38
:109C3000584428FF584420FF584428FF504428FF28
:109C4000584428FF584420FF584428FF584428FF10
:109C5000504420FF584428FF584428FF584428FF08
:109C6000584428FF504428FF584428FF584428FFF0
:109C7000504428FF584428FF584428FF584428FFE0
:109C8000504428FF584428FF584428FF584428FFD0
:109C9000504428FF584428FF584428FF504428FFC8
:109CA000584428FF584428FF584428FF584428FFA8
:109CB000584428FF584428FF584428FF584420FFA0
:109CC000584428FF584428FF584420FF584428FF90
:109CD000584428FF584420FF584428FF584428FF80
:109CE000584420FF584428FF584428FF584428FF70
:109CF000584428FF504428FF584428FF584428FF60
:109D0000504428FF584428FF584428FF584428FF4F
:109D1000504428FF584428FF584428FF584428FF3F
:109D2000584428FF584428FF584428FF584428FF27
:109D3000584428FF584428FF584420FF584428FF1F
:109D4000584428FF504420FF584428FF584428FF17
:109D5000504428FF584428FF584828FF605438FFD3
:109D6000685438FF584428FF584428FF584428FFB7
:109D7000584428FF584428FF584428FF584428FFD7
:109D8000584428FF504428FF584428FF584420FFD7
:109D9000584428FF584428FF584420FF584428FFBF
:109DA000584428FF584428FF504428FF584428FFAF
:109DB000584428FF504428FF584428FF584428FF9F
:109DC000584420FF584428FF584428FF584428FF8F
:109DD000584420FF584428FF584428FF584420FF87
:109DE000584428FF504428FF584420FF584428FF77
:109DF000504428FF584420FF584428FF584428FF67
:109E0000584420FF584428FF504428FF584420FF5E
:109E1000584428FF584428FF584428FF584428FF36
:109E2000584428FF504428FF584428FF584428FF2E
:109E3000584428FF584428FF504428FF584428FF1E
:109E4000584428FF584428FF504428FF584428FF0E
:109E5000584428FF504420FF584428FF584428FF06
:109E6000584420FF584428FF584428FF584420FFF6
:109E7000584428FF584428FF584420FF584428FFDE
:109E8000504428FF584428FF584428FF504428FFD6
:109E9000584428FF584428FF504428FF584428FFBE
:109EA000584428FF584428FF584428FF584428FFA6
:109EB000584428FF584428FF584428FF584428FF96
:109EC000504428FF584428FF584428FF584420FF96
:109ED000504428FF584428FF584420FF504428FF8E
:109EE000584428FF584420FF584428FF584428FF6E
:109EF000584428FF584428FF584420FF584428FF5E
:109F0000584428FF584428FF584428FF584428FF45
:109F1000584428FF584428FF584428FF584428FF35
:109F2000584428FF584428FF584428FF584428FF25
:109F3000584428FF504428FF584428FF584428FF1D
:109F4000504428FF584428FF584428FF584428FF0D
:109F5000504428FF584428FF584428FF504428FF05
:109F6000584428FF584428FF584428FF504428FFED
:109F7000584428FF584428FF584428FF584428FFD5
:109F8000584428FF504428FF584428FF584428FFCD
:109F9000584428FF584428FF584428FF584428FFB5
:109FA000584428FF584428FF584420FF504428FFB5
:109FB000584428FF584428FF504428FF584420FFA5
:109FC000584428FF584428FF584420FF584428FF8D
:109FD000584428FF584420FF504428FF584428FF85
:109FE000584428FF504428FF584428FF584428FF6D
:109FF000584428FF584428FF584428FF584428FF55
:10A00000584428FF504428FF584428FF584428FF4C
:10A01000584428FF584428FF584420FF584428FF3C
:10A02000584428FF584420FF584428FF584428FF2C
:10A03000584420FF584428FF584428FF584428FF1C
:10A04000584428FF584428FF584428FF584428FF04
:10A05000584428FF584420FF584428FF584428FFFC
:10A06000584420FF584428FF504428FF584428FFF4
:10A07000584428FF584428FF584428FF504428FFDC
:10A08000584428FF584428FF504428FF584428FFCC
:10A09000584428FF504428FF584428FF584428FFBC
:10A0A000504428FF584428FF584428FF584428FFAC
:10A0B000584428FF584428FF584428FF584428FF94
:10A0C000584428FF584428FF584428FF584428FF84
:10A0D000584428FF584428FF584420FF504428FF84
:10A0E000584428FF584420FF584428FF584428FF6C
:10A0F000584428FF584428FF584428FF584428FF54
:10A10000584428FF584428FF584428FF584428FF43
:10A11000584428FF584428FF584428FF685438FF03
:10A12000605438FF584428FF584428FF584428FFFB
:10A13000584428FF584428FF584428FF584428FF13
:10A14000584428FF584428FF584428FF584428FF03
:10A15000504428FF584428FF584428FF504428FF03
:10A16000584428FF584428FF584428FF584428FFE3
:10A17000584420FF584428FF584428FF584428FFDB
:10A18000504428FF584428FF584428FF504428FFD3
:10A19000584428FF584428FF504428FF584428FFBB
:10A1A000584428FF584428FF584428FF584428FFA3
:10A1B000584428FF584428FF584428FF504428FF9B
:10A1C000584428FF584428FF584428FF584428FF83
:10A1D000584428FF504428FF584428FF584428FF7B
:10A1E000584428FF584428FF584420FF584428FF6B
:10A1F000504428FF584420FF584428FF584428FF63
:10A20000584420FF584428FF584428FF584420FF52
:10A21000584428FF584428FF584428FF584428FF32
:10A22000584428FF504428FF584428FF584428FF2A
:10A23000584428FF584428FF584428FF584428FF12
:10A24000584428FF584428FF584428FF584420FF0A
:10A25000584428FF584428FF584428FF584428FFF2
:10A26000584420FF584428FF584428FF504428FFF2
:10A27000584428FF584428FF584428FF584428FFD2
:10A28000584420FF584428FF584428FF584428FFCA
:10A29000584428FF584428FF584428FF584428FFB2
:10A2A000584428FF504428FF584428FF584428FFAA
:10A2B000504428FF584428FF584428FF584428FF9A
:10A2C000504428FF584428FF584428FF504428FF92
:10A2D000584420FF584428FF584428FF584420FF82
:10A2E000504428FF584428FF584428FF584428FF6A
:10A2F000584428FF584428FF584420FF584428FF5A
:10A30000584428FF584420FF584428FF584428FF49
:10A31000584420FF584428FF584428FF584428FF39
:10A32000584428FF584428FF584428FF584420FF29
:10A33000584428FF584428FF584428FF584428FF11
:10A34000584420FF584428FF584428FF584420FF11
:10A35000504428FF584428FF584428FF584428FFF9
:10A36000504428FF584428FF584428FF584428FFE9
:10A37000584428FF584428FF584428FF584428FFD1
:10A38000584428FF584428FF584428FF504428FFC9
:10A39000584428FF584428FF584428FF584428FFB1
:10A3A000584420FF584428FF584428FF584428FFA9
:10A3B000584428FF504428FF584420FF584428FFA1
:10A3C000584428FF584428FF584428FF584428FF81
:10A3D000584428FF584428FF504428FF584428FF79
:10A3E000584428FF584428FF584428FF584428FF61
:10A3F000584428FF504428FF584428FF584420FF61
:10A40000584428FF584428FF504420FF584428FF50
:10A41000584428FF584428FF584428FF584428FF30
:10A42000584428FF584428FF584420FF584428FF28
:10A43000504428FF584420FF584428FF584428FF20
:10A44000584428FF584428FF584428FF584428FF00
:10A45000584428FF584428FF584428FF584428FFF0
:10A46000584428FF584428FF504420FF584428FFF0
:10A47000584428FF584420FF584428FF584428FFD8
:10A48000584420FF584428FF504428FF584420FFD8
:10A49000584428FF584428FF584428FF584428FFB0
:10A4A000584428FF584428FF504428FF584420FFB0
:10A4B000584428FF504428FF584428FF584428FF98
:10A4C000504428FF584428FF584428FF584420FF90
:10A4D000584428FF584428FF584428FF685438FF40
:10A4E000685038FF584828FF584428FF584428FF30
:10A4F000504420FF584428FF584428FF504420FF70
:10A50000584428FF584428FF584420FF584428FF47
:10A51000584428FF584428FF584428FF584428FF2F
:10A52000584420FF584428FF584428FF584428FF27
:10A53000584428FF584428FF584428FF584428FF0F
:10A54000584428FF584420FF584428FF584428FF07
:10A55000584428FF584420FF584428FF584428FFF7
:10A56000584428FF584428FF584428FF584428FFDF
:10A57000584428FF584428FF584428FF584420FFD7
:10A58000584428FF584428FF584428FF584428FFBF
:10A59000584420FF584428FF584428FF504420FFC7
:10A5A000584428FF584428FF584428FF584428FF9F
:10A5B000584428FF584428FF584428FF584428FF8F
:10A5C000504428FF584428FF584428FF584428FF87
:10A5D000584428FF584428FF584428FF584428FF6F
:10A5E000584428FF584420FF584428FF584428FF67
:10A5F000504428FF584428FF584428FF504420FF67
:10A60000584428FF584428FF584428FF584428FF3E
:10A61000504428FF584428FF584420FF584428FF3E
:10A62000504428FF584428FF584420FF584428FF2E
:10A63000584428FF584420FF504428FF584428FF1E
:10A64000584428FF584428FF504428FF584428FF06
:10A65000584428FF584428FF584428FF584420FFF6
:10A66000584428FF584428FF584428FF584428FFDE
:10A67000584420FF584428FF584428FF584428FFD6
:10A68000584420FF584428FF584428FF584428FFC6
:10A69000584428FF504428FF584428FF584428FFB6
:10A6A000584428FF584420FF584428FF504428FFAE
:10A6B000584420FF584428FF584428FF584428FF96
:10A6C000584428FF504428FF584428FF584428FF86
:10A6D000584428FF584428FF584420FF584428FF76
:10A6E000584428FF504420FF584428FF584428FF6E
:10A6F000584428FF504428FF584420FF584428FF5E
:10A70000504428FF584428FF584428FF584428FF45
:10A71000584428FF584428FF584420FF584428FF35
:10A72000584428FF584420FF584428FF584428FF25
:10A73000584420FF584428FF584428FF584428FF15
:10A74000504420FF584428FF584428FF584428FF0D
:10A75000584428FF584428FF584428FF584428FFED
:10A76000584428FF584428FF584428FF584420FFE5
:10A77000584428FF584428FF584428FF584428FFCD
:10A78000584420FF584428FF584428FF504420FFD5
:10A79000584428FF584428FF584428FF584428FFAD
:10A7A000504420FF584428FF584428FF504428FFB5
:10A7B000584428FF584428FF584428FF584428FF8D
:10A7C000504428FF584428FF584428FF584428FF85
:10A7D000584428FF504428FF584428FF584428FF75
:10A7E000504428FF584428FF584428FF584428FF65
:10A7F000584428FF584428FF584428FF584428FF4D
:10A80000584420FF504428FF584428FF584420FF54
:10A81000584428FF584420FF584428FF584428FF34
:10A82000584420FF584428FF584428FF584428FF24
:10A83000584428FF504428FF584428FF584428FF14
:10A84000504428FF584428FF584428FF584428FF04
:10A85000584428FF504428FF584428FF584428FFF4
:10A86000584428FF584428FF584428FF584428FFDC
:10A87000584428FF584428FF584420FF584428FFD4
:10A88000584428FF584420FF584428FF504428FFCC
:10A89000584428FF584428FF584828FF605438FF80
:10A8A000605438FF584428FF584428FF584428FF74
:10A8B000584428FF584428FF584428FF584428FF8C
:10A8C000584428FF584428FF504428FF584428FF84
:10A8D000584428FF584420FF584428FF584428FF74
:10A8E000504428FF584428FF584420FF504428FF74
:10A8F000584428FF584428FF504420FF584428FF5C
:10A90000584428FF584428FF584428FF584428FF3B
:10A91000584428FF584428FF584428FF584428FF2B
:10A92000584420FF504428FF584428FF584420FF33
:10A93000504428FF584428FF584428FF584428FF13
:10A94000504428FF584420FF584428FF504428FF13
:10A95000584428FF584428FF584428FF584428FFEB
:10A96000584428FF584428FF504428FF584428FFE3
:10A97000584428FF584428FF584420FF584428FFD3
:10A98000584428FF584428FF584428FF504428FFC3
:10A99000584428FF584420FF504428FF584428FFBB
:10A9A000584428FF584428FF584428FF584420FFA3
:10A9B000584428FF584428FF584428FF584428FF8B
:10A9C000584428FF584428FF504420FF584428FF8B
:10A9D000584428FF584428FF584428FF584428FF6B
:10A9E000584428FF584428FF584428FF584428FF5B
:10A9F000584428FF584428FF584428FF584428FF4B
:10AA0000584428FF584428FF584420FF584428FF42
:10AA1000584428FF504420FF584428FF584428FF3A
:10AA2000584428FF584428FF584428FF584428FF1A
:10AA3000584428FF584428FF504428FF584428FF12
:10AA4000584428FF584428FF584420FF584428FF02
:10AA5000584428FF584428FF584428FF584428FFEA
:10AA6000584428FF584428FF584428FF584428FFDA
:10AA7000584428FF504428FF584428FF584428FFD2
:10AA8000584428FF584428FF584428FF504428FFC2
:10AA9000584428FF584428FF504428FF584428FFB2
:10AAA000584428FF584428FF584428FF584428FF9A
:10AAB000584428FF584428FF584428FF584428FF8A
:10AAC000584428FF584428FF584428FF584428FF7A
:10AAD000584428FF504428FF584428FF584428FF72
:10AAE000584428FF584428FF504428FF584428FF62
:10AAF000584428FF504428FF584428FF584428FF52
:10AB0000584428FF584428FF584428FF584420FF41
:10AB1000584428FF504428FF584420FF584428FF39
:10AB2000504428FF584428FF584428FF504428FF29
:10AB3000584428FF584428FF584428FF504428FF11
:10AB4000584428FF584428FF584428FF584428FFF9
:10AB5000584428FF584420FF584428FF584428FFF1
:10AB6000584428FF584428FF584428FF584420FFE1
:10AB7000584428FF584428FF584420FF584428FFD1
:10AB8000584428FF584428FF584428FF584420FFC1
:10AB9000584428FF584428FF584420FF584428FFB1
:10ABA000584428FF584420FF584428FF584428FFA1
:10ABB000584428FF584428FF504428FF584428FF91
:10ABC000584428FF584428FF584428FF584428FF79
:10ABD000504428FF584428FF584428FF504428FF79
:10ABE000584428FF584428FF584428FF584428FF59
:10ABF000584428FF584428FF584420FF584428FF51
:10AC0000584428FF584428FF584428FF584428FF38
:10AC1000584420FF584428FF584428FF584420FF38
:10AC2000504428FF584428FF584420FF584428FF28
:10AC3000504428FF584428FF584428FF584428FF10
:10AC4000584428FF584428FF584428FF584428FFF8
:10AC5000584428FF584428FF584428FF685438FFB8
:10AC6000605438FF584428FF584428FF584428FFB0
:10AC7000584428FF584428FF584428FF584428FFC8
:10AC8000584420FF584428FF584428FF584428FFC0
:10AC9000504428FF584428FF584428FF584428FFB0
:10ACA000584428FF584428FF584428FF584428FF98
:10ACB000584428FF584428FF584428FF584428FF88
:10ACC000504428FF584428FF584420FF504428FF90
:10ACD000584428FF584428FF504428FF584428FF70
:10ACE000584428FF584428FF584428FF584428FF58
:10ACF000584428FF584420FF584428FF584428FF50
:10AD0000584428FF584428FF584428FF584428FF37
:10AD1000584428FF584428FF584428FF584428FF27
:10AD2000584420FF584428FF584428FF584420FF27
:10AD3000584428FF504428FF584428FF584428FF0F
:10AD4000584428FF584420FF584428FF584428FFFF
:10AD5000584428FF584428FF584428FF584428FFE7
:10AD6000504420FF584428FF584428FF504428FFEF
:10AD7000584428FF584428FF584420FF584428FFCF
:10AD8000584428FF584428FF584428FF584428FFB7
:10AD9000584428FF584428FF504428FF584428FFAF
:10ADA000584428FF584428FF504428FF584428FF9F
:10ADB000584428FF504428FF584420FF584428FF97
:10ADC000504428FF584428FF584428FF584428FF7F
:10ADD000584428FF584428FF584428FF504428FF6F
:10ADE000584428FF584420FF504428FF584428FF67
:10ADF000584428FF584428FF584420FF584428FF4F
:10AE0000584428FF504428FF584428FF584428FF3E
:10AE1000504428FF584420FF584428FF504428FF3E
:10AE2000584420FF584428FF504428FF584428FF26
:10AE3000584428FF584428FF584420FF584428FF0E
:10AE4000504428FF584420FF584428FF584428FF06
:10AE5000584420FF584428FF584428FF584428FFEE
:10AE6000584428FF584428FF584428FF504420FFE6
:10AE7000584428FF584428FF584428FF584428FFC6
:10AE8000584420FF584428FF504428FF584420FFCE
:10AE9000584428FF584428FF584428FF504428FFAE
:10AEA000584428FF584428FF584428FF584428FF96
:10AEB000584428FF584420FF584428FF584428FF8E
:10AEC000584428FF584428FF504428FF584428FF7E
:10AED000584428FF584428FF584428FF584428FF66
:10AEE000584420FF584428FF584428FF584428FF5E
:10AEF000584420FF584428FF584428FF584428FF4E
:10AF0000584428FF584428FF504428FF584428FF3D
:10AF1000584428FF504428FF584428FF584428FF2D
:10AF2000584428FF584428FF584428FF584428FF15
:10AF3000584428FF504428FF584428FF584428FF0D
:10AF4000584428FF584428FF504428FF584428FFFD
:10AF5000584428FF584428FF584428FF504428FFED
:10AF6000584428FF584428FF504428FF584428FFDD
:10AF7000584420FF584428FF584428FF584420FFD5
:10AF8000584428FF584428FF584428FF584428FFB5
:10AF9000584428FF584428FF584428FF584428FFA5
:10AFA000584428FF584428FF504420FF584428FFA5
:10AFB000584428FF584428FF584428FF584428FF85
:10AFC000584428FF584420FF584428FF504428FF85
:10AFD000584428FF584428FF584428FF584428FF65
:10AFE000584428FF584428FF584428FF584428FF55
:10AFF000584428FF584428FF584428FF504428FF4D
:10B00000584428FF584428FF504428FF584428FF3C
:10B01000584428FF584428FF584428FF605438FFFC
:10B02000685438FF584828FF584428FF584428FFE0
:10B03000584420FF504428FF584428FF584428FF14
:10B04000504428FF584428FF584428FF584420FF04
:10B05000584428FF584428FF584428FF504420FFF4
:10B06000584428FF584428FF584428FF584428FFD4
:10B07000504420FF584428FF584428FF584428FFD4
:10B08000584428FF584428FF584428FF584428FFB4
:10B09000584420FF584428FF584428FF584420FFB4
:10B0A000584428FF584428FF584428FF584428FF94
:10B0B000584428FF504428FF584428FF584428FF8C
:10B0C000584428FF584428FF584428FF584420FF7C
:10B0D000504428FF584428FF584420FF504428FF7C
:10B0E000584428FF584428FF584428FF584428FF54
:10B0F000584428FF584428FF584428FF504428FF4C
:10B10000584428FF584428FF504428FF584420FF43
:10B11000584428FF584428FF584428FF584428FF23
:10B12000584428FF584428FF584428FF584428FF13
:10B13000584428FF584428FF504428FF584428FF0B
:10B14000584428FF504428FF584428FF584428FFFB
:10B15000584420FF584428FF584428FF584420FFF3
:10B16000584428FF584428FF584420FF584428FFDB
:10B17000584428FF584428FF584428FF584428FFC3
:10B18000584428FF584420FF584428FF504428FFC3
:10B19000584428FF584428FF584428FF584428FFA3
:10B1A000584428FF584428FF584428FF584420FF9B
:10B1B000504428FF584428FF584428FF584428FF8B
:10B1C000584428FF584428FF584428FF584428FF73
:10B1D000584428FF584428FF584428FF584428FF63
:10B1E000584428FF584428FF584428FF584420FF5B
:10B1F000584428FF584428FF584428FF584428FF43
:10B20000584428FF584428FF584428FF584428FF32
:10B21000584428FF584428FF584428FF504420FF32
:10B22000584428FF584428FF584428FF584428FF12
:10B23000584428FF584428FF504428FF584428FF0A
:10B24000584428FF584428FF584428FF584428FFF2
:10B25000584428FF584420FF584428FF584428FFEA
:10B26000584420FF584428FF584428FF584420FFE2
:10B27000584428FF584428FF504428FF584428FFCA
:10B28000584420FF584428FF584428FF584428FFBA
:10B29000584420FF584428FF584428FF584428FFAA
:10B2A000584428FF584428FF584428FF584428FF92
:10B2B000504428FF584428FF584420FF584428FF92
:10B2C000584428FF584420FF584428FF584428FF7A
:10B2D000584428FF584428FF584428FF584420FF6A
:10B2E000504428FF584428FF584420FF504428FF6A
:10B2F000584428FF584428FF584428FF584428FF42
:10B30000584420FF584428FF584428FF584428FF39
:10B31000584428FF504428FF584428FF584428FF29
:10B32000584428FF584428FF584428FF584428FF11
:10B33000584428FF504428FF584428FF584428FF09
:10B34000504428FF584428FF584420FF504428FF09
:10B35000584428FF584420FF584428FF584428FFE9
:10B36000584420FF584428FF584428FF584428FFD9
:10B37000504428FF584420FF584428FF504428FFD9
:10B38000584428FF584428FF584428FF584428FFB1
:10B39000584428FF584428FF504428FF584428FFA9
:10B3A000584428FF584428FF504428FF584428FF99
:10B3B000584420FF584428FF584428FF584420FF91
:10B3C000584428FF584428FF584420FF584428FF79
:10B3D000584428FF584428FF584828FF605438FF35
:10B3E000605438FF584428FF584428FF584428FF29
:10B3F000584428FF584428FF584428FF584420FF49
:10B40000584428FF584428FF584428FF584428FF30
:10B41000584428FF584428FF584428FF584428FF20
:10B42000584428FF504428FF584420FF584428FF20
:10B43000584428FF584428FF584428FF584420FF08
:10B44000584428FF584428FF584428FF584428FFF0
:10B45000504428FF584428FF584428FF584428FFE8
:10B46000504428FF584420FF584428FF504428FFE8
:10B47000584420FF584428FF584428FF584420FFD0
:10B48000504428FF584428FF584428FF584428FFB8
:10B49000584428FF584428FF584428FF584428FFA0
:10B4A000584428FF504428FF584428FF584428FF98
:10B4B000504420FF584428FF584428FF584420FF98
:10B4C000584428FF584428FF584428FF584428FF70
:10B4D000584428FF504428FF584420FF584428FF70
:10B4E000584428FF584428FF584428FF584420FF58
:10B4F000584428FF584428FF584428FF584428FF40
:10B50000584420FF584428FF584428FF584428FF37
:10B51000504428FF584428FF584428FF584428FF27
:10B52000504428FF584428FF584428FF584428FF17
:10B53000584420FF584428FF584428FF584428FF07
:10B54000584428FF584428FF584428FF584428FFEF
:10B55000584420FF584428FF584428FF584420FFEF
:10B56000584428FF584428FF584428FF584428FFCF
:10B57000584428FF584428FF584428FF504428FFC7
:10B58000584420FF584428FF584428FF584420FFBF
:10B59000584428FF584428FF584428FF584428FF9F
:10B5A000584428FF584428FF584428FF584428FF8F
:10B5B000584428FF504428FF584428FF584428FF87
:10B5C000584428FF584428FF504428FF584428FF77
:10B5D000584428FF504428FF584428FF584428FF67
:10B5E000584428FF584428FF504420FF584428FF5F
:10B5F000584428FF584420FF584428FF584428FF47
:10B60000504428FF584428FF584428FF584428FF36
:10B61000504428FF584428FF584428FF584428FF26
:10B62000584428FF504428FF584428FF584428FF16
:10B63000504428FF584428FF584428FF584428FF06
:10B64000584428FF584428FF584428FF584428FFEE
:10B65000504428FF584428FF584428FF504428FFEE
:10B66000584428FF584420FF504428FF584428FFDE
:10B67000584428FF584428FF584428FF504428FFC6
:10B68000584428FF584428FF584428FF584420FFB6
:10B69000584428FF584428FF584428FF584428FF9E
:10B6A000584428FF584428FF584428FF584428FF8E
:10B6B000584428FF584420FF584428FF504428FF8E
:10B6C000584428FF584428FF584420FF584428FF76
:10B6D000584428FF584420FF584428FF584428FF66
:10B6E000584420FF584428FF584428FF584420FF5E
:10B6F000584428FF584428FF584428FF584428FF3E
:10B70000584428FF584428FF584428FF584428FF2D
:10B71000584428FF584428FF504428FF584428FF25
:10B72000584428FF504428FF584428FF584428FF15
:10B73000584428FF584428FF584428FF584428FFFD
:10B74000584428FF504428FF584420FF584428FFFD
:10B75000584428FF584420FF584428FF584428FFE5
:10B76000584420FF584428FF584428FF584428FFD5
:10B77000584428FF504428FF584428FF584428FFC5
:10B78000584428FF584428FF584428FF584428FFAD
:10B79000504428FF584428FF584428FF685438FF75
:10B7A000605038FF584428FF584428FF584428FF69
:10B7B000584428FF584428FF584428FF584428FF7D
:10B7C000584428FF504428FF584428FF584428FF75
:10B7D000504420FF584428FF584428FF584428FF6D
:10B7E000584428FF584428FF584428FF584428FF4D
:10B7F000584428FF584428FF504428FF584428FF45
:10B80000584428FF504420FF584428FF584428FF3C
:10B81000584428FF584428FF584428FF584428FF1C
:10B82000584428FF584428FF584428FF584428FF0C
:10B83000584428FF584428FF584428FF584428FFFC
:10B84000584428FF584428FF504420FF584428FFFC
:10B85000584428FF584428FF584428FF584428FFDC
:10B86000584420FF584428FF584428FF584428FFD4
:10B87000584428FF584428FF584428FF584428FFBC
:10B88000584428FF584428FF584428FF584428FFAC
:10B89000584428FF584428FF584428FF504428FFA4
:10B8A000584428FF584428FF504428FF584428FF94
:10B8B000584428FF504420FF584428FF584428FF8C
:10B8C000584428FF584428FF584420FF584428FF74
:10B8D000584428FF584428FF584428FF584428FF5C
:10B8E000584420FF584428FF584428FF504428FF5C
:10B8F000584428FF584428FF504428FF584420FF4C
:10B90000584428FF504428FF584428FF584428FF33
:10B91000584428FF504428FF584428FF584428FF23
:10B92000504428FF584428FF584428FF504428FF1B
:10B93000584428FF584420FF584428FF584428FF03
:10B94000584428FF584428FF504428FF584428FFF3
:10B95000584428FF504420FF584428FF584428FFEB
:10B96000504420FF584428FF584428FF504428FFE3
:10B97000584428FF584420FF584428FF584428FFC3
:10B98000504420FF584428FF584428FF584420FFC3
:10B99000584428FF584428FF584420FF584428FFA3
:10B9A000584428FF584428FF584428FF584428FF8B
:10B9B000584428FF504428FF584428FF584420FF8B
:10B9C000584428FF584428FF584420FF584428FF73
:10B9D000584428FF584428FF584428FF584420FF63
:10B9E000584428FF584428FF584428FF584428FF4B
:10B9F000584428FF584420FF584428FF584428FF43
:10BA0000504428FF584420FF584428FF584428FF3A
:10BA1000584428FF584420FF584428FF584428FF22
:10BA2000584428FF584428FF584428FF584428FF0A
:10BA3000584420FF584428FF584428FF584428FF02
:10BA4000584428FF504428FF584428FF584428FFF2
:10BA5000504428FF584428FF584420FF504428FFF2
:10BA6000584428FF584428FF584428FF584428FFCA
:10BA7000584428FF584428FF584428FF584428FFBA
:10BA8000584428FF504428FF584428FF584428FFB2
:10BA9000504428FF584428FF584428FF584428FFA2
:10BAA000504428FF584428FF584428FF504428FF9A
:10BAB000584428FF584428FF584420FF584428FF82
:10BAC000584428FF584420FF584428FF584428FF72
:10BAD000584428FF584428FF584428FF584428FF5A
:10BAE000584428FF584428FF584420FF584428FF52
:10BAF000584428FF584428FF584428FF584420FF42
:10BB0000584428FF584428FF584428FF584428FF29
:10BB1000504428FF584428FF584428FF584428FF21
:10BB2000504428FF584428FF584420FF584428FF19
:10BB3000584428FF584428FF584420FF504428FF09
:10BB4000584428FF584428FF504428FF584420FFF9
:10BB5000584428FF584428FF584428FF605038FFB5
:10BB6000584830FF584828FF584428FF584428FFB9
:10BB7000584428FF504420FF584428FF584428FFC9
:10BB8000584428FF584420FF584428FF584428FFB1
:10BB9000584428FF584428FF504420FF584428FFA9
:10BBA000584428FF584420FF584428FF504428FF99
:10BBB000584428FF584420FF584428FF584428FF81
:10BBC000584428FF584428FF584428FF584428FF69
:10BBD000584420FF584428FF504428FF584420FF71
:10BBE000584428FF584428FF584428FF584428FF49
:10BBF000584428FF504428FF584428FF584428FF41
:10BC0000584428FF584428FF584428FF584428FF28
:10BC1000584428FF504420FF584428FF584428FF28
:10BC2000504428FF584428FF584428FF584420FF18
:10BC3000584428FF584428FF584428FF504428FF00
:10BC4000584420FF584428FF504428FF584420FF00
:10BC5000584428FF584428FF584428FF584420FFE0
:10BC6000584428FF584428FF584420FF584428FFD0
:10BC7000584428FF584428FF584428FF584428FFB8
:10BC8000504428FF584428FF584428FF584428FFB0
:10BC9000584428FF584420FF504428FF584428FFA8
:10BCA000584428FF584428FF584428FF584428FF88
:10BCB000584428FF584428FF584428FF584428FF78
:10BCC000584428FF584428FF584420FF584428FF70
:10BCD000584428FF584428FF584428FF584428FF58
:10BCE000584428FF584420FF584428FF584428FF50
:10BCF000584428FF584428FF584428FF584428FF38
:10BD0000584428FF584428FF584428FF584428FF27
:10BD1000584428FF584428FF584428FF584428FF17
:10BD2000584428FF584428FF584420FF584428FF0F
:10BD3000584428FF584428FF584428FF584428FFF7
:10BD4000584428FF584428FF584428FF584428FFE7
:10BD5000584428FF584428FF584428FF504428FFDF
:10BD6000584428FF584428FF584428FF584428FFC7
:10BD7000584428FF584428FF584428FF584428FFB7
:10BD8000584428FF584428FF504428FF584428FFAF
:10BD9000584420FF584428FF504428FF584428FFA7
:10BDA000584428FF584428FF584420FF584428FF8F
:10BDB000584428FF584428FF584428FF584428FF77
:10BDC000584428FF584428FF504428FF584428FF6F
:10BDD000584428FF584428FF584428FF584428FF57
:10BDE000504420FF584428FF584428FF584428FF57
:10BDF000584428FF504428FF584428FF584420FF47
:10BE0000584428FF584428FF584420FF584428FF2E
:10BE1000584428FF584428FF584428FF584428FF16
:10BE2000584428FF584420FF504428FF584428FF16
:10BE3000584420FF504428FF584428FF584420FF0E
:10BE4000584428FF584428FF584428FF584428FFE6
:10BE5000584420FF584428FF584428FF584428FFDE
:10BE6000584428FF584420FF584428FF584428FFCE
:10BE7000584428FF584428FF504428FF584428FFBE
:10BE8000584428FF504428FF584428FF584428FFAE
:10BE9000504420FF584428FF584428FF584420FFAE
:10BEA000584428FF584428FF584428FF504428FF8E
:10BEB000584428FF584420FF504428FF584428FF86
:10BEC000584428FF584428FF584428FF584428FF66
:10BED000584428FF584428FF584420FF584428FF5E
:10BEE000584428FF584428FF584428FF504428FF4E
:10BEF000584428FF584428FF584428FF584428FF36
:10BF0000584428FF584420FF584428FF584428FF2D
:10BF1000584428FF584428FF584828FF584830FF05
:10BF2000504430FF584428FF584428FF584428FF05
:10BF3000584428FF584428FF584428FF584428FFF5
:10BF4000504428FF584428FF584428FF584428FFED
:10BF5000584428FF584428FF584428FF584428FFD5
:10BF6000584428FF584428FF584428FF584428FFC5
:10BF7000584428FF584428FF584428FF584428FFB5
:10BF8000584428FF584428FF504428FF584428FFAD
:10BF9000584428FF584428FF584428FF584428FF95
:10BFA000504428FF584428FF584420FF504428FF9D
:10BFB000584428FF584420FF584428FF584428FF7D
:10BFC000504420FF584428FF584428FF584428FF75
:10BFD000584428FF584428FF584428FF584428FF55
:10BFE000584428FF584428FF584428FF504428FF4D
:10BFF000584428FF584428FF584428FF584428FF35
:10C00000584428FF584428FF584428FF584428FF24
:10C01000504428FF584428FF584428FF584428FF1C
:10C02000584428FF584428FF584428FF584428FF04
:10C03000584428FF584428FF584428FF584420FFFC
:10C04000584428FF584428FF504428FF584428FFEC
:10C05000584428FF584428FF584428FF584428FFD4
:10C06000584428FF504428FF584420FF584428FFD4
:10C07000584428FF584420FF584428FF584428FFBC
:10C08000584428FF584428FF504428FF584428FFAC
:10C09000584428FF584420FF584428FF504428FFA4
:10C0A000584428FF584428FF584428FF584428FF84
:10C0B000584420FF504428FF584428FF584420FF8C
:10C0C000504428FF584428FF584420FF584428FF74
:10C0D000584428FF584428FF584428FF584428FF54
:10C0E000584428FF584428FF584428FF584428FF44
:10C0F000584428FF504428FF584428FF584428FF3C
:10C10000584428FF584420FF584428FF504428FF33
:10C11000584428FF584428FF584428FF584420FF1B
:10C12000584428FF584428FF504420FF584428FF13
:10C13000584428FF584420FF584428FF504428FF03
:10C14000584428FF584428FF584428FF584428FFE3
:10C15000584428FF584428FF584428FF584428FFD3
:10C16000504428FF584428FF584428FF504428FFD3
:10C17000584428FF584428FF504428FF584420FFC3
:10C18000584428FF584428FF584420FF584428FFAB
:10C19000584428FF504428FF584428FF584428FF9B
:10C1A000584428FF584428FF584428FF584428FF83
:10C1B000584428FF584428FF584428FF584428FF73
:10C1C000584428FF584428FF584428FF584428FF63
:10C1D000584428FF584428FF584428FF584428FF53
:10C1E000584428FF584428FF584428FF584428FF43
:10C1F000584428FF584428FF584428FF584428FF33
:10C20000584428FF584428FF584420FF584428FF2A
:10C21000584428FF584428FF504428FF584420FF22
:10C22000584428FF584428FF584428FF584428FF02
:10C23000584420FF584428FF584428FF584428FFFA
:10C24000584428FF584428FF584428FF584428FFE2
:10C25000584428FF584428FF504428FF584428FFDA
:10C26000584428FF504428FF584428FF584428FFCA
:10C27000584428FF584428FF584428FF584428FFB2
:10C28000504428FF584420FF584428FF504428FFBA
:10C29000584420FF584428FF584428FF504428FFA2
:10C2A000584428FF584428FF584428FF584420FF8A
:10C2B000584428FF584428FF584428FF584428FF72
:10C2C000584428FF584428FF584428FF584428FF62
:10C2D000584428FF584428FF584428FF504430FF52
:10C2E000504030BE403420FF504020FF584428FFCB
:10C2F000584428FF584428FF584428FF584420FF3A
:10C30000584428FF584428FF584428FF504420FF31
:10C31000584428FF584428FF584428FF584428FF11
:10C32000504428FF584428FF584428FF584420FF11
:10C33000584428FF504428FF584428FF584420FF01
:10C34000504428FF584428FF584420FF584428FFF1
:10C35000584428FF504428FF584428FF584428FFD9
:10C36000584428FF584428FF584428FF584428FFC1
:10C37000584428FF584428FF584428FF584428FFB1
:10C38000584428FF584428FF584428FF504420FFB1
:10C39000584428FF584428FF584428FF584420FF99
:10C3A000584428FF584428FF584420FF584428FF89
:10C3B000584428FF584420FF504428FF584428FF81
:10C3C000584428FF584428FF584428FF584428FF61
:10C3D000584420FF584428FF584428FF504428FF61
:10C3E000584428FF584428FF504428FF584428FF49
:10C3F000584420FF504428FF584428FF584428FF41
:10C40000584428FF584428FF584420FF584428FF28
:10C41000504428FF584428FF584420FF584428FF20
:10C42000584428FF584428FF584428FF504428FF08
:10C43000584428FF584428FF504428FF584428FFF8
:10C44000584420FF584428FF584428FF584428FFE8
:10C45000504428FF584428FF584428FF584420FFE0
:10C46000584428FF584428FF504428FF584428FFC8
:10C47000584428FF584428FF584428FF584428FFB0
:10C48000584428FF584428FF504428FF584428FFA8
:10C49000584420FF504428FF584428FF584420FFA8
:10C4A000504428FF584428FF584428FF504428FF90
:10C4B000584420FF584428FF584428FF584420FF80
:10C4C000504428FF584428FF584428FF584428FF68
:10C4D000584420FF584428FF504428FF584428FF60
:10C4E000584428FF584428FF584428FF584428FF40
:10C4F000584428FF584428FF584428FF584428FF30
:10C50000584420FF584428FF584428FF584428FF27
:10C51000504428FF584428FF584420FF584428FF1F
:10C52000584428FF584420FF584428FF584428FF07
:10C53000584420FF584428FF584428FF584428FFF7
:10C54000584428FF584428FF584428FF584428FFDF
:10C55000584420FF584428FF584428FF584420FFDF
:10C56000584428FF584428FF504420FF584428FFCF
:10C57000584428FF584420FF504428FF584428FFBF
:10C58000584428FF504428FF584428FF584428FFA7
:10C59000504420FF584428FF584428FF504420FFAF
:10C5A000584428FF584428FF584428FF584428FF7F
:10C5B000584428FF584428FF504428FF584428FF77
:10C5C000584428FF504428FF584428FF584428FF67
:10C5D000504428FF584428FF584428FF584428FF57
:10C5E000584428FF504428FF584428FF584428FF47
:10C5F000504428FF584428FF584428FF584420FF3F
:10C60000584428FF584428FF504420FF584428FF2E
:10C61000584428FF584428FF584420FF584428FF16
:10C62000584428FF584420FF584428FF584428FF06
:10C63000584420FF584428FF584428FF584428FFF6
:10C64000584428FF584428FF584428FF584428FFDE
:10C65000584428FF584428FF584428FF584428FFCE
:10C66000584420FF584428FF584428FF584428FFC6
:10C67000584428FF504428FF584420FF584428FFBE
:10C68000504428FF584428FF584428FF504428FFAE
:10C69000584420FF504020FF403420FF504030CF0E
:10C6A0005040307D403820FF403018FF483820FF90
:10C6B000504020FF584428FF584428FF504428FF8A
:10C6C000584428FF584428FF584428FF584428FF5E
:10C6D000584428FF504428FF584420FF584428FF5E
:10C6E000584428FF584420FF504428FF584428FF4E
:10C6F000584428FF584428FF584428FF584428FF2E
:10C70000584428FF584428FF584428FF584428FF1D
:10C71000584420FF584428FF584428FF584420FF1D
:10C72000584428FF584428FF584428FF584428FFFD
:10C73000584428FF504428FF584428FF584428FFF5
:10C74000584428FF584428FF584428FF584428FFDD
:10C75000584428FF584428FF504428FF584428FFD5
:10C76000584428FF504428FF584428FF584428FFC5
:10C77000584428FF584428FF584428FF584420FFB5
:10C78000584428FF504428FF584420FF584428FFAD
:10C79000584428FF584428FF584420FF584428FF95
:10C7A000584428FF584420FF584428FF584428FF85
:10C7B000584428FF584428FF584428FF504428FF75
:10C7C000584428FF584428FF584428FF584428FF5D
:10C7D000584428FF584428FF584428FF504428FF55
:10C7E000584428FF584420FF584428FF584428FF45
:10C7F000584428FF584428FF584428FF584428FF2D
:10C80000504428FF584428FF584428FF584420FF2C
:10C81000584428FF584428FF584428FF584428FF0C
:10C82000584428FF584428FF584420FF584428FF04
:10C83000584428FF584428FF584428FF504428FFF4
:10C84000584428FF584428FF584428FF584428FFDC
:10C85000584428FF584428FF584428FF584428FFCC
:10C86000584428FF584420FF584428FF584428FFC4
:10C87000584428FF584428FF584428FF584428FFAC
:10C88000584428FF584428FF584428FF584428FF9C
:10C89000584428FF584428FF584428FF584428FF8C
:10C8A000584428FF584428FF584428FF504428FF84
:10C8B000584428FF584428FF504428FF584428FF74
:10C8C000584428FF584428FF584420FF584428FF64
:10C8D000584428FF584428FF584428FF584428FF4C
:10C8E000584428FF584428FF504428FF584428FF44
:10C8F000584428FF584428FF584428FF504428FF34
:10C90000584428FF584428FF504428FF584428FF23
:10C91000584428FF584428FF504428FF584428FF13
:10C92000584428FF584428FF584428FF584428FFFB
:10C93000584428FF584428FF584428FF584428FFEB
:10C94000584420FF584428FF584428FF584428FFE3
:10C95000584428FF584428FF584428FF584428FFCB
:10C96000584428FF504420FF584428FF584428FFCB
:10C97000504420FF584428FF584428FF584420FFC3
:10C98000584428FF584428FF584428FF584428FF9B
:10C99000584420FF584428FF584428FF584428FF93
:10C9A000584428FF584420FF584428FF584428FF83
:10C9B000584428FF584428FF504428FF584428FF73
:10C9C000584428FF584428FF584428FF584428FF5B
:10C9D000584428FF584428FF584428FF584428FF4B
:10C9E000584428FF584428FF584428FF504428FF43
:10C9F000584428FF584428FF504428FF584420FF3B
:10CA0000584428FF584428FF584428FF584428FF1A
:10CA1000584428FF504428FF584428FF584428FF12
:10CA2000584428FF504428FF584428FF584428FF02
:10CA3000584428FF584428FF584428FF584428FFEA
:10CA4000584420FF584428FF584428FF504020FFF6
:10CA5000483C20FF403420FF403420FF5040285DF8
:10CA600050403010483C28DF403420FF403018FF51
:10CA7000403018FF403018FF403018FF403018FF9A
:10CA8000403018FF403018FF403018FF403018FF8A
:10CA9000403018FF403018FF403018FF403018FF7A
:10CAA000403018FF403018FF403018FF403018FF6A
:10CAB000403018FF403018FF403018FF403018FF5A
:10CAC000403018FF403018FF383018FF403018FF52
:10CAD000403018FF403018FF403018FF403018FF3A
:10CAE000383018FF403018FF403018FF403018FF32
:10CAF000403018FF403018FF403018FF403018FF1A
:10CB0000383018FF403018FF403018FF403018FF11
:10CB1000403018FF403018FF403018FF403018FFF9
:10CB2000403018FF403018FF403018FF403018FFE9
:10CB3000383018FF403018FF403018FF403018FFE1
:10CB4000403018FF403018FF403018FF403018FFC9
:10CB5000383020FF403018FF403018FF403018FFB9
:10CB6000383018FF403018FF403018FF403018FFB1
:10CB7000383018FF403018FF403018FF403018FFA1
:10CB8000403018FF403018FF383018FF403018FF91
:10CB9000403018FF403018FF403018FF403018FF79
:10CBA000403018FF403018FF403018FF403018FF69
:10CBB000403018FF403018FF403018FF403018FF59
:10CBC000403018FF403018FF403018FF403018FF49
:10CBD000403018FF403018FF383018FF403018FF41
:10CBE000403018FF383018FF403018FF403018FF31
:10CBF000383018FF403018FF403018FF403018FF21
:10CC0000403018FF403018FF403018FF403018FF08
:10CC1000403018FF403018FF383018FF403018FF00
:10CC2000403018FF403018FF403018FF403018FFE8
:10CC3000403018FF383018FF403018FF403018FFE0
:10CC4000403018FF403018FF383018FF403018FFD0
:10CC5000403018FF383018FF403018FF403018FFC0
:10CC6000383018FF403018FF403018FF403018FFB0
:10CC7000403018FF403018FF403018FF403018FF98
:10CC8000403018FF383018FF403018FF403018FF90
:10CC9000403018FF383018FF403018FF403018FF80
:10CCA000383018FF403018FF403018FF403018FF70
:10CCB000403018FF383018FF403018FF403018FF60
:10CCC000403018FF403018FF403018FF403018FF48
:10CCD000403018FF403018FF403018FF403018FF38
:10CCE000403018FF383018FF403018FF403018FF30
:10CCF000383018FF403018FF403018FF403018FF20
:10CD0000403018FF403018FF383018FF403018FF0F
:10CD1000403018FF403018FF383018FF403018FFFF
:10CD2000403018FF403018FF403018FF403018FFE7
:10CD3000403018FF403018FF403018FF403018FFD7
:10CD4000403018FF403018FF403018FF403018FFC7
:10CD5000403018FF403018FF383018FF403018FFBF
:10CD6000403018FF403018FF403018FF403018FFA7
:10CD7000403018FF403018FF403018FF403018FF97
:10CD8000403018FF383018FF403018FF403018FF8F
:10CD9000383018FF403018FF403018FF383018FF87
:10CDA000403018FF403018FF403018FF403018FF67
:10CDB000403018FF403018FF403018FF403018FF57
:10CDC000403018FF383018FF403018FF403018FF4F
:10CDD000403018FF403018FF403018FF403018FF37
:10CDE000403018FF403018FF403018FF383018FF2F
:10CDF000403018FF403018FF403018FF403018FF17
:10CE0000403018FF403018FF403018FF403020FFFE
:10CE1000403018FF403420FF483C28DF000000006D
:10CE20000000000048402820483820DF403420FF20
:10CE3000403020FF403020FF403420FF403018FFBA
:10CE4000403020FF383420FF403018FF403020FFB2
:10CE5000403420FF403020FF403020FF383420FF96
:10CE6000403020FF403020FF403420FF403020FF82
:10CE7000383018FF403420FF403020FF383018FF92
:10CE8000403420FF403020FF403018FF403420FF66
:10CE9000403020FF383020FF403420FF403020FF5A
:10CEA000403018FF403420FF383018FF403020FF5A
:10CEB000403418FF403018FF403020FF403418FF46
:10CEC000403020FF403018FF383420FF403020FF32
:10CED000403018FF383420FF403020FF403018FF2A
:10CEE000403420FF403020FF403018FF403420FF06
:10CEF000403020FF403020FF403420FF383020FFFA
:10CF0000403020FF403420FF403020FF403018FFE9
:10CF1000403420FF403020FF403018FF403420FFD5
:10CF2000403020FF403020FF403420FF403018FFC9
:10CF3000403020FF403420FF403018FF403020FFB9
:10CF4000403418FF403020FF403020FF403418FFAD
:10CF5000403020FF383018FF403420FF403020FFA1
:10CF6000403018FF383420FF403020FF403018FF99
:10CF7000383420FF403018FF403020FF383418FF8D
:10CF8000403020FF403020FF383418FF403020FF71
:10CF9000403020FF403420FF403018FF403020FF59
:10CFA000403420FF403020FF403020FF403420FF3D
:10CFB000403018FF403020FF403418FF403020FF41
:10CFC000403018FF403420FF383018FF403020FF39
:10CFD000403420FF403018FF403020FF403420FF15
:10CFE000383020FF403020FF403420FF383018FF19
:10CFF000403020FF403420FF403018FF403020FFF9
:10D00000403420FF403018FF403020FF403420FFE4
:10D01000403018FF403020FF403418FF403020FFE0
:10D02000403018FF403418FF403020FF403018FFD8
:10D03000403418FF403020FF403018FF403420FFBC
:10D04000403020FF403020FF403420FF403018FFA8
:10D05000403020FF403420FF403018FF403020FF98
:10D06000403420FF403018FF403020FF403420FF84
:10D07000403018FF403020FF403420FF403018FF80
:10D08000403020FF403418FF403020FF383020FF70
:10D09000403418FF403020FF403020FF403418FF5C
:10D0A000403020FF403020FF403418FF403020FF48
:10D0B000403020FF403418FF403020FF383020FF40
:10D0C000403420FF403018FF403020FF403420FF24
:10D0D000403018FF403020FF403420FF403018FF20
:10D0E000403020FF403420FF403020FF403020FF00
:10D0F000403420FF403020FF383020FF403420FFF4
:10D10000403020FF383018FF403420FF403020FFEF
:10D11000383020FF403420FF403018FF403020FFDF
:10D12000403420FF383020FF403020FF403418FFCB
:10D13000383020FF403020FF403418FF403020FFBF
:10D14000403020FF403418FF403020FF403018FFAF
:10D15000403420FF403020FF403018FF403420FF93
:10D16000403020FF403018FF383420FF403020FF8F
:10D17000403018FF403420FF403020FF403020FF77
:10D18000403420FF403018FF403020FF403418FF6B
:10D19000383020FF403018FF403420FF403018FF67
:10D1A000383020FF403420FF403018FF403020FF4F
:10D1B000403418FF403020FF383020FF403420FF3B
:10D1C000403020FF383018FF403020FF403020FF33
:10D1D000403420FF483820DF483828200000000075
:10D1E000000000000000000000000000403420614A
:10D1F000403420CF403420FF403420FF403420FF13
:10D20000403420FF403420FF403420FF403420FFD2
:10D21000403420FF403420FF403420FF403420FFC2
:10D22000403420FF403420FF403420FF403420FFB2
:10D23000403420FF403420FF403420FF403420FFA2
:10D24000403420FF403420FF403420FF403420FF92
:10D25000403420FF403420FF403420FF403420FF82
:10D26000403420FF403420FF403420FF403420FF72
:10D27000403420FF403420FF403420FF403420FF62
:10D28000403420FF403420FF403420FF403420FF52
:10D29000403420FF403420FF403420FF403420FF42
:10D2A000403420FF403420FF403420FF403420FF32
:10D2B000403420FF403420FF403420FF403420FF22
:10D2C000403420FF403420FF403420FF403420FF12
:10D2D000403420FF403420FF403420FF403420FF02
:10D2E000403420FF403420FF403420FF403420FFF2
:10D2F000403420FF403420FF403420FF403420FFE2
:10D30000403420FF403420FF403420FF403420FFD1
:10D31000403420FF403420FF403420FF403420FFC1
:10D32000403420FF403420FF403420FF403420FFB1
:10D33000403420FF403420FF403420FF403420FFA1
:10D34000403420FF403420FF403420FF403420FF91
:10D35000403420FF403420FF403420FF403420FF81
:10D36000403420FF403420FF403420FF403420FF71
:10D37000403420FF403420FF403420FF403420FF61
:10D38000403420FF403420FF403420FF403420FF51
:10D39000403420FF403420FF403420FF403420FF41
:10D3A000403420FF403420FF403420FF403420FF31
:10D3B000403420FF403420FF403420FF403420FF21
:10D3C000403420FF403420FF403420FF403420FF11
:10D3D000403420FF403420FF403420FF403420FF01
:10D3E000403420FF403420FF403420FF403420FFF1
:10D3F000403420FF403420FF403420FF403420FFE1
:10D40000403420FF403420FF403420FF403420FFD0
:10D41000403420FF403420FF403420FF403420FFC0
:10D42000403420FF403420FF403420FF403420FFB0
:10D43000403420FF403420FF403420FF403420FFA0
:10D44000403420FF403420FF403420FF403420FF90
:10D45000403420FF403420FF403420FF403420FF80
:10D46000403420FF403420FF403420FF403420FF70
:10D47000403420FF403420FF403420FF403420FF60
:10D48000403420FF403420FF403420FF403420FF50
:10D49000403420FF403420FF403420FF403420FF40
:10D4A000403420FF403420FF403420FF403420FF30
:10D4B000403420FF403420FF403420FF403420FF20
:10D4C000403420FF403420FF403420FF403420FF10
:10D4D000403420FF403420FF403420FF403420FF00
:10D4E000403420FF403420FF403420FF403420FFF0
:10D4F000403420FF403420FF403420FF403420FFE0
:10D50000403420FF403420FF403420FF403420FFCF
:10D51000403420FF403420FF403420FF403420FFBF
:10D52000403420FF403420FF403420FF403420FFAF
:10D53000403420FF403420FF403420FF403420FF9F
:10D54000403420FF403420FF403420FF403420FF8F
:10D55000403420FF403420FF403420FF403420FF7F
:10D56000403420FF403420FF403420FF403420FF6F
:10D57000403420FF403420FF403420FF403420FF5F
:10D58000403420FF403420FF403420FF403420BE90
:10D590004038207D404020100000000000000000C6
:08D5A000502CFC7F010000008B
:10D5A800D5010008C5190008AD34000879DF000866
:04D5B80049F6000828
:08D5BC00B1010008A51A0008E6
:10D5C400000000005A000000104302080010000090
:10D5D40000300000FF36000891390008F3360008D7
:10D5E400F936000800000000000000000000000000
:10D5F400000000000000000000000000E936000800
:10D60400ED3600080000000000000000653A000844
:10D61400CB390008A3390008833B0008EF39000820
:10D62400273A0008EF3A00085D3B00084D3B00082C
:10D63400293B00080024F400010000001000000051
:10D64400AAAAAAAAE8030000A0500208BC50020833
:10D654000C510208205102083451020848510208B2
:10D66400C05102082452020884510208D45102080D
:10D6740098510208E8510208385202089C520208E4
:10D684005C51020870510208B052020800530208AB
:10D6940060520208C452020874520208D8520208A6
:10D6A400AC510208FC510208145302082853020822
:10D6B400105202084C52020888520208EC52020826
:10D6C400312A02080000000003000000E83E0120A7
:10D6D4001401002000000000E83E0120503F01201A
:10D6E400B83F01200000000000000000000000001E
:10D6F4000000000000000000000000000000000026
:10D704000000000000000000000000000000000015
:10D714000000000000000000000000000000000005
:04D724002940012077
:10D7280000000000000000000000000000000000F1
:10D7380000000000000000000000000000000000E1
:10D7480000000000000000000000000000000000D1
:10D7580000000000000000000000000000000000C1
:10D7680000000000000000000000000000000000B1
:10D7780000000000000000000000000000000000A1
:10D788000000000000000000000000000000000091
:10D798000000000000000000000000000000000081
:10D7A8000000000000000000000000000000000071
:10D7B8000000000000000000000000000000000061
:10D7C8000000000000000000000000000000000051
:10D7D8000000000000000000000000000000000041
:10D7E8000000000000000000000000000000000031
:10D7F8000000000000000000000000000000000021
:10D808000000000000000000000000000000000010
:10D818000000000000000000000000000000000000
:10D8280000000000000000000000000000000000F0
:10D8380000000000000000000000000000000000E0
:10D8480000000000000000000000000000000000D0
:10D8580000000000000000000000000000000000C0
:10D8680000000000000000000000000000000000B0
:10D8780000000000000000000000000000000000A0
:10D888000000000000000000000000000000000090
:10D898000000000000000000000000000000000080
:10D8A8000000000000000000000000000000000070
:10D8B8000000000000000000000000000000000060
:10D8C8000000000000000000000000000000000050
:10D8D8000000000000000000000000000000000040
:10D8E8000000000000000000000000000000000030
:10D8F8000000000000000000000000000000000020
:10D90800000000000000000000000000000000000F
:10D9180000000000000000000000000000000000FF
:0400000508000DEDF5
:00000001FF
